route_id,train_number,train_name,source_station_code,destination_station_code,distance_km,train_type
04601_JAT_UHP,04601,Jammu Tawi Udhampur Special,JAT,UHP,53.0,DEMU
04602_UHP_JAT,04602,UDHAMPUR JAMMUTAWI DMU,UHP,JAT,53.0,DEMU
04603_JAT_UHP,04603,JAT UDAHMPUR DMU,JAT,UHP,53.0,DEMU
04604_UHP_JAT,04604,UDHAMPUR JAMMUTAWI DMU,UHP,JAT,53.0,DEMU
04728_BDTS_BKN,04728,Mumbai BandraT-Bikaner SF Special,BDTS,BKN,1212.0,SF
04741_SSA_HSR,04741,Sirsa - Hisar Passenger Special,SSA,HSR,82.0,Pass
04742_HSR_SSA,04742,Hisar - Sirsa Passenger Special,HSR,SSA,82.0,Pass
04853_DNA_MTD,04853,Rewari Degana Merta Special,DNA,MTD,44.0,Pass
04854_MTD_DNA,04854,Degana Merta Special,MTD,DNA,44.0,Pass
09022_JAT_BDTS,09022,JAMMU TAWI - BANDRA TERMINUS AC Suvidha Special (Starts 5 April),JAT,BDTS,1957.0,SF
11017_DR_YPR,11017,Chalukya Express,DR,YPR,1205.0,Exp
11019_CSTM_BBS,11019,Konark Express,CSTM,BBS,1932.0,Exp
11020_BBS_CSTM,11020,Konark Express,BBS,CSTM,1932.0,Exp
11023_CSTM_KOP,11023,Sahyadri Express,CSTM,KOP,518.0,Exp
11024_KOP_CSTM,11024,Sahyadri Express,KOP,CSTM,518.0,Exp
11025_MMR_PUNE,11025,Manmad Pune Express(Via Nasik),MMR,PUNE,364.0,Exp
11026_PUNE_MMR,11026,Pune Manmad Express,PUNE,MMR,364.0,Exp
11027_CSTM_MAS,11027,Mumbai CST-Chennai Mail,CSTM,MAS,1283.0,Mail
11029_CSTM_KOP,11029,Koyna Express,CSTM,KOP,518.0,Exp
11030_KOP_CSTM,11030,Koyna Express,KOP,CSTM,518.0,Exp
11033_PUNE_DBG,11033,PUNE - DARBHANGA Gyan Ganga Exp,PUNE,DBG,1948.0,Exp
11035_DR_MYS,11035,Dadar-Mysore Sharavati Express,DR,MYS,1212.0,Exp
11036_MYS_DR,11036,Mysore-Dadar Sharavati Express,MYS,DR,1212.0,Exp
11037_PUNE_GKP,11037,PUNE - GORAKHPUR Exp,PUNE,GKP,1771.0,Exp
11038_GKP_PUNE,11038,GORAKHPUR - PUNE Exp,GKP,PUNE,1771.0,Exp
11039_KOP_G,11039,Maharashtra Express,KOP,G,1346.0,Exp
11039-Slip_KOP_GKP,11039-Slip,Kolhapur-Gorakhpur Express Slip,KOP,GKP,2107.0,Exp
11040_G_KOP,11040,Maharashtra Express,G,KOP,1346.0,Exp
11040-Slip_G_SUR,11040-Slip,Gondia-Solapur Maharashtra Express Slip,G,SUR,1132.0,Exp
11041_CSTM_MAS,11041,Mumbai - Chennai Express,CSTM,MAS,1283.0,Exp
11043_LTT_MDU,11043,MUMBAI LTT - MADURAI Exp,LTT,MDU,1702.0,Exp
11044_MDU_LTT,11044,MADURAI - MUMBAI LTT Exp,MDU,LTT,1702.0,Exp
11045_KOP_DHN,11045,KOLHAPUR CSMT - DHANBAD Deekshabhoomi Exp,KOP,DHN,2968.0,Exp
11047_MRJ_UBL,11047,Hubli Express,MRJ,UBL,279.0,Exp
11048_UBL_MRJ,11048,Hubli Miraj Express,UBL,MRJ,279.0,Exp
11049_ADI_KOP,11049,Ahmedabad-Kolhapur Express,ADI,KOP,961.0,Exp
11050_KOP_ADI,11050,Kolhapur-Ahmedabad Express,KOP,ADI,961.0,Exp
11051_SUR_KOP,11051,Solapur-Kolhapur Express,SUR,KOP,315.0,Exp
11052_KOP_SUR,11052,Kolhapur Solapur Express,KOP,SUR,315.0,Exp
11056_GKP_LTT,11056,GORAKHPUR - MUMBAI LTT Exp,GKP,LTT,1733.0,Exp
11057_DR_ASR,11057,Dadar Amritsar Express,DR,ASR,2037.0,Exp
11057-Slip_DR_DHI,11057-Slip,Dadar Amritsar Express Slip,DR,DHI,375.0,Exp
11058_ASR_DR,11058,Amritsar Dadar Express,ASR,DR,2037.0,Exp
11059_LTT_CPR,11059,MUMBAI LTT - CHHAPRA Godan Exp,LTT,CPR,1772.0,Exp
11060_CPR_LTT,11060,CHHAPRA - MUMBAI LTT Godan Exp,CPR,LTT,1772.0,Exp
11062_DBG_LTT,11062,DARBHANGA - MUMBAI LTT Pawan Exp,DBG,LTT,1791.0,Exp
56305_KTYM_QLN,56305,Kottayam Kollam Passenger,KTYM,QLN,96.0,Pass
58651_RNC_LAD,58651,Ranchi Lohardaga Passenger,RNC,LAD,67.0,Pass
04858_JU_PPR,04858,Jodhpur Pipar Road Passenger Special,JU,PPR,46.0,Pass
05305_FBD_CPA,05305,Farrukhabad-KanpurAnwarganj Passenger,FBD,CPA,138.0,Pass
05306_CPA_FBD,05306,KanpurAnwarganj-Farrukhabad Special,CPA,FBD,138.0,Exp
05650_KYQ_LTT,05650,Kamakhya - Mumbai LTT (Weekly) Special,KYQ,LTT,2613.0,Exp
05697_LMG_LFG,05697,Hill Queen Express,LMG,LFG,104.0,JShtb
05698_LFG_LMG,05698,Hill Queen Express,LFG,LMG,104.0,JShtb
06002_QLN_MAS,06002,Kollam-Chennai Central SF Special,QLN,MAS,858.0,SF
06003_MAS_QLN,06003,Chennai Central-Kollam Special,MAS,QLN,857.0,Exp
06004_QLN_MAS,06004,Kollam-Chennai Central Special,QLN,MAS,857.0,Exp
06005_MAS_QLN,06005,Chennai Central-Kollam SF Special,MAS,QLN,857.0,SF
06006_QLN_MAS,06006,Kollam-Chennai Central SF Special,QLN,MAS,857.0,SF
06007_MAS_QLN,06007,Chennai Central-Kollam SF Special,MAS,QLN,858.0,SF
06008_QLN_MAS,06008,KollamChennai Central SF Special,QLN,MAS,858.0,SF
06009_MAS_QLN,06009,Chennai CentralKollam SF Special,MAS,QLN,858.0,SF
06011_MAS_QLN,06011,Chennai Central Kollam (Weekly) SF Special,MAS,QLN,858.0,SF
06201_MYS_SNSI,06201,Mysore-Sainagar Shirdi Special,MYS,SNSI,1304.0,Exp
06202_SNSI_MYS,06202,Sainagar Shirdi - Mysore Special,SNSI,MYS,1304.0,Exp
06215_MYS_NTW,06215,Mysore Nanjangud Town passenger,MYS,NTW,25.0,Pass
06216_NTW_MYS,06216,Nanjangud Town Mysore Passenger,NTW,MYS,25.0,Pass
06228_SMET_MYS,06228,Shimoga Mysore Express,SMET,MYS,276.0,Exp
06301_NCJ_MAJN,06301,Nagercoil-Mangalore Special,NCJ,MAJN,711.0,Exp
06302_MAJN_NCJ,06302,Mangalore-Nagercoil Special,MAJN,NCJ,711.0,Exp
06501_YPR_ADI,06501,Yesvantpur - Ahmedabad Garib Rath Special,YPR,ADI,1719.0,GR
06502_ADI_YPR,06502,Ahmedabad -Yesvantpur Garib Rath Special,ADI,YPR,1719.0,GR
06535_YPR_BJP,06535,Bijapur Express,YPR,BJP,712.0,Exp
06536_BJP_YPR,06536,Bijapur-Yesvantpur Special,BJP,YPR,712.0,Exp
06591_YPR_HSRA,06591,Yesvantpur-Hosur Passenger Special,YPR,HSRA,67.0,Pass
06592_HSRA_YPR,06592,Hosur-Yesvantpur Passenger,HSRA,YPR,67.0,Pass
06594_HSRA_YPR,06594,Hosur-Yesvantpur Passenger Special,HSRA,YPR,67.0,Pass
06595_YPR_DHL,06595,Yesvantpur-Devanhalli Special,YPR,DHL,36.0,Pass
06596_DHL_YPR,06596,Devanahalli-Yesvantpur Special,DHL,YPR,36.0,Pass
06617_CBE_NCJ,06617,Coimbatore-Nagercoil Special,CBE,NCJ,497.0,Exp
06618_NCJ_CBE,06618,Nagercoil-Coimbatore Special,NCJ,CBE,497.0,Exp
06621_CBE_YPR,06621,Coimbatore-Yesvantpur SF Special,CBE,YPR,440.0,SF
06622_YPR_CBE,06622,Yesvantpur-Coimbatore SF Special,YPR,CBE,440.0,SF
06837_KKDI_MNM,06837,Karaikkudi Manamadurai Passenger,KKDI,MNM,61.0,Pass
06838_MNM_KKDI,06838,Manamadurai Karaikkudi Passenger,MNM,KKDI,61.0,Pass
06839_TPJ_KKDI,06839,Tiruchirappalli Karaikkudi Passenger Special,TPJ,KKDI,90.0,Pass
06840_KKDI_TPJ,06840,Karaikkudi-Tiruchirappalli Passenger Special,KKDI,TPJ,90.0,Pass
06948_UBL_VSG,06948,Hubli Jn - Vasco Da Gama Link Express,UBL,VSG,236.0,Exp
07003_HYB_KRBA,07003,Hyderabad-Korba Special,HYB,KRBA,996.0,Exp
07004_KRBA_HYB,07004,Korba-Hyderabad Special,KRBA,HYB,999.0,Exp
07105_AII_HYB,07105,Ajmer - Hyderabad Special,AII,HYB,2033.0,Exp
40005_MSB_TBM,40005,Chennai Beach Tambaram EMU,MSB,TBM,29.0,MEMU
55138_SHG_BUI,55138,Shahganj Ballia Passenger,SHG,BUI,168.0,Pass
56393_KTYM_QLN,56393,Kottayam Kollam Passenger,KTYM,QLN,96.0,Pass
24041_NBD_KTW,24041,DELHI SARAI ROHILLA - KOTDWAR Mussoorie Exp,NBD,KTW,,
07144_KOP_HYB,07144,Shahu Maharaj T. Kolhapur - Hyderabad Special,KOP,HYB,998.0,Exp
07301_MYS_SMET,07301,Mysore Shimoga Express,MYS,SMET,276.0,Exp
07403_ADB_NED,07403,Adilabad-Nanded Special,ADB,NED,185.0,Pass
07404_NED_ADB,07404,Nanded-Adilabad Special,NED,ADB,185.0,Pass
07603_KCG_KMC,07603,Kacheguda Kamareddi Special,KCG,KMC,114.0,Pass
07605_KMC_NZB,07605,Kamareddi-Nizamabad Passenger Special,KMC,NZB,52.0,Pass
07606_NZB_KMC,07606,Nizamabad-Kamareddi Special,NZB,KMC,52.0,Pass
07607_SC_MCI,07607,Secunderabad - Mancherial Special,SC,MCI,239.0,Exp
07608_MCI_SC,07608,Mancherial - Secunderabad Special,MCI,SC,239.0,Exp
08001_KGP_JGM,08001,Kharagpur-Jhargram Express Special,KGP,JGM,39.0,Exp
08002_JGM_KGP,08002,Jhargram-Kharagpur Special,JGM,KGP,39.0,Exp
08004_MYS_HWH,08004,Mysore - Howrah Special,MYS,HWH,2111.0,Exp
08017_KGP_JGM,08017,Kharagpur- Jhargram MEMU Special,KGP,JGM,38.0,MEMU
08018_JGM_KGP,08018,Jhargram - Kharagpur MEMU Special,JGM,KGP,38.0,MEMU
08043_SHM_HW,08043,Kolkata Shalimar-Haridwar Puja Special,SHM,HW,1595.0,Exp
08051_KGP_JGM,08051,Kharagpur- Jhargram MEMU Special,KGP,JGM,38.0,MEMU
08052_JGM_KGP,08052,Jhargram - Kharagpur MEMU Special,JGM,KGP,38.0,MEMU
08055_SHM_TPTY,08055,Shalimar-Tirupati Special,SHM,TPTY,1616.0,SF
08113_TATA_BSP,08113,Tatanagar Bilaspur Passenger,TATA,BSP,470.0,Pass
08114_BSP_TATA,08114,Bilaspur Tatanagar Passenger,BSP,TATA,470.0,Pass
08469_PURI_SBC,08469,Puri-Bangalore weekly Garib Rath special,PURI,SBC,1529.0,GR
08470_SBC_PURI,08470,Bangalore-Puri Garib Rath Special,SBC,PURI,1529.0,GR
08471_BBS_TPTY,08471,Bhubaneswar - Tirupati Weekly Special,BBS,TPTY,1205.0,Exp
08472_TPTY_BBS,08472,Tirupati - Bhubaneswar Weekly Special,TPTY,BBS,1205.0,Exp
08565_VSKP_SC,08565,Visakhapatnam-Secunderabad Special,VSKP,SC,701.0,Exp
08566_SC_VSKP,08566,Secunderabad Vishakaptnam Special,SC,VSKP,701.0,Exp
08567_VSKP_SNSI,08567,Visakhapatnam Sainagar Shirdi special,VSKP,SNSI,1403.0,Exp
08568_SNSI_VSKP,08568,Shirdi-Visakhapatnam Weekly Special,SNSI,VSKP,1405.0,Exp
08569_VSKP_QLN,08569,Visakhapatnam-Kollam Sabarimalai Special,VSKP,QLN,1568.0,Exp
08786_DRZ_DURG,08786,Dalli Rajhara Durg Pass,DRZ,DURG,88.0,Pass
08787_R_DURG,08787,Raipur-Durg Special,R,DURG,37.0,Pass
08788_DURG_R,08788,Durg-Raipur Special,DURG,R,37.0,Pass
09002_ADI_BCT,09002,Ahmedabad Mumbai Central Superfast Special,ADI,BCT,491.0,SF
09021_BDTS_JAT,09021,BANDRA TERMINUS - JAMMU TAWI AC Suvidha Special (Starts 4 April),BDTS,JAT,1955.0,SF
09051_BL_BSB,09051,Valsad-Varanasi Weekly Special,BL,BSB,1467.0,Exp
09221_PBR_SC,09221,Porbandar Secunderabad Weekly Special,PBR,SC,1694.0,Exp
09561_BDTS_OKHA,09561,Bandra Terminus Okha Weekly Special,BDTS,OKHA,980.0,Exp
09733_HMH_KOTA,09733,Hanumangarh Kota Special,HMH,KOTA,852.0,Exp
09734_KOTA_HMH,09734,Kota Hanumangarh Special,KOTA,HMH,852.0,Exp
11015_LTT_GKP,11015,Kushinagar Express,LTT,GKP,1680.0,Exp
12084_CBE_MV,12084,Coimbatore-Mayiladuturai Jan Shatabdi,CBE,MV,362.0,JShtb
13401_BGP_DNR,13401,InterCity Express,BGP,DNR,231.0,Exp
13410_BGP_MLDT,13410,InterCity Express,BGP,MLDT,178.0,Exp
40007_MSB_TBM,40007,Chennai Beach Tambaram EMU(12 Car),MSB,TBM,33.0,MEMU
56320_CBE_NCJ,56320,Coimbatore Nagercoil Passenger,CBE,NCJ,532.0,Pass
08785_DURG_DRZ,08785,Durg Dalli Rajhara Pass,DURG,DRZ,88.0,Pass
01494_BJP_UBL,01494,Bijapur Hubli Special,BJP,UBL,249.0,Exp
09222_SC_PBR,09222,Secunderabad-Porbandar Weekly Special,SC,PBR,1683.0,Exp
09405_ADI_YPR,09405,Ahmedabad Yesvantpur (Weekly) Special,ADI,YPR,1556.0,Exp
09406_YPR_ADI,09406,Yeshwantpur-Ahmedabad Special,YPR,ADI,1581.0,Exp
09562_OKHA_BDTS,09562,Okha - Bandra Terminus Weekly Special,OKHA,BDTS,980.0,Exp
09621_AII_JP,09621,Ajmer Jaipur SF Special,AII,JP,135.0,SF
09622_JP_AII,09622,Jaipur Ajmer SF Special,JP,AII,135.0,SF
09715_JP_SUR,09715,Jaipur Solapur (Weekly) Special,JP,SUR,1744.0,Exp
09716_SUR_JP,09716,Solapur - Jaipur Special,SUR,JP,1744.0,Exp
09721_JP_DEE,09721,Jaipur Delhi Sarai Rohilla SF Special,JP,DEE,303.0,SF
09724_JP_SBI,09724,Jaipur - Sabarmati SF Holiday Spl,JP,SBI,620.0,SF
09727_INDB_JP,09727,Indore-Jaipur Special,INDB,JP,599.0,Exp
09728_JP_INDB,09728,Jaipur-Indore Special,JP,INDB,599.0,Exp
09735_SC_JP,09735,Secunderabad-Jaipur Special,SC,JP,1666.0,Exp
09736_JP_SC,09736,Jaipur - Secunderabad (Weekly) Special,JP,SC,1669.0,Exp
09741_RE_DEE,09741,Rewari - Delhi Sarai Rohilla (Daily) Special,RE,DEE,78.0,Exp
09742_DEE_RE,09742,Delhi Sarai Rohilla - Rewari (Daily) Special,DEE,RE,78.0,Exp
09761_APH_SOG,09761,Surathgarh Anupgarh Passenger,APH,SOG,78.0,Pass
09762_SOG_APH,09762,Suratgarh - Anupgarh Passenger Special,SOG,APH,76.0,Pass
09763_APH_SOG,09763,Surathgarh Anupgarh Passenger,APH,SOG,78.0,Pass
09764_SOG_APH,09764,Suratgarh - Anupgarh Passenger Special,SOG,APH,78.0,Pass
09765_FL_RE,09765,Phulera Rewari Passenger Special,FL,RE,216.0,Pass
09766_RE_FL,09766,Rewari-Phulera Passenger Special,RE,FL,216.0,Pass
10001_BTC_JBP,10001,Satpura Express,BTC,JBP,187.0,Exp
10002_JBP_BTC,10002,Satpura Express,JBP,BTC,187.0,Exp
10103_CSTM_MAO,10103,MUMBAI CST - MADGAON Mandovi Exp,CSTM,MAO,765.0,Exp
10104_MAO_CSTM,10104,MADGAON - MUMBAI CST Mandovi Exp,MAO,CSTM,765.0,Exp
10111_CSTM_MAO,10111,MUMBAI CST - MADGAON Konkan Knaya Exp,CSTM,MAO,765.0,Exp
10112_MAO_CSTM,10112,MADGAON - MUMBAI CST Konkan Knaya Exp,MAO,CSTM,765.0,Exp
10215_MAO_ERS,10215,Madgaon Ernakulam Weekly Super Fast Express,MAO,ERS,850.0,Exp
10216_ERS_MAO,10216,Ernakulam Madgaon Weekly SF Express,ERS,MAO,850.0,Exp
11003_DR_SWV,11003,DADAR - SAWANTWADI RD Rajya Rani Exp,DR,SWV,646.0,Exp
11004_SWV_DR,11004,SAWANTWADI RD - DADAR Rajya Rani Exp,SWV,DR,646.0,Exp
11007_CSTM_PUNE,11007,Deccan Express,CSTM,PUNE,192.0,Exp
11009_CSTM_PUNE,11009,Sinhagad Express,CSTM,PUNE,192.0,Exp
11010_PUNE_CSTM,11010,Sinhagad Express,PUNE,CSTM,192.0,Exp
11011_CSTM_KOP,11011,Mahalaxmi Express,CSTM,KOP,518.0,Exp
11012_KOP_CSTM,11012,Mahalaxmi Express,KOP,CSTM,518.0,Exp
11014_CBE_LTT,11014,Coimbatore Mumbai LTT Express,CBE,LTT,1518.0,Exp
11016_GKP_LTT,11016,Kushinagar Express,GKP,LTT,1680.0,Exp
11018_YPR_DR,11018,Chalukya Express,YPR,DR,1205.0,Exp
15212_ASR_DBG,15212,AMRITSAR - DARBHANGA Jan Nayak Exp,ASR,DBG,1499.0,Exp
40013_MSB_TBM,40013,Chennai Beach Tambaram EMU(12 Car),MSB,TBM,33.0,MEMU
56304_NCJ_KTYM,56304,Nagercoil Kottayam Passenger,NCJ,KTYM,231.0,Pass
56386_KTYM_ERS,56386,Kottayam Ernakulam Passenger,KTYM,ERS,60.0,Pass
56390_KTYM_ERS,56390,Kottayam Ernakulam Passenger,KTYM,ERS,60.0,Pass
02082_LHU_JP,02082,Loharu - Jaipur Passenger Spl (MG),LHU,JP,229.0,Pass
02083_JP_LHU,02083,Jaipur-Loharu MG Passenger Special,JP,LHU,229.0,Pass
02084_LHU_JP,02084,Loharu - Jaipur Passenger Spl (MG),LHU,JP,230.0,Pass
02085_JP_CUR,02085,Jaipur - Churu Passenger Spl (MG),JP,CUR,198.0,Pass
02086_CUR_JP,02086,Churu - Jaipur Passenger Spl (MG),CUR,JP,198.0,Pass
02087_JP_CUR,02087,Jaipur - Churu Passenger Spl (MG),JP,CUR,198.0,Pass
02088_CUR_JP,02088,Churu - Jaipur Passenger Spl (MG),CUR,JP,198.0,Pass
02089_SIKR_CUR,02089,Sikar - Churu Passenger Spl (MG),SIKR,CUR,90.0,Pass
02090_CUR_SIKR,02090,Sikar - Churu Passenger Spl (MG),CUR,SIKR,90.0,Pass
02093_JP_LHU,02093,Jaipur Loharu Passenger,JP,LHU,229.0,Pass
02411_RTGH_SRDR,02411,Ratangarh-Sardarshahar Passenger,RTGH,SRDR,46.0,Pass
02412_SRDR_RTGH,02412,Sardarshahr-Ratangarh Passenger Special,SRDR,RTGH,46.0,Pass
02413_SDLP_SGNR,02413,Sadulpur-Shri Ganganagar Passenger Special,SDLP,SGNR,246.0,Pass
02423_DBRT_GHY,02423,Dibrugarh Guwahati Rajdhani Express,DBRT,GHY,564.0,Raj
02424_GHY_DBRT,02424,Guwahati Dibrugarh Rajdhani Express,GHY,DBRT,564.0,Raj
02435_DBRT_GHY,02435,Dibrugarh Guwahati Rajdhani Express,DBRT,GHY,564.0,Raj
02436_GHY_DBRT,02436,Guwahati Dibrugarh Rajdhani Express,GHY,DBRT,564.0,Raj
02451_KLK_SML,02451,Kalka Shimla Holiday Special,KLK,SML,95.0,Pass
02452_SML_KLK,02452,Shimla Kalka Holiday Special,SML,KLK,96.0,Pass
02453_KLK_SML,02453,Kalka Shimla Holiday Special,KLK,SML,95.0,Pass
02454_SML_KLK,02454,Shimla Kalka Holiday Special,SML,KLK,96.0,Pass
02779_VSG_SBC,02779,Vasco da Gama Bangalore Link Express,VSG,SBC,705.0,SF
03283_RJPB_TATA,03283,Rajendra Nagar-Tatanagar Special,RJPB,TATA,496.0,Exp
03284_TATA_RJPB,03284,Tatanagar-Rajendra Nagar Special,TATA,RJPB,496.0,Exp
03686_DLI_GAYA,03686,Delhi Gaya S,DLI,GAYA,972.0,SF
04011_SNSI_NZM,04011,Sainagar Shirdi - H. Nizamuddin (Weekly) Special,SNSI,NZM,1361.0,Exp
04031_DLI_PNP,04031,Delhi-Panipat Special,DLI,PNP,89.0,Exp
04032_PNP_DLI,04032,Panipat Delhi Special,PNP,DLI,89.0,Exp
04053_ANVT_JAT,04053,Anand Vihar T.-Jammu Tawi Special,ANVT,JAT,633.0,Exp
04054_JAT_ANVT,04054,Jammu Tawi-Anand Vihar Special,JAT,ANVT,633.0,Exp
04115_ALD_LTT,04115,Allahabad - Mumbai LTT (Weekly) Special,ALD,LTT,1533.0,Exp
02081_JP_LHU,02081,Jaipur Luharu Special,JP,LHU,229.0,Exp
04116_LTT_ALD,04116,Mumbai LTT-Allahabad Special,LTT,ALD,1533.0,Exp
04201_LKO_NDLS,04201,Lucknow -New Delhi Special,LKO,NDLS,493.0,Exp
04202_NDLS_LKO,04202,New Delhi-Lucknow tri-weekly Special,NDLS,LKO,493.0,Exp
04203_BSB_DLI,04203,Varanasi-Old Delhi Special,BSB,DLI,770.0,Exp
11067-Slip_LTT_RBL,11067-Slip,Saket Express Slip,LTT,RBL,1502.0,Exp
11108_BSB_GWL,11108,Varanasi-Gwalior Bundelkhand Express,BSB,GWL,624.0,Exp
11109_JHS_LKO,11109,Jhansi-Lucknow Intercity Express,JHS,LKO,292.0,Exp
11110_LKO_JHS,11110,Lucknow-Jhansi InterCity,LKO,JHS,292.0,Exp
11123_BJU_GWL,11123,Barauni-Gwalior Mail,BJU,GWL,1055.0,Mail
11124_GWL_BJU,11124,Gwalior Barauni Mail,GWL,BJU,1055.0,Mail
11125_INDB_GWL,11125,Indore Gwalior Express,INDB,GWL,562.0,Exp
11126_GWL_INDB,11126,Gwalior Indore Express,GWL,INDB,562.0,Exp
11454_NGP_ADI,11454,Prerna Express,NGP,ADI,959.0,Exp
52071_BI_MVJ,52071,BARI SADRI - MAVLI PASSENGER,BI,MVJ,82.0,Pass
11063-Slip_MS_MTDM,11063-Slip,Chennai Salem Express Slip,MS,MTDM,393.0,Exp
11065_LTT_DBG,11065,MUMBAI LTT - DARBHANGA Pawan Exp,LTT,DBG,1880.0,Exp
11066_DBG_LTT,11066,DARBHANGA - MUMBAI LTT Pawan Exp,DBG,LTT,1880.0,Exp
11067_LTT_FD,11067,MUMBAI LTT - FAIZABAD Saket Exp,LTT,FD,1505.0,Exp
11068_FD_LTT,11068,FAIZABAD - MUMBAI LTT Saket Exp,FD,LTT,1505.0,Exp
11069_LTT_ALD,11069,Tulsi Express,LTT,ALD,1511.0,Exp
11070_ALD_LTT,11070,Tulsi Express,ALD,LTT,1511.0,Exp
11071_LTT_BSB,11071,Kamayani Express,LTT,BSB,1640.0,Exp
11072_BSB_LTT,11072,Kamayani Express,BSB,LTT,1640.0,Exp
11077_PUNE_JAT,11077,Jhelum Express,PUNE,JAT,2177.0,Exp
11078_JAT_PUNE,11078,Jhelum Express,JAT,PUNE,2173.0,Exp
11087_VRL_PUNE,11087,Veraval Pune Express,VRL,PUNE,1066.0,Exp
11088_PUNE_VRL,11088,Pune Veraval Express,PUNE,VRL,1066.0,Exp
11089_BGKT_PUNE,11089,BHAGAT KI KOTHI - PUNE Exp,BGKT,PUNE,1094.0,Exp
11090_PUNE_BGKT,11090,PUNE - BHAGAT KI KOTHI Exp,PUNE,BGKT,1094.0,Exp
11091_BHUJ_PUNE,11091,BHUJ - PUNE Ahimsa Exp,BHUJ,PUNE,993.0,Exp
11092_PUNE_BHUJ,11092,PUNE - BHUJ Ahimsa Exp,PUNE,BHUJ,993.0,Exp
11093_CSTM_BSB,11093,MUMBAI CST - VARANASI Mahanagari Exp,CSTM,BSB,1533.0,Exp
11094_BSB_CSTM,11094,VARANASI - MUMBAI CST Mahanagari Exp,BSB,CSTM,1533.0,Exp
11095_ADI_PUNE,11095,Ahimsa Express,ADI,PUNE,635.0,Exp
11096_PUNE_ADI,11096,Ahimsa Express,PUNE,ADI,635.0,Exp
11105_KOAA_JHS,11105,Pratham Swatantrata Sangram Express,KOAA,JHS,1326.0,Exp
11106_JHS_KOAA,11106,Pratham Swatantrata Sangram Express,JHS,KOAA,1326.0,Exp
11266_ABKP_JBP,11266,AMBIKAPUR - JABALPUR Exp,ABKP,JBP,433.0,Exp
11401_CSTM_NGP,11401,Nandigram Express,CSTM,NGP,1139.0,Exp
11402_NGP_CSTM,11402,Nandigram Express,NGP,CSTM,1139.0,Exp
11403_NGP_KOP,11403,NAGPUR - KOLHAPUR EXP,NGP,KOP,1038.0,Exp
11404_KOP_NGP,11404,KOLHAPUR - NAGPUR EXP,KOP,NGP,1038.0,Exp
11423_SUR_UBL,11423,Solapur - Hubli Express,SUR,UBL,358.0,Exp
11424_UBL_SUR,11424,Hubli Jn - Solapur Express,UBL,SUR,357.0,Exp
11447_JBP_HWH,11447,JABALPUR - KOL HOWRAH Shaktipunj Exp,JBP,HWH,1152.0,Exp
11448_HWH_JBP,11448,HOWRAH - JABALPUR Shaktipunj Exp,HWH,JBP,1152.0,Exp
11449_JBP_SVDK,11449,JABALPUR - SHRI MATA VAISHNO DEVI KATRA Express,JBP,SVDK,1509.0,Exp
11450_SVDK_JBP,11450,SHRI MATA VAISHNO DEVI KATRA - JABALPUR Express,SVDK,JBP,1509.0,Exp
11451_JBP_REWA,11451,JABALPUR - REWA Intercity Exp,JBP,REWA,238.0,Exp
11452_REWA_JBP,11452,REWA - JABALPUR Intercity Exp,REWA,JBP,238.0,Exp
11453_ADI_NGP,11453,Prerna Express,ADI,NGP,959.0,Exp
11463_SMNH_JBP,11463,Somnath-Jabalpur Express,SMNH,JBP,1415.0,Exp
11464_JBP_SMNH,11464,Jabalpur-Somnath Express,JBP,SMNH,1415.0,Exp
11471_INDB_JBP,11471,Indore-Jabalpur Overnight Express,INDB,JBP,555.0,Exp
11472_JBP_INDB,11472,Jabalpur-Indore Express,JBP,INDB,555.0,Exp
12003_LKO_NDLS,12003,Lucknow-NewDelhi Swarn Shatabdi Express,LKO,NDLS,511.0,Shtb
12020_RNC_HWH,12020,Ranchi-Howrah Shatabdi Express,RNC,HWH,423.0,Shtb
12021_HWH_BBN,12021,Barbil Janshatabdi,HWH,BBN,398.0,JShtb
12022_BBN_HWH,12022,Barbil Howrah Janshatabdi,BBN,HWH,398.0,JShtb
12189_JBP_NZM,12189,JABALPUR - DELHI H NIZAMUDDIN Mahakoshal SF Exp,JBP,NZM,961.0,SF
53030_BGP_AZ,53030,Bhagalpur Azimganj Passenger,BGP,AZ,226.0,Pass
56385_ERS_KTYM,56385,Ernakulam Kottayam Passenger,ERS,KTYM,60.0,Pass
11465_SMNH_JBP,11465,SOMNATH - JABALPUR Exp (via Bina),SMNH,JBP,1570.0,Exp
11466_JBP_SMNH,11466,JABALPUR - SOMNATH Exp (via Bina),JBP,SMNH,1570.0,Exp
11702_INDB_JBP,11702,INDORE - JABALPUR Intercity Exp,INDB,JBP,761.0,Exp
12002_NDLS_BPL,12002,New Delhi-Bhopal Shatabdi Express,NDLS,BPL,701.0,Shtb
12004_NDLS_LKO,12004,NewDelh-Lucknowi Swarn Shatabdi Express,NDLS,LKO,511.0,SF
12005_NDLS_KLK,12005,New Delhi-Kalka Shatabdi,NDLS,KLK,303.0,Shtb
12006_KLK_NDLS,12006,Kalka-New Delhi Shatabdi,KLK,NDLS,303.0,Shtb
12008_MYS_MAS,12008,MYSORE - CHENNAI CENT Shatabdi Express,MYS,MAS,500.0,Shtb
12009_BCT_ADI,12009,Mumbai-Ahmedabad Shatabdi Express,BCT,ADI,491.0,Shtb
12010_ADI_BCT,12010,Ahmedabad-Mumbai Central Shatabdi,ADI,BCT,491.0,Shtb
12011_NDLS_KLK,12011,Kalka Shatabdi Express,NDLS,KLK,303.0,Shtb
12012_KLK_NDLS,12012,Kalka-New Delhi Shatabdi,KLK,NDLS,303.0,Shtb
12013_NDLS_ASR,12013,New Delhi-Amritsar Shatabdi Express,NDLS,ASR,448.0,Shtb
12014_ASR_NDLS,12014,Amritsar-NewDelhi Shatabdi,ASR,NDLS,448.0,Shtb
12015_NDLS_AII,12015,New Delhi-Ajmer Shatabdi,NDLS,AII,443.0,Shtb
12016_AII_NDLS,12016,Ajmer-New Delhi Shatabdi,AII,NDLS,443.0,Shtb
12017_NDLS_DDN,12017,New Delhi-Dehradun Shatabdi,NDLS,DDN,315.0,Shtb
12018_DDN_NDLS,12018,Dehradun-New Delhi Shatabdi,DDN,NDLS,315.0,Shtb
12023_HWH_PNBE,12023,Howrah-Patna Jan Shatabdi,HWH,PNBE,532.0,JShtb
12024_PNBE_HWH,12024,Patna-Howrah Jan Shatabdi,PNBE,HWH,532.0,JShtb
12025_PUNE_SC,12025,Pune-Secunderabad Shatabdi Express,PUNE,SC,597.0,Shtb
12026_SC_PUNE,12026,Secunderabad-Pune Shatabdi,SC,PUNE,597.0,Shtb
12028_SBC_MAS,12028,BANGALORE CITY - CHENNAI CENT Shatabdi Exp,SBC,MAS,362.0,Shtb
12029_NDLS_ASR,12029,New Delhi-Amritsar Swarna Shatabdi Express,NDLS,ASR,448.0,Shtb
12031_NDLS_ASR,12031,Amritsar Shatabdi Express,NDLS,ASR,448.0,Shtb
12032_ASR_NDLS,12032,Amritsar Shatabdi Express,ASR,NDLS,448.0,Shtb
12033_CNB_NDLS,12033,Kanpur Shatabdi,CNB,NDLS,437.0,Shtb
12034_NDLS_CNB,12034,New Delhi-Kanpur Shatabdi Express,NDLS,CNB,437.0,Shtb
12037_NDLS_LDH,12037,New Delhi-Ludhiana Shatabdi Express,NDLS,LDH,329.0,Shtb
12038_LDH_NDLS,12038,Ludhiana-New Delhi Shatabdi Express,LDH,NDLS,329.0,Shtb
12051_DR_MAO,12051,DADAR - MADGAON Jan Shatabdi Exp,DR,MAO,765.0,JShtb
12052_MAO_DR,12052,MADGAON - DADAR Jan Shatabdi Exp,MAO,DR,765.0,JShtb
12053_HW_ASR,12053,Haridwar Amritsar Jan Shatabdi Express,HW,ASR,407.0,JShtb
12054_ASR_HW,12054,Amritsar Haridwar Jan Shatabdi,ASR,HW,407.0,JShtb
12055_NDLS_DDN,12055,Dehradun Jan Shatabdi Express,NDLS,DDN,303.0,JShtb
12059_KOTA_NZM,12059,Kota-Hazrat Nizamuddin Jan Shatabdi,KOTA,NZM,458.0,JShtb
12060_NZM_KOTA,12060,Hazarat Nizamuddin-Kota Jan Shatabdi,NZM,KOTA,458.0,JShtb
12063_HW_UHL,12063,Haridwar Chandigarh Una Link Jan Shatabdi Express,HW,UHL,368.0,JShtb
12064_UHL_HW,12064,Una Chandigarh Haridwar Link Jan Shatabdi,UHL,HW,368.0,JShtb
12067_GHY_JTTN,12067,Guwahati Jorhat Jan Shatabdi,GHY,JTTN,376.0,JShtb
12083_MV_CBE,12083,Mayiladuturai-Coimbatore Jan Shatabdi,MV,CBE,362.0,JShtb
12107_LTT_LJN,12107,Mumbai LTT Lucknow Superfast Express,LTT,LJN,1410.0,SF
12108_LJN_LTT,12108,Lucknow Mumbai LTT Superfast Express,LJN,LTT,1409.0,SF
12110_MMR_CSTM,12110,Panchavati Express,MMR,CSTM,261.0,SF
12118_MMR_LTT,12118,Manmad-Mumbai LTT Express,MMR,LTT,245.0,SF
56389_ERS_KTYM,56389,Ernakulam Kottayam Passenger,ERS,KTYM,60.0,Pass
12056_DDN_NDLS,12056,Dehradun Jan Shatabdi Express,DDN,NDLS,305.0,JShtb
12057_NDLS_UHL,12057,New Delhi-Una Janshatabdi,NDLS,UHL,410.0,JShtb
12058_UHL_NDLS,12058,Una-New Delhi Janshatabdi,UHL,NDLS,410.0,JShtb
12061_HBJ_JBP,12061,HabibGanj Bhopal-Jabalpur Jan Shatabdi,HBJ,JBP,331.0,JShtb
12062_JBP_HBJ,12062,Jabalpur-HabibGanj Bhopal Jan Shatabdi,JBP,HBJ,331.0,JShtb
12068_JTTN_GHY,12068,Jorhat Guwahati Jan Shatabdi,JTTN,GHY,376.0,JShtb
12069_RIG_G,12069,Raigarh-Gondia Jan Shatabdi,RIG,G,414.0,JShtb
12070_G_RIG,12070,Gondia-Raigarh Jan Shatabdi,G,RIG,414.0,JShtb
12072_AWB_CSTM,12072,Aurangabad Mumbai Jan Shatabdi,AWB,CSTM,374.0,JShtb
12074_BBS_HWH,12074,Bhubaneswar-Howrah Jan Shatabdi Express,BBS,HWH,439.0,JShtb
12075_CLT_TVC,12075,Kozhikode-Trivandrum Jan Shatabdi Express,CLT,TVC,399.0,JShtb
12076_TVC_CLT,12076,Trivandrum-Kozhikode Jan Shatabdi Express,TVC,CLT,399.0,JShtb
12078_BZA_MAS,12078,Vijayawada Chennai Jan Shatabdi,BZA,MAS,431.0,JShtb
12079_SBC_UBL,12079,Bangalore City-Hubli Jan Shatabdi,SBC,UBL,469.0,JShtb
12080_UBL_SBC,12080,Hubli Bangalore Janshatabdi,UBL,SBC,469.0,JShtb
12081_CLT_TVC,12081,Kozhikode - Trivandrum Jan Shatabdi,CLT,TVC,413.0,JShtb
12082_TVC_CLT,12082,Trivandrum-Kozhikode Jan Shatabdi,TVC,CLT,413.0,JShtb
12101_LTT_HWH,12101,MUMBAI LTT - HOWRAH Janeswari Super Deluxe Exp,LTT,HWH,1952.0,SF
12102_HWH_LTT,12102,HOWRAH - MUMBAI LTT Janeswari Super Deluxe Exp,HWH,LTT,1952.0,SF
12103_PUNE_LJN,12103,Pune Lucknow Jn SuperFast Express,PUNE,LJN,1478.0,SF
12104_LJN_PUNE,12104,Lucknow Jn - Pune Express,LJN,PUNE,1477.0,SF
12105_CSTM_G,12105,Vidarbha Express,CSTM,G,968.0,SF
12106_G_CSTM,12106,Vidarbha Express,G,CSTM,968.0,SF
12109_CSTM_MMR,12109,Panchavati Express,CSTM,MMR,261.0,SF
12111_CSTM_AMI,12111,Mumbai CST-Amaravati SF Express,CSTM,AMI,673.0,SF
12112_AMI_CSTM,12112,Amaravati-Mumbai CST Express,AMI,CSTM,673.0,SF
12113_PUNE_NGP,12113,Pune-Nagpur Garib Rath Express,PUNE,NGP,890.0,GR
12114_NGP_PUNE,12114,Nagpur-Pune Garib Rath,NGP,PUNE,890.0,GR
12115_CSTM_SUR,12115,Siddheshwar Express,CSTM,SUR,455.0,SF
12116_SUR_CSTM,12116,Siddheshwar Express,SUR,CSTM,455.0,SF
12117_LTT_MMR,12117,Mumbai LTT- Manmad Express,LTT,MMR,245.0,SF
12119_AMI_NGP,12119,Amaravati Nagpur Express,AMI,NGP,184.0,SF
12120_NGP_AMI,12120,Nagpur Amravati Express,NGP,AMI,184.0,SF
12122_NZM_JBP,12122,DELHI H NIZAMUDDIN - JABALPUR S Kranti Exp,NZM,JBP,909.0,SKr
12135_PUNE_NGP,12135,Pune -Nagpur SuperFast Express,PUNE,NGP,890.0,SF
12136_NGP_PUNE,12136,Nagpur Pune Express,NGP,PUNE,890.0,SF
12137_CSTM_FZR,12137,Punjab Mail,CSTM,FZR,1930.0,SF
12138_FZR_CSTM,12138,Punjab Mail,FZR,CSTM,1930.0,SF
12139_CSTM_NGP,12139,Sevagram Express,CSTM,NGP,838.0,SF
12139-Slip_CSTM_NGP,12139-Slip,Sewagram Express Slip,CSTM,NGP,838.0,SF
12140_NGP_CSTM,12140,Sevagram Express,NGP,CSTM,838.0,SF
12143_LTT_SLN,12143,LTT Sultanpur Superfast Weekly Express,LTT,SLN,1550.0,SF
12144_SLN_LTT,12144,Sultanpur-LTT Weekly SF Express,SLN,LTT,1550.0,SF
12148_NZM_KOP,12148,Nizamuddin-Kolhapur Express,NZM,KOP,1915.0,SF
12161_LTT_AGC,12161,Lashkar Superfast Express,LTT,AGC,1334.0,SF
12162_AGC_LTT,12162,Lashkar Express,AGC,LTT,1334.0,SF
51817_AF_BKI,51817,Agra Fort Bandikui Pass,AF,BKI,150.0,Pass
12123_CSTM_PUNE,12123,Deccan Queen SF Express,CSTM,PUNE,192.0,SF
12124_PUNE_CSTM,12124,Deccan Queen SF Express,PUNE,CSTM,192.0,SF
12125_CSTM_PUNE,12125,Pragati Superfast Express,CSTM,PUNE,192.0,SF
12126_PUNE_CSTM,12126,Pragati Superfast Express,PUNE,CSTM,192.0,SF
12127_CSTM_PUNE,12127,MumbaiCST-Pune SF InterCity,CSTM,PUNE,192.0,SF
12128_PUNE_CSTM,12128,Pune-MumbaiCST Intercity Express,PUNE,CSTM,192.0,SF
12129_PUNE_HWH,12129,PUNE - HOWRAH Azad Hind SF Exp,PUNE,HWH,2020.0,SF
12130_HWH_PUNE,12130,HOWRAH - PUNE Azad Hind SF Exp,HWH,PUNE,2020.0,SF
12131_DR_SNSI,12131,Mumbai Dadar-Sainagar Shirdi Express,DR,SNSI,336.0,SF
12132_SNSI_DR,12132,Sainagar Shirdi-Mumbai Dadar Express,SNSI,DR,336.0,SF
12133_CSTM_MAJN,12133,MUMBAI CST - MANGALORE Exp,CSTM,MAJN,1195.0,SF
12134_MAJN_CSTM,12134,MANGALORE - MUMBAI CST Exp,MAJN,CSTM,1195.0,SF
12141_LTT_PPTA,12141,MUMBAI LTT - PATLIPUTRA SF Exp,LTT,PPTA,1714.0,SF
12145_LTT_PURI,12145,MUMBAI LTT - PURI SF Exp,LTT,PURI,1818.0,SF
12147_KOP_NZM,12147,Kolhapur-Nizamuddin Express,KOP,NZM,1915.0,SF
12149_PUNE_PPTA,12149,PUNE - PATLIPUTRA SF Exp,PUNE,PPTA,1781.0,SF
12150_PPTA_PUNE,12150,PATLIPUTRA - PUNE SF Exp,PPTA,PUNE,1780.0,SF
12151_LTT_HWH,12151,MUMBAI LTT - HOWRAH Samarsata SF Exp,LTT,HWH,2082.0,SF
12152_HWH_LTT,12152,HOWRAH - MUMBAI LTT Samarsata SF Exp,HWH,LTT,2082.0,SF
12153_LTT_HBJ,12153,Lokmanya Tilak (T) Habibganj Express,LTT,HBJ,822.0,SF
12154_HBJ_LTT,12154,Habibganj LTT Superfast Express,HBJ,LTT,822.0,SF
12155_HBJ_NZM,12155,Shaan-e-Bhopal Express,HBJ,NZM,700.0,SF
12156_NZM_HBJ,12156,Shaan E Bhopal SF Express,NZM,HBJ,700.0,SF
12157_PUNE_SUR,12157,Hutatma Express,PUNE,SUR,264.0,SF
12158_SUR_PUNE,12158,Hutatma Express,SUR,PUNE,264.0,SF
12159_AMI_JBP,12159,Amravati -Jabalpur Express,AMI,JBP,726.0,SF
12160_JBP_AMI,12160,Jabalpur - Amravati Express,JBP,AMI,726.0,SF
12166_BSB_LTT,12166,VARANASI - MUMBAI LTT Ratnagiri SF Exp,BSB,LTT,1483.0,SF
12167_LTT_BSB,12167,MUMBAI LTT - VARANASI SF Exp,LTT,BSB,1480.0,SF
12168_BSB_LTT,12168,VARANASI - MUMBAI LTT SF Exp,BSB,LTT,1480.0,SF
12169_PUNE_SUR,12169,Pune Solapur InterCity Express,PUNE,SUR,264.0,SF
12170_SUR_PUNE,12170,Solapur Pune Intercity Express,SUR,PUNE,264.0,SF
12171_LTT_HW,12171,Mumbai LTT -Haridwar AC Express,LTT,HW,1772.0,SF
12172_HW_LTT,12172,Haridwar-Mumbai LTT AC Express,HW,LTT,1772.0,SF
12173_LTT_PBH,12173,Udyog Nagri Express,LTT,PBH,1583.0,SF
12174_PBH_LTT,12174,Udyog Nagri Express,PBH,LTT,1583.0,SF
12177_HWH_MTJ,12177,Chambal Express,HWH,MTJ,1475.0,SF
12178_MTJ_HWH,12178,Chambal Express,MTJ,HWH,1475.0,SF
12183_BPL_PBH,12183,Bhopal Partapgarh Express,BPL,PBH,758.0,SF
12184_PBH_BPL,12184,Pratapgarh-Bhopal Express,PBH,BPL,756.0,SF
12185_HBJ_REWA,12185,BHOPAL HABIBGANJ - REWA Rewanchal Exp,HBJ,REWA,554.0,SF
12186_REWA_HBJ,12186,REWA - BHOPAL HABIBGANJ Rewanchal Exp,REWA,HBJ,554.0,SF
12187_JBP_CSTM,12187,Jabalpur-CST Garib Rath Express,JBP,CSTM,997.0,GR
12188_CSTM_JBP,12188,Mumbai-Jabalpur Garib Rath Express,CSTM,JBP,997.0,GR
12194_PBH_BPL,12194,Partapgarh Bhopal SuperFast Express,PBH,BPL,756.0,SF
12195_AF_AII,12195,Agra Fort - Ajmer Express,AF,AII,376.0,SF
12196_AII_AF,12196,Ajmer-Agra Fort Express,AII,AF,376.0,SF
53444_BGP_MDLE,53444,Bhagalpur Mandar Hill Passenger,BGP,MDLE,50.0,Pass
12176_GWL_HWH,12176,Chambal Express,GWL,HWH,1303.0,SF
12179_LJN_AGC,12179,Lucknow Agra Intercity SF Express,LJN,AGC,330.0,SF
12180_AGC_LJN,12180,Agra Lucknow Intercity SF Express,AGC,LJN,330.0,SF
12190_NZM_JBP,12190,DELHI H NIZAMUDDIN - JABALPUR Mahakoshal SF Exp,NZM,JBP,961.0,SF
12191_NDLS_JBP,12191,Shridham Express,NDLS,JBP,1038.0,SF
12192_JBP_NDLS,12192,Jabalpur-New Delhi Superfast Express,JBP,NDLS,1038.0,SF
12197_BPL_GWL,12197,Bhopal Gwalior InterCity Express,BPL,GWL,485.0,SF
12198_GWL_BPL,12198,Gwalior Bhopal InterCity Express,GWL,BPL,485.0,SF
12201_LTT_KCVL,12201,MUMBAI LTT - KOCHUVELI Garib Rath Exp,LTT,KCVL,1812.0,GR
12202_KCVL_LTT,12202,KOCHUVELI - MUMBAI LTT Garib Rath Exp,KCVL,LTT,1812.0,GR
12203_SHC_ASR,12203,Saharsa Amritsar Garib Rath,SHC,ASR,1723.0,GR
12204_ASR_SHC,12204,Amritsar Saharsa Garib Rath,ASR,SHC,1723.0,GR
12205_NDLS_DDN,12205,New Delhi-Dehradun AC Express,NDLS,DDN,303.0,SF
12206_DDN_NDLS,12206,Dehradun-NewDelhi AC Express,DDN,NDLS,303.0,SF
12207_KGM_JAT,12207,Kathgodam-Jammu Garib Rath Express,KGM,JAT,769.0,GR
12208_JAT_KGM,12208,Jammu-Kathgodam Garib Rath Express,JAT,KGM,769.0,GR
12209_CNB_KGM,12209,Kanpur-Kathgodam Garib Rath,CNB,KGM,459.0,GR
12210_KGM_CNB,12210,Kathgodam-Kanpur Garib Rath,KGM,CNB,459.0,GR
12211_MFP_ANVT,12211,Muzaffarpur-Anand Vihar(T) Garib Rath Exp.,MFP,ANVT,1060.0,GR
12212_ANVT_MFP,12212,Anand Vihar T.- Muzaffarpur Garib Rath,ANVT,MFP,1060.0,GR
12213_YPR_DEE,12213,Yeswantpur-Delhi Sarai Rohilla AC Duronto Express,YPR,DEE,2314.0,Drnt
12214_DEE_YPR,12214,Delhi Sarai Rohilla-Yesvantpur AC Duronto Express,DEE,YPR,2314.0,Drnt
12215_DEE_BDTS,12215,Delhi Sarai Rohilla-Mumbai BandraT Garib Rath,DEE,BDTS,1431.0,GR
12216_BDTS_DEE,12216,Mumbai Bandra T. - Delhi Sarai Rohilla Garib Rath,BDTS,DEE,1431.0,GR
12217_KCVL_CDG,12217,KOCHUVELI - CHANDIGARH Kerala Sampark Kranti Exp,KCVL,CDG,3415.0,SKr
12218_CDG_KCVL,12218,CHANDIGARH - KOCHUVELI Kerala Sampark Kranti Exp,CDG,KCVL,3415.0,SKr
12219_LTT_SC,12219,Lokmanya Tilak (T)-Secunderabad AC Duronto Express,LTT,SC,773.0,Drnt
12220_SC_LTT,12220,Secunderabad-Mumbai LTT AC Duronto Express,SC,LTT,773.0,Drnt
12222_HWH_PUNE,12222,HOWRAH - PUNE AC Duronto Exp,HWH,PUNE,2020.0,Drnt
12223_LTT_ERS,12223,MUM LTT - ERNAKULAM AC Duronto,LTT,ERS,1599.0,Drnt
12224_ERS_LTT,12224,ERNAKULAM - MUM LTT AC Duronto,ERS,LTT,1598.0,Drnt
12225_AMH_DLI,12225,Kaifiat Express,AMH,DLI,803.0,SF
12226_DLI_AMH,12226,Kaifiat Express,DLI,AMH,803.0,SF
12228_INDB_BCT,12228,Indore- Mumbai Central Duronto Express,INDB,BCT,829.0,Drnt
12229_LKO_NDLS,12229,Lucknow Mail,LKO,NDLS,493.0,SF
12230_NDLS_LKO,12230,Lucknow Mail,NDLS,LKO,493.0,SF
12231_LKO_CDG,12231,Lucknow-Chandigarh Express,LKO,CDG,667.0,SF
12232_CDG_LKO,12232,Chandigarh - Lucknow Sadhbhavna SF Express,CDG,LKO,667.0,SF
12233_LKO_NDLS,12233,Lucknow New Delhi AC Express,LKO,NDLS,493.0,SF
12239_BCT_JP,12239,Mumbai Central Jaipur AC Duronto Express,BCT,JP,1159.0,Drnt
12260_NDLS_SDAH,12260,New Delhi-Sealdah AC Duronto Express,NDLS,SDAH,1453.0,Drnt
12271_LKO_NDLS,12271,Lucknow-New Delhi AC Duronto Express,LKO,NDLS,493.0,Drnt
12273_HWH_NDLS,12273,Howrah-New Delhi Duronto Express,HWH,NDLS,1446.0,Drnt
12274_NDLS_HWH,12274,New Delhi-Howrah Duronto Express,NDLS,HWH,1441.0,Drnt
40029_MSB_TBM,40029,Chennai Beach TambaramEMU (12 car),MSB,TBM,33.0,MEMU
56394_QLN_KTYM,56394,Kollam Kottayam Passenger,QLN,KTYM,96.0,Pass
12234_NDLS_LKO,12234,NewDelhi-Lucknow AC Express,NDLS,LKO,493.0,SF
12235_DBRG_NDLS,12235,DIBRUGARH - NEW DELHI Rajdhani Exp,DBRG,NDLS,2453.0,Raj
12236_NDLS_DBRG,12236,NEW DELHI - DIBRUGARH Rajdhani Exp,NDLS,DBRG,2474.0,Raj
12237_BSB_JAT,12237,Varanasi-Jammu Tawi SF Express,BSB,JAT,1261.0,SF
12238_JAT_BSB,12238,Jammu-Varanasi SF Express,JAT,BSB,1261.0,SF
12241_CDG_ASR,12241,Chandigarh-Amritsar Duronto Express,CDG,ASR,267.0,Drnt
12242_ASR_CDG,12242,Amritsar-Chandigarh Duronto Express,ASR,CDG,267.0,Drnt
12243_MAS_CBE,12243,Chennai Central-Coimbatore AC Duronto Express,MAS,CBE,497.0,Drnt
12244_CBE_MAS,12244,Coimbatore-Chennai Central AC Duronto Express,CBE,MAS,497.0,Drnt
12245_HWH_YPR,12245,HOWRAH - YESVANTPUR AC Duronto Exp,HWH,YPR,1946.0,Drnt
12251_YPR_KRBA,12251,Wainganga express,YPR,KRBA,1614.0,SF
12252_KRBA_YPR,12252,Wainganga express,KRBA,YPR,1605.0,SF
12253_YPR_BGP,12253,YESVANTPUR - BHAGALPUR Anga SF Exp,YPR,BGP,2473.0,SF
12254_BGP_YPR,12254,BHAGALPUR - YESVANTPUR Anga SF Exp,BGP,YPR,2474.0,SF
12261_CSTM_HWH,12261,MUMBAI CST - HOWRAH AC Duronto Exp,CSTM,HWH,1968.0,Drnt
12262_HWH_CSTM,12262,HOWRAH - MUMBAI CST AC Duronto Exp,HWH,CSTM,1968.0,Drnt
12264_NZM_PUNE,12264,Hazrat Nizamuddin-Pune AC Duronto Express,NZM,PUNE,1508.0,Drnt
12265_DEE_JAT,12265,Delhi Sarai Rohilla Jammu Tawi Duronto Express,DEE,JAT,578.0,Drnt
12266_JAT_DEE,12266,Jammu Tawi-Delhi Sarai Rohilla Duronto Express,JAT,DEE,578.0,Drnt
12267_BCT_ADI,12267,Mumbai Central-Ahmedabad AC Duronto Express,BCT,ADI,491.0,Drnt
12268_ADI_BCT,12268,Ahmedabad-Mumbai Central AC Duronto Express,ADI,BCT,491.0,Drnt
12269_MAS_NZM,12269,Chennai-Hazrat Nizamuddin Duronto Express,MAS,NZM,2176.0,Drnt
12270_NZM_MAS,12270,Hazrat Nizamuddin-Chennai Duronto,NZM,MAS,2176.0,Drnt
12272_NDLS_LKO,12272,New Delhi-Lucknow AC Duronto Express,NDLS,LKO,493.0,Drnt
12275_ALD_NDLS,12275,Allahabad-New Delhi Duronto Express,ALD,NDLS,634.0,Drnt
12276_NDLS_ALD,12276,New Delhi-Allahabad Duronto Express,NDLS,ALD,634.0,Drnt
12277_HWH_PURI,12277,Howrah Puri Duronto Express,HWH,PURI,502.0,Drnt
12301_HWH_NDLS,12301,Howrah-New Delhi Rajdhani Express,HWH,NDLS,1447.0,Raj
12303_HWH_NDLS,12303,Poorva Express,HWH,NDLS,1530.0,SF
12307_HWH_JU,12307,Howrah-Jodhpur SF Express,HWH,JU,1814.0,SF
12307-Slip_HWH_JU,12307-Slip,Howrah-Bikaner Express,HWH,JU,1814.0,SF
12311_HWH_KLK,12311,Kalka Mail,HWH,KLK,1743.0,SF
12313_SDAH_NDLS,12313,KOL SEALDAH - NEW DELHI Rajdhani Exp,SDAH,NDLS,1454.0,Raj
12314_NDLS_SDAH,12314,NEW DELHI - KOL SEALDAH Rajdhani Exp,NDLS,SDAH,1454.0,Raj
12316_UDZ_SDAH,12316,Ananya Express,UDZ,SDAH,2141.0,SF
12318_ASR_SDAH,12318,AKAL TAKHT Express,ASR,SDAH,1898.0,SF
12320_AGC_KOAA,12320,AGRA CANTT - KOLKATA CHITPUR SF Exp,AGC,KOAA,1405.0,SF
12325_KOAA_NLDM,12325,KOLKATA CHITPUR - NANGAL DAM Gurumukhi Exp,KOAA,NLDM,1803.0,SF
12326_NLDM_KOAA,12326,NANGAL DAM - KOLKATA CHITPUR Gurumukhi Exp,NLDM,KOAA,1803.0,SF
12327_HWH_DDN,12327,Upasana Express,HWH,DDN,1587.0,SF
12329_SDAH_DLI,12329,West Bengal Sampark Kranti,SDAH,DLI,1448.0,SKr
12330_DLI_SDAH,12330,West Bengal Sampark Kranti Express,DLI,SDAH,1448.0,SKr
12331_HWH_JAT,12331,Himgiri Express,HWH,JAT,2021.0,SF
15941_JAJ_DBRG,15941,JHAJHA - DIBRUGARH Exp,JAJ,DBRG,1710.0,Exp
40031_MSB_TBM,40031,Chennai Beach TambaramEMU (12 car),MSB,TBM,33.0,MEMU
55334_AF_KSJ,55334,Mathura-KasGanj Passenger,AF,KSJ,162.0,Pass
63566_JAJ_JSME,63566,Jhajha Jasidih Passenger,JAJ,JSME,44.0,MEMU
12278_PURI_HWH,12278,Puri-Howrah AC Duronto Express,PURI,HWH,502.0,Drnt
12279_JHS_NZM,12279,Jhansi-H.Nizamuddin Taj Express,JHS,NZM,403.0,SF
12280_NZM_JHS,12280,H.Nizamuddin-Jhansi Taj Express,NZM,JHS,403.0,SF
12281_BBS_NDLS,12281,Bhubaneswar-New Delhi Duronto,BBS,NDLS,1724.0,Drnt
12282_NDLS_BBS,12282,New Delhi-Bhubaneswar Duronto Express,NDLS,BBS,1724.0,Drnt
12284_NZM_ERS,12284,DELHI H NIZAMUDDIN - ERNAKULAM Duronto Exp,NZM,ERS,2943.0,Drnt
12287_KCVL_DDN,12287,Kochuveli-Dehradun Weekly Express,KCVL,DDN,3459.0,SF
12289_CSTM_NGP,12289,Mumbai CSTM-Nagpur Duronto Express,CSTM,NGP,838.0,Drnt
12290_NGP_CSTM,12290,Nagpur-Mumbai CST Duronto Express,NGP,CSTM,838.0,Drnt
12291_YPR_MAS,12291,YESVANTPUR - CHENNAI SF Exp,YPR,MAS,370.0,SF
12292_MAS_YPR,12292,CHENNAI - YESVANTPUR SF Exp,MAS,YPR,370.0,SF
12295_SBC_PPTA,12295,BANGALORE - PATLIPUTRA Sanghamitra SF Exp,SBC,PPTA,2729.0,SF
12296_PPTA_SBC,12296,PATLIPUTRA - BANGALORE Sanghamitra SF Exp,PPTA,SBC,2729.0,SF
12302_NDLS_HWH,12302,New Delhi-Howrah Rajdhani Express,NDLS,HWH,1447.0,Raj
12304_NDLS_HWH,12304,Poorva Express,NDLS,HWH,1530.0,SF
12305_HWH_NDLS,12305,Howrah-New Delhi Rajdhani Express,HWH,NDLS,1530.0,Raj
12306_NDLS_HWH,12306,New Delhi-Howrah Rajdhani Express,NDLS,HWH,1542.0,Raj
12308_JU_HWH,12308,Jodhpur-Howrah SF Express,JU,HWH,1814.0,SF
12309_RJPB_NDLS,12309,Rajendra Nagar-New Delhi Rajdhani Express,RJPB,NDLS,1001.0,Raj
12310_NDLS_RJPB,12310,New Delhi Rajendra Nagar Rajdhani Express,NDLS,RJPB,1001.0,Raj
12312_KLK_HWH,12312,Kalka Mail,KLK,HWH,1743.0,SF
12321_HWH_CSTM,12321,HOWRAH - MUMBAI CST Mail (via Allahabad),HWH,CSTM,2177.0,SF
12322_CSTM_HWH,12322,MUMBAI CST - HOWRAH Mail (via Allahabad),CSTM,HWH,2177.0,SF
12323_HWH_NDLS,12323,Howrah-NewDelhi SF Express,HWH,NDLS,1447.0,SF
12324_NDLS_HWH,12324,New Delhi-Howrah SF Express,NDLS,HWH,1447.0,SF
12328_DDN_HWH,12328,Upasana Express,DDN,HWH,1587.0,SF
12332_JAT_HWH,12332,Himgiri Express,JAT,HWH,2021.0,SF
12333_HWH_ALY,12333,Vibhuti Express,HWH,ALY,882.0,SF
12339_HWH_DHN,12339,Coalfield Express,HWH,DHN,259.0,SF
12340_DHN_HWH,12340,Coalfield Express,DHN,HWH,259.0,SF
12343-Slip_SDAH_HDB,12343-Slip,Darjeeling Mail Slip,SDAH,HDB,624.0,Mail
12344_HDB_SDAH,12344,Darjeeling Mail,HDB,SDAH,624.0,SF
12355_RJPB_JAT,12355,Archana Express,RJPB,JAT,1510.0,SF
12359_KOAA_PNBE,12359,KOLKATA CHITPUR - PATNA Garib Rath Exp,KOAA,PNBE,534.0,GR
12363_KOAA_HDB,12363,KOLKATA CHITPUR - HALDIBARI SF Intercity Exp,KOAA,HDB,620.0,SF
12367_BGP_ANVT,12367,Vikramshila Express,BGP,ANVT,1206.0,SF
12377_SDAH_NJP,12377,Padatik Express,SDAH,NJP,567.0,SF
12378_NJP_SDAH,12378,Padatik Express,NJP,SDAH,567.0,SF
12379_SDAH_ASR,12379,Sealdah - Amritsar Superfast Express,SDAH,ASR,1894.0,SF
12383_HWH_DHN,12383,Howrah-Dhanbad AC DD Express,HWH,DHN,259.0,SF
12384_DHN_HWH,12384,Dhanbad-Howrah AC DD Express,DHN,HWH,259.0,SF
12757_TPTY_CBE,12757,Tirupati-Coimbatore Intercity Express,TPTY,CBE,472.0,SF
12758_CBE_TPTY,12758,Coimbatore-Tirupati (Triweekly) SF Intercity Expre,CBE,TPTY,472.0,SF
17488_VSKP_TPTY,17488,Tirumala Express,VSKP,TPTY,736.0,Exp
19065_BDTS_BGKT,19065,MUMBAI BANDRA - BHAGAT KI KOTHI Exp,BDTS,BGKT,935.0,Exp
54552_BTI_UMB,54552,Bhatinda Ambala Passenger,BTI,UMB,200.0,Pass
56041_TPTY_PDY,56041,Tirupati-Pondicherry Passenger,TPTY,PDY,284.0,Pass
57200_RJY_BZA,57200,Rajahmundry Vijayawada Passenger,RJY,BZA,149.0,Pass
12246_YPR_HWH,12246,YESVANTPUR - HOWRAH AC Duronto Exp,YPR,HWH,1946.0,Drnt
12334_ALY_HWH,12334,Vibhuti Express,ALY,HWH,882.0,SF
12337_HWH_BHP,12337,Shantiniketan Express,HWH,BHP,146.0,SF
12338_BHP_HWH,12338,Shantiniketan Express,BHP,HWH,146.0,SF
12341_HWH_ASN,12341,Agniveena Express,HWH,ASN,200.0,SF
12342_ASN_HWH,12342,Agniveena Express,ASN,HWH,200.0,SF
12345_HWH_GHY,12345,HOWRAH - GUWAHATI Saraighat SF Exp,HWH,GHY,1020.0,SF
12347_HWH_RPH,12347,Howrah-Rampur Hat SF Express,HWH,RPH,207.0,SF
12348_RPH_HWH,12348,Rampur Hat-Howrah SF Express,RPH,HWH,207.0,SF
12351_HWH_DNR,12351,Howrah- Danapur Express,HWH,DNR,541.0,SF
12352_DNR_HWH,12352,Danapur- Howrah Express,DNR,HWH,541.0,SF
12356_JAT_RJPB,12356,Archana Express,JAT,RJPB,1510.0,SF
12357_KOAA_ASR,12357,KOLKATA CHITPUR - AMRITSAR Durgiana SF Exp,KOAA,ASR,1812.0,SF
12358_ASR_KOAA,12358,AMRITSAR - KOLKATA CHITPUR Durgiana SF Exp,ASR,KOAA,1812.0,SF
12360_PNBE_KOAA,12360,KOLKATA CHITPUR - PATNA Garib Rath Exp,PNBE,KOAA,534.0,GR
12361_ASN_CSTM,12361,ASANSOL - MUMBAI CST SF Exp,ASN,CSTM,2043.0,SF
12362_CSTM_ASN,12362,MUMBAI CST - ASANSOL SF Exp,CSTM,ASN,2043.0,SF
12364_HDB_KOAA,12364,HALDIBARI - KOLKATA CHITPUR SF Intercity Exp,HDB,KOAA,620.0,SF
12365_PNBE_RNC,12365,Patna-Ranchi Jan Shatabdi Express,PNBE,RNC,411.0,JShtb
12366_RNC_PNBE,12366,Ranchi Patna Jan Shatabdi Express,RNC,PNBE,411.0,JShtb
12369_HWH_HW,12369,Kumbh Express,HWH,HW,1536.0,SF
12370_HW_HWH,12370,Kumbh Express,HW,HWH,1536.0,SF
12381_HWH_NDLS,12381,Poorva Express,HWH,NDLS,1446.0,SF
12382_NDLS_HWH,12382,Poorva Express,NDLS,HWH,1446.0,SF
12389_GAYA_MS,12389,GAYA - CHENNAI EGMORE SF Exp,GAYA,MS,2346.0,SF
12390_MS_GAYA,12390,CHENNAI EGMORE - GAYA SF Exp,MS,GAYA,2346.0,SF
12391_RGD_NDLS,12391,Shramjeevi Express,RGD,NDLS,1103.0,SF
12392_NDLS_RGD,12392,Shramjeevi Express,NDLS,RGD,1103.0,SF
12396_AII_RJPB,12396,Ajmer-RajendraNagar Ziyarat Express,AII,RJPB,1305.0,SF
12404_MTJ_ALD,12404,Mathura Allahabad SF Express,MTJ,ALD,507.0,SF
12408_ASR_NJP,12408,AMRITSAR - NEW JALPAIGURI Karmabhoomi Exp,ASR,NJP,1834.0,SF
12410_NZM_RIG,12410,Gondwana Express,NZM,RIG,1626.0,SF
12411_CDG_ASR,12411,CHANDIGARH - AMRITSAR Intercity SF Exp,CDG,ASR,909.0,SF
12412_ASR_CDG,12412,AMRITSAR - CHANDIGARH Intercity SF Exp,ASR,CDG,909.0,SF
12413_AII_JAT,12413,Pooja express,AII,JAT,1017.0,SF
12414_JAT_AII,12414,Pooja Express,JAT,AII,1017.0,SF
12419_LKO_NDLS,12419,Gomti Express,LKO,NDLS,511.0,SF
12420_NDLS_LKO,12420,Gomti Express,NDLS,LKO,511.0,SF
12423_DBRT_NDLS,12423,DIBRUGARH TOWN - NEW DELHI Rajdhani Exp,DBRT,NDLS,2443.0,Raj
12427_REWA_ANVT,12427,REWA - DELHI ANAND VIHAR SF Exp,REWA,ANVT,860.0,SF
12428_ANVT_REWA,12428,DELHI ANAND VIHAR - REWA SF Exp,ANVT,REWA,860.0,SF
12431_TVC_NZM,12431,TRIVANDRUM - DELHI H NIZAMUDDIN Rajdhani Exp,TVC,NZM,3149.0,Raj
12432_NZM_TVC,12432,DELHI H NIZAMUDDIN - TRIVANDRUM Rajdhani Exp,NZM,TVC,3149.0,Raj
12437_SC_NZM,12437,Secunderabad Rajdhani Express,SC,NZM,1660.0,Raj
12438_NZM_SC,12438,Secunderabad Rajdhani Express,NZM,SC,1660.0,Raj
12439_RNC_NDLS,12439,RANCHI - NEW DELHI Rajdhani Exp,RNC,NDLS,1306.0,Raj
12440_NDLS_RNC,12440,NEW DELHI - RANCHI Rajdhani Exp,NDLS,RNC,1306.0,Raj
40001_MSB_TBM,40001,Chennai Beach Tambaram EMU(12 Car),MSB,TBM,33.0,MEMU
12397_GAYA_NDLS,12397,Mahabodhi Express,GAYA,NDLS,990.0,SF
12398_NDLS_GAYA,12398,Mahabodhi Express,NDLS,GAYA,990.0,SF
12401_IPR_NDLS,12401,Magadh Express,IPR,NDLS,1063.0,SF
12402_NDLS_IPR,12402,Magadh Express,NDLS,IPR,1063.0,SF
12405_BSL_NZM,12405,Gondwana Express,BSL,NZM,1476.0,SF
12406_NZM_BSL,12406,H.Nizamuddin-Bhusaval Gondwana Express,NZM,BSL,1476.0,SF
12415_INDB_NZM,12415,Indore-Nizamuddin Express,INDB,NZM,817.0,SF
12416_NZM_INDB,12416,Nizamuddin-Indore Express,NZM,INDB,817.0,SF
12417_ALD_NDLS,12417,Prayagraj Express,ALD,NDLS,634.0,SF
12418_NDLS_ALD,12418,Prayagraj Express,NDLS,ALD,634.0,SF
12424_NDLS_DBRT,12424,NEW DELHI - DIBRUGARH TOWN Rajdhani Exp,NDLS,DBRT,2443.0,Raj
12425_NDLS_JAT,12425,Jammu Rajdhani Express,NDLS,JAT,577.0,Raj
12426_JAT_NDLS,12426,Jammu Rajdhani Express,JAT,NDLS,577.0,Raj
12429_SBC_NZM,12429,Bangalore - Hazrat Nizamuddin Rajdhani Express,SBC,NZM,2365.0,Raj
12430_NZM_SBC,12430,Delhi H Nizamuddin-Bangalore Rajdhani Express,NZM,SBC,2382.0,Raj
12433_MAS_NZM,12433,Chennai Central-Delhi H.Nizamuddin Rajdhani Expres,MAS,NZM,2176.0,Raj
12435_DBRT_NDLS,12435,DIBRUGARH TOWN - NEW DELHI Rajdhani Exp,DBRT,NDLS,2463.0,Raj
12436_NDLS_DBRT,12436,NEW DELHI - DIBRUGARH TOWN Rajdhani Exp,NDLS,DBRT,2463.0,Raj
12441_BSP_NDLS,12441,Bilaspur-New Delhi Rajdhani Express,BSP,NDLS,1501.0,Raj
12442_NDLS_BSP,12442,Bilaspur Rajdhani Express,NDLS,BSP,1501.0,Raj
12445_NDLS_UHP,12445,Uttar Sampark Kranti Express,NDLS,UHP,630.0,SKr
12446_UHP_NDLS,12446,Uttar Sampark Kranti Express,UHP,NDLS,630.0,SKr
12447_MKP_NZM,12447,UP Sampark Kranti Express,MKP,NZM,695.0,SKr
12448_NZM_MKP,12448,UP Sampark Kranti Express,NZM,MKP,695.0,SKr
12497_NDLS_ASR,12497,Shan-e-Punjab Express,NDLS,ASR,448.0,SF
12455_DEE_SGNR,12455,DelhiSaraiRohilla-ShriGanganagar AC SF Express,DEE,SGNR,486.0,SF
12456_SGNR_DEE,12456,ShriGanganagar-DelhiSaraiRohilla AC SF Express,SGNR,DEE,486.0,SF
12457_DEE_BKN,12457,Delhi SaraiRohilla-Bikaner Express,DEE,BKN,458.0,SF
12458_BKN_DEE,12458,Bikaner-DelhiSaraiRohiilla Express,BKN,DEE,458.0,SF
12468_JP_BKN,12468,Jaipur Bikaner InterCity Express,JP,BKN,382.0,SF
12472_JAT_BDTS,12472,Jammu Tawi - Mumbai Bandra (T.) SF Swaraj Express,JAT,BDTS,1950.0,SF
12475_HAPA_JAT,12475,Hapa - Jammu Tawi Sarvodaya SF Express,HAPA,JAT,1992.0,SF
12476_JAT_HAPA,12476,Jammu Tawi - Hapa Sarvodaya SF Express,JAT,HAPA,1992.0,SF
12477_JAM_JAT,12477,Jamnagar - Jammu Tawi SF Sindhu Express,JAM,JAT,2000.0,SF
12479_JU_BDTS,12479,JODHPUR - MUMBAI BANDRA Suryanagari SF Exp,JU,BDTS,935.0,SF
12480_BDTS_JU,12480,MUMBAI BANDRA - JODHPUR Suryanagari SF Exp,BDTS,JU,935.0,SF
12485_NED_SGNR,12485,H S NANDED - SHRI GANGANAGAR Exp,NED,SGNR,1965.0,SF
12486_SGNR_NED,12486,SHRI GANGANAGAR - H S NANDED Exp,SGNR,NED,1965.0,SF
12487_JBN_ANVT,12487,Seemanchal Express,JBN,ANVT,1383.0,SF
12489_BKN_DDR,12489,Bikaner-Dadar Express,BKN,DDR,1245.0,SF
12490_DDR_BKN,12490,Dadar - Bikaner Express,DDR,BKN,1245.0,SF
12491_BJU_JAT,12491,BARAUNI - JAMMU TAWI Maur Dhwaj Express,BJU,JAT,1510.0,SF
12492_JAT_BJU,12492,JAMMU TAWI - BARAUNI Maur Dhwaj Express,JAT,BJU,1510.0,SF
12496_KOAA_BKN,12496,KOLKATA CHITPUR - BIKANER Pratap Exp,KOAA,BKN,1885.0,SF
16359_ERS_PNBE,16359,ERNAKULAM - PATNA Exp,ERS,PNBE,2988.0,Exp
22607_ERS_SBC,22607,ERNAKULAM - BANGALORE Weekly SF Exp,ERS,SBC,625.0,SF
53446_BGP_MDLE,53446,Bhagalpur Mandar Hill Passenger,BGP,MDLE,0.0,Pass
12449_MAO_CDG,12449,MADGAON - CHANDIGARH Goa Sampark Kranti Exp,MAO,CDG,2094.0,SKr
12450_CDG_MAO,12450,CHANDIGARH - MADGAON Goa Sampark Kranti Exp,CDG,MAO,2094.0,SKr
12451_CNB_NDLS,12451,Shram Shakti Express,CNB,NDLS,440.0,SF
12452_NDLS_CNB,12452,Shram Shakti Express,NDLS,CNB,440.0,SF
12453_RNC_NDLS,12453,Ranchi-New Delhi Rajdhani Express,RNC,NDLS,1341.0,Raj
12454_NDLS_RNC,12454,New Delhi-Ranchi Rajdhani Express,NDLS,RNC,1341.0,Raj
12459_NDLS_ASR,12459,NewDelhi-Amritsar SF InterCity,NDLS,ASR,448.0,SF
12460_ASR_NDLS,12460,Amritsar-New Delhi Intercity Express,ASR,NDLS,448.0,SF
12461_DLI_JU,12461,Mandore Express,DLI,JU,620.0,SF
12462_JU_DLI,12462,Mandore Express,JU,DLI,620.0,SF
12464_JU_DEE,12464,Rajasthan Sampark Kranti Express,JU,DEE,616.0,SKr
12465_INDB_JU,12465,Indore-Jodhpur Ranthambhore Express,INDB,JU,911.0,SF
12466_JU_INDB,12466,Jodhpur-Indore Ranthambhore Intercity Express,JU,INDB,911.0,SF
12469_CNB_JAT,12469,Kanpur Jammu Express,CNB,JAT,1026.0,SF
12470_JAT_CNB,12470,Jammu Kanpur Express,JAT,CNB,1026.0,SF
12473_ADI_JAT,12473,Sarvodaya SF Express,ADI,JAT,1669.0,SF
12474_JAT_ADI,12474,Sarvodaya SF Express,JAT,ADI,1669.0,SF
12478_JAT_JAM,12478,Jammu Tawi - Jamnagar (Weekly) Sindhu SF Express,JAT,JAM,2000.0,SF
12481_DLI_SGNR,12481,Delhi Sriganganagar InterCity,DLI,SGNR,424.0,SF
12482_SGNR_DLI,12482,Sriganganagar Delhi InterCity Express,SGNR,DLI,424.0,SF
12484_ASR_KCVL,12484,AMRITSAR - KOCHUVELI SF Exp,ASR,KCVL,3597.0,SF
12493_SBC_NZM,12493,Bangalore-Hazrat Nizammudin Rajdhani Express,SBC,NZM,2294.0,Raj
12494_NZM_SBC,12494,Hazrat Nizamuddin-Bangalore Rajdhani Express,NZM,SBC,2383.0,Raj
12501_GHY_NDLS,12501,GUWAHATI - NEW DELHI Poorvottar Sampark Kranti Exp,GHY,NDLS,1974.0,SKr
12502_NDLS_SCL,12502,NEW DELHI - GUWAHATI Poorvottar Sampark Kranti Exp,NDLS,SCL,1974.0,SKr
12507_TVC_GHY,12507,TRIVANDRUM - GUWAHATI SF Exp,TVC,GHY,3331.0,SF
12508_GHY_TVC,12508,GUWAHATI - TRIVANDRUM SF Exp,GHY,TVC,3332.0,SF
12511_GKP_TVC,12511,Rapti Sagar Express,GKP,TVC,3251.0,SF
12512_TVC_GKP,12512,Rapti Sagar Expres,TVC,GKP,3251.0,SF
12514_GHY_SC,12514,GUWAHATI - SECUNDERABAD Exp,GHY,SC,2551.0,SF
12519_LTT_KYQ,12519,MUMBAI LTT - KAMAKHYA AC Exp,LTT,KYQ,1667.0,SF
12520_KYQ_LTT,12520,KAMAKHYA - MUMBAI LTT AC Exp,KYQ,LTT,1667.0,SF
12522_ERS_BJU,12522,Raptisagar Express,ERS,BJU,3441.0,SF
12527_CSTM_LUR,12527,Mumbai CST-Latur Superfast Express.,CSTM,LUR,530.0,SF
12528_LUR_CSTM,12528,Latur-Mumbai CST Superfast Express,LUR,CSTM,530.0,SF
12535_LJN_R,12535,Lucknow-Raipur Garib Rath Express,LJN,R,917.0,GR
12536_R_LJN,12536,Raipur-Lucknow Garib Rath,R,LJN,917.0,GR
12537_MKI_MUV,12537,Bapudham Express,MKI,MUV,465.0,SF
12538_MUV_MKI,12538,Bapudham Express,MUV,MKI,465.0,SF
12539_YPR_LKO,12539,YESVANTPUR - LUCKNOW SF Exp,YPR,LKO,2554.0,SF
12540_LKO_YPR,12540,LUCKNOW - YESVANTPUR SF Exp,LKO,YPR,2532.0,SF
12541_GKP_LTT,12541,Gorakhpur-Mumbai LTT SF Express,GKP,LTT,1680.0,SF
12543_YPR_TPTY,12543,Yesvantpur-Tirupati Tri Weekly Intercity,YPR,TPTY,345.0,SF
12544_TPTY_YPR,12544,Tirupati-Yesvantpur Tri Weekly SF Intercity,TPTY,YPR,345.0,SF
12549_DURG_JAT,12549,DURG - JAMMU TAWI SF Exp,DURG,JAT,1873.0,SF
12550_JAT_DURG,12550,JAMMU TAWI - DURG SF Exp,JAT,DURG,1873.0,SF
12553_BJU_NDLS,12553,Vaishali SF Express,BJU,NDLS,1185.0,SF
40003_MSB_TBM,40003,Chennai Beach Tambaram EMU(12 Car),MSB,TBM,33.0,MEMU
12498_ASR_NDLS,12498,Shan-e-Punjab Express,ASR,NDLS,448.0,SF
12505_GHY_ANVT,12505,GUWAHATI - DELHI ANAND VIHAR North East Exp,GHY,ANVT,1866.0,SF
12506_ANVT_GHY,12506,DELHI ANAND VIHAR - GUWAHATI North East Exp,ANVT,GHY,1867.0,SF
12509_BNC_GHY,12509,BENGALURU - GUWAHATI (Kaziranga) SF Express,BNC,GHY,2992.0,SF
12510_GHY_SBC,12510,GUWAHATI - BENGALURU (Kaziranga) SF Express,GHY,SBC,2992.0,SF
12515_TVC_GHY,12515,RIVANDRUM - GUWAHATI Exp,TVC,GHY,3552.0,SF
12516_GHY_TVC,12516,GUWAHATI - TRIVANDRUM CENTRAL EXP,GHY,TVC,3552.0,SF
12517_KOAA_GHY,12517,KOLKATA - GUWAHATI Garib Rath Exp,KOAA,GHY,1027.0,GR
12518_GHY_KOAA,12518,GUWAHATI - KOLKATA Garib Rath Exp,GHY,KOAA,1027.0,GR
12521_BJU_ERS,12521,Raptisagar Express,BJU,ERS,3441.0,SF
12523_NJP_NDLS,12523,New Jalpaiguri-New Delhi Superfast Express,NJP,NDLS,1500.0,SF
12524_NDLS_NJP,12524,New Delhi New Jalpaiguri SuperFast Express,NDLS,NJP,1497.0,SF
12525_CSTM_PUNE,12525,Indrayani SF Express,CSTM,PUNE,192.0,SF
12526_PUNE_CSTM,12526,Indrayani SF Express,PUNE,CSTM,192.0,SF
12529_HBJ_JBP,12529,Bhopal-Jabalpur Intercity Express,HBJ,JBP,331.0,SF
12530_JBP_HBJ,12530,Jabalpur-Bhopal Intercity,JBP,HBJ,331.0,SF
12531_GKP_LJN,12531,Gorakhpur Lucknow InterCity Express,GKP,LJN,279.0,SF
12532_LJN_GKP,12532,Lucknow Gorakhpur Inter City Express,LJN,GKP,279.0,SF
12533_LJN_CSTM,12533,Pushpak Express,LJN,CSTM,1426.0,SF
12534_CSTM_LJN,12534,Pushpak Express,CSTM,LJN,1426.0,SF
12545_RXL_LTT,12545,RAXAUL - MUMBAI LTT Karmabhoomi Exp,RXL,LTT,1963.0,SF
12547_AF_ADI,12547,Agra Fort Ahmedabad Tri Weekly Express,AF,ADI,867.0,SF
12548_ADI_AF,12548,Ahmedabad-Agra Fort Express,ADI,AF,867.0,SF
12554_NDLS_BJU,12554,Vaishali SF Express,NDLS,BJU,1185.0,SF
12557_MFP_ANVT,12557,Sapt Kranti SF Express,MFP,ANVT,1060.0,SF
12558_ANVT_MFP,12558,Sapt Kranti SF Express,ANVT,MFP,1060.0,SF
12569_JYG_ANVT,12569,Jaynagar-Delhi AnandViharT Garib Rath,JYG,ANVT,1252.0,GR
12570_ANVT_JYG,12570,Anand Vihar Terminus-Jaynagar Garib Rath Express,ANVT,JYG,1252.0,GR
12571_HWH_SSPN,12571,Howrah Prasanti Nilayam SF Express,HWH,SSPN,1763.0,SF
12572_SSPN_HWH,12572,Prashanti Nilayam Howrah SF Express,SSPN,HWH,1763.0,SF
12573_SNSI_HWH,12573,SainagarShirdi-Howrah Express,SNSI,HWH,1792.0,SF
12577_DBG_MYS,12577,DARBHANGA - MYSORE BAGMATI SF Exp,DBG,MYS,2910.0,SF
12578_MYS_DBG,12578,MYSORE - DARBHANGA BAGMATI SF Exp,MYS,DBG,2910.0,SF
12579_DGHA_PURI,12579,Digha- Puri SamudraKanya Express,DGHA,PURI,549.0,SF
12581_PUNE_BBS,12581,Pune Bhubaneshwar Express,PUNE,BBS,1689.0,SF
12582_BBS_PUNE,12582,Bhubaneshwar-Pune Express,BBS,PUNE,1689.0,SF
12583_LJN_ANVT,12583,LUCKNOW - DELHI ANAND VIHAR T DOUBLE DECKER,LJN,ANVT,2071.0,SF
12584_ANVT_LJN,12584,DELHI ANAND VIHAR T - LUCKNOW DOUBLE DECKER,ANVT,LJN,2071.0,SF
12592_YPR_GKP,12592,YESVANTPUR - GORAKHPUR SF Exp,YPR,GKP,2529.0,SF
12593_LJN_BPL,12593,Lucknow-Bhopal Garib Rath,LJN,BPL,585.0,GR
12594_BPL_LJN,12594,Bhopal-Lucknow Garib Rath Express,BPL,LJN,585.0,GR
12605_MS_TPJ,12605,Pallavan Superfast Express,MS,TPJ,336.0,SF
12606_TPJ_MS,12606,Pallavan Superfast Express,TPJ,MS,336.0,SF
12607_MAS_SBC,12607,CHENNAI CENTRAL - BANGALORE Lalbagh Exp,MAS,SBC,358.0,SF
12608_SBC_MAS,12608,BANGALORE - CHENNAI CENTRAL Lalbagh Exp,SBC,MAS,362.0,SF
12609_MAS_SBC,12609,CHENNAI CENT - BANGALORE SF Intercity Exp,MAS,SBC,362.0,SF
40009_MSB_TBM,40009,Chennai Beach Tambaram EMU(12 Car),MSB,TBM,33.0,MEMU
12556_HSR_GKP,12556,Gorakhdham Express,HSR,GKP,962.0,SF
12559_BSB_NDLS,12559,Shiv Ganga Express,BSB,NDLS,758.0,SF
12560_NDLS_BSB,12560,Shiv Ganga Express,NDLS,BSB,758.0,SF
12562_NDLS_DBG,12562,Swatantrata Sainani Express,NDLS,DBG,1166.0,SF
12563_LTT_FD,12563,Mumbai LTT - Faizabad SF Express,LTT,FD,1600.0,SF
12564_FD_LTT,12564,Faizabad-Mumbai LTT SF Express,FD,LTT,1600.0,SF
12565_DBG_NDLS,12565,Bihar Sampark Kranti Express,DBG,NDLS,1172.0,SKr
12566_NDLS_DBG,12566,Bihar Sampark Kranti Express,NDLS,DBG,1172.0,SKr
12575_KGP_PRR,12575,Kharagpur Purulia Express,KGP,PRR,208.0,SF
12576_PRR_KGP,12576,Purulia Khargapur Intercity Express,PRR,KGP,208.0,SF
12587_GKP_JAT,12587,Amarnath Express,GKP,JAT,1248.0,SF
12588_JAT_GKP,12588,Amarnath Express,JAT,GKP,1248.0,SF
12589_GKP_SC,12589,Gorakhpur-Secunderabad Express,GKP,SC,1827.0,SF
12590_SC_GKP,12590,Secunderabad - Gorakhpur Express,SC,GKP,1827.0,SF
12601_MAS_MAQ,12601,Chennai Mangalore Mail,MAS,MAQ,889.0,SF
12602_MAQ_MAS,12602,Chennai Mail,MAQ,MAS,889.0,SF
12603_MAS_HYB,12603,Chennai - Hyderabad Express,MAS,HYB,715.0,SF
12604_HYB_MAS,12604,Hyderabad - Chennai Express,HYB,MAS,715.0,SF
12611_MAS_NZM,12611,Chennai Central-H.Nizamuddin Garib Rath Express,MAS,NZM,2177.0,GR
12612_NZM_MAS,12612,H Nizamuddin-Chennai Garib Rath Express,NZM,MAS,2176.0,GR
12613_MYS_SBC,12613,Tippu Express,MYS,SBC,139.0,SF
12614_SBC_MYS,12614,Tippu Express,SBC,MYS,139.0,SF
12616_NDLS_MAS,12616,GrandTrunk Express,NDLS,MAS,2184.0,SF
12620_MAQ_LTT,12620,MANGALORE CENT - MUMBAI LTT Matsyagandha Exp,MAQ,LTT,1186.0,SF
12622_NDLS_MAS,12622,Tamil Nadu Express,NDLS,MAS,2184.0,SF
12623_MAS_TVC,12623,Chennai Tiruvananthapuram SF Mail,MAS,TVC,909.0,SF
12625_TVC_NDLS,12625,Kerala Express,TVC,NDLS,3036.0,SF
12626_NDLS_TVC,12626,Kerala Express,NDLS,TVC,3036.0,SF
12628_NDLS_SBC,12628,Karnataka Express,NDLS,SBC,2406.0,SF
12629_YPR_NZM,12629,Karnataka Sampark Kranti Express,YPR,NZM,2610.0,SKr
12630_NZM_YPR,12630,Karnataka Sampark Kranti Express,NZM,YPR,2610.0,SKr
12635_MS_MDU,12635,CHENNAI EGMORE - MADURAI Vaigai SF Exp,MS,MDU,497.0,SF
12637_MS_MDU,12637,CHENNAI EGMORE - MADURAI Pandiyan SF Exp,MS,MDU,497.0,SF
12638_MDU_MS,12638,MADURAI - CHENNAI EGMORE Pandiyan SF Exp,MDU,MS,497.0,SF
12640_SBC_MAS,12640,BANGALORE - CHENNAI CENT Brindavan Exp,SBC,MAS,362.0,SF
12643_TVC_NZM,12643,Swarna Jayanthi Express,TVC,NZM,3014.0,SF
12644_NZM_TVC,12644,Swarna Jayanti Express,NZM,TVC,3014.0,SF
12649_YPR_NZM,12649,Karnataka Sampark Kranti Express,YPR,NZM,2277.0,SKr
12650_NZM_YPR,12650,Karnataka Sampark Kranti Express,NZM,YPR,2276.0,SKr
12651_MDU_NZM,12651,MADURAI - DELHI H NIZAMUDDIN Tamil Nadu S Kranti,MDU,NZM,2677.0,SKr
12654_MAQ_TPJ,12654,Mangalore Tiruchirappalli Weekly Superfast Express,MAQ,TPJ,635.0,SF
12657_MAS_SBC,12657,CHENNAI - BANGALORE Mail,MAS,SBC,362.0,SF
12658_SBC_MAS,12658,BANGALORE - CHENNAI Mail,SBC,MAS,362.0,SF
12662_SCT_MS,12662,SENGOTTAI - CHENNAI EGMORE Pothigai SF Exp,SCT,MS,670.0,SF
12664_TPJ_HWH,12664,Tiruchirappalli-Howrah Express,TPJ,HWH,2025.0,SF
15605_GHY_MXN,15605,Jorhat Town InterCity Express,GHY,MXN,405.0,Exp
40011_MSB_TBM,40011,Chennai Beach Tambaram EMU(12 Car),MSB,TBM,33.0,MEMU
12617_ERS_NZM,12617,ERNAKULAM - NEW DELHI H NIZAMUDDIN Mangala Lakshadweep Exp,ERS,NZM,3067.0,SF
12618_NZM_ERS,12618,NEW DELHI H NIZAMUDDIN - ERNAKULAM Mangala Lakshadweep Exp,NZM,ERS,3067.0,SF
12621_MAS_NDLS,12621,Tamil Nadu Express,MAS,NDLS,2184.0,SF
12627_SBC_NDLS,12627,Karnataka Express,SBC,NDLS,2406.0,SF
12631_MS_TEN,12631,CHENNAI EGMORE - TIRUNELVELI Nellai SF Exp,MS,TEN,653.0,SF
12632_TEN_MS,12632,TIRUNELVELI - CHENNAI EGMORE Nellai SF Exp,TEN,MS,653.0,SF
12634_CAPE_MS,12634,KANNIYAKUMARI - CHENNAI EGMORE SF Exp,CAPE,MS,742.0,SF
12639_MAS_SBC,12639,CHENNAI CENT - BANGALORE Brindavan Exp,MAS,SBC,362.0,SF
12642_NZM_CAPE,12642,D H NIZAMUDDIN - KANYAKUMARI Thirukkural Exp,NZM,CAPE,2919.0,SF
12645_ERS_NZM,12645,Millennium Expres,ERS,NZM,2809.0,SF
12646_NZM_ERS,12646,Millennium Express,NZM,ERS,2809.0,SF
12647_CBE_NZM,12647,Kongu Express,CBE,NZM,2671.0,SF
12648_NZM_CBE,12648,Kongu Express,NZM,CBE,2671.0,SF
12655_ADI_MAS,12655,Navjeevan Express,ADI,MAS,1893.0,SF
12656_MAS_ADI,12656,Navajivan Express,MAS,ADI,1893.0,SF
12659_NCJ_SHM,12659,Gurudev Express,NCJ,SHM,2583.0,SF
12660_SHM_NCJ,12660,Shalimar-Nagercoil Gurudev Express,SHM,NCJ,2583.0,SF
12667_MS_NCJ,12667,CHENNAI EGMORE - NAGERCOIL SF Exp,MS,NCJ,727.0,SF
12668_NCJ_MS,12668,NAGERCOIL - CHENNAI EGMORE SF Exp,NCJ,MS,727.0,SF
12673_MAS_CBE,12673,Cheran Express,MAS,CBE,497.0,SF
12674_CBE_MAS,12674,Cheran Express,CBE,MAS,497.0,SF
12675_MAS_CBE,12675,Kovai Express,MAS,CBE,497.0,SF
12676_CBE_MAS,12676,Kovai Express,CBE,MAS,497.0,SF
12677_SBC_ERS,12677,Bangalore City - Ernakulam Intercity SF Express,SBC,ERS,587.0,SF
12678_ERS_SBC,12678,Ernakulam-BangaloreCity Intercity Express,ERS,SBC,587.0,SF
12679_MAS_CBE,12679,ChennaiCentral-Coimbatore InterCity,MAS,CBE,497.0,SF
12680_CBE_MAS,12680,Coimbatore-Chennai Central InterCity SF Express,CBE,MAS,497.0,SF
12681_MAS_CBE,12681,Chennai-Coimbatore Express,MAS,CBE,497.0,SF
12682_CBE_MAS,12682,Coimbatore-Chennai Express,CBE,MAS,497.0,SF
12683_ERS_SBC,12683,ERNAKULAM - BANGALORE SF Exp,ERS,SBC,625.0,SF
12695_MAS_TVC,12695,Chennai-Trivandrum SuperFast Express,MAS,TVC,922.0,SF
12696_TVC_MAS,12696,Trivandrum-Chennai Superfast Express,TVC,MAS,922.0,SF
12697_MAS_TVC,12697,Chennai-Thiruvananthapuram Express,MAS,TVC,909.0,SF
12698_TVC_MAS,12698,Thiruvananthapuram Central Chennai Central weekly express,TVC,MAS,909.0,SF
12701_CSTM_HYB,12701,Hussain Sagar Express,CSTM,HYB,790.0,SF
12702_HYB_CSTM,12702,Hussain Sagar Express,HYB,CSTM,790.0,SF
12703_HWH_SC,12703,Howrah - Secunderabad Falaknuma SF Express,HWH,SC,1545.0,SF
12704_SC_HWH,12704,Falaknuma Express,SC,HWH,1545.0,SF
12707_TPTY_NZM,12707,Andhra Pradesh Sampark Kranti Express,TPTY,NZM,2302.0,SKr
12708_NZM_TPTY,12708,Andhra Pradesh Sampark Kranti Express,NZM,TPTY,2302.0,SKr
12710_SC_GDR,12710,Simhapuri SF Express,SC,GDR,644.0,SF
12711_BZA_MAS,12711,Pinakini Express,BZA,MAS,431.0,SF
12712_MAS_BZA,12712,Pinakini Express,MAS,BZA,431.0,SF
12714_SC_BZA,12714,Satavahana Express,SC,BZA,351.0,SF
12715_NED_ASR,12715,Sachkhand SF Express,NED,ASR,2081.0,SF
15718_MXN_GHY,15718,Mariani-Guwahati Intercity Express,MXN,GHY,404.0,Exp
40015_MSB_TBM,40015,Chennai Beach Tambaram EMU(12 Car),MSB,TBM,33.0,MEMU
52473_PTK_JDNX,52473,PATHANKOT - JOGINDER NAGAR PASSENGER,PTK,JDNX,170.0,Pass
12666_CAPE_HWH,12666,KANYAKUMARI - KOL HOWRAH Weekly Exp,CAPE,HWH,2431.0,SF
12669_MAS_CPR,12669,CHENNAI CENTRAL - CHHAPRA Ganga Kaveri Exp,MAS,CPR,2343.0,SF
12670_CPR_MAS,12670,CHHAPRA - CHENNAI CENTRAL Ganga Kaveri Exp,CPR,MAS,2343.0,SF
12671_MAS_MTP,12671,Nilgiri (Blue Mountain) Express,MAS,MTP,532.0,SF
12672_MTP_MAS,12672,Nilgiri (Blue Mountain) Express,MTP,MAS,532.0,SF
12685_MAS_MAQ,12685,Chennai - Mangalore Express,MAS,MAQ,889.0,SF
12686_MAQ_MAS,12686,Mangalore - Chennai Express,MAQ,MAS,889.0,SF
12687_MAS_DDN,12687,Chennai Dehradun Express,MAS,DDN,2488.0,SF
12688_DDN_MAS,12688,Dehradun Chennai Express,DDN,MAS,2488.0,SF
12690_NCJ_MAS,12690,NAGERCOIL - CHENNAI SF Exp,NCJ,MAS,927.0,SF
12691_MAS_SSPN,12691,CHENNAI - SSP NILAYAM SF Exp,MAS,SSPN,529.0,SF
12692_SSPN_MAS,12692,SSP NILAYAM - CHENNAI SF Exp,SSPN,MAS,529.0,SF
12693_MS_TN,12693,CHENNAI EGMORE - TUTICORIN Pearl City SF Exp,MS,TN,656.0,SF
12694_TN_MS,12694,TUTICORIN - CHENNAI EGMORE Pearl City SF Exp,TN,MS,656.0,SF
12705_GNT_SC,12705,Guntur-Secunderabad SF Intercity,GNT,SC,383.0,SF
12706_SC_GNT,12706,Secunderabad-Guntur SF Intercity,SC,GNT,383.0,SF
12716_ASR_NED,12716,Sachkhand SF Express,ASR,NED,2081.0,SF
12719_AII_HYB,12719,AJMER - HYDERABAD DECCAN SF Exp,AII,HYB,1711.0,SF
12720_HYB_AII,12720,HYDERABAD DECCAN - AJMER SF Exp,HYB,AII,1711.0,SF
12725_SBC_DWR,12725,Siddhaganga Intercity Express,SBC,DWR,490.0,SF
12726_DWR_SBC,12726,Siddhaganga InterCity Express,DWR,SBC,490.0,SF
12731_TPTY_SC,12731,Tirupati-Secunderabad Express,TPTY,SC,801.0,SF
12732_SC_TPTY,12732,Secunderabad-Tirupati Express,SC,TPTY,801.0,SF
12733_TPTY_SC,12733,Narayanadri Express,TPTY,SC,661.0,SF
12734_SC_TPTY,12734,Narayanadri Express,SC,TPTY,661.0,SF
12737_COA_SC,12737,Gowthami SF Express,COA,SC,566.0,SF
12738_SC_COA,12738,Secunderabad - Kakinada Gowthami SF Express,SC,COA,566.0,SF
12740_SC_VSKP,12740,Secunderabad-Visakhapatnam Garib Rath,SC,VSKP,701.0,GR
12741_VSG_PNBE,12741,VASCO DA GAMA - PATNA SF Exp,VSG,PNBE,2419.0,SF
12742_PNBE_VSG,12742,PATNA - VASCO DA GAMA SF Exp,PNBE,VSG,2419.0,SF
12747_GNT_VKB,12747,Palnadu Express,GNT,VKB,353.0,SF
12748_VKB_GNT,12748,Palnadu Express,VKB,GNT,353.0,SF
12750_LTT_VSKP,12750,Mumbai LTT-Visakhapatnam SF Express,LTT,VSKP,1502.0,SF
12751_MUGR_SC,12751,Manuguru-Secunderabad Tri Weekly SF Express,MUGR,SC,331.0,SF
12752_SC_MUGR,12752,Secunderabad-Manuguru SF Express,SC,MUGR,331.0,SF
12753_MAS_NJP,12753,Chennai-NewJalpaiguri SF Express,MAS,NJP,2257.0,SF
12754_NJP_MAS,12754,New Jalpaiguri-Chennai SF Express,NJP,MAS,2257.0,SF
12763_TPTY_SC,12763,Padmavati Express,TPTY,SC,737.0,SF
12764_SC_TPTY,12764,Padmavati Express,SC,TPTY,737.0,SF
12777_UBL_KCVL,12777,HUBLI - TRIVANDRUM KOCHUVELI SF Exp,UBL,KCVL,1307.0,SF
40045_MSB_TBM,40045,Chennai Beach TambaramEMU,MSB,TBM,29.0,MEMU
52469_PTK_BJPL,52469,PATHANKOT - BAIJNATHPAPROLA PASSENGER,PTK,BJPL,141.0,Pass
53448_BGP_BAKA,53448,Bhagalpur Banka Passenger,BGP,BAKA,53.0,Pass
55010_CPR_BTT,55010,Chhapra Bhatni Passenger,CPR,BTT,110.0,Pass
55102_BHJ_BTT,55102,Barhaj Bazar Bhatni Passenger,BHJ,BTT,0.0,Pass
55103_BTT_BHJ,55103,Bhatani Barhaj Passenger,BTT,BHJ,0.0,Pass
55118_BTT_SV,55118,Bhatni Chhapra Passenger,BTT,SV,49.0,Pass
55123_BTT_MUV,55123,Bhatani Manduadih Passenger,BTT,MUV,165.0,Pass
12717_VSKP_BZA,12717,Ratnachal SF Express,VSKP,BZA,351.0,SF
12718_BZA_VSKP,12718,Ratnachal SF Express,BZA,VSKP,351.0,SF
12721_HYB_NZM,12721,Dakshin SF Express,HYB,NZM,1670.0,SF
12722_NZM_HYB,12722,Dakshin SF Express,NZM,HYB,1670.0,SF
12723_HYB_NDLS,12723,Andhra Pradesh Express,HYB,NDLS,1677.0,SF
12724_NDLS_HYB,12724,Andhra Pradesh Express,NDLS,HYB,1677.0,SF
12727_VSKP_HYB,12727,Godavari SF Express,VSKP,HYB,711.0,SF
12728_HYB_VSKP,12728,Godavari SF Express,HYB,VSKP,711.0,SF
12729_PUNE_NED,12729,Pune-Nanded Express,PUNE,NED,662.0,SF
12730_NED_PUNE,12730,Nanded-Pune SuperFast Express,NED,PUNE,662.0,SF
12755_MAS_HLZ,12755,Sangrami SF Expres,MAS,HLZ,1647.0,SF
12756_HLZ_MAS,12756,Sangrami Expres,HLZ,MAS,1647.0,SF
12759_MAS_HYB,12759,Charminar Express,MAS,HYB,790.0,SF
12760_HYB_MAS,12760,Charminar Express,HYB,MAS,790.0,SF
12785_KCG_SBC,12785,Kacheguda-Bangalore SF Express,KCG,SBC,625.0,SF
12789_RMM_CAPE,12789,Rameswaram Kanyakumari SF Express,RMM,CAPE,407.0,SF
12790_CAPE_RMM,12790,Kanyakumari Rameswaram SF Express,CAPE,RMM,407.0,SF
12791_SC_DNR,12791,SECUNDERABAD - DANAPUR SF EXP,SC,DNR,1840.0,SF
12792_DNR_SC,12792,DANAPUR - SECUNDERABAD SF EXP,DNR,SC,1840.0,SF
12793_MS_MDU,12793,Chennai Egmore Madurai BI-Weekly Superfast Express,MS,MDU,561.0,SF
12794_MDU_MS,12794,Madurai Chennai Egmore BI-Weekly Superfast Express,MDU,MS,561.0,SF
12802_NDLS_PURI,12802,Purushottam SF Express,NDLS,PURI,1863.0,SF
12805_VSKP_SC,12805,Janmabhoomi Express,VSKP,SC,689.0,SF
12806_SC_VSKP,12806,Janmabhoomi Express,SC,VSKP,689.0,SF
12811_LTT_HTE,12811,MUMBAI - HATIA LTT SF Exp,LTT,HTE,1706.0,SF
12812_HTE_LTT,12812,HATIA - MUMBAI LTT SF Exp,HTE,LTT,1706.0,SF
12813_HWH_TATA,12813,Steel Express,HWH,TATA,250.0,SF
12814_TATA_HWH,12814,Steel Express,TATA,HWH,250.0,SF
12816_NDLS_PURI,12816,New Delhi-Puri Superfast Express,NDLS,PURI,1794.0,SF
12817_HTE_ANVT,12817,Jharkhand Swarna Jayanti SF Express,HTE,ANVT,1300.0,SF
12818_ANVT_HTE,12818,Jharkhand Swarna Jayanti Express,ANVT,HTE,1303.0,SF
12819_BBS_NDLS,12819,Orissa Sampark Kranti Express,BBS,NDLS,1799.0,SKr
12820_NDLS_BBS,12820,Orissa Sampark Kranti Express,NDLS,BBS,1799.0,SKr
12821_HWH_PURI,12821,Dhauli Express,HWH,PURI,502.0,SF
12822_PURI_HWH,12822,Dhauli Express,PURI,HWH,502.0,SF
12827_HWH_PRR,12827,Howrah Purulia Express,HWH,PRR,323.0,SF
12828_PRR_HWH,12828,Howrah Express,PRR,HWH,323.0,SF
12829_MAS_BBS,12829,Chennai Bhubaneswar SF Express,MAS,BBS,1223.0,SF
12830_BBS_MAS,12830,Bhubaneswar Chennai Superfast Express,BBS,MAS,1223.0,SF
12831_DHN_BBS,12831,DHANBAD - BHUBANESWAR Garib Rath Exp,DHN,BBS,780.0,GR
12832_BBS_DHN,12832,BHUBANESWAR - DHANBAD Garib Rath Exp,BBS,DHN,780.0,GR
12833_ADI_HWH,12833,AHMEDABAD - HOWRAH SF EXP,ADI,HWH,2087.0,SF
12834_HWH_ADI,12834,HOWRAH - AHMEDABAD SF EXP,HWH,ADI,2087.0,SF
40017_MSB_TBM,40017,Chennai Beach Tambaram EMU(12 Car),MSB,TBM,33.0,MEMU
55104_BHJ_BTT,55104,Barhaj Bazar Bhatni Passenger,BHJ,BTT,0.0,Pass
55117_SV_BTT,55117,Siwan Bhatni Passenger,SV,BTT,49.0,Pass
55121_BTT_BSB,55121,Bhatni Varanasi Passenger,BTT,BSB,161.0,Pass
55122_MUV_BTT,55122,Manduadih Bhatni Passenger,MUV,BTT,165.0,Pass
55124_BCY_BTT,55124,Varanasi City- Bhatni Passenger,BCY,BTT,158.0,Pass
12779_VSG_NZM,12779,VASCO DA GAMA - DELHI H NIZAMUDDIN Goa Exp,VSG,NZM,2202.0,SF
12780-Slip_NZM_VSG,12780-Slip,H.Nizamuddin Hubli Goa Express Slip,NZM,VSG,2202.0,SF
12781_MYS_NZM,12781,Mysore-Nizamuddin Swarna Jayanti Express,MYS,NZM,2618.0,SF
12787_BSP_TEN,12787,Bilaspur Tirunelveli SF Express,BSP,TEN,2493.0,SF
12788_TEN_BSP,12788,Tirunelveli Bilaspur SF Express,TEN,BSP,2494.0,SF
12801_PURI_NDLS,12801,Purushottam SF Express,PURI,NDLS,1863.0,SF
12804_NZM_VSKP,12804,Swarna Jayanti Express,NZM,VSKP,2096.0,SF
12807_VSKP_NZM,12807,Samata Express,VSKP,NZM,1911.0,SF
12808_NZM_VSKP,12808,Samata Express,NZM,VSKP,1911.0,SF
12815_PURI_NDLS,12815,Puri New Delhi Superfast Express,PURI,NDLS,1804.0,SF
12823_DURG_NZM,12823,Chhattisgarh Sampark Kranti Express,DURG,NZM,1281.0,SKr
12824_NZM_DURG,12824,Chhattisgarh Sampark Kranti Express,NZM,DURG,1284.0,SKr
12825_RNC_NDLS,12825,Jharkhand Sampark Kranti Express,RNC,NDLS,1306.0,SKr
12837_HWH_PURI,12837,Howrah-Puri Express,HWH,PURI,502.0,SF
12838_PURI_HWH,12838,Puri Howrah Express,PURI,HWH,502.0,SF
12839_HWH_MAS,12839,Howrah Chennai Superfast Mail,HWH,MAS,1662.0,SF
12841_HWH_MAS,12841,Coromandel Express,HWH,MAS,1662.0,SF
12842_MAS_HWH,12842,Coromandel Express,MAS,HWH,1662.0,SF
12845_BBS_BNC,12845,BHUBANESWAR - BENGALURU CANTT SF Exp,BBS,BNC,1524.0,SF
40019_MSB_TBM,40019,Chennai Beach Tambaram EMU,MSB,TBM,33.0,MEMU
12887_HWH_PURI,12887,Howrah-Puri Express,HWH,PURI,502.0,SF
12886_BJE_SHM,12886,Aranyak Express,BJE,SHM,311.0,SF
12885_SHM_BJE,12885,Aranyak Express,SHM,BJE,311.0,SF
12883_HWH_PRR,12883,Rupashi Bangla Express,HWH,PRR,333.0,SF
12882_PURI_HWH,12882,Puri Howrah Garib Rath,PURI,HWH,502.0,GR
12881_HWH_PURI,12881,Howrah Puri Garib Rath,HWH,PURI,502.0,GR
12872_TIG_HWH,12872,TITLAGARH - HOWRAH Ispat Exp,TIG,HWH,745.0,SF
12873_HTE_ANVT,12873,Jharkhand Swarna Jayanti Express,HTE,ANVT,1334.0,SF
12874_ANVT_HTE,12874,Jharkhand Swarna Jayanti Express,ANVT,HTE,1334.0,SF
12875_PURI_NDLS,12875,PURI - NEW DELHI Neelanchal SF Exp,PURI,NDLS,1910.0,SF
12876_NDLS_PURI,12876,NEW DELHI - PURI Neelanchal SF Exp,NDLS,PURI,1910.0,SF
12877_RNC_NDLS,12877,Ranchi-New Delhi Garib Rath,RNC,NDLS,1341.0,GR
12780_NZM_VSG,12780,DELHI H NIZAMUDDIN - VASCO DA GAMA Goa Exp,NZM,VSG,2202.0,SF
12843_PURI_ADI,12843,Puri Ahmedabad Superfast Express,PURI,ADI,2130.0,SF
12844_ADI_PURI,12844,Ahmedabad Puri Superfast Express,ADI,PURI,2130.0,SF
12879_LTT_BBS,12879,MUMBAI LTT - BHUBANESWAR SF Exp,LTT,BBS,1788.0,SF
12884_PRR_HWH,12884,Rupashi Bangla Express,PRR,HWH,333.0,SF
12880_BBS_LTT,12880,BHUBANESWAR - MUMBAI LTT SF Exp,BBS,LTT,1789.0,SF
12891_BPO_BBS,12891,Baripada- Bhubaneswar Express,BPO,BBS,275.0,SF
12888_PURI_HWH,12888,Howrah Express,PURI,HWH,502.0,SF
12893_BBS_BLGR,12893,BHUBANESWAR - BALANGIR SF Exp,BBS,BLGR,397.0,SF
12892_BBS_BPO,12892,Bhubaneswar Baripada SF Express,BBS,BPO,275.0,SF
12895_HWH_PURI,12895,Kolkata-Puri Express,HWH,PURI,502.0,SF
12894_BLGR_BBS,12894,BALANGIR - BHUBANESWAR SF Exp,BLGR,BBS,397.0,SF
12897_PDY_BBS,12897,Puducherry-Bhubaneswar Express,PDY,BBS,1424.0,SF
12896_PURI_HWH,12896,Puri-Howrah Express,PURI,HWH,502.0,SF
12903_BCT_ASR,12903,Golden Temple Mail,BCT,ASR,1891.0,SF
12898_BBS_PDY,12898,Bhubaneswar-Puducherry Superfast Express,BBS,PDY,1424.0,SF
12908_NZM_BDTS,12908,Maharashtra Sampark Kranti Express,NZM,BDTS,1366.0,SKr
12906-Slip_HWH_OKHA,12906-Slip,Howrah-Porbandar SF Express Slip,HWH,OKHA,2586.0,SF
12911_BL_HW,12911,Valsad-Haridwar Exp,BL,HW,1433.0,SF
12910_NZM_BDTS,12910,H.Nizamuddin-Bandra Terminus Garib Rath Express,NZM,BDTS,1366.0,GR
12913_INDB_NGP,12913,Indore-Nagpur Weekly Express,INDB,NGP,652.0,SF
12912_HW_BL,12912,Haridwar Valsad Superfast Express,HW,BL,1433.0,SF
12919_INDB_JAT,12919,Malwa Express,INDB,JAT,1540.0,SF
12914_NGP_INDB,12914,Nagpur-Indore Weekly Express,NGP,INDB,652.0,SF
12921_BCT_ST,12921,Flying Rani Express,BCT,ST,263.0,SF
12920_JAT_INDB,12920,Malwa Express,JAT,INDB,1540.0,SF
12923_INDB_NGP,12923,Indore Nagpur Express,INDB,NGP,607.0,SF
12922_ST_BCT,12922,Flying Rani Express,ST,BCT,263.0,SF
12925_BDTS_ASR,12925,Paschim Express,BDTS,ASR,1821.0,SF
12924_NGP_INDB,12924,Indore Express,NGP,INDB,607.0,SF
12925-Slip_BDTS_ASR,12925-Slip,Paschim Express Slip,BDTS,ASR,1821.0,SF
12926_ASR_BDTS,12926,Paschim Express,ASR,BDTS,1821.0,SF
12927_BCT_BRC,12927,Mumbai Central -Vadodara Express,BCT,BRC,392.0,SF
12928_BRC_BCT,12928,Vadodara - Mumbai Central Express,BRC,BCT,392.0,SF
12929_BL_DHD,12929,Valsad Dahod InterCity Express,BL,DHD,344.0,SF
12930_DHD_BL,12930,Dahod Valsad InterCity Express,DHD,BL,344.0,SF
12935_BDTS_ST,12935,Bandra Surat InterCity Express,BDTS,ST,252.0,SF
12936_ST_BDTS,12936,Surat Bandra InterCity Express,ST,BDTS,252.0,SF
12937_GIMB_HWH,12937,GANDHIDHAM - HOWRAH Garbha Exp,GIMB,HWH,2509.0,SF
12938_HWH_GIMB,12938,HOWRAH - GANDHIDHAM Garbha Exp,HWH,GIMB,2509.0,SF
12939_PUNE_JP,12939,Pune-Jaipur SF Express,PUNE,JP,1302.0,SF
12940_JP_PUNE,12940,Jaipur-Pune SF Express,JP,PUNE,1302.0,SF
40025_MSB_TBM,40025,Chennai Beach TambaramEMU (12 car),MSB,TBM,33.0,MEMU
58115_CKP_ROU,58115,CKP ROU SARANDA PASSENGER,CKP,ROU,101.0,Pass
12901_BCT_ADI,12901,Gujarat Mail,BCT,ADI,491.0,SF
12902_ADI_BCT,12902,Gujarat Mail,ADI,BCT,491.0,SF
12907_BDTS_NZM,12907,Maharashtra Sampark Kranti Express,BDTS,NZM,1366.0,SKr
12909_BDTS_NZM,12909,Bandra Terminus- Hazrat Nizamuddin Garib Rath,BDTS,NZM,1366.0,GR
12915_ADI_DLI,12915,Ashram SF Express,ADI,DLI,933.0,SF
12916_DLI_ADI,12916,Ashram SF Express,DLI,ADI,933.0,SF
12917_ADI_NZM,12917,Gujarat Sampark Kranti Express,ADI,NZM,1085.0,SKr
12933_BCT_ADI,12933,Karnavati Express,BCT,ADI,491.0,SF
12934_ADI_BCT,12934,Karnavati Express,ADI,BCT,491.0,SF
12943_BL_CNB,12943,Valsad-Kanpur Udyogkarmi Express,BL,CNB,1305.0,SF
12944_CNB_BL,12944,Kanpur-Valsad Udyogkarmi Express,CNB,BL,1305.0,SF
12945_ST_MHV,12945,SURAT - MAHUVA SF Exp,ST,MHV,1409.0,SF
12947_ADI_PNBE,12947,Azimabad Express,ADI,PNBE,1772.0,SF
12948_PNBE_ADI,12948,Azimabad Express,PNBE,ADI,1772.0,SF
12949_PBR_SRC,12949,PORBANDAR - K SANTRAGANCHI Kavi Guru SF Exp,PBR,SRC,2657.0,SF
12951_BCT_NDLS,12951,Mumbai Central-New Delhi Rajdhani Express,BCT,NDLS,1384.0,Raj
12955_BCT_JP,12955,Mumbai-Jaipur SF Express,BCT,JP,1159.0,SF
12956_JP_BCT,12956,Jaipur-Mumbai SF Express,JP,BCT,1159.0,SF
12959_DDR_BHUJ,12959,MUMBAI DADAR - BHUJ SF Exp,DDR,BHUJ,977.0,SF
12960_BHUJ_DDR,12960,BHUJ - MUMBAI DADAR SF Exp,BHUJ,DDR,977.0,SF
12961_BCT_INDB,12961,Avantika Express,BCT,INDB,829.0,SF
12962_INDB_BCT,12962,Avantika Express,INDB,BCT,829.0,SF
12965_GWL_UDZ,12965,Gwalior Udaipur Express,GWL,UDZ,794.0,SF
12966_UDZ_GWL,12966,Udaipur Gwalior Express,UDZ,GWL,794.0,SF
12967_MAS_JP,12967,Chennai-Jaipur SF Express,MAS,JP,2185.0,SF
12968_JP_MAS,12968,Jaipur-Chennai SF Express,JP,MAS,2185.0,SF
12969_CBE_JP,12969,Coimbatore-Jaipur Express,CBE,JP,2682.0,SF
12970_JP_CBE,12970,Jaipur-Coimbatore Express,JP,CBE,2682.0,SF
12971_BDTS_BVC,12971,Bhavnagar Express,BDTS,BVC,778.0,SF
12973_INDB_JP,12973,Indore-Jaipur SF Express,INDB,JP,599.0,SF
12974_JP_INDB,12974,Jaipur Indore SF Express,JP,INDB,599.0,SF
12975_MYS_JP,12975,Mysore-Jaipur SF Express,MYS,JP,2479.0,SF
12976_JP_MYS,12976,Jaipur-Mysore SF Express,JP,MYS,2479.0,SF
12977_ERS_AII,12977,ERNAKULAM - AJMER Marusagar Exp,ERS,AII,2859.0,SF
12978_AII_ERS,12978,AJMER - ERNAKULAM Marusagar Exp,AII,ERS,2859.0,SF
12979_BDTS_JP,12979,Mumbai Bandra (T.) - Jaipur (Tri-weekly) SF Exp,BDTS,JP,1148.0,SF
12981_DEE_UDZ,12981,Chetak Express,DEE,UDZ,673.0,SF
12982_UDZ_DEE,12982,Chetak Express,UDZ,DEE,673.0,SF
12983_AII_CDG,12983,Ajmer-Chandigarh GaribRath Express,AII,CDG,740.0,GR
12984_CDG_AII,12984,Chandigarh-Ajmer GaribRath,CDG,AII,740.0,GR
12988_AII_SDAH,12988,Ajmer Sealdah Express,AII,SDAH,1642.0,SF
12989_DDR_AII,12989,Dadar Ajmer Superfast Express,DDR,AII,976.0,SF
12990_AII_DDR,12990,Ajmer-Dadar SF Express,AII,DDR,976.0,SF
12991_UDZ_AII,12991,Udaipur-Ajmer Express,UDZ,AII,301.0,SF
12992_AII_UDZ,12992,Ajmer Udaipur Express,AII,UDZ,301.0,SF
40027_MSB_TBM,40027,Chennai Beach TambaramEMU (12 car),MSB,TBM,33.0,MEMU
40033_MSB_TBM,40033,Chennai Beach TambaramEMU (12 car),MSB,TBM,33.0,MEMU
40055_MSB_TBM,40055,Chennai Beach TambaramEMU,MSB,TBM,29.0,MEMU
58610_CKP_TATA,58610,Chakradharpur Tatanagar Passenger,CKP,TATA,62.0,Pass
12941_ADI_ASN,12941,Ahmedabad-Asansol (Weekly) SF Parasnath Express,ADI,ASN,2021.0,SF
12942_ASN_ADI,12942,Asansol Ahmedabad (Weekly) SF Express,ASN,ADI,2021.0,SF
12954_NZM_BCT,12954,August Kranti Rajdhani Express,NZM,BCT,1377.0,Raj
12957_ADI_NDLS,12957,Ahmadabad-New Delhi Swarna Jayanti Rajdhani Expres,ADI,NDLS,934.0,Raj
12958_NDLS_ADI,12958,New Delhi-Ahmedabad Swarna Jayanti Rajdhani Expres,NDLS,ADI,934.0,Raj
12963_NZM_UDZ,12963,Mewar Express,NZM,UDZ,743.0,SF
12964_UDZ_NZM,12964,Mewar Express,UDZ,NZM,743.0,SF
12995_BDTS_UDZ,12995,Bandra-Udaipur SF Express,BDTS,UDZ,945.0,SF
12996_UDZ_BDTS,12996,Udaipur Bandra SF Express Slip,UDZ,BDTS,945.0,SF
12997_TEN_HAPA,12997,Tirunelveli - Hapa (Biweekly) SF Express,TEN,HAPA,2730.0,SF
12998_HAPA_TEN,12998,Hapa-Tirunelveli Express,HAPA,TEN,2730.0,SF
13005_HWH_ASR,13005,Howrah-Amritsar Mail,HWH,ASR,1910.0,Mail
13007_HWH_SGNR,13007,Udyan Abha Toofan Express,HWH,SGNR,1978.0,Exp
13008-Slip_SGNR_KLK,13008-Slip,Udyan Abha Toofan Express Slip,SGNR,KLK,433.0,Exp
13009_HWH_DDN,13009,Doon Express,HWH,DDN,1557.0,Exp
13009-Slip_HWH_KTW,13009-Slip,Doon Express Slip,HWH,KTW,1461.0,Exp
13010_DDN_HWH,13010,Doon Express,DDN,HWH,1557.0,Exp
13011_HWH_MLDT,13011,InterCity Express,HWH,MLDT,340.0,Exp
13012_MLDT_HWH,13012,InterCity Express,MLDT,HWH,340.0,Exp
13015_HWH_BHP,13015,Howrah Bolpur KaviGuru Express,HWH,BHP,158.0,Exp
13017_HWH_AZ,13017,Ganadevta Express,HWH,AZ,278.0,Exp
13018_AZ_HWH,13018,Ganadevta Express,AZ,HWH,278.0,Exp
13019_HWH_KGM,13019,Bagh Express,HWH,KGM,1521.0,Exp
13020_KGM_HWH,13020,Bagh Express,KGM,HWH,1521.0,Exp
13021_HWH_RXL,13021,Mithila Express,HWH,RXL,693.0,Exp
13022_RXL_HWH,13022,Mithila Express,RXL,HWH,693.0,Exp
13023_HWH_GAYA,13023,Howrah-Gaya Express,HWH,GAYA,654.0,Exp
13025_HWH_BPL,13025,Howrah-Bhopal Express,HWH,BPL,1459.0,Exp
13026_BPL_HWH,13026,Bhopal-Howrah Express,BPL,HWH,1459.0,Exp
13027_HWH_AZ,13027,Kaviguru Express,HWH,AZ,278.0,Exp
13028_AZ_HWH,13028,Kaviguru Express,AZ,HWH,278.0,Exp
13039_HWH_RGD,13039,Howrah-Rajgir Express Slip,HWH,RGD,552.0,Exp
13040_DLI_HWH,13040,Janata Express,DLI,HWH,1540.0,Exp
13049_HWH_ASR,13049,Howrah-Amritsar Express,HWH,ASR,1922.0,Exp
13050_ASR_HWH,13050,Amritsar Howrah Express,ASR,HWH,1922.0,Exp
13051_HWH_SURI,13051,Hool Express,HWH,SURI,241.0,Exp
13052_SURI_HWH,13052,Hool Express,SURI,HWH,241.0,Exp
13054_SURI_HWH,13054,Siuri-Howrah Intercity Express,SURI,HWH,211.0,Exp
13072_JMP_HWH,13072,Howrah Express,JMP,HWH,467.0,Exp
13104_LGL_SDAH,13104,Bhagirathi Express,LGL,SDAH,227.0,Exp
13105_SDAH_BUI,13105,Sealdah-Ballia Express,SDAH,BUI,679.0,Exp
13106_BUI_SDAH,13106,Ballia-Sealdah Express,BUI,SDAH,679.0,Exp
13107_DHCA_KOAA,13107,Maitree Express BR,DHCA,KOAA,375.0,Exp
13108_KOAA_DHCA,13108,Maitree Express BR,KOAA,DHCA,375.0,Exp
13109_KOAA_DHCA,13109,Maitree Express IR,KOAA,DHCA,375.0,Exp
13110_DHCA_KOAA,13110,Maitree Express,DHCA,KOAA,375.0,Exp
13111_KOAA_DLI,13111,Lal Quila Express,KOAA,DLI,1527.0,Exp
13111-Slip_KOAA_GRD,13111-Slip,Lal Quila Express Slip,KOAA,GRD,322.0,Exp
40035_MSB_TBM,40035,Chennai Beach TambaramEMU (12 car),MSB,TBM,33.0,MEMU
40059_MSB_TBM,40059,Chennai Beach TambaramEMU,MSB,TBM,29.0,MEMU
13008_MGS_HWH,13008,Udyan Abha Toofan Express,MGS,HWH,755.0,Exp
13013_BWN_RPH,13013,Barddhaman Rampurhat Tri-Weekly Express,BWN,RPH,112.0,Exp
13014_RPH_BWN,13014,Rampurhat-Barddhaman Tri-Weekly Express,RPH,BWN,112.0,Exp
13016_BHP_HWH,13016,Bolpur-Howrah Kavi Guru Express,BHP,HWH,158.0,Exp
13024_GAYA_HWH,13024,Gaya-Howrah Express,GAYA,HWH,654.0,Exp
13112_DLI_KOAA,13112,Lal Quila Express,DLI,KOAA,1552.0,Exp
13113_KOAA_LGL,13113,Hazarduari Express,KOAA,LGL,223.0,Exp
13114_LGL_KOAA,13114,Hazarduari Express,LGL,KOAA,223.0,Exp
13117_KOAA_BPC,13117,Kolkata Berhampore Court Express,KOAA,BPC,182.0,Exp
13118_BPC_KOAA,13118,Berhampore Court Kolkata Express,BPC,KOAA,182.0,Exp
13133_SDAH_BSB,13133,Sealdah-Varanasi Express,SDAH,BSB,871.0,Exp
13134_BSB_SDAH,13134,Varanasi- Sealdah Express,BSB,SDAH,871.0,Exp
13141_SDAH_NOQ,13141,Testa Torsa Express,SDAH,NOQ,716.0,Exp
13141-Slip_SDAH_HDB,13141-Slip,Testa Torsa Express Slip,SDAH,HDB,628.0,Exp
13142_NOQ_SDAH,13142,Teesta Torsa Express,NOQ,SDAH,716.0,Exp
13145_KOAA_RDP,13145,Radhikapur Express,KOAA,RDP,476.0,Exp
13146_RDP_KOAA,13146,Radhikapur Express,RDP,KOAA,476.0,Exp
13147_SDAH_NCB,13147,Uttar Banga Express,SDAH,NCB,693.0,Exp
13148_NCB_SDAH,13148,Uttar Banga Express,NCB,SDAH,693.0,Exp
13149_SDAH_APDJ,13149,Kanchan Kanya Express,SDAH,APDJ,735.0,Exp
13150_APDJ_SDAH,13150,Kanchan Kanya Express,APDJ,SDAH,735.0,Exp
13152_JAT_KOAA,13152,JammuTawi-Kolkata Chitpur Express,JAT,KOAA,1982.0,Exp
13153-Slip_SDAH_BLGT,13153-Slip,Gour Express Slip,SDAH,BLGT,454.0,Exp
13154_MLDT_SDAH,13154,Malda Town-Sealdah Gour Express,MLDT,SDAH,347.0,Exp
13156_SMI_KOAA,13156,SITAMARHI - KOLKATA CHITPUR Mithilanchal Exp,SMI,KOAA,553.0,Exp
13159_KOAA_JBN,13159,KOLKATA CHITPUR - JOGBANI Exp,KOAA,JBN,542.0,Exp
13160_JBN_KOAA,13160,JOGBANI - KOLKATA CHITPUR Exp,JBN,KOAA,542.0,Exp
13161_KOAA_BLGT,13161,KOLKATA CHITPUR - BALURGHAT Tebhaga Exp,KOAA,BLGT,438.0,Exp
13162_BLGT_KOAA,13162,BALURGHAT - KOLKATA CHITPUR Tebhaga Exp,BLGT,KOAA,437.0,Exp
13163_SDAH_SHC,13163,Hatey Bazare Express,SDAH,SHC,589.0,Exp
13164_SHC_SDAH,13164,Hatey Bazare Express,SHC,SDAH,589.0,Exp
13185_SDAH_JYG,13185,Ganga Sagar Express,SDAH,JYG,624.0,Exp
13186_JYG_SDAH,13186,Ganga Sagar Express,JYG,SDAH,624.0,Exp
13188_RPH_SDAH,13188,Rampurhat- Sealdah Express,RPH,SDAH,226.0,Exp
13202_LTT_RJPB,13202,MUMBAI LTT - RAJENDRA NAGAR PATNA Janta Exp,LTT,RJPB,1715.0,Exp
13225_JYG_DNR,13225,Jaynagar-Danapur Intercity,JYG,DNR,277.0,Exp
13226_DNR_JYG,13226,Danapur-Jaynagar Intercity,DNR,JYG,277.0,Exp
13233_RGD_DNR,13233,Rajgriha Express,RGD,DNR,109.0,Exp
13234_DNR_RGD,13234,Rajgriha Express,DNR,RGD,109.0,Exp
13237_PNBE_MTJ,13237,Patna Mathura Express,PNBE,MTJ,938.0,Exp
13238_MTJ_PNBE,13238,Mathura Patna Express,MTJ,PNBE,936.0,Exp
13239_PNBE_MTJ,13239,Patna Mathura Express,PNBE,MTJ,895.0,Exp
13240_MTJ_PNBE,13240,Mathura Patna Express,MTJ,PNBE,895.0,Exp
13241_BAKA_RJPB,13241,Banka Patna Express,BAKA,RJPB,272.0,Exp
13242_RJPB_BAKA,13242,Patna Banka Express,RJPB,BAKA,272.0,Exp
13243_PNBE_DOS,13243,Patna Dehri On Sone InterCity Express,PNBE,DOS,177.0,Exp
13248_RJPB_GHY,13248,RAJENDRA NAGAR - GUWAHATI Capital Exp,RJPB,GHY,980.0,Exp
19321_INDB_RJPB,19321,Indore-Rajendranagar Express,INDB,RJPB,1400.0,Exp
40037_MSB_TBM,40037,Chennai Beach TambaramEMU (12 car),MSB,TBM,33.0,MEMU
13235_SBG_DNR,13235,Sahibganj-Danapur InterCity,SBG,DNR,306.0,Exp
13236_DNR_SBG,13236,Danapur-Sahibganj InterCity,DNR,SBG,306.0,Exp
13244_DOS_PNBE,13244,Dehri On Sone Patna InterCity Express,DOS,PNBE,177.0,Exp
13246_DNR_NJP,13246,Capital Express,DNR,NJP,501.0,Exp
13247_GHY_RJPB,13247,GUWAHATI - RAJENDRA NAGAR Capital Exp,GHY,RJPB,980.0,Exp
13251_IPR_RJPB,13251,Islampur Rajendra Nagar Express,IPR,RJPB,63.0,Exp
13252_RJPB_IPR,13252,Rajendra Nagar Islampur Express,RJPB,IPR,63.0,Exp
13287_DURG_RJPB,13287,DURG - RAJENDRA NAGAR South Bihar Exp,DURG,RJPB,1130.0,Exp
13288_RJPB_DURG,13288,RAJENDRA NAGAR BIHAR - DURG South Bihar Exp,RJPB,DURG,1130.0,Exp
13301_DHN_TATA,13301,Suvarna Rekha Express,DHN,TATA,193.0,Exp
13302_TATA_DHN,13302,Suvarna Rekha Express,TATA,DHN,193.0,Exp
13304_RNC_DHN,13304,Dhanbad InterCity Express,RNC,DHN,162.0,Exp
13305_DHN_GAYA,13305,Dhanbad-Gaya InterCity,DHN,GAYA,199.0,Exp
13306_GAYA_DHN,13306,Gaya-Dhanbad InterCity,GAYA,DHN,199.0,Exp
13307_DHN_FZR,13307,Ganga Sutlej Express,DHN,FZR,1599.0,Exp
13308_FZR_DHN,13308,Ganga Sutlej Express,FZR,DHN,1599.0,Exp
13317_HWH_DHN,13317,Black Diamond Express,HWH,DHN,271.0,Exp
13319_BDME_RNC,13319,Baidyanthdham-Ranchi Express,BDME,RNC,328.0,Exp
13320_RNC_BDME,13320,Ranchi-Baidyanathdham Express,RNC,BDME,333.0,Exp
13329_DHN_PNBE,13329,Ganga Damodar Express,DHN,PNBE,291.0,Exp
13330_PNBE_DHN,13330,Ganga Damodar Express,PNBE,DHN,291.0,Exp
13331_DHN_PNBE,13331,Dhanbad Patna Express,DHN,PNBE,373.0,Exp
13332_PNBE_DHN,13332,Patna Dhanbad Express,PNBE,DHN,373.0,Exp
13345_BSB_SGRL,13345,Varanasi-Singrauli Intercity,BSB,SGRL,209.0,Exp
13347_BRKA_PNBE,13347,Palamau Express,BRKA,PNBE,494.0,Exp
13348_PNBE_BRKA,13348,Palamau Express,PNBE,BRKA,494.0,Exp
13352_ALLP_DHN,13352,ALAPPUZHA - DHANBAD (Bokaro) Express,ALLP,DHN,2536.0,Exp
13404_BGP_RNC,13404,Vananchal Express,BGP,RNC,561.0,Exp
13413_MLDT_DLI,13413,Farakka Express,MLDT,DLI,1416.0,Exp
13414_DLI_MLDT,13414,Farakka Express,DLI,MLDT,1416.0,Exp
13415_MLDT_PNBE,13415,Malda Patna Express,MLDT,PNBE,399.0,Exp
13416_PNBE_MLDT,13416,Patna-Malda Express,PNBE,MLDT,399.0,Exp
13419_BGP_MFP,13419,Jan Sewa Express,BGP,MFP,240.0,Exp
13421_NDAE_MLDT,13421,Nabadwipdham Malda Express,NDAE,MLDT,226.0,Exp
13422_MLDT_NDAE,13422,Malda Nabadwipdham Express,MLDT,NDAE,226.0,Exp
13465_HWH_MLDT,13465,InterCity Express,HWH,MLDT,331.0,Exp
13466_MLDT_HWH,13466,InterCity Express,MLDT,HWH,331.0,Exp
13483_MLDT_DLI,13483,Farakka Express,MLDT,DLI,1456.0,Exp
13484_DLI_MLDT,13484,Farakka Express,DLI,MLDT,1456.0,Exp
13501_HLZ_ASN,13501,Haldia-Asansol Express,HLZ,ASN,322.0,Exp
40039_MSB_TBM,40039,Chennai Beach TambaramEMU (12 car),MSB,TBM,33.0,MEMU
40041_MSB_TBM,40041,Chennai Beach TambaramEMU (12 car),MSB,TBM,33.0,MEMU
40043_MSB_TBM,40043,Chennai Beach TambaramEMU,MSB,TBM,33.0,MEMU
40047_MSB_TBM,40047,Chennai Beach TambaramEMU (12 car),MSB,TBM,29.0,MEMU
40049_MSB_TBM,40049,Chennai Beach TambaramEMU (12 car),MSB,TBM,29.0,MEMU
40051_MSB_TBM,40051,Chennai Beach TambaramEMU (12 car),MSB,TBM,29.0,MEMU
40053_MSB_TBM,40053,Chennai Beach TambaramEMU (12 car),MSB,TBM,29.0,MEMU
56842_ED_TPJ,56842,Erode Tiruchchirapalli Passenger,ED,TPJ,141.0,Pass
56860_VM_TBM,56860,Villupuram Tambaram Passenger,VM,TBM,133.0,Pass
12259_SDAH_NDLS,12259,Sealdah-New Delhi AC Duronto Express,SDAH,NDLS,1453.0,Drnt
13346_SGRL_BSB,13346,Singrauli-Varanasi Intercity,SGRL,BSB,209.0,Exp
13502_ASN_HLZ,13502,Asansol Haldia Express,ASN,HLZ,322.0,Exp
13504_ASN_SDAH,13504,Asansol-Sealdah InterCity Express,ASN,SDAH,220.0,Exp
13506_ASN_DGHA,13506,Asansol Digha Express,ASN,DGHA,372.0,Exp
13507_ASN_GKP,13507,Asansol-Gorakhpur Express,ASN,GKP,644.0,Exp
13509_ASN_GD,13509,Asansol-Gonda Express,ASN,GD,862.0,Exp
13510_GD_ASN,13510,Gonda-Asansol Express,GD,ASN,862.0,Exp
14001_DLI_ATT,14001,OLD DELHI - ATARI SHYAM SINGH Samjhauta Exp,DLI,ATT,472.0,Exp
14002_ATT_DLI,14002,ATARI SHYAM SINGH - OLD DELHI Samjhauta Exp,ATT,DLI,472.0,Exp
14004_NDLS_NFK,14004,New Delhi-New Farakka Express,NDLS,NFK,1387.0,Exp
14005_SMI_ANVT,14005,Lichhavi Express,SMI,ANVT,1285.0,Exp
14006_ANVT_SMI,14006,Lichhavi Express,ANVT,SMI,1285.0,Exp
14007_MFP_DLI,14007,Muzaffarpur-Old Delhi Sadbhavna Express,MFP,DLI,1106.0,Exp
14008_DLI_MFP,14008,Old Delhi-Muzaffarpur Sadbhavana Express,DLI,MFP,1106.0,Exp
14009_CWA_DEE,14009,Patalkot Express,CWA,DEE,1050.0,Exp
14010_DEE_CWA,14010,Patalkot Express,DEE,CWA,1050.0,Exp
14011_KGM_ANVT,14011,Kathgodam-Anand Vihar AC Express,KGM,ANVT,271.0,Exp
14012_ANVT_KGM,14012,Anand Vihar-Kathgodam AC Express,ANVT,KGM,271.0,Exp
14013_SLN_DLI,14013,Sadbhavna Express,SLN,DLI,645.0,Exp
14014_DLI_SLN,14014,Sadbhavna Express,DLI,SLN,645.0,Exp
14015_RXL_DLI,14015,Sadbhavna Express,RXL,DLI,1236.0,Exp
14016_DLI_RXL,14016,Sadbhavana Express,DLI,RXL,1236.0,Exp
14017_MFP_DLI,14017,Sadbhavna Express,MFP,DLI,1147.0,Exp
14018_DLI_MFP,14018,Sadbhavana Expres,DLI,MFP,1147.0,Exp
14020_DEE_CWA,14020,Delhi SR Chhindwara Kanhan Valley Express,DEE,CWA,1050.0,Exp
14033_DLI_UHP,14033,Jammu Mail,DLI,UHP,637.0,Mail
14034_UHP_DLI,14034,Jammu Mail,UHP,DLI,637.0,Mail
14035_DLI_PTK,14035,Dhauladhar Express,DLI,PTK,496.0,Exp
14036_PTK_DLI,14036,Dhauladhar Express,PTK,DLI,496.0,Exp
14037_DLI_PTK,14037,Delhi-Pathankot Express,DLI,PTK,554.0,Exp
14038_PTK_DLI,14038,Pathankot Delhi Express,PTK,DLI,554.0,Exp
14041-Slip_DEE_KTW,14041-Slip,Mussoorie Express Slip,DEE,KTW,243.0,Exp
14042_DDN_DEE,14042,DEHRADUN - DELHI SARAI ROHILLA Mussoorie Exp,DDN,DEE,339.0,Exp
14043_KTW_DLI,14043,KOTDWAR - OLD DELHI Garhwal Exp,KTW,DLI,238.0,Exp
14044_DLI_KTW,14044,OLD DELHI - KOTDWAR Garhwal Exp,DLI,KTW,238.0,Exp
14056_DLI_DBRG,14056,OLD DELHI - DIBRUGARH Brahmaputra Exp,DLI,DBRG,2589.0,Mail
14083_APDJ_DLI,14083,Sikkim Mahananda Express,APDJ,DLI,1651.0,Exp
14084_DLI_APDJ,14084,Sikkim Mahananda Express,DLI,APDJ,1651.0,Exp
14085_TKJ_SSA,14085,Haryana Express,TKJ,SSA,264.0,Exp
14086_SSA_TKJ,14086,Haryana Express,SSA,TKJ,264.0,Exp
14095_DEE_KLK,14095,Himalayan Queen,DEE,KLK,305.0,Exp
14096_KLK_DEE,14096,Himalayan Queen,KLK,DEE,305.0,Exp
14096-Slip_KLK_BNW,14096-Slip,Himalayan Queen Slip,KLK,BNW,335.0,Exp
14109_CKTD_CNB,14109,Chitrakoot Kanpur Express,CKTD,CNB,213.0,Exp
14110_CNB_CKTD,14110,Kanpur Chitrakoot Express,CNB,CKTD,213.0,Exp
14114_DDN_ALD,14114,Link Express,DDN,ALD,863.0,Exp
40057_MSB_TBM,40057,Chennai Beach TambaramEMU (12 car),MSB,TBM,29.0,MEMU
51672_KTE_ET,51672,KATNI - ITARSI Fast Passenger,KTE,ET,335.0,Pass
12343_SDAH_NJP,12343,Darjeeling Mail,SDAH,NJP,567.0,SF
12483_KCVL_ASR,12483,KOCHUVELI - AMRITSAR SF Exp,KCVL,ASR,3597.0,SF
14119_KGM_DDN,14119,Kathgodam Dehradun Express,KGM,DDN,335.0,Exp
14120_DDN_KGM,14120,Dehradun Kathgodam Express,DDN,KGM,335.0,Exp
14123_PBH_CNB,14123,Pratapgarh Kanpur InterCity Express,PBH,CNB,245.0,Exp
14124_CNB_PBH,14124,Kanpur Pratapgarh InterCity Express,CNB,PBH,245.0,Exp
14126_FD_ALD,14126,Saryu Express,FD,ALD,157.0,Exp
14163_ALD_MTC,14163,Sangam Express,ALD,MTC,639.0,Exp
14163-Slip_ALD_DDN,14163-Slip,Sangam Express Slip,ALD,DDN,863.0,Exp
14164_MTC_ALD,14164,Sangam Express,MTC,ALD,639.0,Exp
14201_JNU_RBL,14201,Jaunpur-Rae Bareliy Express,JNU,RBL,203.0,Exp
14203_BSB_LKO,14203,Varanasi Lucknow InterCity Express,BSB,LKO,302.0,Exp
14204_LKO_BSB,14204,Lucknow Varanasi InterCity Express,LKO,BSB,302.0,Exp
14205_FD_DLI,14205,Faizabad Delhi Express,FD,DLI,615.0,Exp
14206_DLI_FD,14206,Delhi-Faizabad Express,DLI,FD,615.0,Exp
14207_PBH_DLI,14207,Padmavat Express,PBH,DLI,660.0,Exp
14208_DLI_PBH,14208,Padmavat Express,DLI,PBH,660.0,Exp
14210_LKO_BDL,14210,Lucknow-Vindhyachal InterCity,LKO,BDL,284.0,Exp
14211_AGC_NDLS,14211,Agra-New Delhi Intercity Express,AGC,NDLS,195.0,Exp
14212_NDLS_AGC,14212,NewDelhi-Agra InterCity Express,NDLS,AGC,195.0,Exp
14213_BSB_GD,14213,Varanasi-Gonda Intercity Express,BSB,GD,256.0,Exp
14214_GD_BSB,14214,Gonda-Varanasi Intercity Express,GD,BSB,256.0,Exp
14215_ALD_LKO,14215,Ganga Gomti Express,ALD,LKO,201.0,Exp
14216_LKO_ALD,14216,Ganga Gomti Express,LKO,ALD,201.0,Exp
14217_ALD_CDG,14217,Unchahar Express,ALD,CDG,913.0,Exp
14227_BSB_LKO,14227,Varuna Express,BSB,LKO,284.0,Exp
14228_LKO_BSB,14228,Varuna Express,LKO,BSB,284.0,Exp
14235_BSB_BE,14235,Varanasi Bareilly Express,BSB,BE,559.0,Exp
14236_BE_BSB,14236,Bareilly Varanasi Express,BE,BSB,559.0,Exp
14257_BSB_NDLS,14257,Kashi Vishwanath Express,BSB,NDLS,794.0,Exp
14258_NDLS_BSB,14258,Kashi Vishwanath Express,NDLS,BSB,794.0,Exp
14259_MGS_LKO,14259,MUGHAL SARAI - LUCKNOW Ekatmata Exp,MGS,LKO,2796.0,Exp
14265_BSB_DDN,14265,Varanasi Dehradun Janata Express,BSB,DDN,846.0,Exp
14265-Slip_BSB_RMR,14265-Slip,Varanasi-Ramnagar Express Slip,BSB,RMR,705.0,Exp
14266_DDN_BSB,14266,Dehradun Varanasi Janata Express,DDN,BSB,846.0,Exp
14307_PRG_BE,14307,Bareilly Express,PRG,BE,461.0,Exp
14308_BE_PRG,14308,Bareilly-Prayag Passenger,BE,PRG,461.0,Pass
14309_UJN_DDN,14309,Ujjaini Express,UJN,DDN,1241.0,Exp
14310_DDN_UJN,14310,Ujjaini Express,DDN,UJN,1241.0,Exp
14311_BE_BHUJ,14311,BAREILLY - BHUJ Ala Hazrat Exp,BE,BHUJ,1543.0,Exp
14314_BE_LTT,14314,BAREILLY - MUMBAI LTT Weekly Exp,BE,LTT,1608.0,Exp
14315_BE_NDLS,14315,Bareilly-NewDelhi InterCity,BE,NDLS,258.0,Exp
14316_NDLS_BE,14316,NewDelhi-Bareilly InterCity,NDLS,BE,258.0,Exp
14317_INDB_DDN,14317,INDORE - DEHRADUN Exp,INDB,DDN,1183.0,Exp
14318_DDN_INDB,14318,DEHRADUN - INDORE Exp,DDN,INDB,1179.0,Exp
14321_BE_BHUJ,14321,BAREILLY - BHUJ Ala Hazrat Exp,BE,BHUJ,1410.0,Exp
19131_BDTS_BHUJ,19131,MUMBAI BANDRA - BHUJ Kutch Exp,BDTS,BHUJ,839.0,Exp
40107_MSB_TBM,40107,Chennai Beach Tambaram EMU,MSB,TBM,29.0,MEMU
40555_MSB_CGL,40555,Chennai Beach Chengalpet Semi Fast EMU,MSB,CGL,59.0,MEMU
14322_BHUJ_BE,14322,BHUJ - BAREILLY Ala Hazrat Exp,BHUJ,BE,1410.0,Exp
14323_NDLS_ROK,14323,New Delhi-Rohtak Express,NDLS,ROK,72.0,Exp
14324_ROK_NDLS,14324,New Delhi Express,ROK,NDLS,72.0,Exp
14369_SGRL_BE,14369,Tribeni Express,SGRL,BE,723.0,Exp
14370_BE_SGRL,14370,Triveni Express,BE,SGRL,723.0,Exp
14370-Slip_BE_BRWD,14370-Slip,Triveni Express Slip,BE,BRWD,862.0,Exp
14511-Slip_ALD_KRJ,14511-Slip,Allahabad-Saharanpur Nauchandi Express Slip,ALD,KRJ,695.0,Exp
14512_SRE_ALD,14512,Saharanpur-Allahabad Nauchandi Express,SRE,ALD,774.0,Exp
14519_DLI_BTI,14519,Kissan Express,DLI,BTI,337.0,Exp
14520_BTI_DLI,14520,Kisan Express,BTI,DLI,337.0,Exp
14524_UMB_MFP,14524,Harihar Express,UMB,MFP,1201.0,Exp
14525_UMB_SGNR,14525,Ambala Cantt-Shri GangaNagar InterCity Express,UMB,SGNR,328.0,Exp
14526_SGNR_UMB,14526,Shri Ganganagar-Ambala Cantt InterCity Express,SGNR,UMB,328.0,Exp
14545_FN_SRE,14545,Farukhnagar Saharanpur Express,FN,SRE,216.0,Exp
14546_SRE_FN,14546,Saharanpur Farukhnagar Express,SRE,FN,216.0,Exp
14553_DLI_UHL,14553,Himachal Express,DLI,UHL,371.0,Exp
14554_UHL_DLI,14554,Himachal Express,UHL,DLI,371.0,Exp
14555_BE_DLI,14555,Bareilly-Delhi Express,BE,DLI,274.0,Exp
14556_DLI_BE,14556,Delhi-Bareilly Express,DLI,BE,274.0,Exp
14603_SHC_ASR,14603,SAHARSA - AMRITSAR Jan Sadharan Exp,SHC,ASR,1580.0,Exp
14607_ASR_ATT,14607,Amritsar Atari Samjhauta Express,ASR,ATT,24.0,Exp
14608_ATT_ASR,14608,Atari Amritsar Samjhauta Express,ATT,ASR,24.0,Exp
14609_RKSH_JAT,14609,Hemkunt Express,RKSH,JAT,558.0,Exp
14610_JAT_RKSH,14610,Hemkunt Express,JAT,RKSH,558.0,Exp
14629_LDH_FZR,14629,Ludhiana Firozpur Sutlej Express,LDH,FZR,124.0,Exp
14630_FZR_LDH,14630,Firozpur Ludhiana Sutlej Express,FZR,LDH,124.0,Exp
14631_DDN_ASR,14631,Dehradun Amritsar Express,DDN,ASR,463.0,Exp
14632_ASR_DDN,14632,Amritsar Dehradun Express,ASR,DDN,463.0,Exp
14633_ASR_PTK,14633,Ravi Express,ASR,PTK,107.0,Exp
14634_PTK_ASR,14634,Ravi Express,PTK,ASR,107.0,Exp
14645_DLI_JAT,14645,Shalimar Express,DLI,JAT,640.0,Exp
14646_JAT_DLI,14646,Shalimar Express,JAT,DLI,640.0,Exp
14650_ASR_JYG,14650,Saryu Yamuna Express,ASR,JYG,1670.0,Exp
14659-Slip_DLI_BME,14659-Slip,Delhi-Jaisalmer Express Slip,DLI,BME,829.0,Exp
14660_JSM_DLI,14660,Jaisalmer Delhi Express,JSM,DLI,918.0,Exp
14661_JU_BME,14661,Delhi Barmer Link Express,JU,BME,209.0,Exp
14662_BME_DLI,14662,Barmer-Delhi MALANI Express,BME,DLI,829.0,Exp
14673_JYG_ASR,14673,Shaheed Express,JYG,ASR,1654.0,Exp
14674_ASR_JYG,14674,Shaheed Express,ASR,JYG,1654.0,Exp
14681_NDLS_JUC,14681,New Delhi-Jalandhar Express,NDLS,JUC,439.0,Exp
14682_JUC_NDLS,14682,Jalandhar NDLS Express,JUC,NDLS,439.0,Exp
14701_JSM_BKN,14701,Jaisalmer-Bikaner Express,JSM,BKN,327.0,Exp
14702_BKN_JSM,14702,Bikaner-Jaisalmer Express,BKN,JSM,327.0,Exp
14703_JSM_LGH,14703,Bikaner Express,JSM,LGH,323.0,Exp
14704_LGH_JSM,14704,Jaisalmer Express,LGH,JSM,323.0,Exp
14705_DEE_SDLP,14705,Delhi Sarai Rohilla Sadulpur Express,DEE,SDLP,220.0,Exp
14706_SDLP_DEE,14706,Sadulpur Delhi Sarai Rohilla Express,SDLP,DEE,220.0,Exp
15011_LJN_CDG,15011,LUCKNOW - CHANDIGARH Exp,LJN,CDG,724.0,Exp
15012_CDG_LJN,15012,CHANDIGARH - LUCKNOW Exp,CDG,LJN,724.0,Exp
13103_SDAH_LGL,13103,Bhagirathi Express,SDAH,LGL,227.0,Exp
13245_NJP_DNR,13245,Capital Express,NJP,DNR,501.0,Exp
14708_BDTS_BKN,14708,MUMBAI BANDRA - BIKANER Ranakpur Exp,BDTS,BKN,1212.0,Exp
14711_HW_SGNR,14711,Haridwar Shri Ganganagar InterCity Express,HW,SGNR,485.0,Exp
14712_SGNR_HW,14712,Shriganganagar Haridwar Express,SGNR,HW,485.0,Exp
14723_CNB_BNW,14723,Kalindi Express,CNB,BNW,605.0,Exp
14724_BNW_CNB,14724,Kalindi Express,BNW,CNB,605.0,Exp
14731_DLI_BTI,14731,Delhi Bhatinda Intercity Express,DLI,BTI,399.0,Exp
14732_BTI_DLI,14732,Bhatinda Delhi Express,BTI,DLI,399.0,Exp
14795_BNW_KLK,14795,Ekta Express,BNW,KLK,299.0,Exp
14796_KLK_BNW,14796,Ekta Express,KLK,BNW,299.0,Exp
14801_JU_GIMB,14801,Jodhpur Gandhidham Express,JU,GIMB,559.0,Exp
14802_GIMB_JU,14802,Gandhidham Jodhpur Express,GIMB,JU,559.0,Exp
14809_JSM_JU,14809,Jaisalmer Jodhpur Express,JSM,JU,301.0,Exp
14810_JU_JSM,14810,Jaisalmer Express,JU,JSM,301.0,Exp
14853_BSB_JU,14853,Marudhar Express,BSB,JU,1201.0,Exp
14854_JU_BSB,14854,Marudhar Express,JU,BSB,1201.0,Exp
14863_BSB_JU,14863,Marudhar Express,BSB,JU,1161.0,Exp
14864_JU_BSB,14864,Marudhar Express,JU,BSB,1161.0,Exp
14865_BSB_JU,14865,Marudhar Express,BSB,JU,1179.0,Exp
14866_JU_BSB,14866,Marudhar Express,JU,BSB,1179.0,Exp
14887-Slip_KLK_SGNR,14887-Slip,Kalka - Sriganganar Express (Slip),KLK,SGNR,433.0,Exp
14887S_KLK_BME,14887S,KALKA BARMER Express Slip,KLK,BME,1117.0,Exp
14888_BME_KLK,14888,Barmer-Kalka Express,BME,KLK,1117.0,Exp
14889_BGKT_MBF,14889,Thar Link Express,BGKT,MBF,325.0,Exp
14890_MBF_BGKT,14890,Thar Link Express,MBF,BGKT,325.0,Exp
15001_MFP_DDN,15001,Rapti Ganga Express,MFP,DDN,1124.0,Exp
15002_DDN_MFP,15002,Rapti Ganga Express,DDN,MFP,1124.0,Exp
15004_GKP_CPA,15004,Chauri Chaura Express,GKP,CPA,552.0,Exp
15005_GKP_DDN,15005,Rapti Ganga Express,GKP,DDN,815.0,Exp
15006_DDN_GKP,15006,Rapti Ganga Express,DDN,GKP,815.0,Exp
15007_MUV_LJN,15007,Krishak Express,MUV,LJN,513.0,Exp
15009_LJN_JBP,15009,Chitrakoot Express,LJN,JBP,582.0,Exp
15010_JBP_LJN,15010,Chitrakoot Express,JBP,LJN,582.0,Exp
15013_DLI_KGM,15013,Ranikhet Express,DLI,KGM,278.0,Exp
15013-Slip_DLI_RMR,15013-Slip,Ranikhet Express Slip,DLI,RMR,239.0,Exp
15014_KGM_DLI,15014,Ranikhet Express,KGM,DLI,278.0,Exp
15016_YPR_GKP,15016,YESVANTPUR - GORAKHPUR Exp,YPR,GKP,2515.0,Exp
15018_GKP_LTT,15018,GORAKHPUR - MUMBAI LTT Kashi Exp,GKP,LTT,1714.0,Exp
15018-Slip_GKP_KOP,15018-Slip,Gorakhpur -Kolhapur Slip,GKP,KOP,2108.0,Exp
15019_GKP_NTV,15019,Gorakhpur Nautanwa Express,GKP,NTV,82.0,Exp
15020_NTV_GKP,15020,Gorakhpur Nautanwa Express,NTV,GKP,82.0,Exp
15021_SHM_GKP,15021,Kolkata Shalimar-Gorakhpur Bhojpuri Express,SHM,GKP,1050.0,Exp
15022_GKP_SHM,15022,Bhojpuri Express,GKP,SHM,1050.0,Exp
15023_GKP_YPR,15023,GORAKHPUR - YESVANTPUR Exp,GKP,YPR,2473.0,Exp
15035_DLI_KGM,15035,Uttarakhand Sampark Kranti Express,DLI,KGM,278.0,SKr
15035-Slip_DLI_RMR,15035-Slip,Uttarakhand Sampark Kranti Express Slip,DLI,RMR,239.0,SKr
15236_DBG_HWH,15236,Darbhanga-Howrah Express,DBG,HWH,536.0,Exp
41057_MSB_VLCY,41057,Chennai Beach Velachery EMU,MSB,VLCY,19.0,MEMU
41501_MSB_VLCY,41501,Chennai Beach Velachery EMU,MSB,VLCY,18.0,MEMU
14649_JYG_ASR,14649,Saryu Yamuna Express,JYG,ASR,1670.0,Exp
15003_CPA_GKP,15003,Chauri Chaura Express,CPA,GKP,552.0,Exp
15008_LJN_MUV,15008,Krishak Express,LJN,MUV,513.0,Exp
15027_HTE_GKP,15027,Maurya Express,HTE,GKP,857.0,Exp
15028_GKP_HTE,15028,Maurya Express,GKP,HTE,864.0,Exp
15037_CNB_KSJ,15037,Kanpur Kasganj Express,CNB,KSJ,247.0,Exp
15038_KSJ_CNB,15038,Kasganj Kanpur Express,KSJ,CNB,247.0,Exp
15039_FBD_KSJ,15039,Farrukhabad Kasganj Express,FBD,KSJ,107.0,Exp
15040_KSJ_FBD,15040,Farrukhabad Express,KSJ,FBD,107.0,Exp
15041_FBD_KSJ,15041,Farrukhabad Kasganj Express,FBD,KSJ,107.0,Exp
15042_KSJ_FBD,15042,Farrukhabad Express,KSJ,FBD,107.0,Exp
15045_GKP_OKHA,15045,Gorakhpur-Okha Express,GKP,OKHA,2306.0,Exp
15046_OKHA_GKP,15046,Okha-Gorakhpur Express,OKHA,GKP,2306.0,Exp
15047_KOAA_GKP,15047,Purvanchal Express,KOAA,GKP,859.0,Exp
15048_GKP_KOAA,15048,Purvanchal Express,GKP,KOAA,859.0,Exp
15049_KOAA_GKP,15049,Poorvanchal Express,KOAA,GKP,883.0,Exp
15050_GKP_KOAA,15050,Poorvanchal Express,GKP,KOAA,883.0,Exp
15051_KOAA_GKP,15051,Poorvanchal Express,KOAA,GKP,875.0,Exp
15052_GKP_KOAA,15052,Gorakhpur Kolkata Express,GKP,KOAA,876.0,Exp
15097_BJU_JAT,15097,Barauni-Jammu Amarnath Express,BJU,JAT,1648.0,Exp
15098_JAT_BJU,15098,Jammu-Barauni Amarnath Express,JAT,BJU,1648.0,Exp
15101_CPR_CSTM,15101,Chhapra-Mumbai Jansadharan Express,CPR,CSTM,1973.0,Exp
15102_CSTM_CPR,15102,Mumbai CST Chhapra Jansadharan Express,CSTM,CPR,1973.0,Exp
15103_GKP_MUV,15103,Gorakhpur Manduadih Intercity Express,GKP,MUV,235.0,Exp
15104_MUV_GKP,15104,Manduadih Gorakhpur InterCity,MUV,GKP,235.0,Exp
15105_CPR_GKP,15105,Chhapra Gorakhpur InterCity Express,CPR,GKP,180.0,Exp
15106_GKP_CPR,15106,Gorakhpur Chhapra InterCity Express,GKP,CPR,180.0,Exp
15107_CPR_MTJ,15107,Chhapra Mathura Express,CPR,MTJ,874.0,Exp
15108_MTJ_CPR,15108,Mathura Chhapra Express,MTJ,CPR,874.0,Exp
15109_RGD_BSB,15109,Budhpurnima Express,RGD,BSB,410.0,Exp
15110_BSB_RGD,15110,Budhpurnima Express,BSB,RGD,410.0,Exp
15159_CPR_DURG,15159,Sarnath Express,CPR,DURG,1083.0,Exp
15160_DURG_CPR,15160,Sarnath Express,DURG,CPR,1083.0,Exp
15201_HJP_RXL,15201,Hajipur Raxaul InterCity,HJP,RXL,184.0,Exp
15203_BJU_LJN,15203,Barauni-Lucknow Express,BJU,LJN,674.0,Exp
15209_SHC_ASR,15209,SAHARSA - AMRITSAR Jan Seva Exp,SHC,ASR,1521.0,Exp
15210_ASR_SHC,15210,AMRITSAR - SAHARSA Jan Seva Exp,ASR,SHC,1533.0,Exp
15211_DBG_ASR,15211,DARBHANGA - AMRITSAR Jan Nayak Exp,DBG,ASR,1499.0,Exp
15215_MFP_NKE,15215,Muzaffarpur-Narkatiaganj Express,MFP,NKE,160.0,Exp
15216_NKE_MFP,15216,Narkatiaganj-Muzaffarpur Express,NKE,MFP,160.0,Exp
15228_MFP_YPR,15228,MUZAFFARPUR - YESVANTPUR Weekly Exp,MFP,YPR,2733.0,Exp
15267_RXL_LTT,15267,RAXAUL - MUMBAI LTT Jan Sadharan Exp,RXL,LTT,1979.0,Exp
15273_RXL_DLI,15273,Satyagraha Express,RXL,DLI,964.0,Exp
15274_DLI_RXL,15274,Satyagraha Express,DLI,RXL,964.0,Exp
15283_SHC_JYG,15283,Janaki Express,SHC,JYG,245.0,Exp
15284_JYG_SHC,15284,Janaki Express,JYG,SHC,245.0,Exp
15320_ASSH_PLK,15320,AISHBAGH - PALIA KALAN EXP,ASSH,PLK,222.0,Exp
15322_GD_ANDN,15322,Kapilavastu Express,GD,ANDN,179.0,Exp
15902_DBRG_SBC,15902,DIBRUGARH - BENGALURU CITY Weekly Exp,DBRG,SBC,3578.0,Exp
15204_LJN_BJU,15204,Lucknow-Barauni Express,LJN,BJU,674.0,Exp
15269_MFP_ADI,15269,MUZAFFARPUR - AHMEDABAD Jan Sadharan Exp,MFP,ADI,1752.0,Exp
15272_MFP_HWH,15272,Muzzafarpur-Howrah JanSadharan Express,MFP,HWH,549.0,Exp
15275_SHC_BJU,15275,Saharsa-Barauni Express,SHC,BJU,107.0,Exp
15276_BJU_SHC,15276,Barauni-Saharsa Express,BJU,SHC,107.0,Exp
15279_SHC_ANDI,15279,Poorbiya Express,SHC,ANDI,1210.0,Exp
15280_ANDI_SHC,15280,Poorabiya Express,ANDI,SHC,1202.0,Exp
15281_SHC_PNBE,15281,Kosi Express,SHC,PNBE,224.0,Exp
15282_PNBE_SHC,15282,Kosi Express,PNBE,SHC,224.0,Exp
15307_LKU_ASH,15307,Nainital Express,LKU,ASH,363.0,Exp
15308_ASH_LKU,15308,Nainital Express,ASH,LKU,363.0,Exp
15308-Slip_ASH_TPU,15308-Slip,Nainital Express Slip,ASH,TPU,322.0,Exp
15309_KSJF_ASH,15309,Rohilkhand Express,KSJF,ASH,421.0,Exp
15310_ASH_KSJF,15310,Rohilkhand Express,ASH,KSJF,421.0,Exp
15311_KSJF_LKKA,15311,KUMAON EXPRESS,KSJF,LKKA,188.0,Exp
15312_LKKA_KSJF,15312,Kumaun Express,LKKA,KSJF,188.0,Exp
15313_ASH_BRY,15313,Aishbagh Bareilly Express,ASH,BRY,317.0,Exp
15314_BRY_ASH,15314,Aishbagh Express,BRY,ASH,317.0,Exp
15315_GD_KSJ,15315,Gonda-Kasganj Gokul Express,GD,KSJ,499.0,Exp
15316_KSJ_GD,15316,Kasganj-Gonda Gokul Express,KSJ,GD,498.0,Exp
15319_PLK_ASSH,15319,PALIA KALAN - AISHBAGH  Exp,PLK,ASSH,222.0,Exp
15321_ANDN_GD,15321,Kapilavastu Express,ANDN,GD,179.0,Exp
15603_GHY_LEDO,15603,Guwahati Ledo Intercity Express,GHY,LEDO,571.0,Exp
15604_LEDO_GHY,15604,Ledo Guwahati Intercity Express,LEDO,GHY,571.0,Exp
15606_MXN_GHY,15606,Guwahati InterCity Express,MXN,GHY,405.0,Exp
15609_GHY_LGH,15609,Awadh Assam Express,GHY,LGH,2559.0,Exp
15609-Slip_GHY_DBG,15609-Slip,Jivachh Link Express,GHY,DBG,877.0,Exp
15610_LGH_GHY,15610,Awadh Assam Express,LGH,GHY,2559.0,Exp
15611_LTT_KYQ,15611,Lokmanya Tilak (T)-Kamakhya Karmabhoomi Express,LTT,KYQ,2942.0,Exp
15612_KYQ_LTT,15612,Kamakhya-Mumbai LTT Karmabhoomi Express,KYQ,LTT,2942.0,Exp
15620_KYQ_GAYA,15620,KAMAKHYA - GAYA Weekly Exp,KYQ,GAYA,1091.0,Exp
15629_MS_GHY,15629,CHENNAI EGMORE - GUWAHATI Exp,MS,GHY,2795.0,Exp
15630_GHY_MS,15630,GUWAHATI - CHENNAI EGMORE Exp,GHY,MS,2796.0,Exp
15631_BME_GHY,15631,BARMER - GUWAHATI Exp,BME,GHY,2473.0,Exp
15632_GHY_BME,15632,GUWAHATI - BARMER Exp,GHY,BME,2473.0,Exp
15635_OKHA_GHY,15635,OKHA - GUWAHATI EXP,OKHA,GHY,3237.0,Exp
15636_GHY_OKHA,15636,GUWAHATI - OKHA DWARKA EXP,GHY,OKHA,3237.0,Exp
15639_PURI_GHY,15639,PURI - GUWAHATI Exp,PURI,GHY,1528.0,Exp
15643_PURI_KYQ,15643,PURI - KAMAKHYA Weekly Express,PURI,KYQ,1572.0,Exp
15644_KYQ_PURI,15644,KAMAKHYA - PURI Weekly Spl,KYQ,PURI,1572.0,Exp
15669_KYQ_DMV,15669,Nagaland Express,KYQ,DMV,256.0,Exp
15670_DMV_KYQ,15670,Nagaland Express,DMV,KYQ,256.0,Exp
15691_LMG_SCL,15691,Cachar Express,LMG,SCL,215.0,Exp
15714_PNBE_KIR,15714,InterCity Express,PNBE,KIR,290.0,Exp
15743_APDJ_KYQ,15743,InterCity Express,APDJ,KYQ,297.0,Exp
15771_APDJ_KYQ,15771,AlipurDuar-Kamakhya Intercity Express,APDJ,KYQ,297.0,Exp
15772_KYQ_APDJ,15772,Kamakhya-AlipurDuar Intercity Express,KYQ,APDJ,297.0,Exp
22602_SNSI_MAS,22602,SAINAGAR SHIRDI - CHENNAI CENT SF Exp,SNSI,MAS,1392.0,SF
51631_BPL_BINA,51631,Bhopal Bina Passenger,BPL,BINA,139.0,Pass
13508_GKP_ASN,13508,Gorakhpur-Asansol Express,GKP,ASN,644.0,Exp
15645_LTT_GHY,15645,MUMBAI LTT - GUWAHATI Exp,LTT,GHY,2594.0,Exp
15646_GHY_LTT,15646,GUWAHATI - MUMBAI LTT Exp,GHY,LTT,2594.0,Exp
15647_LTT_GHY,15647,MUMBAI LTT - GUWAHATI Exp,LTT,GHY,2735.0,Exp
15648_GHY_LTT,15648,GUWAHATI - MUMBAI LTT Exp,GHY,LTT,2735.0,Exp
15652_JAT_GHY,15652,JAMMU TAWI - GUWAHATI Lohit Exp,JAT,GHY,2352.0,Exp
15654_JAT_GHY,15654,JAMMU TAWI - GUWAHATI Amarnath Exp,JAT,GHY,2431.0,Exp
15658_GHY_SDAH,15658,GUWAHATI - KOLKATA SEALDAH KanchanJungha Exp,GHY,SDAH,975.0,Exp
15661_RNC_KYQ,15661,RANCHI - KAMAKHYA Exp,RNC,KYQ,1216.0,Exp
15662_KYQ_RNC,15662,KAMAKHYA - RANCHI Exp,KYQ,RNC,1216.0,Exp
15665_GHY_DMV,15665,Guwahati-Dimapur Express,GHY,DMV,250.0,Exp
15666_DMV_GHY,15666,Dimapur-Guwahati Express,DMV,GHY,250.0,Exp
15667_GIMB_KYQ,15667,GANDHIDHAM - KAMAKHYA Exp,GIMB,KYQ,3157.0,Exp
15668_KYQ_GIMB,15668,KAMAKHYA - GANDHIDHAM Exp,KYQ,GIMB,3159.0,Exp
15692_SCL_LMG,15692,Cachar Express,SCL,LMG,215.0,Exp
15693_LMG_SCL,15693,Barak Valley Express,LMG,SCL,215.0,Exp
15694_SCL_LMG,15694,Barak Valley Express,SCL,LMG,215.0,Exp
15695_LMG_AGTL,15695,Lumding Agartala Express,LMG,AGTL,412.0,Exp
15696_AGTL_LMG,15696,Agartala Lumding Express,AGTL,LMG,412.0,Exp
15713_KIR_PNBE,15713,InterCity Express,KIR,PNBE,290.0,Exp
15715_KNE_AII,15715,Garib Nawaz Express,KNE,AII,1835.0,Exp
15716_AII_KNE,15716,Garib Nawaz Express Slip,AII,KNE,1816.0,Exp
15716-Slip_AII_RDP,15716-Slip,Garib Nawaz Express,AII,RDP,1812.0,Exp
15717_GHY_MXN,15717,Guwahati Mariani Intercity Express,GHY,MXN,404.0,Exp
15719_KIR_SGUJ,15719,Katihar sguj InterCity Express,KIR,SGUJ,190.0,Exp
15720_SGUJ_KIR,15720,Siliguri Katihar InterCity Express,SGUJ,KIR,190.0,Exp
15721_DGHA_NJP,15721,Paharia Express,DGHA,NJP,752.0,Exp
15722_NJP_DGHA,15722,Paharia Express,NJP,DGHA,752.0,Exp
15723_NJP_DBG,15723,NewJalpaiguri-Darbhanga Weekly Express,NJP,DBG,469.0,Exp
15724_DBG_NJP,15724,Darbhanga-NewJalpaiguri Weekly Express,DBG,NJP,469.0,Exp
15764_NJP_BLGT,15764,NewJalpaiguri-Balurghat Intercity Express,NJP,BLGT,303.0,Exp
15765_NJP_APDJ,15765,New Jalpaiguri Alipur Duar Intercity Express,NJP,APDJ,169.0,Exp
15766_APDJ_NJP,15766,Alipur Duar-New Jalpaiguri Intercity Express,APDJ,NJP,169.0,Exp
15767_NJP_APDJ,15767,New Jalpaiguri-Alipur Duar Intercity Express,NJP,APDJ,169.0,Exp
15768_APDJ_NJP,15768,Alipurduar Jn-New Jalpaiguri InterCity Express,APDJ,NJP,169.0,Exp
15769_APDJ_LMG,15769,Alipurduar Lumding Express,APDJ,LMG,447.0,Exp
15770_LMG_APDJ,15770,Lumding Alipurduar Express,LMG,APDJ,447.0,Exp
15903_DBRG_CDG,15903,Dibrugarh-Chandigarh Weekly Express,DBRG,CDG,2661.0,Exp
15904_CDG_DBRT,15904,Chandigarh-Dibrugarh Weekly Express,CDG,DBRT,2664.0,Exp
16053_MAS_TPTY,16053,Tirupati Express,MAS,TPTY,151.0,Exp
16054_TPTY_MAS,16054,Chennai Express,TPTY,MAS,151.0,Exp
16057_MAS_TPTY,16057,Saptagiri Express,MAS,TPTY,151.0,Exp
16058_TPTY_MAS,16058,Saptagiri Express,TPTY,MAS,151.0,Exp
16093_MAS_LKO,16093,Chennai Lucknow Express,MAS,LKO,2088.0,Exp
16094_LJN_MAS,16094,Lucknow Chennai Express,LJN,MAS,2088.0,Exp
16203_MAS_TPTY,16203,Garudadri Express,MAS,TPTY,151.0,Exp
16204_TPTY_MAS,16204,Garudadri Express,TPTY,MAS,151.0,Exp
55201_NKE_GKP,55201,Narkatiaganj Gorakhpur Passenger,NKE,GKP,150.0,Pass
15640_GHY_PURI,15640,GUWAHATI - PURI Exp,GHY,PURI,1528.0,Exp
15905_CAPE_DBRG,15905,KANNIYAKUMARI - DIBRUGARH Vivek Exp,CAPE,DBRG,4279.0,Exp
15906_DBRG_CAPE,15906,DIBRUGARH - KANNIYAKUMARI Vivek Exp,DBRG,CAPE,4278.0,Exp
15927_KYQ_DBRG,15927,Kamakhya Dibrugarh Express,KYQ,DBRG,512.0,Exp
15928_DBRG_KYQ,15928,Dibrugarh Kamakhya Express,DBRG,KYQ,512.0,Exp
15929_MS_DBRG,15929,CHENNAI EGMORE - DIBRUGARH Weekly Exp,MS,DBRG,3352.0,Exp
15930_DBRG_MS,15930,DIBRUGARH - CHENNAI EGMORE Weekly Exp,DBRG,MS,3352.0,Exp
15933_DBRG_ASR,15933,Dibrugarh-Amritsar Weekly Express,DBRG,ASR,2870.0,Exp
15934_ASR_DBRT,15934,Amritsar-DibrugarhTown Weekly Express,ASR,DBRT,2877.0,Exp
15942_DBRG_JAJ,15942,DIBRUGARH - JHAJHA Exp,DBRG,JAJ,1710.0,Exp
15960_DBRG_HWH,15960,DIBRUGARH - HOWRAH Kamrup Exp,DBRG,HWH,1528.0,Exp
16031_MAS_JAT,16031,Andaman Express,MAS,JAT,2800.0,Exp
16032_JAT_MAS,16032,Andaman Express,JAT,MAS,2800.0,Exp
16041_MAS_ALLP,16041,Chennai- Alapuzha Alleppey Express,MAS,ALLP,746.0,Exp
16085_AJJ_JTJ,16085,Arakkonam-Jolarpettai Express,AJJ,JTJ,145.0,Exp
16086_JTJ_AJJ,16086,Arakkonam Express,JTJ,AJJ,145.0,Exp
16089_MAS_TPT,16089,Yelagiri Express,MAS,TPT,220.0,Exp
16090_TPT_MAS,16090,Yelagiri Express,TPT,MAS,220.0,Exp
16108_MAQ_MS,16108,Mangalore Chennai Egmore Express,MAQ,MS,983.0,Exp
16115_MS_PDY,16115,Chennai Egmore Puducherry Express,MS,PDY,196.0,Exp
16116_PDY_MS,16116,Puducherry Chennai Express,PDY,MS,196.0,Exp
16125_MS_JU,16125,CHENNAI EGMORE - JODHPUR Exp,MS,JU,2356.0,Exp
16127_MS_GUV,16127,CHENNAI EGMORE - GURUVAYUR Exp,MS,GUV,1100.0,Exp
16128_GUV_MS,16128,GURUVAYUR - CHENNAI EGMORE Exp,GUV,MS,1100.0,Exp
16175_MS_NCR,16175,Kamban Express,MS,NCR,436.0,Exp
16176_NCR_MS,16176,Kamban Express,NCR,MS,436.0,Exp
16177_MS_KMU,16177,Rock Fort Express,MS,KMU,425.0,Exp
16178_KMU_MS,16178,Rock Fort (Malai Kottai) Express,KMU,MS,425.0,Exp
16179_MS_MQ,16179,Mannai Express,MS,MQ,395.0,Exp
16180_MQ_MS,16180,Mannai Express,MQ,MS,395.0,Exp
16201_SBC_SMET,16201,Bangalore City-Shimoga InterCity,SBC,SMET,274.0,Exp
16202_SMET_SBC,16202,Shimoga-Bangalore City InterCity,SMET,SBC,274.0,Exp
16205_TLGP_MYS,16205,Talaguppa Mysore Intercity Express,TLGP,MYS,373.0,Exp
16206_MYS_TLGP,16206,Mysore - Talguppa Intercity Express,MYS,TLGP,373.0,Exp
16209_AII_MYS,16209,Ajmer-Mysore Express,AII,MYS,2290.0,Exp
16210_MYS_AII,16210,Mysore-Ajmer Express,MYS,AII,2290.0,Exp
16215_MYS_SBC,16215,Chamundi Express,MYS,SBC,139.0,Exp
16216_SBC_MYS,16216,Chamundi Express,SBC,MYS,139.0,Exp
16227_SBC_SMET,16227,Bangalore-Shimoga Express,SBC,SMET,274.0,Exp
16228_SMET_SBC,16228,Shimoga-Bangalore Express,SMET,SBC,274.0,Exp
16231_MV_MYS,16231,Mayiladuturai Mysore Express,MV,MYS,680.0,Exp
16232_MYS_MV,16232,Mysore Mayiladuturai Express,MYS,MV,680.0,Exp
16302_TVC_SRR,16302,Venad Express,TVC,SRR,327.0,Exp
16305_ERS_CAN,16305,Ernakulam Kannur InterCity Express,ERS,CAN,283.0,Exp
16309_ERS_PNBE,16309,Ernakulam-Patna Express,ERS,PNBE,2790.0,Exp
16310_PNBE_ERS,16310,Patna - Ernakulam Express,PNBE,ERS,2790.0,Exp
16322_TVC_SBC,16322,Tiruvananthapuram Bangalore Weekly Express,TVC,SBC,843.0,Exp
16323_TVC_SHM,16323,Trivandrum Shalimar Biweekly Express,TVC,SHM,2566.0,Exp
16326_TVC_INDB,16326,Ahilyanagari Express,TVC,INDB,2653.0,Exp
11271_ET_BPL,11271,ITARSI - BHOPAL Vindhyachal Exp,ET,BPL,738.0,Exp
12809_CSTM_HWH,12809,MUMBAI CST - HOWRAH SF Mail (via NAGPUR),CSTM,HWH,1968.0,SF
14003_NFK_NDLS,14003,New Farakka-New Delhi Express,NFK,NDLS,1387.0,Exp
16221_MYS_MAS,16221,Kaveri Express,MYS,MAS,500.0,Exp
16233_MV_TPJ,16233,Mayiladuturai Tiruchirappalli Express,MV,TPJ,120.0,Exp
16234_TPJ_MV,16234,Tiruchchirapalli Mayiladuturai Express,TPJ,MV,120.0,Exp
16301_SRR_TVC,16301,Venad Express,SRR,TVC,327.0,Exp
16303_ERS_TVC,16303,Vanchinad Express,ERS,TVC,220.0,Exp
16304_TVC_ERS,16304,Vanchinad Express,TVC,ERS,220.0,Exp
16306_CAN_ERS,16306,Kannur Ernakulam InterCity Express,CAN,ERS,283.0,Exp
16308_CAN_ALLP,16308,Executive Express,CAN,ALLP,339.0,Exp
16313_ERS_CAN,16313,Executive Express,ERS,CAN,283.0,Exp
16314_CAN_ERS,16314,Executive Express,CAN,ERS,283.0,Exp
16315_SBC_KCVL,16315,BANGALORE - KOCHUVELI Exp,SBC,KCVL,837.0,Exp
16316_KCVL_SBC,16316,KOCHUVELI - BANGALORE Exp,KCVL,SBC,837.0,Exp
16317_CAPE_JAT,16317,Himsagar Express,CAPE,JAT,3715.0,Exp
16318_JAT_CAPE,16318,Himsagar Express,JAT,CAPE,3715.0,Exp
16318-Slip_JAT_TEN,16318-Slip,Himsagar Express Slip,JAT,TEN,3561.0,Exp
16324_SHM_TVC,16324,Shalimar Tiruvananthapuram Express,SHM,TVC,2566.0,Exp
16325_INDB_TVC,16325,Ahilyanagari Express,INDB,TVC,2653.0,Exp
16327_KRBA_TVC,16327,Korba Tiruvananthapuram Express,KRBA,TVC,2519.0,Exp
16328_TVC_KRBA,16328,Trivandrum-Korba Express,TVC,KRBA,2516.0,Exp
16331_CSTM_TVC,16331,MUMBAI CST - TRIVANDRUM Exp,CSTM,TVC,1946.0,Exp
16332_TVC_CSTM,16332,TRIVANDRUM - MUMBAI CST Exp,TVC,CSTM,1946.0,Exp
16333_VRL_TVC,16333,VERAVAL - TRIVANDRUM Exp,VRL,TVC,2709.0,Exp
16334_TVC_VRL,16334,TRIVANDRUM - VERAVAL Exp,TVC,VRL,2709.0,Exp
16335_GIMB_NCJ,16335,GANDHIDHAM - NAGERCOIL Weekly Exp,GIMB,NCJ,2649.0,Exp
16336_NCJ_GIMB,16336,NAGERCOIL - GANDHIDHAM Weekly Exp,NCJ,GIMB,2649.0,Exp
16337_OKHA_ERS,16337,OKHA - ERNAKULAM Exp,OKHA,ERS,2557.0,Exp
16338_ERS_OKHA,16338,ERNAKULAM - OKHA Exp,ERS,OKHA,2557.0,Exp
16339_CSTM_NCJ,16339,MUMBAI CST - NAGERCOIL Exp,CSTM,NCJ,1882.0,Exp
16340_NCJ_CSTM,16340,NAGERCOIL - MUMBAI CST Exp,NCJ,CSTM,1882.0,Exp
16341_GUV_TVC,16341,Guruvayur-Ernakulam-Trivandrum Intercity Express,GUV,TVC,303.0,Exp
16342_TVC_GUV,16342,Trivandrum-Ernakulam-Guruvayur Intercity Express,TVC,GUV,303.0,Exp
16343_TVC_PGTN,16343,Amrita Express,TVC,PGTN,376.0,Exp
16344_PGTN_TVC,16344,Amrita Express,PGTN,TVC,376.0,Exp
16347_TVC_MAQ,16347,Trivandrum Mangalore Express,TVC,MAQ,634.0,Exp
16348_MAQ_TVC,16348,Trivandrum Express,MAQ,TVC,634.0,Exp
16349_TVC_NIL,16349,Trivandrum Nilambur Road Rajya Rani Express,TVC,NIL,393.0,Exp
16350_NIL_TVC,16350,Nilambur Road Trivandrum Rajya Rani Express,NIL,TVC,393.0,Exp
16381_CSTM_CAPE,16381,Mumbai CST - Kanyakumari Express,CSTM,CAPE,2135.0,Exp
16382_CAPE_CSTM,16382,Kanniyakumari-Mumbai CST Express,CAPE,CSTM,2135.0,Exp
16517_YPR_CAN,16517,Yeshvantapur-Kannur Express,YPR,CAN,640.0,Exp
16527_YPR_CAN,16527,Yesvantpur - Kannur Express,YPR,CAN,649.0,Exp
16529_CSTM_SBC,16529,Udyan Express,CSTM,SBC,1153.0,Exp
16530_SBC_CSTM,16530,Udyan Express,SBC,CSTM,1153.0,Exp
16532_YPR_AII,16532,Garib Nawaz Express,YPR,AII,2218.0,Exp
16560_YPR_MYS,16560,Yeshvantapur-Mysore Express,YPR,MYS,143.0,Exp
58402_PRDP_CTC,58402,Paradip Cuttack Passenger,PRDP,CTC,83.0,Pass
14511_ALD_SRE,14511,Allahabad-Saharanpur Nauchandi Express,ALD,SRE,774.0,Exp
16345_LTT_TVC,16345,MUMBAI LTT - TRIVANDRUM Netravati Exp,LTT,TVC,1804.0,Exp
16346_TVC_LTT,16346,TRIVANDRUM - MUMBAI LTT Netravati Exp,TVC,LTT,1804.0,Exp
16351_CSTM_NCJ,16351,MUMBAI CST - NAGERCOIL Balaji Exp,CSTM,NCJ,1967.0,Exp
16360_PNBE_ERS,16360,PATNA - ERNAKULAM Express,PNBE,ERS,2988.0,Exp
16501_ADI_SBC,16501,Ahmedabad Bangalore Express,ADI,SBC,1802.0,Exp
16502_SBC_ADI,16502,Bangalore - Ahmedabad (Weekly) Express,SBC,ADI,1802.0,Exp
16505_GIMB_SBC,16505,GANDHIDHAM - BANGALORE Exp,GIMB,SBC,1962.0,Exp
16506_SBC_GIMB,16506,BANGALORE - GANDHIDHAM Exp,SBC,GIMB,1962.0,Exp
16508_SBC_JU,16508,BANGALORE - BHAGAT KI KOTHI Exp,SBC,JU,2121.0,Exp
16516_KAWR_YPR,16516,Karwar-Yeshvantpur Express,KAWR,YPR,794.0,Exp
16518_CAN_YPR,16518,Kannur-Yesvantpur Express,CAN,YPR,640.0,Exp
16520_SBC_JTJ,16520,BANGALORE - JOLARPETTAI Exp,SBC,JTJ,145.0,Exp
16521_BWT_SBC,16521,Bangarpet-Bangalore Express,BWT,SBC,70.0,Exp
16522_SBC_BWT,16522,Bangalore Bangarpet Express,SBC,BWT,70.0,Exp
16525_CAPE_SBC,16525,KANNIYAKUMARI - BANGALORE Island Exp,CAPE,SBC,944.0,Exp
16528_CAN_YPR,16528,Kannur - Yeshvantpur Express,CAN,YPR,649.0,Exp
16531_AII_YPR,16531,Garib Nawaz Express,AII,YPR,2236.0,Exp
16533_BGKT_SBC,16533,BHAGAT KI KOTHI - BANGALORE CITY Exp,BGKT,SBC,2199.0,Exp
16534_SBC_JU,16534,BANGALORE CITY - JODHPUR Exp,SBC,JU,2181.0,Exp
16535_YPR_SUR,16535,Gol Gumbaz Express,YPR,SUR,822.0,Exp
16536_SUR_YPR,16536,Gol Gumbaz Express,SUR,YPR,822.0,Exp
16537_SBC_NCJ,16537,Bangalore-Nagercoil Weekly Express,SBC,NCJ,723.0,Exp
16538_NCJ_SBC,16538,Nagercoil-Bangalore Express,NCJ,SBC,723.0,Exp
16557_MYS_SBC,16557,Rajya Rani Express,MYS,SBC,137.0,Exp
16559_MYS_YPR,16559,Mysore-Yeshvantapur Express,MYS,YPR,143.0,Exp
16589_SBC_KOP,16589,Rani Chennamma Express,SBC,KOP,795.0,Exp
16590_KOP_SBC,16590,Rani Chennamma Express,KOP,SBC,795.0,Exp
16591_UBL_SBC,16591,Hampi Express,UBL,SBC,567.0,Exp
16592_SBC_UBL,16592,Hampi Express,SBC,UBL,567.0,Exp
16593_NED_SBC,16593,Nanded-Bangalore Express,NED,SBC,1042.0,Exp
16594_SBC_NED,16594,Bangalore-Nanded Express,SBC,NED,1030.0,Exp
16605_MAQ_NCJ,16605,Eranad Express,MAQ,NCJ,690.0,Exp
16606_NCJ_MAQ,16606,Eranad Express,NCJ,MAQ,690.0,Exp
16609_NCJ_CBE,16609,Nagercoil-Coimbatore Express,NCJ,CBE,536.0,Exp
16610_CBE_NCJ,16610,Coimbatore-Nagercoil Express,CBE,NCJ,536.0,Exp
16612_CBE_TN,16612,Coimbatore Tuticorin Link Express,CBE,TN,465.0,Exp
16687_MAQ_JAT,16687,Navyug Express,MAQ,JAT,3609.0,Exp
16688_JAT_MAQ,16688,Navyug Express,JAT,MAQ,3609.0,Exp
16688-Slip_JAT_TEN,16688-Slip,Navyug Express Slip,JAT,TEN,3601.0,Exp
16702_RMM_MS,16702,Rameswaram-Chennai Egmore Express,RMM,MS,665.0,Exp
16713_MS_RMM,16713,Setu Express,MS,RMM,600.0,Exp
16714_RMM_MS,16714,Setu Express,RMM,MS,600.0,Exp
16731_TN_MYS,16731,Tuticorin Mysore Express,TN,MYS,783.0,Exp
16735_MS_TCN,16735,Chendhur Express,MS,TCN,779.0,Exp
16853_MS_TPJ,16853,Cholan Express (Day Express),MS,TPJ,401.0,Exp
17001_SNSI_SC,17001,Sainagar Shirdi Secunderabad Express,SNSI,SC,776.0,Exp
17015_BBS_SC,17015,Visakha Express,BBS,SC,1135.0,Exp
63151_JSME_BDME,63151,Jasidih Baidyanathdham Passenger,JSME,BDME,6.0,MEMU
15653_GHY_JAT,15653,GUWAHATI - JAMMU TAWI Amarnath Exp,GHY,JAT,2431.0,Exp
16603_MAQ_TVC,16603,Maveli Express,MAQ,TVC,619.0,Exp
16604_TVC_MAQ,16604,Maveli Express,TVC,MAQ,619.0,Exp
16611_TN_CBE,16611,Tuticorin Coimbatore Link Express,TN,CBE,465.0,Exp
16613_RJT_CBE,16613,RAJKOT - COIMBATORE Exp,RJT,CBE,2237.0,Exp
16614_CBE_RJT,16614,COIMBATORE - RAJKOT Exp,CBE,RJT,2237.0,Exp
16628_MAQ_MAS,16628,West Coast Express,MAQ,MAS,902.0,Exp
16629_TVC_MAQ,16629,Malabar Express,TVC,MAQ,634.0,Exp
16630_MAQ_TVC,16630,Malabar Express,MAQ,TVC,634.0,Exp
16649_MAQ_TVC,16649,Parasuram Express,MAQ,TVC,634.0,Exp
16650_TVC_MAQ,16650,Parasuram Express,TVC,MAQ,634.0,Exp
16669_MAS_ED,16669,Yercaud Express,MAS,ED,396.0,Exp
16670_ED_MAS,16670,Yercaud Express,ED,MAS,396.0,Exp
16724_TVC_MS,16724,TRIVANDRUM - CHENNAI EGMORE Anantapuri Exp,TVC,MS,798.0,Exp
16732_MYS_TN,16732,Mysore-Tuticorin Express,MYS,TN,783.0,Exp
16733_RMM_OKHA,16733,Rameswaram-Okha Express,RMM,OKHA,3196.0,Exp
16734_OKHA_RMM,16734,Okha-Rameswaram Express,OKHA,RMM,3196.0,Exp
16736_TCN_MS,16736,Chendhur Express,TCN,MS,779.0,Exp
16779_TPTY_RMM,16779,TIRUPATI - RAMESWARAM Exp,TPTY,RMM,667.0,Exp
16780_RMM_TPTY,16780,RAMESWARAM - TIRUPATI Exp,RMM,TPTY,667.0,Exp
16787_TEN_SVDK,16787,TIRUNELVELI - KATRA Exp,TEN,SVDK,3561.0,Exp
16788_ED_TEN,16788,JAMMU ERODE - TIRUNELVELI Link Exp,ED,TEN,458.0,Exp
16854_TPJ_MS,16854,Cholan Express( Day Express),TPJ,MS,401.0,Exp
16861_TTP_KKDI,16861,Tiruturaipudi Karaikkudi Express,TTP,KKDI,123.0,Exp
16862_KKDI_TTP,16862,Karaikkudi Tiruturaipudi Express,KKDI,TTP,123.0,Exp
16865_NCR_ERS,16865,Tea Garden Express,NCR,ERS,582.0,Exp
16866_ERS_NCR,16866,Tea Garden Express,ERS,NCR,582.0,Exp
17003_HYB_KOP,17003,Hyderabad-Kolhapur BiWeekly Express,HYB,KOP,998.0,Exp
17004_KOP_HYB,17004,Kolhapur-Hyderabad BiWeekly Express,KOP,HYB,998.0,Exp
17005_HYB_RXL,17005,HYDERABAD DECCAN - RAXAUL  Exp,HYB,RXL,2015.0,Exp
17006_RXL_HYB,17006,RAXAUL - HYDERABAD Deccan Exp,RXL,HYB,2015.0,Exp
17013_PUNE_HYB,17013,Pune-Hyderabad Express,PUNE,HYB,649.0,Exp
17014_HYB_PUNE,17014,Hyderabad-Pune Express,HYB,PUNE,649.0,Exp
17032_HYB_CSTM,17032,Hyderabad-Mumbai Express,HYB,CSTM,790.0,Exp
17037_SC_BKN,17037,SECUNDERABAD - BIKANER Express,SC,BKN,2113.0,Exp
17057-Slip_CSTM_DD,17057-Slip,Mumbai -Daund Devagiri Express Slip,CSTM,DD,497.0,Exp
17203_BVC_CCT,17203,Bhavnagar(T)-Kakinada Town Express,BVC,CCT,2053.0,Exp
17204_CCT_BVC,17204,Kakinada Town- Bhavnagar Express,CCT,BVC,2053.0,Exp
17205_SNSI_CCT,17205,Sainagar Shirdi-Kakinada Express,SNSI,CCT,1339.0,Exp
17206_CCT_SNSI,17206,Kakinada-Sainagar Shirdi Express,CCT,SNSI,1339.0,Exp
17209_SBC_CCT,17209,BANGALORE - KAKINADA TOWN Seshadri Exp,SBC,CCT,963.0,Exp
17210_CCT_SBC,17210,KAKINADA TOWN -BANGALORE Seshadri Exp,CCT,SBC,963.0,Exp
17212_YPR_MTM,17212,Machilipatnam Express,YPR,MTM,778.0,Exp
17213_NS_NSL,17213,Narasapur-Nagarsol Express,NS,NSL,1086.0,Exp
17229_TVC_HYB,17229,Sabari Express,TVC,HYB,1568.0,Exp
17230_HYB_TVC,17230,Sabari Express,HYB,TVC,1568.0,Exp
17304_YPR_MYS,17304,Malgudi Express,YPR,MYS,143.0,Exp
17307_YPR_BGK,17307,Basava Express,YPR,BGK,860.0,Exp
17309_YPR_VSG,17309,YESVANTPUR - VASCO DA GAMA Exp,YPR,VSG,700.0,Exp
12073_HWH_BBS,12073,Howrah-Bhubaneswar Jan Shatabdi Express,HWH,BBS,439.0,JShtb
14209_BDL_LKO,14209,Vindhyachal-Lucknow InterCity,BDL,LKO,284.0,Exp
15227_YPR_MFP,15227,YESVANTPUR - MUZAFFARPUR Weekly Exp,YPR,MFP,2733.0,Exp
16042_ALLP_MAS,16042,Alappuzha-Chennai Express,ALLP,MAS,746.0,Exp
16307_ALLP_CAN,16307,Executive Express,ALLP,CAN,339.0,Exp
17017_RJT_SC,17017,Rajkot Secunderabad Express,RJT,SC,1478.0,Exp
17035_SC_SKZR,17035,Telangana Express,SC,SKZR,297.0,Exp
17036_SKZR_SC,17036,Telangana Express,SKZR,SC,297.0,Exp
17049_MTM_SC,17049,Machilipatnam Secunderabad Express,MTM,SC,431.0,Exp
17050_SC_MTM,17050,Secunderabad Machilipatnam Express,SC,MTM,431.0,Exp
17057_CSTM_SC,17057,Mumbai-Secunderabad Devagiri Expres,CSTM,SC,881.0,Exp
17058_SC_CSTM,17058,Devagiri Express,SC,CSTM,881.0,Exp
17063_MMR_SC,17063,Ajanta Express,MMR,SC,621.0,Exp
17064_SC_MMR,17064,Ajanta Express,SC,MMR,621.0,Exp
17201_GNT_SC,17201,Golconda Express,GNT,SC,383.0,Exp
17202_SC_GNT,17202,Golconda Express,SC,GNT,383.0,Exp
17207_SNSI_BZA,17207,Sainagar Shiridi Vijayawada Express,SNSI,BZA,1127.0,Exp
17208_BZA_SNSI,17208,Vijayawada Sainagar Shirdi Express,BZA,SNSI,1127.0,Exp
17211_MTM_YPR,17211,Machilipatnam Yeshvantapur Express,MTM,YPR,778.0,Exp
17214_NSL_NS,17214,Nagarsol Narsapur Express,NSL,NS,1086.0,Exp
17225_BZA_UBL,17225,Amaravati Express,BZA,UBL,693.0,Exp
17226_UBL_BZA,17226,Amaravati Express,UBL,BZA,693.0,Exp
17226-Slip_UBL_KCG,17226-Slip,Amaravathi Express Slip,UBL,KCG,617.0,Exp
17233_SC_BPQ,17233,Bhagyanagar Express,SC,BPQ,367.0,Exp
17234_BPQ_SC,17234,Bhagyanagar Express,BPQ,SC,367.0,Exp
17239_GNT_VSKP,17239,Simhadri Express,GNT,VSKP,383.0,Exp
17240_VSKP_GNT,17240,Simhadri Express,VSKP,GNT,383.0,Exp
17241_NS_NDD,17241,Simhadri Link Express,NS,NDD,76.0,Exp
17255_NS_HYB,17255,Narasapur Hyderabad Express,NS,HYB,462.0,Exp
17256_HYB_NS,17256,Hyderabad-Narsapur Express,HYB,NS,462.0,Exp
17301_MYS_DWR,17301,Mysore Dharwad Express,MYS,DWR,491.0,Exp
17302_DWR_MYS,17302,Dharwad Mysore Express,DWR,MYS,491.0,Exp
17303_MYS_YPR,17303,Malgudi Express,MYS,YPR,143.0,Exp
17305_UBL_NZM,17305,Hubli-H.Nizamuddin Goa Express,UBL,NZM,2147.0,Exp
17308_BGK_YPR,17308,Basava Express,BGK,YPR,860.0,Exp
17312_VSG_MAS,17312,VASCO DA GAMA - CHENNAI CENT Exp,VSG,MAS,1070.0,Exp
17313_MAS_UBL,17313,CHENNAI CENT - HUBLI Weekly Exp,MAS,UBL,834.0,Exp
17314_UBL_MAS,17314,HUBLI - CHENNAI CENT Weekly Exp,UBL,MAS,834.0,Exp
17315_VSG_VLNK,17315,VASCO DA GAMA - VELANKANNI Weekly Exp,VSG,VLNK,1315.0,Exp
17316_VLNK_VSG,17316,VELANKANNI - VASCO DA GAMA Weekly Exp,VLNK,VSG,1315.0,Exp
17403_GDV_NS,17403,Tirupati Narasapur Express,GDV,NS,96.0,Exp
17479-Slip_PURI_SNSI,17479-Slip,Puri-Shirdi Express Slip,PURI,SNSI,1971.0,Exp
17480_TPTY_PURI,17480,Tirupati-Puri Express,TPTY,PURI,1232.0,Exp
17610_PAU_PNBE,17610,PURNA - PATNA Exp,PAU,PNBE,1819.0,Exp
17643_MS_COA,17643,Circar Express,MS,COA,702.0,Exp
17644_COA_MS,17644,Circar Express,COA,MS,702.0,Exp
18002_DGHA_HWH,18002,Kandari Express,DGHA,HWH,189.0,Exp
18207_DURG_JP,18207,Durg Jaipur Express,DURG,JP,1268.0,Exp
56261_AJJ_SBC,56261,ARAKKONAM - BANGALORE Passenger,AJJ,SBC,290.0,Pass
12175_HWH_GWL,12175,Chambal Express,HWH,GWL,1303.0,SF
12574_HWH_SNSI,12574,Howrah-SainagarShirdi Express,HWH,SNSI,1791.0,SF
12713_BZA_SC,12713,Satavahana Express,BZA,SC,351.0,SF
17401_TPTY_MTM,17401,Tirupati-Machilipatnam Express,TPTY,MTM,467.0,Exp
17402_MTM_TPTY,17402,Machilipatanam-Tirupati Express,MTM,TPTY,467.0,Exp
17404_NS_TPTY,17404,Narasapur Tirupati Link Express,NS,TPTY,525.0,Exp
17405_TPTY_ADB,17405,Krishna Express,TPTY,ADB,1228.0,Exp
17406_ADB_TPTY,17406,Krishna Express,ADB,TPTY,1228.0,Exp
17415_TPTY_KOP,17415,Haripriya Express,TPTY,KOP,903.0,Exp
17416_KOP_TPTY,17416,Haripriya Express,KOP,TPTY,903.0,Exp
17429_HYB_TPTY,17429,Rayalaseema Express,HYB,TPTY,732.0,Exp
17430_TPTY_HYB,17430,Rayalaseema Express,TPTY,HYB,732.0,Exp
17479_PURI_TPTY,17479,Puri-Tirupati Express,PURI,TPTY,1232.0,Exp
17481_BSP_TPTY,17481,Bilaspur-Tirupati Express,BSP,TPTY,1403.0,Exp
17482_TPTY_BSP,17482,Tirupati-Bilaspur Express,TPTY,BSP,1403.0,Exp
17487_TPTY_VSKP,17487,Tirumala Express,TPTY,VSKP,736.0,Exp
17603_KCG_YPR,17603,Prasanti Nilayam Express,KCG,YPR,664.0,Exp
17607_SC_KRNT,17607,Tungabhadra Express,SC,KRNT,244.0,Exp
17608_KRNT_SC,17608,Tungabhadra Express,KRNT,SC,244.0,Exp
17613_PUNE_NED,17613,Pune Nanded Exp,PUNE,NED,557.0,Exp
17614_NED_PUNE,17614,Nanded Pune Express,NED,PUNE,557.0,Exp
17617_CSTM_NED,17617,Tapovan Express,CSTM,NED,610.0,Exp
17618_NED_CSTM,17618,Tapovan Express,NED,CSTM,610.0,Exp
17687_MMR_DAB,17687,Manmad-Dharmabad Composite Express,MMR,DAB,422.0,Exp
17688_DAB_MMR,17688,Dharmabad-Manmad Composit Express,DAB,MMR,422.0,Exp
18003_JGM_PRR,18003,Jhargram Purulia Express,JGM,PRR,187.0,Exp
18004_PRR_JGM,18004,Purulia Jhargram Express,PRR,JGM,187.0,Exp
18007_SHM_BPO,18007,Shalimar-Baripada Express,SHM,BPO,265.0,Exp
18008_BPO_SHM,18008,Baripada-Shalimar Express,BPO,SHM,265.0,Exp
18048_VSG_HWH,18048,VASCO-DA-GAMA - HOWRAH Amaravati Exp,VSG,HWH,2147.0,Exp
18102_JAT_ROU,18102,Jammu-Rourkela Express,JAT,ROU,2158.0,Exp
18105_ROU_BBS,18105,Rourkela-Bhubaneswar InterCity,ROU,BBS,419.0,Exp
18106_BBS_ROU,18106,Bhubaneswar-Rourkela InterCity,BBS,ROU,419.0,Exp
18108_KRPU_ROU,18108,KORAPUT - ROURKELA Exp,KRPU,ROU,645.0,Exp
18190_ROU_TATA,18190,Allapuzha Dhanbad Slip Express,ROU,TATA,163.0,Exp
18191_CPR_CPA,18191,Utsarg Express,CPR,CPA,549.0,Exp
18192_CPA_CPR,18192,Utsarg Express,CPA,CPR,549.0,Exp
18201_DURG_NTV,18201,Durg-Nautanwa (via Varanasi)Express,DURG,NTV,1224.0,Exp
18205_DURG_NTV,18205,Durg -Nautanwa Express,DURG,NTV,1152.0,Exp
18208_JP_DURG,18208,Jaipur Durg Express,JP,DURG,1268.0,Exp
18209_DRZ_R,18209,Dalli Rajhara Raipur Express,DRZ,R,126.0,Exp
18236_BSP_BPL,18236,Bilaspur Express Cum Passenger,BSP,BPL,717.0,Exp
18239_GAD_NGP,18239,Gerva Road-Nagpur Express,GAD,NGP,513.0,Exp
18240_NGP_BSP,18240,Nagpur Bilaspur Express,NGP,BSP,412.0,Exp
18241_DURG_ABKP,18241,Durg Ambikapur Express,DURG,ABKP,469.0,Exp
18241-Slip_DURG_CHRM,18241-Slip,Durg Ambikapur Express Slip,DURG,CHRM,381.0,Exp
18301_SBP_RGDA,18301,Rayagada Express,SBP,RGDA,322.0,Exp
52179_DHO_SRMT,52179,Dhaulpur Sirmuttra Passenger,DHO,SRMT,70.0,Pass
56014_VLR_AJJ,56014,Vellore Cantt-Arakkonam Passenger,VLR,AJJ,71.0,Pass
12380_ASR_SDAH,12380,Amritsar - Sealdah Superfast Express,ASR,SDAH,1894.0,SF
12663_HWH_TPJ,12663,Howrah-Tiruchirappalli Express,HWH,TPJ,2025.0,SF
14260_LKO_MGS,14260,LUCKNOW CHARBAGH - MUGHAL SARAI Ekatmata Exp,LKO,MGS,2796.0,Exp
15901_SBC_NTSK,15901,BENGALURU - NEW TINSUKIA Weekly Exp,SBC,NTSK,3578.0,Exp
16312_KCVL_BKN,16312,KOCHUVELI - BIKANER Express,KCVL,BKN,3002.0,Exp
16515_YPR_KAWR,16515,Yesvantpur - Karwar Express,YPR,KAWR,794.0,Exp
17038_BKN_SC,17038,BIKANER - SECUNDERABAD Express,BKN,SC,2113.0,Exp
17310_VSG_YPR,17310,VASCO DA GAMA - YESVANTPUR Exp,VSG,YPR,700.0,Exp
17609_PNBE_PAU,17609,PATNA - PURNA Exp,PNBE,PAU,1819.0,Exp
18029_LTT_SHM,18029,MUMBAI LTT [Kurla] - KOLKATA SALIMAR Exp,LTT,SHM,1951.0,Exp
18048-Slip_VSG_KCG,18048-Slip,Amaravati Express,VSG,KCG,853.0,Exp
18101_TATA_JAT,18101,Tatanagar Jammu Tawi Express,TATA,JAT,2026.0,Exp
18102-Slip_JAT_TATA,18102-Slip,Jammu-Tata Muri Express Slip,JAT,TATA,2026.0,Exp
18103_TATA_ASR,18103,Jallianwalabagh Express,TATA,ASR,1749.0,Exp
18181_TATA_CPR,18181,Tata-Chapra Express,TATA,CPR,636.0,Exp
18181-Slip_TATA_KIR,18181-Slip,Tata-Chapra Express Slip,TATA,KIR,600.0,Exp
18182_CPR_TATA,18182,Chhapra-Tata Express,CPR,TATA,636.0,Exp
18183_TATA_DNR,18183,Tata-Danapur Express,TATA,DNR,512.0,Exp
18184_DNR_TATA,18184,Danapur-Tatanagar Express,DNR,TATA,512.0,Exp
18189_TATA_ALLP,18189,Tatanagar- Alappuzha (Alleppey) Express,TATA,ALLP,2358.0,Exp
18202_NTV_DURG,18202,Nautanwa-Durg Nautanwa Express,NTV,DURG,1224.0,Exp
18203_DURG_CNB,18203,Betwa Express,DURG,CNB,885.0,Exp
18204_CNB_DURG,18204,Betwa Express,CNB,DURG,885.0,Exp
18206_NTV_DURG,18206,Nautanwa-Durg Express,NTV,DURG,1152.0,Exp
18233_INDB_BSP,18233,INDORE - BILASPUR Narmada Exp,INDB,BSP,1010.0,Exp
18234_BSP_INDB,18234,BILASPUR - INDORE Narmada Exp,BSP,INDB,1010.0,Exp
18237_BSP_ASR,18237,Chhattisgarh Express,BSP,ASR,2008.0,Exp
18238_ASR_BSP,18238,Chhattisgarh Express,ASR,BSP,2022.0,Exp
18238-Slip_ASR_CWA,18238-Slip,Chhattisgarh Express Slip,ASR,CWA,1557.0,Exp
18242_ABKP_DURG,18242,Ambikapur Durg Express Cum Passenger,ABKP,DURG,469.0,Exp
18302-Slip_RGDA_PURI,18302-Slip,Sambalpur Express Slip,RGDA,PURI,695.0,Exp
18401_PURI_OKHA,18401,Puri - Okha (Weekly) Express,PURI,OKHA,2779.0,Exp
18410_PURI_HWH,18410,Sri Jagannath Express,PURI,HWH,502.0,Exp
18417_JSG_BBS,18417,Jharsuguda-Bhubaneswar Rajya Rani Express,JSG,BBS,341.0,Exp
18418_BBS_JSG,18418,Bhubaneswar-Jharsuguda Rajya Rani Express,BBS,JSG,341.0,Exp
18447_BBS_JDB,18447,Hirakhand Express,BBS,JDB,785.0,Exp
18447-Slip_BBS_KRDL,18447-Slip,Hirakhand Express Slip,BBS,KRDL,935.0,Exp
18448_JDB_BBS,18448,Hirakhand Express,JDB,BBS,785.0,Exp
18449_PURI_PNBE,18449,Baidyanathdham Express,PURI,PNBE,937.0,Exp
18450_PNBE_PURI,18450,Baidyanathdham Express,PNBE,PURI,928.0,Exp
18452_PURI_HTE,18452,PURI - HATIA Tapaswini Exp,PURI,HTE,691.0,Exp
18463_BBS_SBC,18463,Prasanti Express,BBS,SBC,1546.0,Exp
18464_SBC_BBS,18464,Prasanti Express,SBC,BBS,1546.0,Exp
18495_RMM_BBS,18495,Rameswaram-Bhubaneswar Express,RMM,BBS,1892.0,Exp
18496_BBS_RMM,18496,Bhubaneswar-Rameswaram Weekly Express,BBS,RMM,1892.0,Exp
18602_MURI_HTE,18602,Jammu Tawi-Rourkela Express,MURI,HTE,67.0,Exp
18604_BGP_RNC,18604,Bhagalpur Ranchi Express,BGP,RNC,507.0,Exp
18605_RNC_JYG,18605,Ranchi-Jaynagar Express,RNC,JYG,612.0,Exp
12610_SBC_MAS,12610,BANGALORE - CHENNAI CENT SF Intercity Exp,SBC,MAS,362.0,SF
13303_DHN_RNC,13303,Dhanbad Ranchi InterCity Express,DHN,RNC,162.0,Exp
16526_SBC_CAPE,16526,BANGALORE - KANNIYAKUMARI Island Exp,SBC,CAPE,944.0,Exp
18210_R_DRZ,18210,Raipur Dalli Rajhara Express,R,DRZ,126.0,Exp
18309_SBP_NED,18309,Nagavali Express,SBP,NED,1479.0,Exp
18402_OKHA_PURI,18402,Okha Puri Weekly Express,OKHA,PURI,2779.0,Exp
18405_PURI_ADI,18405,PURI - AHMEDABAD Exp,PURI,ADI,1992.0,Exp
18406_ADI_PURI,18406,AHMEDABAD - PURI Exp,ADI,PURI,1992.0,Exp
18413_PRDP_PURI,18413,Paradip Puri InterCity Express,PRDP,PURI,174.0,Exp
18414_PURI_PRDP,18414,Puri Paradip InterCity Express,PURI,PRDP,174.0,Exp
18415_BSPX_PURI,18415,Banspani-Puri InterCity,BSPX,PURI,334.0,Exp
18416_PURI_BSPX,18416,Puri-Banspani InterCity,PURI,BSPX,334.0,Exp
18419_PURI_DBG,18419,Puri-Darbhanga Weekly Express,PURI,DBG,942.0,Exp
18420_DBG_PURI,18420,Darbhanga-Puri Weekly Express,DBG,PURI,942.0,Exp
18425_PURI_DURG,18425,PURI - DURG Exp,PURI,DURG,786.0,Exp
18426_DURG_PURI,18426,DURG - PURI Exp,DURG,PURI,786.0,Exp
18452-Slip_PURI_RGDA,18452-Slip,Tapaswini Express Slip,PURI,RGDA,696.0,Exp
18473_PURI_JU,18473,PURI - JODHPUR Express,PURI,JU,2433.0,Exp
18477_PURI_HW,18477,Utkal Express,PURI,HW,2379.0,Exp
18478_HW_PURI,18478,Utkal Express,HW,PURI,2378.0,Exp
18507_VSKP_ASR,18507,VISAKHAPATNAM - AMRITSAR Hirakud Exp,VSKP,ASR,2574.0,Exp
18509_VSKP_NED,18509,Visakhapatnam-Nanded Express,VSKP,NED,973.0,Exp
18510_NED_VSKP,18510,Nanded-Visakhapatnam Express,NED,VSKP,973.0,Exp
18517_KRBA_VSKP,18517,Korba Visakhapatnam Express,KRBA,VSKP,731.0,Exp
18518_VSKP_KRBA,18518,Visakhapatnam-Korba Express,VSKP,KRBA,728.0,Exp
18601_ROU_JAT,18601,Rourkela-JammuTawi Express,ROU,JAT,2158.0,Exp
18603_RNC_BGP,18603,Ranchi-Bhagalpur Tri-Weekly Express,RNC,BGP,514.0,Exp
18606_JYG_RNC,18606,Jaynagar-Ranchi Express,JYG,RNC,612.0,Exp
18617_HWH_RNC,18617,Howrah-Ranchi Intercity,HWH,RNC,462.0,Exp
18621_PNBE_HTE,18621,Patliputra Express,PNBE,HTE,547.0,Exp
18624_HTE_RJPB,18624,Hatia-Rajendranagar Express,HTE,RJPB,421.0,Exp
18625_PNBE_HTE,18625,Patna-Hatia Super Express,PNBE,HTE,418.0,Exp
18626_HTE_PNBE,18626,Hatia-Patna Super Express,HTE,PNBE,415.0,Exp
18627_HWH_RNC,18627,Howrah-Ranchi InterCity Express,HWH,RNC,423.0,Exp
18628_RNC_HWH,18628,Ranchi-Howrah InterCity Express,RNC,HWH,423.0,Exp
18646_HYB_HWH,18646,East Coast Express,HYB,HWH,1592.0,Exp
19005_BCT_OKHA,19005,Saurashtra Mail,BCT,OKHA,990.0,Mail
19005-Slip_BCT_VRL,19005-Slip,Saurashtra Mail,BCT,VRL,923.0,Mail
19006_OKHA_BCT,19006,Saurashtra Mail,OKHA,BCT,990.0,Mail
19017_BDTS_JAM,19017,Saurashtra Janata Express,BDTS,JAM,812.0,Exp
19039_BDTS_MFP,19039,Awadh Express,BDTS,MFP,2153.0,Exp
19040_MFP_BDTS,19040,Awadh Express,MFP,BDTS,2153.0,Exp
19049_BDTS_PNBE,19049,MUMBAI BANDRA T - PATNA Exp,BDTS,PNBE,1845.0,Exp
19050_PNBE_BDTS,19050,PATNA - MUMBAI BANDRA T Exp,PNBE,BDTS,1845.0,Exp
19051_BL_MFP,19051,VALSAD - MUZAFFARPUR Shramik Exp,BL,MFP,1729.0,Exp
19052_MFP_BL,19052,MUZAFFARPUR - VALSAD Shramik Exp,MFP,BL,1732.0,Exp
19053_ST_MFP,19053,SURAT - MUZAFFARPUR Exp,ST,MFP,2135.0,Exp
19054_MFP_ST,19054,MUZAFFARPUR - SURAT Exp,MFP,ST,2136.0,Exp
56523_SBC_HUP,56523,KSR BENGALURU CITY - HINDUPUR Passenger,SBC,HUP,101.0,Pass
12904_ASR_BCT,12904,Golden Temple Mail,ASR,BCT,1891.0,SF
13006_ASR_HWH,13006,Amritsar Howrah Mail,ASR,HWH,1910.0,Mail
18609_RNC_LTT,18609,RANCHI - MUMBAI LTT Exp,RNC,LTT,2012.0,Exp
18610_LTT_RNC,18610,MUMBAI LTT - RANCHI Exp,LTT,RNC,2012.0,Exp
18611_RNC_BSB,18611,Ranchi-Varanasi Express,RNC,BSB,572.0,Exp
18613_RNC_CPU,18613,Ranchi Chopan Express,RNC,CPU,480.0,Exp
18614_CPU_RNC,18614,Chopan Ranchi Express,CPU,RNC,473.0,Exp
18615_HWH_HTE,18615,HOWRAH - HATIA Kriya Yoga Express,HWH,HTE,423.0,Exp
18622_HTE_PNBE,18622,Patliputra Express,HTE,PNBE,547.0,Exp
18623_RJPB_HTE,18623,Patna Rajendra Nagar-Hatia Express,RJPB,HTE,421.0,Exp
18623-Slip_RJPB_BRKA,18623-Slip,Hatia Express Slip,RJPB,BRKA,365.0,Exp
18631_RNC_AII,18631,Ranchi Garib Nawaz Express,RNC,AII,1671.0,Exp
18632_AII_RNC,18632,Garib Nawaz Express,AII,RNC,1671.0,Exp
19011_BCT_ADI,19011,Gujarat Express,BCT,ADI,491.0,Exp
19012_ADI_BCT,19012,Gujarat Express,ADI,BCT,491.0,Exp
19018_JAM_BDTS,19018,Saurashtra Janata Express,JAM,BDTS,812.0,Exp
19019_BDTS_DDN,19019,Bandra T - Dehradun Express,BDTS,DDN,1682.0,Exp
19020_DDN_BDTS,19020,Dehradun - Bandra Terminus Express,DDN,BDTS,1682.0,Exp
19023_BCT_FZR,19023,Mumbai Firozpur Janata Express,BCT,FZR,1772.0,Exp
19024_FZR_BCT,19024,Firozpur Mumbai Janata Express,FZR,BCT,1770.0,Exp
19025-Slip_ST_BVC,19025-Slip,Surat Bhavnagar Express Slip Slip,ST,BVC,526.0,Exp
19026_MHV_ST,19026,Bhavnagar Surat (Slip) Express,MHV,ST,629.0,Exp
19037_BDTS_GKP,19037,Awadh Express,BDTS,GKP,1844.0,Exp
19038_GKP_BDTS,19038,Awadh Express,GKP,BDTS,1844.0,Exp
19048_BGP_ST,19048,BHAGALPUR - SURAT Tapti Ganga Exp,BGP,ST,1826.0,Exp
19059_ST_JAM,19059,Surat-Jamnagar InterCity Express,ST,JAM,561.0,Exp
19060_JAM_ST,19060,Jamnagar-Surat InterCity Express,JAM,ST,561.0,Exp
19113_BLD_BRC,19113,Bhilad Vadodara Express,BLD,BRC,236.0,Exp
19114_BRC_BLD,19114,Vadodara Bhilad Express,BRC,BLD,236.0,Exp
19116_BHUJ_BDTS,19116,BHUJ - MUMBAI BANDRA Sayaji Nagari Exp,BHUJ,BDTS,839.0,Exp
19132_BHUJ_BDTS,19132,BHUJ - MUMBAI BANDRA Kutch Exp,BHUJ,BDTS,839.0,Exp
19151_PNU_GIMB,19151,PALANPUR - GANDHIDHAM Exp,PNU,GIMB,301.0,Exp
19152_GIMB_PNU,19152,GANDHIDHAM - PALANPUR Exp,GIMB,PNU,301.0,Exp
19215_BCT_PBR,19215,Saurashtra Express,BCT,PBR,955.0,Exp
19216_PBR_BCT,19216,Saurashtra Express,PBR,BCT,955.0,Exp
19223_ADI_JAT,19223,AHMEDABAD - JAMMU TAWI Exp,ADI,JAT,1476.0,Exp
19224_JAT_ADI,19224,JAMMU TAWI - AHMEDABAD Exp,JAT,ADI,1476.0,Exp
19225_BTI_JAT,19225,Bhatinda Jammu Tawi Express,BTI,JAT,490.0,Exp
19226_JAT_BTI,19226,Jammu Tawi Bhatinda Express,JAT,BTI,490.0,Exp
19259_KCVL_BVC,19259,KOCHUVELI - BHAVNAGAR Exp,KCVL,BVC,2569.0,Exp
19260_BVC_KCVL,19260,BHAVNAGAR - KOCHUVELI Exp,BVC,KCVL,2569.0,Exp
19263_PBR_DEE,19263,Porbandar-Delhi Sarai Rohilla (Biweekly) Express,PBR,DEE,1392.0,Exp
19264_DEE_PBR,19264,Delhi SaraiRohilla-Porbandar Express,DEE,PBR,1392.0,Exp
19269_PBR_MFP,19269,Porbandar Muzaffarpur Express,PBR,MFP,2470.0,Exp
19270_MFP_PBR,19270,Muzaffarpur-Porbandar Express,MFP,PBR,2470.0,Exp
19305_INDB_HWH,19305,Shipra Express,INDB,HWH,1754.0,Exp
19309_GNC_INDB,19309,Shanti Express,GNC,INDB,571.0,Exp
19310_INDB_GNC,19310,Shanti Express,INDB,GNC,571.0,Exp
19313_INDB_PNBE,19313,Indore-Patna Express,INDB,PNBE,1357.0,Exp
14604_ASR_SHC,14604,AMRITSAR - SAHARSA Jan Sadharan Exp,ASR,SHC,1580.0,Exp
15708_ASR_KIR,15708,Amrapali Express,ASR,KIR,1805.0,Exp
18451_HTE_PURI,18451,HATIA - PURI Tapaswini Exp,HTE,PURI,691.0,Exp
19105_ADI_HW,19105,Ahmedabad-Haridwar Mail,ADI,HW,1208.0,Mail
19107_ADI_UHP,19107,Ahmedabad-Udhampur Janmabhoomi Express,ADI,UHP,1539.0,Exp
19108_UHP_ADI,19108,Udhampur-Ahmedabad Janmabhoomi Express,UHP,ADI,1539.0,Exp
19109_BL_ADI,19109,Gujarat Queen Express,BL,ADI,298.0,Exp
19110_ADI_BL,19110,Gujarat Queen Express,ADI,BL,298.0,Exp
19119_ADI_VRL,19119,Ahmedabad Somnath Intercity Express,ADI,VRL,430.0,Exp
19120_SMNH_ADI,19120,Somnath Ahmedabad Intercity Express,SMNH,ADI,435.0,Exp
19129_BRC_ADI,19129,Baroda Ahmedabad Express,BRC,ADI,100.0,Exp
19130_ADI_BRC,19130,Ahmedabad Baroda Express,ADI,BRC,100.0,Exp
19143_BDTS_ADI,19143,Lokshakti Express,BDTS,ADI,481.0,Exp
19144_ADI_BDTS,19144,Lokshakti Express,ADI,BDTS,481.0,Exp
19165_ADI_DBG,19165,Sabarmati Express,ADI,DBG,1944.0,Exp
19166_DBG_ADI,19166,Sabarmati Express,DBG,ADI,1944.0,Exp
19167_ADI_BSB,19167,Sabarmati Express,ADI,BSB,1598.0,Exp
19168_BSB_ADI,19168,Sabarmati Express,BSB,ADI,1598.0,Exp
19221_ADI_VRL,19221,Ahmedabad-Veraval Somnath Express,ADI,VRL,432.0,Exp
19222_VRL_ADI,19222,Veraval-Ahmedabad Somnath Express,VRL,ADI,432.0,Exp
19311_PUNE_INDB,19311,Pune Indore Express,PUNE,INDB,972.0,Exp
19312_INDB_PUNE,19312,Indore Pune Express,INDB,PUNE,972.0,Exp
19314_RJPB_INDB,19314,Patna Indore Express,RJPB,INDB,1359.0,Exp
19322_RJPB_INDB,19322,Patna-Indore Express,RJPB,INDB,1400.0,Exp
19323_INDB_HBJ,19323,Indore Habibganj InterCity Express,INDB,HBJ,224.0,Exp
19565_OKHA_DDN,19565,Uttaranchal Express,OKHA,DDN,1680.0,Exp
19566_DDN_OKHA,19566,Uttranchal Express,DDN,OKHA,1680.0,Exp
19571_RJT_PBR,19571,Rajkot-Porbandar Express,RJT,PBR,202.0,Exp
19572_PBR_RJT,19572,Porbandar-Rajkot Express,PBR,RJT,202.0,Exp
19601_AII_NJP,19601,Ajmer New Jalpaiguri Weekly Express,AII,NJP,1936.0,Exp
19602_NJP_AII,19602,New Jalpaiguri Ajmer Weekly Express,NJP,AII,1936.0,Exp
19603_AII_SLN,19603,Ajmer-Sultanpur Weekly Express,AII,SLN,1068.0,Exp
19604_SLN_AII,19604,Sultanpur Ajmer Express,SLN,AII,1068.0,Exp
19657_INDB_UDZ,19657,Indore Jn - Udaipur Express,INDB,UDZ,479.0,Exp
19658_UDZ_INDB,19658,Udaipur Indore Express,UDZ,INDB,479.0,Exp
19707_BDTS_JP,19707,Aravalli Express,BDTS,JP,1106.0,Exp
19708_JP_BDTS,19708,Aravalli Express,JP,BDTS,1106.0,Exp
19709_JP_KYQ,19709,JAIPUR - KAMAKHYA Kavi Guru Exp,JP,KYQ,2212.0,Exp
19710_KYQ_JP,19710,KAMAKHYA - JAIPUR Kavi Guru Exp,KYQ,JP,2212.0,Exp
19711_JP_BPL,19711,Jaipur-Bhopal Express,JP,BPL,790.0,Exp
19712_BPL_JP,19712,Bhopal Jaipur Express,BPL,JP,790.0,Exp
19735_JP_LHU,19735,Intercity Express,JP,LHU,229.0,Exp
19771_JP_ASR,19771,Jaipur - Amritsar Express,JP,ASR,872.0,Exp
19781_JP_ASR,19781,Jaipur-Amritsar Express,JP,ASR,713.0,Exp
19801_KOTA_INDB,19801,Kota-Indore Intercity Express,KOTA,INDB,433.0,Exp
19802_INDB_KOTA,19802,Indore-Kota InterCity Express,INDB,KOTA,433.0,Exp
19943_UDZ_ADI,19943,UDAIPUR - AHMEDABAD Exp,UDZ,ADI,298.0,Exp
19944_ADIJ_UDZ,19944,AHMEDABAD - UDAIPUR Exp,ADIJ,UDZ,298.0,Exp
22112_NGP_BSL,22112,Nagpur-Bhusaval SF Express,NGP,BSL,604.0,SF
12946_MHV_ST,12946,MAHUVA - SURAT SF Exp,MHV,ST,1409.0,SF
18104_ASR_TATA,18104,Jallianwalabagh Express,ASR,TATA,1745.0,Exp
18302_RGDA_SBP,18302,Sambalpur Express,RGDA,SBP,322.0,Exp
18303_SBP_PURI,18303,SAMBALPUR - PURI Intercity Exp,SBP,PURI,341.0,Exp
19324_HBJ_INDB,19324,Habibganj Indore InterCity Express,HBJ,INDB,224.0,Exp
19325_INDB_ASR,19325,Indore Amritsar (Weekly) Express,INDB,ASR,1344.0,Exp
19326_ASR_INDB,19326,Amritsar Indore Express,ASR,INDB,1337.0,Exp
19327_RTM_COR,19327,Ratlam Chittaurgarh Express,RTM,COR,189.0,Exp
19328_COR_RTM,19328,Chittaurgarh Ratlam Express,COR,RTM,189.0,Exp
19567_TN_OKHA,19567,TUTICORIN - OKHA Exp,TN,OKHA,2535.0,Exp
19568_OKHA_TN,19568,OKHA - TUTICORIN Exp,OKHA,TN,2548.0,Exp
19569_OKHA_BSB,19569,Okha Varanasi Express,OKHA,BSB,2041.0,Exp
19570_BSB_OKHA,19570,Varanasi Okha Weekly Express,BSB,OKHA,2041.0,Exp
19653_RTM_AII,19653,Ratlam-Ajmer Express,RTM,AII,375.0,Exp
19654_AII_RTM,19654,Ajmer-Ratlam Express,AII,RTM,375.0,Exp
19736_LHU_JP,19736,Loharu-Jaipur Intercity Express,LHU,JP,229.0,Exp
19772_ASR_JP,19772,Amritsar - Jaipur Express,ASR,JP,872.0,Exp
19782_ASR_JP,19782,Amritsar-Jaipur Express,ASR,JP,713.0,Exp
19911_MSH_ADI,19911,Mahesana Ahmedabad InterCity Express,MSH,ADI,69.0,Exp
19915_MSH_ADI,19915,Mahesana Ahmedabad InterCity,MSH,ADI,69.0,Exp
21028_SUR_G,21028,Solapur-Gondia Slip Exp.,SUR,G,1132.0,Mail
21107_KURJ_BSB,21107,Khajuraho-Varanasi Bundelkhand Link Express,KURJ,BSB,453.0,Exp
21108_BSB_KURJ,21108,Bundelkhand Link Express,BSB,KURJ,453.0,Exp
21125_INDB_BIX,21125,Indore Bhind Express,INDB,BIX,644.0,Exp
21126_BIX_INDB,21126,Bhind Indore Express,BIX,INDB,644.0,Exp
22131_PUNE_MUV,22131,PUNE - MANDUADIH Gyan Ganga Exp,PUNE,MUV,1537.0,SF
22132_MUV_PUNE,22132,MANDUADIH - PUNE Gyan Ganga Exp,MUV,PUNE,1537.0,SF
22162_DMO_BPL,22162,Damoh Bhopal Rajya Rani Express,DMO,BPL,291.0,Exp
22410_ANVT_SSM,22410,Anand ViharT Delhi-Sasaram GaribRath Express,ANVT,SSM,874.0,GR
22424_NDLS_GHY,22424,New Delhi-Guwahati Rajdhani Express,NDLS,GHY,1879.0,Raj
22463_MTD_BKN,22463,Rajasthan Sampark Kranti Express,MTD,BKN,173.0,SF
22471_BKN_DEE,22471,Bikaner - Delhi Sarai Rohilla SF Intercity Express,BKN,DEE,458.0,SF
22472_DEE_BKN,22472,Delhi Sarai Rohilla - Bikaner SF Intercity Express,DEE,BKN,458.0,SF
22601_MAS_SNSI,22601,CHENNAI CENT - SAINAGAR SHIRDI SF Exp,MAS,SNSI,1392.0,SF
22608_SBC_ERS,22608,BANGALORE - ERNAKULAM Weekly SF Exp,SBC,ERS,625.0,SF
22681_MYS_MAS,22681,MYSORE - CHENNAI Weekly SF Exp,MYS,MAS,500.0,SF
22682_MAS_MYS,22682,CHENNAI - MYSORE Weekly SF Exp,MAS,MYS,500.0,SF
22811_BBS_NDLS,22811,Bhubaneshwar-New Delhi Rajdhani Express,BBS,NDLS,1724.0,Raj
22812_NDLS_BBS,22812,New Delhi-Bhubaneswar Rajdhani Express,NDLS,BBS,1724.0,Raj
22835_SHM_PURI,22835,Shalimar-Puri Express,SHM,PURI,500.0,SF
22836_PURI_SHM,22836,Puri-Shalimar weekly superfast express,PURI,SHM,500.0,SF
22845_PUNE_HTE,22845,PUNE - HATIA SF Exp,PUNE,HTE,1774.0,Exp
22846_HTE_PUNE,22846,HATIA - PUNE SF Exp,HTE,PUNE,1774.0,SF
22855_SRC_TPTY,22855,Santragachi-Tirupati Superfast Express,SRC,TPTY,1597.0,SF
22856_TPTY_SRC,22856,TirupatiSantragachi Superfast Express,TPTY,SRC,1597.0,SF
22905_OKHA_HWH,22905,Okha Howrah Triweekly SF Express,OKHA,HWH,2586.0,SF
58126_SBP_JSG,58126,Sambalpur Jharsuguda Passenger,SBP,JSG,50.0,Pass
18310_NED_SBP,18310,Nagavali Express,NED,SBP,1479.0,Exp
22403_PDY_NDLS,22403,Puducherry-New Delhi SF Express,PDY,NDLS,2384.0,SF
22405_BGP_ANVT,22405,Bhagalpur - Delhi AnandVihar T. Garib Rath Express,BGP,ANVT,1207.0,GR
22407_BSB_ANVT,22407,Varanasi-Delhi Anand Vihar Terminus Garib Rath,BSB,ANVT,781.0,GR
22408_ANVT_BSB,22408,Delhi Anand Vihar Terminus-Varanasi Garib Rath,ANVT,BSB,781.0,GR
22409_SSM_ANVT,22409,Sasaram-Anand ViharT Delhi GariRath Express,SSM,ANVT,874.0,GR
22423_GHY_NDLS,22423,Guwahati-New Delhi Rajdhani Express,GHY,NDLS,1880.0,Raj
22447_KURJ_NZM,22447,Khajuraho Nizamuddin Express,KURJ,NZM,604.0,SF
22481_JU_DEE,22481,Jodhpur-Delhi Sarai Rohilla Express,JU,DEE,622.0,SF
22482_DEE_JU,22482,Delhi Sarai Rohilla-Jodhpur Express,DEE,JU,622.0,SF
22609_MAQ_PGT,22609,Mangalore - Palghat Intercity Express,MAQ,PGT,352.0,SF
22610_PGT_MAQ,22610,Palghat Mangalore Intercity,PGT,MAQ,352.0,Exp
22688_CDG_MAS,22688,Chandigarh Chennai Express,CDG,MAS,2509.0,SF
22815_BSP_ERS,22815,Bilaspur-Ernakulam Express,BSP,ERS,2155.0,SF
22816_ERS_BSP,22816,Ernakulam-Bilaspur Express,ERS,BSP,2156.0,SF
22853_SHM_VSKP,22853,Kolkata Shalimar-Visakhapatnam Superfast express,SHM,VSKP,880.0,SF
22854_VSKP_SHM,22854,Visakhapatnam-Shalimar Express,VSKP,SHM,880.0,SF
22861_SHM_BQA,22861,Rajya Rani Express,SHM,BQA,229.0,SF
22862_BQA_SHM,22862,Rajya Rani Express,BQA,SHM,229.0,SF
22926_KLK_BDTS,22926,Paschim Express,KLK,BDTS,1676.0,SF
22996_AII_BDTS,22996,Ajmer Bandra SF Express,AII,BDTS,1017.0,SF
23112_GRD_KOAA,23112,Giridih Kolkata Express,GRD,KOAA,335.0,Exp
23142_HDB_SDAH,23142,Teesta Torsa Express,HDB,SDAH,628.0,Exp
23154_BLGT_SDAH,23154,Gour Express,BLGT,SDAH,454.0,Exp
24033_DLI_HSX,24033,Jammu Mail,DLI,HSX,411.0,Mail
24034_HSX_DLI,24034,Jammu Mail,HSX,DLI,411.0,Mail
24042_KTW_DEE,24042,KOTDWAR - NAJIBABAD Mussoorie Exp,KTW,DEE,243.0,Exp
24887_HW_BME,24887,Haridwar-Barmer Link Express,HW,BME,1169.0,Exp
24888_BME_HW,24888,Barmer-Haridwar Link Express,BME,HW,1169.0,Exp
25014_RMR_DLI,25014,Corbett Park Link Express,RMR,DLI,239.0,Exp
25036_RMR_DLI,25036,Ramnagar Delhi Link Express,RMR,DLI,239.0,Exp
25202_NKE_SGL,25202,Narkatiaganj Sugauli InterCity Link Express,NKE,SGL,59.0,Exp
25610_DBG_GHY,25610,Jivachh Link Express,DBG,GHY,877.0,Exp
25715_RDP_DLI,25715,Radhikapur Delhi Link Express,RDP,DLI,1372.0,Exp
28242_CHRM_DURG,28242,Chirmiri Durg Express Cum Pass,CHRM,DURG,381.0,Exp
28624_BRKA_RJPB,28624,Barkakana Rajendranagar Slip Express,BRKA,RJPB,365.0,Exp
29019_NMH_MTC,29019,Nimach Kota Link Exp,NMH,MTC,755.0,Exp
29020_MTC_NMH,29020,Dehradun Express Slip,MTC,NMH,755.0,Exp
30145_BBDB_KNJ,30145,BBD Bag-Krishnanagar Local,BBDB,KNJ,102.0,MEMU
31393_SDAH_KYI,31393,Sealdah-Kalyani Local,SDAH,KYI,48.0,MEMU
31511_SDAH_STB,31511,Sealdah-Shantipur Local,SDAH,STB,93.0,Pass
31581_SDAH_KNJ,31581,Sealdah-Shantipur-Krishnanagar City Local,SDAH,KNJ,108.0,MEMU
31801_SDAH_KNJ,31801,Sealdah KNJ Ladies Special,SDAH,KNJ,99.0,Klkt
31921_SDAH_GEDE,31921,SDAH GEDE LOCAL,SDAH,GEDE,116.0,MEMU
31923_SDAH_GEDE,31923,SDAH GEDE LOCAL,SDAH,GEDE,116.0,MEMU
31925_SDAH_GEDE,31925,SDAH GEDE LOCAL,SDAH,GEDE,116.0,MEMU
31927_SDAH_GEDE,31927,Sealdah Gede EMU,SDAH,GEDE,116.0,MEMU
31929_SDAH_GEDE,31929,Sealdah-Gede Local,SDAH,GEDE,116.0,MEMU
15657_SDAH_GHY,15657,KOLKATA SEALDAH - GUWAHATI KanchanJungha Exp,SDAH,GHY,975.0,Exp
23010_KTW_HWH,23010,Doon Express,KTW,HWH,1461.0,Exp
23111_GRD_DNR,23111,Danapur Express,GRD,DNR,298.0,Exp
23225_SHC_DNR,23225,InterCity Link Express,SHC,DNR,229.0,Exp
23226_DNR_SHC,23226,InterCity Link Express,DNR,SHC,229.0,Exp
23347_SGRL_PNBE,23347,Palamu Express,SGRL,PNBE,481.0,Exp
23348_GHD_SGRL,23348,Palamau Express (Slip),GHD,SGRL,201.0,Exp
24227_BSB_CNB,24227,Varuna Express,BSB,CNB,355.0,Exp
24228_CNB_BSB,24228,Varuna Express,CNB,BSB,355.0,Exp
24369_SKTN_BE,24369,Triveni Express,SKTN,BE,742.0,Exp
24370_BE_SKTN,24370,Triveni Express,BE,SKTN,741.0,Exp
24370-Slip_BE_BRWD,24370-Slip,Triveni Express Slip,BE,BRWD,862.0,Exp
25716_KIR_RDP,25716,Garib Nawaz Express,KIR,RDP,92.0,Exp
28181_BJU_KIR,28181,Barauni-Katihar Slip Express,BJU,KIR,180.0,Exp
28182_KIR_TATA,28182,Katihar-Tatanagar Link Express,KIR,TATA,600.0,Exp
29059_ST_HAPA,29059,Hapa InterCity Express,ST,HAPA,552.0,Exp
29060_HAPA_ST,29060,Surat InterCity Express,HAPA,ST,552.0,Exp
31922_GEDE_SDAH,31922,GEDE SDAH LOCAL,GEDE,SDAH,116.0,MEMU
31924_GEDE_SDAH,31924,GEDE SDAH LOCAL,GEDE,SDAH,116.0,MEMU
31926_GEDE_SDAH,31926,GEDE SDAH LOCAL,GEDE,SDAH,116.0,MEMU
31930_GEDE_SDAH,31930,GEDE SDAH LOCAL,GEDE,SDAH,116.0,MEMU
32249_SDAH_DKAE,32249,Sealdah-Dankuni Local,SDAH,DKAE,22.0,MEMU
33512_HNB_SDAH,33512,Hasanabad Sealdah EMU,HNB,SDAH,0.0,MEMU
33533_SDAH_BT,33533,Sealdah-Hasnabad Local,SDAH,BT,22.0,MEMU
34166_SDAH_BGB,34166,Sealdah-Budge Budge Local,SDAH,BGB,25.0,MEMU
34431_SPR_SDAH,34431,Sonarpur Sealdah Local,SPR,SDAH,16.0,MEMU
34434_SDAH_SPR,34434,Sealdah-Sonarpur Local,SDAH,SPR,16.0,MEMU
34502_SDAH_CG,34502,Sealdah Canning ladies special EMU,SDAH,CG,45.0,Klkt
34554_SDAH_CG,34554,Sealdah-Canning Local,SDAH,CG,45.0,MEMU
34557_CG_SDAH,34557,Canning Sealdah Local,CG,SDAH,45.0,MEMU
34793_NMKA_SDAH,34793,Namkhana Sealdah Local,NMKA,SDAH,108.0,MEMU
34794_SDAH_NMKA,34794,Sealdah-Namkhana Local,SDAH,NMKA,108.0,MEMU
34857_DH_SDAH,34857,Diamond Harbour Sealdah Local,DH,SDAH,59.0,MEMU
34858_SDAH_DH,34858,Sealdah-Diamond Harbour Local,SDAH,DH,59.0,MEMU
37397_HWH_SIU,37397,Howrah-Singur Local,HWH,SIU,33.0,MEMU
37657_HWH_MYM,37657,Howrah-Memari Local,HWH,MYM,82.0,MEMU
37658_MYM_HWH,37658,Memari Howrah Local,MYM,HWH,82.0,MEMU
37857_HWH_BWN,37857,Howrah-Barddhaman Non-Stop Local,HWH,BWN,107.0,MEMU
38401_HWH_PKU,38401,Howrah Panskura EMU,HWH,PKU,71.0,MEMU
38403_HWH_PKU,38403,Howrah Panskura EMU,HWH,PKU,71.0,MEMU
38405_HWH_PKU,38405,Howrah Panskura EMU,HWH,PKU,71.0,MEMU
38411_HWH_PKU,38411,Howrah Panskura EMU,HWH,PKU,71.0,MEMU
38413_HWH_PKU,38413,Howrah Panskura EMU,HWH,PKU,71.0,MEMU
38417_HWH_PKU,38417,Howrah Panskura EMU,HWH,PKU,71.0,MEMU
38419_HWH_PKU,38419,Howrah Panskura EMU,HWH,PKU,71.0,MEMU
38423_HWH_PKU,38423,Howrah Panskura EMU,HWH,PKU,71.0,MEMU
38429_HWH_PKU,38429,Howrah Panskura EMU,HWH,PKU,71.0,MEMU
38433_HWH_PKU,38433,Howrah Panskura EMU,HWH,PKU,71.0,MEMU
38443_HWH_BOP,38443,Howrah Panskura EMU,HWH,BOP,64.0,MEMU
58124_JSG_SBP,58124,Jharsuguda Sambalpur Passenger,JSG,SBP,50.0,Pass
18304_PURI_SBP,18304,PURI - SAMBALPUR Intercity Exp,PURI,SBP,341.0,Exp
18312_BSB_SBP,18312,VARANASI - SAMBALPUR Exp,BSB,SBP,896.0,Exp
37356_TAK_HWH,37356,Tarakeswar Howrah Local,TAK,HWH,57.0,MEMU
37398_SIU_HWH,37398,Singur Howrah Local,SIU,HWH,33.0,MEMU
38416_PKU_HWH,38416,Panskura Howrah EMU,PKU,HWH,71.0,MEMU
38418_PKU_HWH,38418,Panskura Howrah EMU,PKU,HWH,71.0,MEMU
38420_PKU_HWH,38420,Panskura Howrah EMU,PKU,HWH,71.0,MEMU
38424_PKU_HWH,38424,Panskura Howrah EMU,PKU,HWH,71.0,MEMU
38428_PKU_HWH,38428,Panskura Howrah EMU,PKU,HWH,71.0,MEMU
38434_PKU_HWH,38434,Panskura Howrah EMU,PKU,HWH,71.0,MEMU
38435_HWH_PKU,38435,Howrah Panskura EMU,HWH,PKU,71.0,MEMU
38439_HWH_PKU,38439,Howrah Panskura EMU,HWH,PKU,71.0,MEMU
38441_HWH_PKU,38441,Howrah Panskura EMU,HWH,PKU,71.0,MEMU
38444_PKU_HWH,38444,Panskura Howrah EMU,PKU,HWH,71.0,MEMU
38445_HWH_PKU,38445,Howrah Panskura EMU,HWH,PKU,71.0,MEMU
38448_PKU_HWH,38448,Panskura Howrah EMU,PKU,HWH,71.0,MEMU
38449_HWH_PKU,38449,Howrah Panskura EMU,HWH,PKU,71.0,MEMU
38450_PKU_HWH,38450,Panskura Howrah EMU,PKU,HWH,71.0,MEMU
38453_HWH_PKU,38453,Howrah Panskura EMU,HWH,PKU,71.0,MEMU
38455_HWH_PKU,38455,Howrah Panskura EMU,HWH,PKU,71.0,MEMU
38457_HWH_PKU,38457,Howrah Panskura EMU,HWH,PKU,71.0,MEMU
38463_HWH_PKU,38463,Howrah Panskura EMU,HWH,PKU,71.0,MEMU
38464_PKU_HWH,38464,Panskura Howrah EMU,PKU,HWH,71.0,MEMU
38467_HWH_PKU,38467,Howrah Panskura EMU,HWH,PKU,71.0,MEMU
38469_HWH_PKU,38469,Howrah Panskura EMU,HWH,PKU,71.0,MEMU
38633_HWH_KGP,38633,Howrah Kharagpur Ladies Special,HWH,KGP,115.0,Klkt
38821_HWH_KIG,38821,Howrah-Kolaghat EMU,HWH,KIG,55.0,MEMU
38846_KIG_HWH,38846,Kolaghat-Howrah EMU,KIG,HWH,55.0,MEMU
40021_MSB_PV,40021,Chennai Beach PallavaramEMU,MSB,PV,27.0,MEMU
40023_MSB_STM,40023,Chennai Beach St. Thomas Mount Fast EMU,MSB,STM,17.0,MEMU
40501_MSB_CGL,40501,Chennai Beach Chengulpet EMU,MSB,CGL,63.0,MEMU
40503_MSB_CGL,40503,Chennai Beach Chengulpet EMU,MSB,CGL,60.0,MEMU
40505_MSB_CGL,40505,Chennai Beach Chengulpet EMU(12 car),MSB,CGL,63.0,MEMU
40507_MSB_CGL,40507,Chennai Beach Chengulpet EMU,MSB,CGL,63.0,MEMU
40509_MSB_CGL,40509,Chennai Beach Chengulpet EMU,MSB,CGL,63.0,MEMU
40511_MSB_CGL,40511,Chennai Beach Chengulpet EMU,MSB,CGL,63.0,MEMU
40513_MSB_CGL,40513,Chennai Beach Chengulpet EMU(12 car),MSB,CGL,63.0,MEMU
54056_DLI_MB,54056,Delhi Moradabad Passenger,DLI,MB,175.0,Pass
54305_MB_HPU,54305,Moradabad Hapur Passenger,MB,HPU,118.0,Pass
54307_MB_DLI,54307,Moradabad Delhi Passenger,MB,DLI,175.0,Pass
54314_MB_CH,54314,Moradabad Chandausi Passenger,MB,CH,44.0,Pass
54315_MB_SRE,54315,Moradabad Sahranpur Passenger,MB,SRE,194.0,Pass
54395_MB_NBD,54395,MORADABAD -  NAJIBABAD  PASSENGER,MB,NBD,161.0,Pass
54398_MB_SHTS,54398,Moradabad Sambahal Hatim Sarai Pass,MB,SHTS,45.0,Pass
55311_MB_KPV,55311,MORADABAD - KASHIPUR PASSENGER,MB,KPV,50.0,Pass
55323_MB_RMR,55323,MORADABAD - RAMNAGAR PASSENGER,MB,RMR,77.0,Pass
58127_JSG_SBP,58127,Jharsuguda Sambalpur Passenger,JSG,SBP,50.0,Pass
58135_JSG_SBP,58135,Jharsuguda Sambalpur Passenger,JSG,SBP,50.0,Pass
58137_JSG_SBP,58137,Jharsuguda Sambalpur Passenger,JSG,SBP,50.0,Pass
12288_DDN_KCVL,12288,DEHRADUN - KOCHUVELI SF Express,DDN,KCVL,3459.0,SF
12665_HWH_CAPE,12665,HOWRAH - KANNIYAKUMARI SF Exp,HWH,CAPE,2431.0,SF
12778_KCVL_UBL,12778,TRIVANDRUM KOCHUVELI - HUBLI SF Exp,KCVL,UBL,1307.0,SF
14707_BKN_BDTS,14707,BIKANER - MUMBAI BANDRA Ranakpur Exp,BKN,BDTS,1212.0,Exp
16352_NCJ_CSTM,16352,NAGERCOIL - MUMBAI CST Balaji Exp,NCJ,CSTM,1967.0,Exp
16723_MS_TVC,16723,CHENNAI EGMORE - TRIVANDRUM Anantapuri Exp,MS,TVC,798.0,Exp
38468_PKU_HWH,38468,Panskura Howrah EMU,PKU,HWH,71.0,MEMU
38470_PKU_HWH,38470,Panskura Howrah EMU,PKU,HWH,71.0,MEMU
40515_MSB_CGL,40515,Chennai Beach Chengulpet EMU,MSB,CGL,63.0,MEMU
40517_MSB_CGL,40517,Chennai Beach Chengulpet EMU(12 car),MSB,CGL,63.0,MEMU
40519_MSB_CGL,40519,Chennai Beach Chengulpet EMU,MSB,CGL,59.0,MEMU
40701_MSB_TMLP,40701,Chennai Beach Tirumalpur EMU,MSB,TMLP,112.0,MEMU
40705_MSB_TMLP,40705,Chennai Beach Tirumalpur local,MSB,TMLP,108.0,MEMU
40707_MSB_TMLP,40707,Chennai Beach Tirumalpur Fast EMU,MSB,TMLP,108.0,MEMU
40711_MSB_TMLP,40711,Chennai Beach Tirumalpur Semi Fast EMU,MSB,TMLP,108.0,MEMU
41001_MSB_VLCY,41001,Chennai Beach Velachery EMU,MSB,VLCY,18.0,MEMU
41003_MSB_VLCY,41003,Chennai Beach Velachery EMU,MSB,VLCY,18.0,MEMU
41005_MSB_VLCY,41005,Chennai Beach Velachery EMU,MSB,VLCY,18.0,MEMU
41007_MSB_VLCY,41007,Chennai Beach Velachery EMU,MSB,VLCY,18.0,MEMU
41009_MSB_VLCY,41009,Chennai Beach Velachery EMU,MSB,VLCY,18.0,MEMU
41011_MSB_VLCY,41011,Chennai Beach Velachery EMU,MSB,VLCY,18.0,MEMU
41013_MSB_VLCY,41013,Chennai Beach Velachery EMU,MSB,VLCY,18.0,MEMU
41015_MSB_VLCY,41015,Chennai Beach Velachery EMU,MSB,VLCY,18.0,MEMU
41017_MSB_VLCY,41017,Chennai Beach Velachery EMU,MSB,VLCY,18.0,MEMU
41019_MSB_VLCY,41019,Chennai Beach Velachery EMU,MSB,VLCY,18.0,MEMU
41023_MSB_VLCY,41023,Chennai Beach Velachery EMU,MSB,VLCY,18.0,MEMU
41025_MSB_VLCY,41025,Chennai Beach Velachery EMU,MSB,VLCY,18.0,MEMU
41027_MSB_VLCY,41027,Chennai Beach Velachery EMU,MSB,VLCY,18.0,MEMU
41029_MSB_VLCY,41029,Chennai Beach Velachery EMU,MSB,VLCY,18.0,MEMU
41031_MSB_VLCY,41031,Chennai Beach Velachery EMU,MSB,VLCY,18.0,MEMU
41033_MSB_VLCY,41033,Chennai Beach Velachery EMU,MSB,VLCY,18.0,MEMU
41035_MSB_VLCY,41035,Chennai Beach Velachery EMU,MSB,VLCY,18.0,MEMU
41037_MSB_VLCY,41037,Chennai Beach Velachery EMU,MSB,VLCY,18.0,MEMU
41039_MSB_VLCY,41039,Chennai Beach Velachery EMU,MSB,VLCY,18.0,MEMU
41041_MSB_VLCY,41041,Chennai Beach Velachery EMU,MSB,VLCY,18.0,MEMU
41043_MSB_VLCY,41043,Chennai Beach Velachery EMU,MSB,VLCY,18.0,MEMU
41045_MSB_VLCY,41045,Chennai Beach Velachery EMU,MSB,VLCY,18.0,MEMU
41047_MSB_VLCY,41047,Chennai Beach Velachery EMU,MSB,VLCY,18.0,MEMU
41049_MSB_VLCY,41049,Chennai Beach Velachery EMU,MSB,VLCY,18.0,MEMU
41051_MSB_VLCY,41051,Chennai Beach Velachery EMU,MSB,VLCY,18.0,MEMU
41053_MSB_VLCY,41053,Chennai Beach Velachery EMU,MSB,VLCY,18.0,MEMU
41055_MSB_VLCY,41055,Chennai Beach Velachery EMU,MSB,VLCY,18.0,MEMU
55303_MB_KGM,55303,MORADABAD - KATHGODAM Pass,MB,KGM,131.0,Pass
55305_MB_RMR,55305,MORADABAD - RAMNAGAR Fast Passenger,MB,RMR,77.0,Pass
55307_MB_RMR,55307,MORADABAD - RAMNAGAR PASSENGER,MB,RMR,76.0,Pass
55309_MB_RMR,55309,MORADABAD  - RAMNAGAR PASSENGER,MB,RMR,77.0,Pass
55321_MB_RMR,55321,MORADABAD  - RAMNAGAR PASSENGER,MB,RMR,77.0,Pass
40516_CGL_MSB,40516,Chengulpet Chennai Beach Semi Fast EMU (12 Car),CGL,MSB,59.0,MEMU
40518_CGL_MSB,40518,Chengulpet Chennai Beach Semi Fast EMU (12 Car),CGL,MSB,59.0,MEMU
40520_CGL_MSB,40520,Chengulpet Chennai Beach Semi Fast EMU (12 Car),CGL,MSB,59.0,MEMU
40521_MSB_CGL,40521,Chennai Beach Chengulpet EMU,MSB,CGL,59.0,MEMU
40522_CGL_MSB,40522,Chengulpet Chennai Beach Semi Fast EMU (12 Car),CGL,MSB,59.0,MEMU
40523_MSB_CGL,40523,Chennai Beach Chengulpet EMU,MSB,CGL,59.0,MEMU
40524_CGL_MSB,40524,Chengulpet Chennai Beach EMU,CGL,MSB,59.0,MEMU
40526_CGL_MSB,40526,Chengulpet Chennai Beach Fast EMU,CGL,MSB,59.0,MEMU
40601_MSB_CGL,40601,Chennai Beach Chengulpet EMU,MSB,CGL,63.0,MEMU
40704_TMLP_MSB,40704,Tirumalpur Chennai Beach Fast EMU,TMLP,MSB,108.0,MEMU
40706_TMLP_MSB,40706,Tirumalpur Chennai Beach Fast EMU,TMLP,MSB,108.0,MEMU
41059_MSB_VLCY,41059,Chennai Beach Velachery EMU,MSB,VLCY,19.0,MEMU
41063_MSB_VLCY,41063,Chennai Beach Velachery EMU,MSB,VLCY,18.0,Pass
41067_MSB_VLCY,41067,Chennai Beach Velachery EMU,MSB,VLCY,18.0,Pass
41069_MSB_VLCY,41069,Chennai Beach Velachery EMU,MSB,VLCY,18.0,Pass
41071_MSB_VLCY,41071,Chennai Beach Velachery EMU,MSB,VLCY,18.0,Pass
41073_MSB_VLCY,41073,Chennai Beach Velachery EMU,MSB,VLCY,18.0,Pass
41075_MSB_VLCY,41075,Chennai Beach Velachery EMU,MSB,VLCY,18.0,Pass
41077_MSB_VLCY,41077,Chennai Beach Velachery EMU,MSB,VLCY,18.0,Pass
41079_MSB_VLCY,41079,Chennai Beach Velachery EMU,MSB,VLCY,18.0,Pass
41081_MSB_VLCY,41081,Chennai Beach Velachery EMU,MSB,VLCY,18.0,Pass
41083_MSB_VLCY,41083,Chennai Beach Velachery EMU,MSB,VLCY,18.0,Pass
41085_MSB_VLCY,41085,Chennai Beach Velachery EMU,MSB,VLCY,18.0,Pass
41087_MSB_VLCY,41087,Chennai Beach Velachery EMU,MSB,VLCY,18.0,Pass
41089_MSB_VLCY,41089,Chennai Beach Velachery EMU,MSB,VLCY,18.0,Pass
41091_MSB_VLCY,41091,Chennai Beach Velachery EMU,MSB,VLCY,18.0,Pass
41093_MSB_VLCY,41093,Chennai Beach Velachery EMU,MSB,VLCY,18.0,Pass
41095_MSB_VLCY,41095,Chennai Beach Velachery EMU,MSB,VLCY,18.0,Pass
41097_MSB_VLCY,41097,Chennai Beach Velachery EMU,MSB,VLCY,18.0,Pass
41099_MSB_VLCY,41099,Chennai Beach Velachery EMU,MSB,VLCY,18.0,Pass
41101_MSB_VLCY,41101,Chennai Beach Velachery EMU,MSB,VLCY,18.0,Pass
41103_MSB_VLCY,41103,Chennai Beach Velachery EMU,MSB,VLCY,18.0,Pass
41105_MSB_VLCY,41105,Chennai Beach Velachery EMU,MSB,VLCY,18.0,Pass
41107_MSB_VLCY,41107,Chennai Beach Velachery EMU,MSB,VLCY,18.0,Pass
41109_MSB_VLCY,41109,Chennai Beach Velachery EMU,MSB,VLCY,18.0,Pass
41111_MSB_VLCY,41111,Chennai Beach Velachery EMU,MSB,VLCY,18.0,Pass
41113_MSB_VLCY,41113,Chennai Beach Velachery EMU,MSB,VLCY,18.0,Pass
41115_MSB_VLCY,41115,Chennai Beach Velachery EMU,MSB,VLCY,18.0,Pass
41117_MSB_VLCY,41117,Chennai Beach Velachery EMU,MSB,VLCY,18.0,MEMU
41119_MSB_VLCY,41119,Chennai Beach Velachery EMU,MSB,VLCY,18.0,MEMU
41121_MSB_VLCY,41121,Chennai Beach Velachery EMU,MSB,VLCY,18.0,MEMU
41123_MSB_VLCY,41123,Chennai Beach Velachery EMU,MSB,VLCY,18.0,MEMU
42404_SPE_MAS,42404,Spe-Mas Emu Local,SPE,MAS,83.0,MEMU
42406_SPE_MAS,42406,Spe-Mas Emu Local,SPE,MAS,83.0,MEMU
42408_SPE_MAS,42408,Sullurpetta Chennai Central EMU,SPE,MAS,83.0,MEMU
52941_GG_BTDF,52941,GANDHIGRAM - SBI-BTD PASSENGER,GG,BTDF,155.0,Pass
54308_DLI_MB,54308,Delhi Moradabad Passenger,DLI,MB,175.0,Pass
41064_VLCY_MSB,41064,VLCY MSB LOCAL,VLCY,MSB,0.0,Pass
41066_VLCY_MSB,41066,Velachery Chennai Local,VLCY,MSB,0.0,Pass
41112_VLCY_MSB,41112,Velachery Chennai Beach Passenger,VLCY,MSB,0.0,Pass
41125_MSB_VLCY,41125,Chennai Beach Velachery EMU,MSB,VLCY,18.0,MEMU
41127_MSB_VLCY,41127,Chennai Beach Velachery EMU,MSB,VLCY,18.0,Pass
41129_MSB_VLCY,41129,Chennai Beach Velachery EMU,MSB,VLCY,18.0,MEMU
41131_MSB_VLCY,41131,Chennai Beach Velachery EMU,MSB,VLCY,18.0,MEMU
41133_MSB_VLCY,41133,Chennai Beach Velachery EMU,MSB,VLCY,18.0,Pass
41505_MSB_VLCY,41505,Chennai Beach Velachery Sunday EMU,MSB,VLCY,18.0,MEMU
41507_MSB_VLCY,41507,Chennai Beach Velachery Sunday EMU,MSB,VLCY,18.0,MEMU
42412_SPE_MAS,42412,Spe-Mas Emu Local,SPE,MAS,83.0,MEMU
42414_SPE_MAS,42414,Spe-Mas Emu Local,SPE,MAS,83.0,MEMU
42416_SPE_MAS,42416,Spe-Mas Emu Local,SPE,MAS,83.0,MEMU
42420_SPE_MAS,42420,Sullurpeta Chennai EMU,SPE,MAS,83.0,MEMU
42422_SPE_MAS,42422,Spe-Mas Emu Local,SPE,MAS,83.0,MEMU
42452_SPE_GPD,42452,Sullupetta Gummidipoondi EMU,SPE,GPD,35.0,MEMU
42802_SPE_MSB,42802,Spe-Msb Emu local,SPE,MSB,83.0,MEMU
43205_MAS_TRL,43205,Chennai Central Tiruvallur EMU,MAS,TRL,42.0,MEMU
43216_TRL_MAS,43216,Tiruvallur Chennai Central Fast,TRL,MAS,41.0,MEMU
43222_TRL_MAS,43222,Tiruvallur Chennai Central Fast,TRL,MAS,41.0,MEMU
43401_MAS_AJJ,43401,Chennai Central Arakkonam Fast,MAS,AJJ,68.0,MEMU
43408_AJJ_MAS,43408,Arakkonam chennai Central Fast,AJJ,MAS,68.0,MEMU
43501_MAS_TRT,43501,Chennai tiruttani EMU,MAS,TRT,82.0,MEMU
43506_TRT_MAS,43506,Tiruttani Chennai Central Local,TRT,MAS,83.0,Pass
43551_AJJ_TRT,43551,Arakkonam Tiruttani EMU,AJJ,TRT,14.0,MEMU
43552_TRT_AJJ,43552,Tiruttani Arakkonam EMU,TRT,AJJ,14.0,MEMU
43553_AJJ_TRT,43553,Arakkonam Tiruttani EMU,AJJ,TRT,14.0,MEMU
43554_TRT_AJJ,43554,Tiruttani Arakkonam EMU,TRT,AJJ,14.0,MEMU
43801_MSB_AJJ,43801,Chennai Beach Arakkonam EMU,MSB,AJJ,70.0,MEMU
43803_MSB_AJJ,43803,Chennai Beach Arakkonam EMU,MSB,AJJ,69.0,MEMU
43806_AJJ_MSB,43806,Arakkonam chennai Beach Fast,AJJ,MSB,69.0,MEMU
43823_MSB_TRT,43823,Chennai Beach Tiruttani Fast,MSB,TRT,83.0,MEMU
43851_PON_TRL,43851,Ponneri Tiruvallur EMU,PON,TRL,71.0,MEMU
43892_PRES_AVD,43892,Pattabiram East Avadi EMU,PRES,AVD,10.0,MEMU
43921_TRL_KBT,43921,Tiruvallur Kadambattur EMU,TRL,KBT,6.0,MEMU
47101_HYB_LPI,47101,Hyderabad Lingampalli MMTS,HYB,LPI,25.0,Hyd
47102_HYB_LPI,47102,Hyderabad Lingampalli MMTS,HYB,LPI,25.0,Hyd
47103_HYB_LPI,47103,Hyderabad Lingampalli MMTS,HYB,LPI,25.0,Hyd
47104_HYB_LPI,47104,Hyderabad Lingampalli MMTS,HYB,LPI,25.0,Hyd
47105_HYB_LPI,47105,Hyderabad Lingampalli MMTS,HYB,LPI,25.0,Hyd
47106_HYB_LPI,47106,Hyderabad Lingampalli MMTS,HYB,LPI,25.0,Hyd
47107_HYB_LPI,47107,Hyderabad Lingampalli MMTS,HYB,LPI,25.0,Hyd
47108_HYB_LPI,47108,Hyderabad Lingampalli MMTS,HYB,LPI,25.0,Hyd
47109_HYB_LPI,47109,Hyderabad Lingampalli MMTS,HYB,LPI,24.0,Hyd
47110_HYB_LPI,47110,Hyderabad Lingampalli MMTS,HYB,LPI,24.0,Hyd
47111_HYB_LPI,47111,Hyderabad Lingampalli MMTS,HYB,LPI,25.0,Hyd
47112_HYB_LPI,47112,Hyderabad Lingampalli MMTS,HYB,LPI,25.0,Hyd
54313_CH_MB,54313,Chandausi Moradabad Passenger,CH,MB,44.0,Pass
12952_NDLS_BCT,12952,Mumbai Rajdhani Express,NDLS,BCT,1384.0,Raj
22404_NDLS_PDY,22404,New Delhi-Puducherry SF Exp,NDLS,PDY,2384.0,SF
47113_HYB_LPI,47113,Hyderabad Lingampalli MMTS,HYB,LPI,25.0,Hyd
47114_HYB_LPI,47114,Hyderabad Lingampalli MMTS,HYB,LPI,25.0,Hyd
47116_HYB_LPI,47116,Hyderabad Lingampalli MMTS,HYB,LPI,25.0,Hyd
47117_HYB_LPI,47117,Hyderabad Lingampalli MMTS,HYB,LPI,25.0,Hyd
47118_HYB_LPI,47118,Hyderabad Lingampalli MMTS,HYB,LPI,25.0,Hyd
47119_HYB_LPI,47119,Hyderabad Lingampalli MMTS,HYB,LPI,25.0,Hyd
47120_HYB_LPI,47120,Hyderabad Lingampalli MMTS,HYB,LPI,25.0,Hyd
47121_HYB_LPI,47121,Hyderabad Lingampalli MMTS,HYB,LPI,25.0,Hyd
47122_HYB_LPI,47122,Hyderabad Lingampalli MMTS,HYB,LPI,25.0,Hyd
47127_LPI_HYB,47127,Lingampalli Hyderabad MMTS,LPI,HYB,25.0,Hyd
47128_LPI_HYB,47128,Lingampalli Hyderabad MMTS,LPI,HYB,25.0,Hyd
47129_LPI_HYB,47129,Lingampalli Hyderabad MMTS,LPI,HYB,25.0,Hyd
47130_LPI_HYB,47130,Lingampalli Hyderabad MMTS,LPI,HYB,25.0,Hyd
47132_LPI_HYB,47132,Lingampalli Hyderabad MMTS,LPI,HYB,25.0,Hyd
47133_LPI_HYB,47133,Lingampalli Hyderabad MMTS,LPI,HYB,25.0,Hyd
47134_LPI_HYB,47134,Lingampalli Hyderabad MMTS,LPI,HYB,24.0,Hyd
47135_LPI_HYB,47135,Lingampalli Hyderabad MMTS,LPI,HYB,24.0,Hyd
47136_LPI_HYB,47136,Lingampalli Hyderabad MMTS,LPI,HYB,24.0,Hyd
47137_LPI_HYB,47137,Lingampalli Hyderabad MMTS,LPI,HYB,25.0,Hyd
47138_LPI_HYB,47138,Lingampalli Hyderabad MMTS,LPI,HYB,25.0,Hyd
47139_LPI_HYB,47139,Lingampalli Hyderabad MMTS,LPI,HYB,25.0,Hyd
47140_LPI_HYB,47140,Lingampalli Hyderabad MMTS,LPI,HYB,25.0,Hyd
47141_LPI_HYB,47141,Lingampalli Hyderabad MMTS,LPI,HYB,25.0,Hyd
47142_LPI_HYB,47142,Lingampalli Hyderabad MMTS,LPI,HYB,25.0,Hyd
47149_FM_LPI,47149,Falaknuma Lingampalli MMTS,FM,LPI,37.0,Hyd
47150_FM_LPI,47150,Falaknuma Lingampalli MMTS,FM,LPI,37.0,Hyd
47151_FM_LPI,47151,Falaknuma Lingampalli MMTS,FM,LPI,37.0,Hyd
47152_FM_LPI,47152,MATRABHOOMI LADIES SPL MMTS,FM,LPI,37.0,Hyd
47153_FM_LPI,47153,Falaknuma Lingampalli MMTS,FM,LPI,37.0,Hyd
47154_FM_LPI,47154,Falaknuma Lingampalli MMTS,FM,LPI,37.0,Hyd
47155_FM_LPI,47155,Falaknuma Lingampalli MMTS,FM,LPI,37.0,Hyd
47156_FM_LPI,47156,Falaknuma Lingampalli MMTS*,FM,LPI,37.0,Hyd
47157_FM_LPI,47157,Falaknuma Lingampalli MMTS,FM,LPI,37.0,Hyd
47158_FM_LPI,47158,Falaknuma Lingampalli MMTS,FM,LPI,37.0,Hyd
47159_LPI_FM,47159,Lingampalli Falaknuma MMTS,LPI,FM,37.0,Hyd
47160_FM_LPI,47160,Falaknuma Lingampalli MMTS,FM,LPI,37.0,Hyd
47161_FM_LPI,47161,Falaknuma Lingampalli MMTS,FM,LPI,37.0,Hyd
47162_FM_LPI,47162,Falaknuma Lingampalli MMTS,FM,LPI,37.0,Hyd
47163_FM_LPI,47163,Falaknuma Lingampalli MMTS,FM,LPI,37.0,Hyd
47164_FM_LPI,47164,Falaknuma Lingampalli MMTS,FM,LPI,37.0,Hyd
47165_FM_LPI,47165,Falaknuma Lingampalli MMTS,FM,LPI,37.0,Hyd
47166_FM_LPI,47166,Falaknuma Lingampalli MMTS,FM,LPI,37.0,Hyd
47168_FM_SC,47168,Secunderabad Lingampalli MMTS,FM,SC,14.0,Hyd
47170_FM_LPI,47170,Falaknuma Lingampalli MMTS,FM,LPI,37.0,Hyd
47171_LPI_FM,47171,Lingampalli Falaknuma MMTS,LPI,FM,37.0,Hyd
47124_HYB_LPI,47124,Hyderabad Lingampalli MMTS,HYB,LPI,25.0,Hyd
47125_HYB_LPI,47125,Hyderabad Lingampalli MMTS,HYB,LPI,25.0,Hyd
47143_LPI_HYB,47143,Lingampalli Hyderabad MMTS,LPI,HYB,25.0,Hyd
47144_LPI_HYB,47144,Lingampalli Hyderabad MMTS,LPI,HYB,25.0,Hyd
47145_LPI_HYB,47145,Lingampalli Hyderabad MMTS,LPI,HYB,25.0,Hyd
47146_LPI_HYB,47146,Lingampalli Hyderabad MMTS,LPI,HYB,25.0,Hyd
47147_LPI_HYB,47147,Lingampalli Hyderabad MMTS,LPI,HYB,25.0,Hyd
47148_LPI_HYB,47148,Lingampalli Hyderabad MMTS,LPI,HYB,25.0,Hyd
47174_LPI_FM,47174,Lingampalli Falaknuma MMTS,LPI,FM,37.0,Hyd
47175_LPI_FM,47175,Lingampalli Falaknuma MMTS,LPI,FM,37.0,Hyd
47176_LPI_FM,47176,Lingampalli Falaknuma MMTS,LPI,FM,37.0,Hyd
47177_LPI_FM,47177,Lingampalli Falaknuma MMTS,LPI,FM,37.0,Hyd
47178_LPI_FM,47178,Lingampalli Falaknuma MMTS,LPI,FM,37.0,Hyd
47179_LPI_FM,47179,Lingampalli Falaknuma MMTS,LPI,FM,40.0,Hyd
47180_LPI_FM,47180,Lingampalli Falaknuma MMTS,LPI,FM,37.0,Hyd
47181_LPI_FM,47181,Lingampalli Falaknuma MMTS,LPI,FM,37.0,Hyd
47182_LPI_FM,47182,Lingampalli Falaknuma MMTS,LPI,FM,37.0,Hyd
47183_LPI_FM,47183,Lingampalli Falaknuma MMTS,LPI,FM,37.0,Hyd
47184_LPI_FM,47184,Lingampalli Falaknuma MMTS,LPI,FM,37.0,Hyd
47185_LPI_FM,47185,Lingampalli Falaknuma MMTS,LPI,FM,37.0,Hyd
47187_LPI_FM,47187,Lingampalli Falaknuma MMTS,LPI,FM,37.0,Hyd
47188_LPI_FM,47188,Lingampalli Falaknuma Matrabhoomi Ladies MMTS,LPI,FM,37.0,Hyd
47189_LPI_FM,47189,Lingampalli Falaknuma MMTS,LPI,FM,37.0,Hyd
47190_LPI_FM,47190,Lingampalli-Falaknuma Matrubhoomi Ladies Spl MMTS,LPI,FM,37.0,Hyd
47191_LPI_FM,47191,Lingampalli Falaknuma MMTS,LPI,FM,37.0,Hyd
47192_LPI_FM,47192,Lingampalli Falaknuma MMTS,LPI,FM,37.0,Hyd
47195_LPI_SC,47195,Lingampalli Secunderabad MMTS,LPI,SC,23.0,Hyd
47196_SC_HYB,47196,Secunderabad Hyderabad MMTS,SC,HYB,8.0,Hyd
47197_FM_HYB,47197,Falaknuma Hyderabad MMTS,FM,HYB,22.0,Hyd
47198_FM_LPI,47198,Falaknuma Secunderabad MMTS,FM,LPI,37.0,Hyd
47199_FM_HYB,47199,Falaknuma Hyderabad MMTS,FM,HYB,22.0,Hyd
47200_FM_HYB,47200,Falaknuma Hyderabad MMTS,FM,HYB,22.0,Hyd
47201_FM_HYB,47201,Falaknuma Hyderabad MMTS,FM,HYB,22.0,Hyd
47202_FM_HYB,47202,Falaknuma Hyderabad MMTS,FM,HYB,22.0,Hyd
47203_FM_LPI,47203,Falaknuma Lingampalli MMTS,FM,LPI,37.0,Hyd
47204_FM_SC,47204,Falaknuma Secunderabad MMTS,FM,SC,14.0,Hyd
47206_HYB_FM,47206,HYB Falaknuma Local,HYB,FM,22.0,Hyd
47208_HYB_FM,47208,Hyderabad Falaknuma MMTS,HYB,FM,22.0,Hyd
47209_HYB_FM,47209,Hyderabad Falaknuma MMTS,HYB,FM,22.0,Hyd
47211_FM_LPI,47211,Falaknuma - Lingampalli Mathrubhoomi (LAdies Spl),FM,LPI,37.0,Hyd
47214_FM_LPI,47214,Falaknuma - Lingampalli MMTS,FM,LPI,37.0,Hyd
47216_FM_LPI,47216,Falaknuma - Lingampalli MMTS,FM,LPI,37.0,Hyd
47218_FM_LPI,47218,Falaknuma - Lingampalli MMTS,FM,LPI,37.0,Hyd
47220_FM_LPI,47220,Falaknuma - Lingampalli MMTS,FM,LPI,37.0,Hyd
50104_RN_DR,50104,Ratnagiri Dadar Passenger,RN,DR,422.0,Pass
54306_HPU_MB,54306,Hapur Moradabad Passenger,HPU,MB,118.0,Pass
56214_TPTY_CMNR,56214,TIRUPATI - CHAMARAJANAGAR Fast Passenger,TPTY,CMNR,535.0,Pass
12393_RJPB_NDLS,12393,Sampoorna Kranti Express,RJPB,NDLS,1001.0,SF
15235_HWH_DBG,15235,Howrah-Darbhanga Express,HWH,DBG,536.0,Exp
18612_BSB_RNC,18612,Varanasi-Ranchi Express,BSB,RNC,575.0,Exp
19303_RTM_BPL,19303,InterCity Express,RTM,BPL,280.0,Exp
47193_LPI_FM,47193,Lingampalli Falaknuma MMTS,LPI,FM,37.0,Hyd
47194_LPI_FM,47194,Lingampalli Falaknuma MMTS,LPI,FM,37.0,Hyd
47210_LPI_FM,47210,Lingampalli Falaknuma MMTS,LPI,FM,37.0,Hyd
47212_LPI_FM,47212,Lingampalli Falaknuma MMTS,LPI,FM,37.0,Hyd
47213_LPI_FM,47213,Lingampalli Falaknuma MMTS,LPI,FM,37.0,Hyd
47215_LPI_FM,47215,Lingampalli Falaknuma MMTS,LPI,FM,37.0,Hyd
47217_LPI_FM,47217,Lingampalli Falaknuma MMTS,LPI,FM,37.0,Hyd
47219_LPI_FM,47219,Lingampalli Falaknuma MMTS,LPI,FM,37.0,Hyd
50107_SWV_MAO,50107,Sawantwadi Madgaon Passenger,SWV,MAO,110.0,Pass
50108_MAO_SWV,50108,Madgaon Sawantwadi Passenger,MAO,SWV,110.0,Pass
51027_CSTM_PVR,51027,MumbaiCST-Pandharpur Fast Passenger,CSTM,PVR,429.0,Pass
51028_PVR_CSTM,51028,Pandharpur-Mumbai Fast Passenger,PVR,CSTM,429.0,Pass
51029_CSTM_BJP,51029,Bijapur Fast Passenger,CSTM,BJP,565.0,Pass
51030_BJP_CSTM,51030,Bijapur Mumbai Fast Passenger,BJP,CSTM,564.0,Pass
51033_CSTM_SNSI,51033,Mumbai Sainagar Shirdi Fast Pass(Via Daund),CSTM,SNSI,455.0,Pass
51034_SNSI_CSTM,51034,Sainagar Shirdi-Mumbai Fast Passenger(Via Daund),SNSI,CSTM,455.0,Pass
51116_DHI_DR,51116,Dhule Dadar Passenger Composite,DHI,DR,375.0,Pass
51117_KTE_CPU,51117,Katni Chopan Mix Passenger,KTE,CPU,326.0,Pass
51118_CPU_KTE,51118,Chopan Katni Passenger,CPU,KTE,326.0,Pass
51135_BD_AMI,51135,Badnera Amravati Passenger,BD,AMI,6.0,Pass
51136_AMI_BD,51136,Amravati Badnera Passenger,AMI,BD,6.0,Pass
51137_BD_AMI,51137,Badnera Amravati Passenger,BD,AMI,9.0,Pass
51138_AMI_BD,51138,Amravati Badnera Passenger,AMI,BD,6.0,Pass
51139_BD_AMI,51139,Badnera Amravati Passenger,BD,AMI,6.0,Pass
51140_AMI_BD,51140,Amravati Badnera Passenger,AMI,BD,6.0,Pass
51141_BD_AMI,51141,Badnera Amravati Passenger,BD,AMI,6.0,Pass
51142_AMI_BD,51142,Amravati Badnera Passenger,AMI,BD,6.0,Pass
51145_BD_AMI,51145,Badnera Amravati Mix Passenger,BD,AMI,6.0,Pass
51146_AMI_BD,51146,Amravati Badnera Passenger,AMI,BD,6.0,Pass
51147_BD_AMI,51147,Badnera Amravati Passenger,BD,AMI,6.0,Pass
51148_AMI_BD,51148,Amravati Badnera Passenger,AMI,BD,6.0,Pass
51149_BD_AMI,51149,Badnera Amravati Passenger,BD,AMI,6.0,Pass
51150_AMI_BD,51150,Amravati Badnera Passenger,AMI,BD,6.0,Pass
51181_DVL_BSL,51181,Devlali Bhusaval Passenger,DVL,BSL,262.0,Pass
51182_BSL_DVL,51182,Bhusaval Devlali Passenger,BSL,DVL,262.0,Pass
51187_BSL_KTE,51187,BHUSAVAL - KATNI Passenger,BSL,KTE,657.0,Pass
51188_KTE_BSL,51188,KATNI - BHUSAVAL Passenger,KTE,BSL,657.0,Pass
51190_ALD_ET,51190,ALLAHABAD - ITARSI Passenger,ALD,ET,611.0,Pass
51197_BSL_WR,51197,Bhusaval Wardha Passenger,BSL,WR,314.0,Pass
51198_WR_BSL,51198,Wardha Bhusaval Passenger,WR,BSL,314.0,Pass
54316_SRE_MB,54316,Saharanpur Moradabad Passenger,SRE,MB,194.0,Pass
54391_ALJN_MB,54391,ALIGARH -  MORADABAD PASSENGER,ALJN,MB,142.0,Pass
54396_NBD_MB,54396,NAJIBABAD - MORADABAD PASSENGER,NBD,MB,161.0,Pass
12434_NZM_MAS,12434,Delhi H.Nizamuddin-Chennai Central Rajdhani Expres,NZM,MAS,2176.0,Raj
50105_DIVA_SWV,50105,Diva Sawantwadi Passenger,DIVA,SWV,613.0,Pass
51153_CSTM_BSL,51153,Mumbai Bhusaval Passenger,CSTM,BSL,442.0,Pass
51154_BSL_CSTM,51154,Bhusaval Mumbai Passenger,BSL,CSTM,442.0,Pass
51157_BSL_ET,51157,Bhusaval Itarsi Passenger,BSL,ET,322.0,Pass
51183_BSL_AMI,51183,Bhusaval Amravati Passenger,BSL,AMI,225.0,Pass
51195_WR_BPQ,51195,Wardha Balharshah Passenger,WR,BPQ,132.0,Pass
51254_CWA_AMLA,51254,Chhindwara Amla Passenger,CWA,AMLA,115.0,Pass
51255_JNO_CWA,51255,Junnor Deo Chhindwara Passenger,JNO,CWA,47.0,Pass
51256_CWA_JNO,51256,Chhindwara Junnor Deo Passenger,CWA,JNO,47.0,Pass
51259_WR_NGP,51259,Wardha Nagpur Passenger,WR,NGP,78.0,Pass
51260_NGP_WR,51260,Nagpur Wardha Passenger,NGP,WR,78.0,Pass
51262_WR_AMI,51262,Wardha Amravati Passenger,WR,AMI,101.0,Pass
51286_NGP_BSL,51286,Nagpur Bhusaval Passenger,NGP,BSL,392.0,Pass
51293_NGP_AMLA,51293,Nagpur Amla Passenger,NGP,AMLA,168.0,Pass
51294_AMLA_NGP,51294,Amla Nagpur Passenger,AMLA,NGP,168.0,Pass
51323_DD_BRMT,51323,Daund Baramati Shuttle,DD,BRMT,44.0,Pass
51325_PUNE_DD,51325,Pune-Daund Shuttle,PUNE,DD,76.0,Pass
51327_DD_BRMT,51327,Daund -Baramati Shuttle.,DD,BRMT,44.0,Pass
51348_BRMT_DD,51348,Baramati Daund Passenger,BRMT,DD,43.0,Pass
51350_DD_PUNE,51350,Daund-Pune Fast Shuttle,DD,PUNE,76.0,Pass
51353_PUNE_DD,51353,Pune -Daund Shuttle.,PUNE,DD,76.0,Pass
51401_PUNE_MMR,51401,Pune Manmad Passenger(Via Daund),PUNE,MMR,313.0,Pass
51402_MMR_PUNE,51402,Manmad-Pune Passenger(Via Daund),MMR,PUNE,313.0,Pass
51405_MRJ_CLR,51405,Miraj- Castle Rock Passenger,MRJ,CLR,213.0,Pass
51406_CLR_MRJ,51406,Castle Rock Miraj Passenge,CLR,MRJ,213.0,Pass
51407_MRJ_KOP,51407,Miraj-Kolhapur Passenger,MRJ,KOP,47.0,Pass
51408_KOP_MRJ,51408,Kolhapur Miraj Passenger,KOP,MRJ,47.0,Pass
51411_BAY_DWR,51411,Bellary-Dharwar Passenger,BAY,DWR,229.0,Pass
51412_UBL_BAY,51412,Hubli Bellary Passenger,UBL,BAY,208.0,Pass
51417_KJT_PUNE,51417,Karjat Pune Passenger,KJT,PUNE,91.0,Pass
51418_PUNE_KJT,51418,Pune Karjat Passenger,PUNE,KJT,91.0,Pass
51419_MRJ_UBL,51419,Miraj Hubli Passenger,MRJ,UBL,280.0,Pass
51420_UBL_MRJ,51420,Hubli Miraj Passenger,UBL,MRJ,280.0,Pass
51423_IGP_MMR,51423,Igatpuri Manmad Shuttle,IGP,MMR,123.0,Pass
51424_MMR_IGP,51424,Manmad Igatpuri Shuttle,MMR,IGP,123.0,Pass
51425_PRLI_MRJ,51425,ParliVaijnath-Miraj Passenger,PRLI,MRJ,438.0,Pass
51426_MRJ_PRLI,51426,Miraj-Parli Vaijnath Passenger,MRJ,PRLI,438.0,Pass
51427_MRJ_KOP,51427,Miraj C Shahu Maharaj Passenger,MRJ,KOP,47.0,Pass
51428_KOP_MRJ,51428,C Shahu Maharaj Miraj Passenger,KOP,MRJ,47.0,Pass
51429_SLI_KOP,51429,Sangli-Kolhapur Passenger,SLI,KOP,54.0,Pass
51430_KOP_SLI,51430,C Shahu Maharaj Sangli Passenger,KOP,SLI,54.0,Pass
51431_MRJ_LD,51431,Miraj -Londa Passenger,MRJ,LD,189.0,Pass
51432_LD_MRJ,51432,Londa-Miraj Passenger,LD,MRJ,189.0,Pass
54394_GJL_MB,54394,Gajraula Moradabad Passenger,GJL,MB,54.0,Pass
54397_SHTS_MB,54397,Moradabad Sambahal Hatim Sarai Pass,SHTS,MB,45.0,Pass
55302_KGM_MB,55302,KGM-MB PASS.,KGM,MB,116.0,Pass
55304_KGM_MB,55304,KATHGODAM - MORADABAD Pass,KGM,MB,131.0,Pass
12368_ANVT_BGP,12368,Vikramshila Express,ANVT,BGP,1206.0,SF
51284_AMI_BSL,51284,Amravati Bhusaval Passenger,AMI,BSL,225.0,Pass
51324_BRMT_PUNE,51324,Baramati-Daund- Pune Passenger,BRMT,PUNE,119.0,Pass
51326_BRMT_PUNE,51326,Baramati-Daund- Pune Shutte,BRMT,PUNE,120.0,Pass
51409_PUNE_KOP,51409,Pune -Shree Chatrapati Shahu M(T) Kolhapur Pass,PUNE,KOP,318.0,Pass
51410_KOP_PUNE,51410,Shree Chatrapati Shahu M(T) Kolhapur- Pune Passenger,KOP,PUNE,318.0,Pass
51421_PUNE_NZB,51421,Pune-Nizamabad Pass,PUNE,NZB,771.0,Pass
51422_NZB_PUNE,51422,Nizamabad Pune Passenger,NZB,PUNE,759.0,Pass
51433_NZB_PVR,51433,Nizamabad Pandharpur Passenger,NZB,PVR,533.0,Pass
51434_PVR_NZB,51434,Pandharpur Nizamabad Passenger,PVR,NZB,533.0,Pass
51441_STR_KOP,51441,Satara C Shahu Maharaj Passenger,STR,KOP,181.0,Pass
51442_KOP_STR,51442,C Shahu Maharaj Pune Passenger,KOP,STR,181.0,Pass
51445_PVR_MRJ,51445,Pandharpur Miraj Passenger,PVR,MRJ,137.0,Pass
51446_MRJ_PVR,51446,Miraj Pandharpur Passenger,MRJ,PVR,137.0,Pass
51449_PUNE_SUR,51449,Pune Solapur Passenger,PUNE,SUR,263.0,Pass
51450_SUR_PUNE,51450,Solapur Pune Passenger,SUR,PUNE,264.0,Pass
51455_PUNE_SUR,51455,Pune Solapur Passenger,PUNE,SUR,264.0,Pass
51456_SUR_PUNE,51456,Sholapur Pune Passenger,SUR,PUNE,263.0,Pass
51458_DWR_UBL,51458,Dharwad hubli Passenger,DWR,UBL,21.0,Pass
51461_MRJ_BGM,51461,Miraj Belgaum Passenger,MRJ,BGM,137.0,Pass
51462_BGM_MRJ,51462,Belgaum Miraj Passenger,BGM,MRJ,137.0,Pass
51463_MRJ_BGM,51463,Miraj Belgaum Passenger,MRJ,BGM,137.0,Pass
51464_BGM_MRJ,51464,Belgaum Miraj Passenger,BGM,MRJ,137.0,Pass
51601_BINA_KTE,51601,Bina Katni Passenger,BINA,KTE,263.0,Pass
51602_KTE_BINA,51602,Katni Bina Passenger,KTE,BINA,263.0,Pass
51605_KTE_CHRM,51605,Katni Chirmiri Passenger,KTE,CHRM,254.0,Pass
51607_BINA_GUNA,51607,Bina Guna Passenger,BINA,GUNA,118.0,Pass
51608_GUNA_BINA,51608,Guna Bina Passenger,GUNA,BINA,118.0,Pass
51609_BINA_GUNA,51609,Bina Guna Passenger,BINA,GUNA,118.0,Pass
51610_GUNA_BINA,51610,Guna Bina Passenger,GUNA,BINA,118.0,Pass
51611_KOTA_BINA,51611,KOTA - BINA Passenger,KOTA,BINA,303.0,Pass
51612_BINA_KOTA,51612,BINA - KOTA Passenger,BINA,KOTA,303.0,Pass
51614_KMZ_KOTA,51614,KATNI - KOTA Passenger,KMZ,KOTA,455.0,Pass
51632_BINA_BPL,51632,Bina Bhopal Passenger,BINA,BPL,138.0,Pass
51674_STA_ET,51674,SATNA - ITARSI Passenger,STA,ET,434.0,Pass
51675_KTE_CPU,51675,Katni Chopan Fast Passenger,KTE,CPU,326.0,Pass
51676_CPU_KTE,51676,Chopan Katni Passenger,CPU,KTE,326.0,Pass
51677_CPU_SKTN,51677,Chopan Shaktinagar Passenger,CPU,SKTN,83.0,Pass
51678_SKTN_CPU,51678,Shaktinagar Chopan Passenger,SKTN,CPU,83.0,Pass
51683_KNW_BIR,51683,Khandwa Bir Shuttle,KNW,BIR,33.0,Pass
51684_BIR_KNW,51684,Bir Khandwa Shuttle,BIR,KNW,33.0,Pass
51685_KNW_BIR,51685,Khandwa Bir Shuttle,KNW,BIR,33.0,Pass
51686_BIR_KNW,51686,Bir Khandwa Shuttle,BIR,KNW,33.0,Pass
51687_KNW_BIR,51687,Khandwa Bir Shuttle,KNW,BIR,33.0,Pass
51688_BIR_KNW,51688,Bir Khandwa Shuttle,BIR,KNW,33.0,Pass
51689_KNW_BIR,51689,Khandwa Bir Shuttle,KNW,BIR,33.0,Pass
51701_JBP_REWA,51701,JABALPUR - REWA Passenger,JBP,REWA,238.0,Pass
53450_BGP_BAKA,53450,Bhagalpur Banka Passenger,BGP,BAKA,53.0,Pass
51435_PUNE_STR,51435,Pune Satara Passenger,PUNE,STR,137.0,Pass
51436_STR_PUNE,51436,Satara Pune Passenger,STR,PUNE,137.0,Pass
51451_PUNE_BRMT,51451,Pune-Daund- Baramati Passenger,PUNE,BRMT,120.0,Pass
51452_BRMT_PUNE,51452,Baramati-Daund-Pune Passenger,BRMT,PUNE,120.0,Pass
51603_SGO_KTE,51603,Sagar Katni Passenger,SGO,KTE,188.0,Pass
51690_BIR_KNW,51690,Bir Khandwa Shuttle,BIR,KNW,33.0,Pass
51751_REWA_BSP,51751,Rewa Bilaspur Fast Passenger,REWA,BSP,466.0,Pass
51752_BSP_REWA,51752,Bilaspur Rewa Fast Passenger,BSP,REWA,466.0,Pass
51753_REWA_CHRM,51753,Rewa Chirmiri Fast Passenger,REWA,CHRM,401.0,Pass
51754_CHRM_REWA,51754,Chirmiri Rewa Fast Passenger,CHRM,REWA,401.0,Pass
51755_CHRM_MDGR,51755,Chirmiri Manendragarh Passenger,CHRM,MDGR,22.0,Pass
51756_MDGR_CHRM,51756,Manendragarh Chirmiri Passenger,MDGR,CHRM,22.0,Pass
51763_STA_MKP,51763,Satna Manikpur Passenger,STA,MKP,77.0,Pass
51764_MKP_STA,51764,Manikpur Satna Passenger,MKP,STA,77.0,Pass
51765_STA_MKP,51765,Satna Manikpur Passenger,STA,MKP,77.0,Pass
51766_MKP_STA,51766,Manikpur Satna Passenger,MKP,STA,77.0,Pass
51767_KTE_STA,51767,Katni Satna Passenger,KTE,STA,99.0,Pass
51768_STA_KTE,51768,Satna Katni Passenger,STA,KTE,99.0,Pass
51777_GWL_BIX,51777,Gwalior Bhind Passenger,GWL,BIX,79.0,Pass
51778_BIX_GWL,51778,Bhind Gwalior Passenger,BIX,GWL,79.0,Pass
51779_GWL_BIX,51779,Gwalior Bhind Passenger,GWL,BIX,79.0,Pass
51780_BIX_GWL,51780,Bhind Gwalior Passenger,BIX,GWL,79.0,Pass
51801_MBA_CNB,51801,Mahoba Kanpur Pass,MBA,CNB,199.0,Pass
51802_CNB_MBA,51802,Kanpur Mahoba Passenger,CNB,MBA,191.0,Pass
51803_MBA_BNDA,51803,Mahoba Banda Passenger,MBA,BNDA,53.0,Pass
51804_BNDA_MBA,51804,Banda Mahoba Passenger,BNDA,MBA,53.0,Pass
51805_JHS_BNDA,51805,Jhansi Banda Passenger,JHS,BNDA,191.0,Pass
51806_BNDA_JHS,51806,Banda Jhansi Passenger,BNDA,JHS,191.0,Pass
51807_BNDA_MKP,51807,Banda Manikpur Passenger,BNDA,MKP,99.0,Pass
51808_MKP_BNDA,51808,Manikpur Banda Passenger,MKP,BNDA,99.0,Pass
51809_CNB_TDL,51809,Kanpur Tundla Passenger,CNB,TDL,232.0,Pass
51810_TDL_CNB,51810,Tundla Kanpur Passenger,TDL,CNB,232.0,Pass
51811_BINA_JHS,51811,Bina Jhansi Passenger,BINA,JHS,153.0,Pass
51812_JHS_BINA,51812,Jhansi Bina Passenger,JHS,BINA,153.0,Pass
51813_JHS_LKO,51813,Jhansi Lucknow Passenger,JHS,LKO,294.0,Pass
51814_LKO_JHS,51814,Lucknow-Jhansi Passenger,LKO,JHS,294.0,Pass
51815_JHS_AGC,51815,Jhansi Agra Passenger,JHS,AGC,216.0,Pass
51818_BKI_AF,51818,BANDIKUI AGRA PASS,BKI,AF,150.0,Pass
51819_JHS_ALD,51819,Jhansi Allahabad Passenger,JHS,ALD,390.0,Pass
51821_JHS_KURJ,51821,JHANSI - KHUJURAHO Passenger,JHS,KURJ,201.0,Pass
51822_KURJ_JHS,51822,KHUJURAHO - JHANSI Passenger,KURJ,JHS,201.0,Pass
51828_JHS_ET,51828,Jhansi Itarsi Passenger,JHS,ET,383.0,Pass
51829_NGP_ET,51829,Nagpur Itarsi Passenger,NGP,ET,320.0,Pass
51830_ET_NGP,51830,Itarsi Nagpur Passenger,ET,NGP,298.0,Pass
51831_JHS_AGC,51831,Jhansi Agra Passenger,JHS,AGC,216.0,Pass
51832_AGC_JHS,51832,Agra Jhansi Passenger,AGC,JHS,216.0,Pass
51861_AIT_KNH,51861,Ait Konch Passenger,AIT,KNH,13.0,Pass
55306_RMR_MB,55306,RAMNAGAR - MORADABAD Fast Passenger,RMR,MB,77.0,Pass
51823_ALD_FBD,51823,Farukhabad Allahabad kanpur Passenger,ALD,FBD,334.0,Pass
51824_FBD_ALD,51824,Farrukhabad Allahabad Passenger,FBD,ALD,334.0,Pass
51825_CNB_FBD,51825,Kanpur Farrukhabaad Passenger,CNB,FBD,140.0,Pass
51826_FBD_CNB,51826,Farrukhabad Kanpur Passenger,FBD,CNB,140.0,Pass
51863_AIT_KNH,51863,Ait Konch Passenger,AIT,KNH,13.0,Pass
51864_KNH_AIT,51864,Konch Ait Passenger,KNH,AIT,13.0,Pass
51865_AIT_KNH,51865,Ait Konch Passenger,AIT,KNH,13.0,Pass
51866_KNH_AIT,51866,Konch Ait Passenger,KNH,AIT,13.0,Pass
51867_AIT_KNH,51867,Ait Konch Passenger,AIT,KNH,13.0,Pass
51868_KNH_AIT,51868,Konch Ait Passenger,KNH,AIT,13.0,Pass
51869_AIT_KNH,51869,Ait Konch Passenger,AIT,KNH,13.0,Pass
51870_KNH_AIT,51870,Konch Ait Passenger,KNH,AIT,13.0,Pass
51901_AGC_DLI,51901,Agra Delhi Passenger,AGC,DLI,197.0,Pass
51902_DLI_AGC,51902,Delhi Agra Passenger,DLI,AGC,197.0,Pass
51903_DLI_ROK,51903,Delhi Rohtak Passenger,DLI,ROK,70.0,Pass
51904_ROK_DLI,51904,Rohtak Delhi Passenger,ROK,DLI,70.0,Pass
51905_DLI_SMQL,51905,Delhi Shamli Passenger,DLI,SMQL,94.0,Pass
51906_SMQL_DLI,51906,Shamli Delhi Passenger,SMQL,DLI,94.0,Pass
51907_SMQL_SRE,51907,Shamli Saharanpur Passenger,SMQL,SRE,70.0,Pass
51908_SRE_SMQL,51908,Saharanpur Shamli Passenger,SRE,SMQL,70.0,Pass
51910_SRE_DLI,51910,Saharanpur Delhi Passenger,SRE,DLI,164.0,Pass
51911_DLI_SRE,51911,Delhi Shamli Saharanpur Passenger,DLI,SRE,164.0,Pass
51912_SRE_DLI,51912,Saharanpur Delhi Passenger,SRE,DLI,164.0,Pass
51913_DLI_SRE,51913,DELHI - SAHARANPUR Passenger,DLI,SRE,164.0,Pass
51914_SRE_DLI,51914,SAHARANPUR - DELHI Passenger,SRE,DLI,164.0,Pass
51915_DLI_FN,51915,Delhi - Farukh Nagar Passenger,DLI,FN,52.0,Pass
51916_FN_DLI,51916,Farukh Nagar - Delhi Passenger,FN,DLI,52.0,Pass
51971_MTJ_AWR,51971,Mathura Alwar Passenger,MTJ,AWR,122.0,Pass
51972_AWR_MTJ,51972,Alwar Mathura Passenger,AWR,MTJ,122.0,Pass
51973_MTJ_BKI,51973,Mathura Alwar Bandikui Passenger,MTJ,BKI,183.0,Pass
51974_BKI_MTJ,51974,Bandikui Mathura Passenger,BKI,MTJ,183.0,Pass
51975_KSJ_MTJ,51975,Kasganj-Mathura Passenger,KSJ,MTJ,105.0,Pass
51976_MTJ_KSJ,51976,Mathura-KasGanj Passenger,MTJ,KSJ,105.0,Pass
52002_WGI_BIM,52002,Waghai Bilimora Mix Passenger,WGI,BIM,63.0,Pass
52003_BIM_WGI,52003,Bilimora Waghai Mix Passenger,BIM,WGI,63.0,Pass
52004_WGI_BIM,52004,Waghai Bilimora Mix Passenger,WGI,BIM,63.0,Pass
52011_BIM_WGI,52011,Bilimora Waghai Pass,BIM,WGI,63.0,Pass
52012_WGI_BIM,52012,Waghai Bilimora Pass,WGI,BIM,63.0,Pass
52013_BIM_WGI,52013,Bilimora Waghai Pass,BIM,WGI,63.0,Pass
52014_WGI_BIM,52014,Waghai Bilimora Pass,WGI,BIM,63.0,Pass
52015_BH_KAVI,52015,Bharuch Kavi Passenger,BH,KAVI,0.0,Pass
52020_CDD_MYG,52020,Dabhoi Miyagam Passenger,CDD,MYG,49.0,Pass
52021_MKRL_MYG,52021,Moti Koral Miyagam Mix Passenger,MKRL,MYG,28.0,Pass
52022_MYG_MKRL,52022,Miyagam Moti Koral Mix Passenger,MYG,MKRL,28.0,Pass
52023_MLSR_DB,52023,Malsar Dabhoi Mix Passenger,MLSR,DB,70.0,Pass
52024_DB_MLSR,52024,Dabhoi Malsar Mix Passenger,DB,MLSR,70.0,Pass
55308_RMR_MB,55308,RAMNAGAR - MORADABAD PASSENGER,RMR,MB,76.0,Pass
55310_RMR_MB,55310,RAMNAGAR - MORADABAD PASSENGER,RMR,MB,77.0,Pass
51881_GWL_AGC,51881,Gwalior Agra Fast Passenger,GWL,AGC,118.0,Pass
51883_BINA_GWL,51883,Bina Gwalior Passenger,BINA,GWL,345.0,Pass
51884_GWL_BINA,51884,Gwalior Bina Passenger,GWL,BINA,345.0,Pass
52025_DB_CDD,52025,Dabhoi Chandod Mix Passenger,DB,CDD,17.0,Pass
52026_CDD_DB,52026,Chandod Dabhoi Mix Passenger,CDD,DB,17.0,Pass
52027_CRND_DB,52027,Choranda Dabhoi Mix Passenger,CRND,DB,41.0,Pass
52028_DB_CRND,52028,Dabhoi Choranda Mix Passenger,DB,CRND,41.0,Pass
52033_JMB_PRTN,52033,Jambusar Pratapnagar Mix Passenger,JMB,PRTN,51.0,Pass
52034_PRTN_JMB,52034,Pratapnagar Jambusar Mix Passenger,PRTN,JMB,51.0,Pass
52035_JMB_PRTN,52035,Jambusar Pratapnagar Passenger,JMB,PRTN,51.0,Pass
52036_PRTN_JMB,52036,Pratapnagar Jambusar Passenger,PRTN,JMB,51.0,Pass
52037_ND_BDRN,52037,Nadiad Bhadran Mix Passenger,ND,BDRN,62.0,Pass
52038_BDRN_ND,52038,Bhadran Nadiad Mix Passenger,BDRN,ND,62.0,Pass
52041_MYGL_DB,52041,Miyagam Dabhoi Mix Passenger,MYGL,DB,32.0,Pass
52042_DB_MYGL,52042,Dabhoi Jn Miyagam Jn NG Passenger,DB,MYGL,32.0,Pass
52045_MYG_DB,52045,Miyagam Dabhoi Mix Passenger,MYG,DB,32.0,Pass
52046_DB_MYG,52046,Dabhoi Miyagam Mix Passenger,DB,MYG,32.0,Pass
52048_UMPD_KSB,52048,Umarpada Kosamba Passenger,UMPD,KSB,62.0,Pass
52072_MVJ_BI,52072,MAVLI - BARI SADRI PASSENGER,MVJ,BI,82.0,Pass
52073_MJ_MVJ,52073,Marwar Mavli Passenger,MJ,MVJ,151.0,Pass
52074_MVJ_MJ,52074,Mavli Marwar Passenger,MVJ,MJ,151.0,Pass
52075_MJ_MVJ,52075,Marwar Mavli Passenger,MJ,MVJ,152.0,Pass
52076_MVJ_MJ,52076,Mavli Marwar Passenger,MVJ,MJ,152.0,Pass
52082_LHU_JP,52082,Loharu Jaipur Passenger,LHU,JP,229.0,Pass
52083_JP_LHU,52083,Jaipur Loharu Passenger,JP,LHU,229.0,Pass
52084_LHU_JP,52084,Loharu Jaipur Passenger,LHU,JP,229.0,Pass
52085_JP_CUR,52085,Jaipur Churu Passenger,JP,CUR,198.0,Pass
52086_CUR_JP,52086,Churu Jaipur Passenger,CUR,JP,198.0,Pass
52087_SIKR_CUR,52087,Sikar Churu Passenger,SIKR,CUR,91.0,Pass
52088_CUR_SIKR,52088,Churu Sikar Passenger,CUR,SIKR,91.0,Pass
52101_NRL_MAE,52101,Neral Matheran Passenger,NRL,MAE,21.0,Toy
52102_MAE_NRL,52102,Matheran Neral Passenger,MAE,NRL,126.0,Toy
52103_NRL_MAE,52103,Neral Matheran Passenger,NRL,MAE,126.0,Toy
52104_MAE_NRL,52104,Matheran Neral Passenger,MAE,NRL,21.0,Toy
52105_NRL_MAE,52105,Neral Matheran Passenger,NRL,MAE,126.0,Toy
52106_MAE_NRL,52106,Matheran Neral Passenger,MAE,NRL,126.0,Toy
52108_MAE_NRL,52108,Matheran Neral Passenger,MAE,NRL,21.0,Toy
52109_NRL_MAE,52109,Neral Matheran Passenger,NRL,MAE,126.0,Toy
52110_MAE_NRL,52110,Matheran Neral Passenger,MAE,NRL,126.0,Toy
52121_PC_JMNR,52121,Pachora Jamner Passenger,PC,JMNR,56.0,Pass
52123_PC_JMNR,52123,Pachora Jamner Passenger,PC,JMNR,56.0,Pass
52131_MZR_YTL,52131,Murtajapur Yavatmal Passenger,MZR,YTL,218.0,Pass
52132_YTL_MZR,52132,Yavatmal Murtajapur Passenger,YTL,MZR,218.0,Pass
52137_MZR_ELP,52137,Murtajapur Achalpur Passenger,MZR,ELP,76.0,Pass
52138_ELP_MZR,52138,Achalpur Murtajapur Passenger,ELP,MZR,76.0,Pass
52143_PLO_ARVI,52143,Pulgaon Arvi Passenger,PLO,ARVI,39.0,Pass
52144_ARVI_PLO,52144,Arvi Pulgaon Passenger,ARVI,PLO,39.0,Pass
55312_KPV_MB,55312,KASHIPUR - MORADABAD PASSENGER,KPV,MB,50.0,Pass
14055_DBRG_DLI,14055,DIBRUGARH - OLD DELHI Brahmaputra Exp,DBRG,DLI,2589.0,Mail
15959_HWH_DBRG,15959,HOWRAH - DIBRUGARH Kamrup Exp,HWH,DBRG,1528.0,Exp
52122_JMNR_PC,52122,Jamner Pachora Passenger,JMNR,PC,56.0,Pass
52124_JMNR_PC,52124,Jamner Pachora Passenger,JMNR,PC,56.0,Pass
52171_GWO_SOE,52171,Gwalior Sheopur Passenger,GWO,SOE,200.0,Pass
52172_SOE_GWL,52172,Sheopur Gwalior Passenger,SOE,GWL,207.0,Pass
52174_SBL_GWL,52174,Sabalgarh Gwalior Passenger,SBL,GWL,92.0,Pass
52175_GWL_SBL,52175,Gwalior Sabalgarh Fast Passenger,GWL,SBL,92.0,Pass
52177_SBL_SOE,52177,Sabalgarh Sheopur Passenger,SBL,SOE,115.0,Pass
52178_SOE_SBL,52178,Sheopur Sabalgarh Passenger,SOE,SBL,115.0,Pass
52181_DHO_TPO,52181,Dhaulpur Tantpur Passenger,DHO,TPO,58.0,Pass
52182_TPO_BARI,52182,Tantpur Mohari Bari Passenger,TPO,BARI,26.0,Pass
52183_BARI_SRMT,52183,Bari Mohari Sirmuttra Passenger,BARI,SRMT,38.0,Pass
52201_KSJF_LKKA,52201,Kasganj Lalkuan Passenger,KSJF,LKKA,188.0,Pass
52202_LKKA_KSJF,52202,Lalkuan Kasganj Passenger,LKKA,KSJF,188.0,Pass
52203_KSJF_TPU,52203,Kasganj Tanakpur Passenger,KSJF,TPU,223.0,Pass
52204_TPU_KSJF,52204,Tanakpur-Bareilly Passenger,TPU,KSJF,223.0,Pass
52205_KSJF_PBE,52205,Kasganj Pilibhit Passenger,KSJF,PBE,162.0,Pass
52206_PBE_KSJF,52206,Pilibhit Kasganj Passenger,PBE,KSJF,162.0,Pass
52207_KSJF_PBE,52207,Kasganj Pilibhit Passenger,KSJF,PBE,162.0,Pass
52208_PBE_KSJF,52208,Pilibhit Kasganj Passenger,PBE,KSJF,162.0,Pass
52209_BRY_LKKA,52209,Bareilly Lalkuan Passenger,BRY,LKKA,84.0,Pass
52210_LKKA_BRY,52210,Lalkuan Bareilly Passenger,LKKA,BRY,84.0,Pass
52211_BRY_LKKA,52211,Bareilly Lal Kuan Passenger,BRY,LKKA,84.0,Pass
52212_LKKA_BRY,52212,Lal Kuan Bareilly Passenger,LKKA,BRY,84.0,Pass
52214_MLN_BRY,52214,Mailani Bareilly Passenger,MLN,BRY,125.0,Pass
52215_BRY_PBE,52215,Bareilly Pilibhit Passenger,BRY,PBE,58.0,Pass
52216_PBE_BRY,52216,Pilibhit Bareilly Passenger,PBE,BRY,58.0,Pass
52217_KSJF_BRY,52217,Kasganj Bareilly Passenger,KSJF,BRY,104.0,Pass
52218_BRY_KSJF,52218,Bareilly Kasganj Passenger,BRY,KSJF,104.0,Pass
52219_PBE_TPU,52219,Pilibhit Tanakpur Passenger,PBE,TPU,61.0,Pass
52220_TPU_PBE,52220,Tanakpur Pilibhit Passenger,TPU,PBE,61.0,Pass
52221_PBE_MLN,52221,Pilibhit Mailani Passenger,PBE,MLN,67.0,Pass
52222_MLN_PBE,52222,Mailani Pilibhit Passenger,MLN,PBE,67.0,Pass
52223_PBE_MLN,52223,Pilibhit Mailani Passenger,PBE,MLN,67.0,Pass
52224_LMP_PBE,52224,Lakhimpur Pilibhit Passenger,LMP,PBE,127.0,Pass
52225_PBE_LMP,52225,Pilibhit Lakhimpur Passenger,PBE,LMP,127.0,Pass
52226_MLN_PBE,52226,Mailani Pilibhit Passenger,MLN,PBE,67.0,Pass
52227_PBE_TPU,52227,Pilibhit Tanakpur Passenger,PBE,TPU,61.0,Pass
52229_SZP_TPU,52229,Shahjahanpur Tanakpur Passenger,SZP,TPU,145.0,Pass
52230_TPU_SZP,52230,Tanakpur Shahjahanpur Passenger,TPU,SZP,145.0,Pass
52231_PBE_SZP,52231,Pilibhit Shahjahanpur Passenger,PBE,SZP,84.0,Pass
52232_SZP_PBE,52232,Shahjahanpur Pilibhit Passenger,SZP,PBE,84.0,Pass
52233_PBE_SZP,52233,Pilibhit Shahjahanpur Passenger,PBE,SZP,84.0,Pass
52234_SZP_PBE,52234,Shahjahanpur Pilibhit Passenger,SZP,PBE,84.0,Pass
52235_PBE_SZP,52235,Pilibhit Shahjahanpur Passenger,PBE,SZP,84.0,Pass
55324_RMR_MB,55324,RAMNAGAR - MORADABAD PASSENGER,RMR,MB,77.0,Pass
52176_SBL_GWL,52176,Sabalgarh Gwalior Fast Passenger,SBL,GWL,92.0,Pass
52180_SRMT_DHO,52180,Sirmuttra Dhaulpur Passenger,SRMT,DHO,70.0,Pass
52184_SRMT_DHO,52184,Sirmuttra Dhaulpur Passenger,SRMT,DHO,70.0,Pass
52236_SZP_PBE,52236,Shahjahanpur Pilibhit Passenger,SZP,PBE,84.0,Pass
52237_PBE_ASSH,52237,PILIBHIT - AISHBAGH PASS,PBE,ASSH,258.0,Pass
52239_TQN_ASSH,52239,TIKUNIA - AISHBAGH PASSENGER,TQN,ASSH,269.0,Pass
52240_ASSH_TQN,52240,AISHBAGH - TIKUNIA PASSENGER,ASSH,TQN,267.0,Pass
52241_MLN_ASH,52241,Mailani Aishbagh Passenger,MLN,ASH,193.0,Pass
52242_ASH_MLN,52242,Aishbagh Mailani Passenger,ASH,MLN,193.0,Pass
52243_PBE_ASSH,52243,PILIBHIT - AISHBAGH PASSENGER,PBE,ASSH,316.0,Pass
52245_MLN_ASSH,52245,MAILANI  - AISHBAGH PASSENGER,MLN,ASSH,191.0,Pass
52246_ASSH_MLN,52246,AISHBAGH - MAILANI PASSENGER,ASSH,MLN,192.0,Pass
52247_MLN_STP,52247,Mailani Sitapur Passenger,MLN,STP,107.0,Pass
52248_STP_MLN,52248,Sitapur Mailani Passenger,STP,MLN,106.0,Pass
52249_STP_ASH,52249,Sitapur Aishbagh Passenger,STP,ASH,86.0,Pass
52250_ASSH_STP,52250,AISHBAGH - SITAPUR  PASSENGER,ASSH,STP,86.0,Pass
52251_STP_ASSH,52251,SITAPUR - AISHBAGH PASSENGER,STP,ASSH,86.0,Pass
52252_ASH_STP,52252,Aishbagh Sitapur Passenger,ASH,STP,86.0,Pass
52254_MLN_GD,52254,Mailani Gonda Passenger,MLN,GD,330.0,Pass
52255_GD_BRY,52255,Gonda Bareilly Passenger,GD,BRY,455.0,Pass
52257_GD_MLN,52257,Gonda Mailani Passenger,GD,MLN,330.0,Pass
52258_MLN_GD,52258,Mailani Gonda Passenger,MLN,GD,330.0,Pass
52259_GD_MLN,52259,Gonda Mailani Passenger,GD,MLN,330.0,Pass
52260_MLN_GD,52260,Mailani Gonda Passenger,MLN,GD,330.0,Pass
52261_GD_NPR,52261,Gonda Nepalganj Passenger,GD,NPR,114.0,Pass
52262_NPR_GD,52262,Nepalganj Gonda Passenger,NPR,GD,114.0,Pass
52263_GD_NPR,52263,Gonda Nepalganj Passenger,GD,NPR,114.0,Pass
52264_NPR_GD,52264,Nepalganj Gonda Passenger,NPR,GD,114.0,Pass
52265_GD_NPR,52265,Gonda Nepalganj Passenger,GD,NPR,114.0,Pass
52266_NPR_GD,52266,Nepalganj Gonda Passenger,NPR,GD,114.0,Pass
52267_GD_NPR,52267,Gonda Nepalganj Passenger,GD,NPR,114.0,Pass
52268_NPR_GD,52268,Nepalganj Gonda Passenger,NPR,GD,114.0,Pass
52269_ANDN_GD,52269,Anand Nagar Gonda Fast Passenger,ANDN,GD,179.0,Pass
52270_GD_ANDN,52270,Gonda Anandnagar Passenger,GD,ANDN,179.0,Pass
52271_ANDN_GD,52271,Anand Nagar Gonda Passenger,ANDN,GD,179.0,Pass
52272_GD_ANDN,52272,Gonda Anandnagar Passenger,GD,ANDN,179.0,Pass
52274_GD_ANDN,52274,Gonda Anandnagar Passenger,GD,ANDN,179.0,Pass
52276_GD_ANDN,52276,Gonda Anandnagar Passenger,GD,ANDN,179.0,Pass
52277_PLK_MLN,52277,Palia Kalan Mailani Passenger,PLK,MLN,30.0,Pass
52278_MLN_PLK,52278,Mailani Palia Kalan Passenger,MLN,PLK,30.0,Pass
52280_CPR_THE,52280,Chhapra-Thawe Passenger,CPR,THE,105.0,Pass
52282_CPR_THE,52282,Chhapra Thawe Passenger,CPR,THE,105.0,Pass
52283_THE_CPR,52283,Thawe Chhapra Passenger,THE,CPR,105.0,Pass
52285_THE_CPR,52285,Thawe Chhapra Passenger,THE,CPR,105.0,Pass
52286_CPR_THE,52286,Chhapra Thawe Passenger,CPR,THE,105.0,Pass
52287_BRY_LKKA,52287,Thawe Chhapra Passenger,BRY,LKKA,84.0,Pass
52288_LKU_BRY,52288,Chhapra Thawe Passenger,LKU,BRY,85.0,Pass
54311_BE_MB,54311,Bareilly Moradabad Passenger,BE,MB,113.0,Pass
52273_ANDN_GD,52273,Anand Nagar Gonda Passenger,ANDN,GD,179.0,Pass
52275_ANDN_GD,52275,Anand Nagar Gonda Passenger,ANDN,GD,179.0,Pass
52295_THE_CPR,52295,Bareilly Lal Kuan Passenger,THE,CPR,105.0,Pass
52297_PBE_SZP,52297,Pilibhit Shahjahanpur Passenger,PBE,SZP,84.0,Pass
52298_SZP_PBE,52298,Shahjahanpur Pilibhit Passenger,SZP,PBE,84.0,Pass
52301_BGNA_KWF,52301,Balgona-Katwa Fast Local,BGNA,KWF,27.0,Pass
52302_KWF_BGNA,52302,Katwa Balgona Local,KWF,BGNA,27.0,Pass
52322_SHC_FBG,52322,Saharsa-Forbesganj Passenger,SHC,FBG,112.0,Pass
52323_FBG_SHC,52323,Forbesganj-Saharsa Passenger,FBG,SHC,112.0,Pass
52324_SHC_FBG,52324,Saharsa-forbesganj Passenger,SHC,FBG,112.0,Pass
52325_FBG_SHC,52325,Forbesganj-Saharsa Passenger,FBG,SHC,112.0,Pass
52326_SHC_FBG,52326,Saharsa-Forbesganj Passenger,SHC,FBG,112.0,Pass
52327_FBG_SHC,52327,Forbesganj-Saharsa Passenger,FBG,SHC,112.0,Pass
52328_SHC_FBG,52328,Saharsa-Forbesganj Passenger,SHC,FBG,112.0,Pass
52329_FBG_SHC,52329,Forbesganj-Saharsa Passenger,FBG,SHC,112.0,Pass
52330_SHC_FBG,52330,Saharsa-Forbesganj Passenger,SHC,FBG,112.0,Pass
52468_BJPL_PTK,52468,BAIJNATHPAPROLA  - PATHANKOT PASSENGER,BJPL,PTK,213.0,Pass
52471_PTK_JDNX,52471,Kangra Valley Rail Passenger,PTK,JDNX,170.0,Pass
52467_PTK_BJPL,52467,Kangra Valley Rail Passenger,PTK,BJPL,147.0,Pass
52470_BJPL_PTK,52470,Kangra Valley Rail Passenger,BJPL,PTK,213.0,Pass
16311_BKN_KCVL,16311,BIKANER - KOCHUVELI Express,BKN,KCVL,3002.0,Exp
52472_JDNX_PTK,52472,JOGINDER NAGAR - PATHANKOT PASSENGER,JDNX,PTK,170.0,Pass
52474_JDNX_PTK,52474,Kangra Valley Rail Passenger,JDNX,PTK,170.0,Pass
52501_BKF_NKE,52501,BhikhnaThori Narkatiaganj Passenger,BKF,NKE,0.0,Pass
52502_NKE_BKF,52502,Narkatiaganj Bhikhna Thori Passenger,NKE,BKF,0.0,Pass
52503_BKF_NKE,52503,BhikhnaThori Narkatiaganj Passenger,BKF,NKE,0.0,Pass
52504_NKE_BKF,52504,Narkatiaganj Bhikhna Thori Passenger,NKE,BKF,0.0,Pass
52505_BKF_NKE,52505,BhikhnaThori Narkatiaganj Passenger,BKF,NKE,0.0,Pass
52506_NKE_BKF,52506,Narkatiaganj Bhikhna Thori Passenger,NKE,BKF,0.0,Pass
52507_RXL_NKE,52507,Raxaul-Narkatiaganj Passenger,RXL,NKE,40.0,Pass
52508_NKE_RXL,52508,Narkatiganj Raxaul Passenger,NKE,RXL,40.0,Pass
52509_RXL_NKE,52509,Raxaul Narkatiaganj Passenger,RXL,NKE,40.0,Pass
52510_NKE_RXL,52510,Narkatiaganj Raxaul Passenger,NKE,RXL,40.0,Pass
52511_RXL_NKE,52511,Raxaul Narkatiaganj Passenger,RXL,NKE,40.0,Pass
52512_NKE_RXL,52512,Narkatiaganj Raxaul Passenger,NKE,RXL,40.0,Pass
52515_JJP_LKQ,52515,Jhanjharpur Laukaha Bazar Passenger,JJP,LKQ,43.0,Pass
52516_LKQ_JJP,52516,Laukaha Bazar Jhanjharpur Passenger,LKQ,JJP,43.0,Pass
52518_JJP_SKI,52518,Laukaha Bazar Sakri Passenger,JJP,SKI,19.0,Pass
52519_SKI_JJP,52519,Sakri Laukaha Bazar Passenger,SKI,JJP,19.0,Pass
52520_JJP_SKI,52520,Laukaha Bazar Sakri Passenger,JJP,SKI,19.0,Pass
52521_SKI_JJP,52521,Sakri Laukaha Bazar Passenger,SKI,JJP,19.0,Pass
52522_JJP_SKI,52522,Laukaha Bazar Sakri Passenger,JJP,SKI,19.0,Pass
52523_SKI_NMA,52523,Sakri Nirmali Passenger,SKI,NMA,51.0,Pass
52524_NMA_SKI,52524,Nirmali Sakri Pass,NMA,SKI,51.0,Pass
52525_SKI_NMA,52525,Sakri Nirmali Pass,SKI,NMA,51.0,Pass
52526_NMA_SKI,52526,Nirmali Sakri Passenger,NMA,SKI,51.0,Pass
52527_SKI_NMA,52527,Sakri Nirmali Pass,SKI,NMA,51.0,Pass
52528_NMA_SKI,52528,Nirmali Sakri Pass,NMA,SKI,51.0,Pass
52529_SKI_NMA,52529,Sakri Nirmali Pass,SKI,NMA,51.0,Pass
52530_NMA_SKI,52530,Nirmali Sakri Pass,NMA,SKI,51.0,Pass
52531_SKI_NMA,52531,Sakri Nirmali Pass,SKI,NMA,51.0,Pass
52532_NMA_SKI,52532,Nirmali Sakri Pass,NMA,SKI,51.0,Pass
52534_BHGJ_BNKI,52534,Bihariganj Banmankhi Passenger,BHGJ,BNKI,27.0,Pass
52535_BNKI_BHGJ,52535,Banmankhi Bihariganj Passenger,BNKI,BHGJ,27.0,Pass
52536_BHGJ_PRNA,52536,Bihariganj Purnia Passenger,BHGJ,PRNA,64.0,Pass
52537_BNKI_BHGJ,52537,Purnia Bihariganj Passenger,BNKI,BHGJ,27.0,Pass
52538_BHGJ_PRNA,52538,Bihariganj Purnia Passenger,BHGJ,PRNA,63.0,Pass
52540_DJ_KGN,52540,Darjeeling Kurseong Toy Train,DJ,KGN,31.0,Pass
52541_NJP_DJ,52541,Kurseong Darjeeling Toy Train,NJP,DJ,88.0,Pass
52544_DJ_KGN,52544,Darjeeling Kurseong Toy Train,DJ,KGN,31.0,Pass
52545_KGN_DJ,52545,Kurseong Darjeeling Toy Train,KGN,DJ,31.0,Pass
52547_DJ_DJRZ,52547,Darjeeling Joyride,DJ,DJRZ,2.0,Toy
52548_DJ_DJRZ,52548,Darjeeling Himalayan Toy Train,DJ,DJRZ,2.0,Toy
52549_DJ_DJRZ,52549,Darjeeling Himalayan Toy Train,DJ,DJRZ,2.0,Toy
52550_DJ_DJRZ,52550,Darjeeling Joyride,DJ,DJRZ,0.0,Toy
52552_MRIJ_PRNA,52552,Murliganj-Purnia Passenger,MRIJ,PRNA,56.0,Pass
52553_PRNA_MRIJ,52553,Purnia Murliganj Passenger,PRNA,MRIJ,56.0,Pass
52566_JRBM_SCL,52566,JIRIBAM - SILCHAR MG Passenger,JRBM,SCL,56.0,Pass
18005_HWH_JDB,18005,HOWRAH - JAGDALPUR Samaleshwari Exp,HWH,JDB,1057.0,Exp
52554_MRIJ_PRNA,52554,Muraliganj Purnia Passenger,MRIJ,PRNA,56.0,Pass
52556_BDMA_BNKI,52556,Budhma Banmankhi Passenger,BDMA,BNKI,34.0,Pass
52557_BNKI_BDMA,52557,Banmankhi Budhma Passenger,BNKI,BDMA,34.0,Pass
52558_BDMA_BNKI,52558,Budhma Banmankhi Passenger,BDMA,BNKI,34.0,Pass
52563_AGTL_SCL,52563,Agartala Silchar Passenger,AGTL,SCL,257.0,Pass
52564_SCL_AGTL,52564,Silchar Agartala Passenger,SCL,AGTL,257.0,Pass
52565_SCL_JRBM,52565,SILCHAR - JIRIBAM MG Passenger,SCL,JRBM,56.0,Pass
52567_BPB_BHRB,52567,Badarpur Bhairabhi Passenger,BPB,BHRB,94.0,Pass
52568_BHRB_BPB,52568,Bhairabhi Badarpur Passenger,BHRB,BPB,94.0,Pass
52569_KXJ_DLCR,52569,Karimganj Dullabcherra Passenger,KXJ,DLCR,51.0,Pass
52570_DLCR_KXJ,52570,Dullabcherra Karimganj Passenger,DLCR,KXJ,51.0,Pass
52571_KGN_DJ,52571,Karimganj Dullabcherra Passenger,KGN,DJ,28.0,Pass
52572_DLCR_KXJ,52572,Dullabcherra Karimganj Passenger,DLCR,KXJ,51.0,Pass
52575_AGTL_DMR,52575,Agartala Dharmanagar Passenger,AGTL,DMR,141.0,Pass
52576_DMR_AGTL,52576,Dharmanagar Agartala Passenger,DMR,AGTL,141.0,Pass
52577_DMR_SCL,52577,Dharmanagar Silchar Passenger,DMR,SCL,116.0,Pass
52578_SCL_DMR,52578,Silchar Dharmanagar Passenger,SCL,DMR,116.0,Pass
52579_AGTL_DMR,52579,Agartala Dharmanagar Passenger,AGTL,DMR,141.0,Pass
52580_DMR_AGTL,52580,Dharmanagar Agartala Passenger,DMR,AGTL,141.0,Pass
52901_MSH_ADI,52901,Mahesana Ahmedabad Passenger,MSH,ADI,67.0,Pass
52903_MSH_ADI,52903,Mahesana Ahmedabad Passenger,MSH,ADI,69.0,Pass
52904_ADI_MSH,52904,Ahmedabad Mahesana Passenger,ADI,MSH,69.0,Pass
52906_ADI_MSH,52906,Ahmedabad Mahesana Passenger,ADI,MSH,69.0,Pass
52907_MSH_ADI,52907,Mahesana Ahmedabad Passenger,MSH,ADI,69.0,Pass
52908_ADI_MSH,52908,Ahmedabad Mahesana Passenger,ADI,MSH,69.0,Pass
52909_MSH_ADI,52909,Mahesana Ahmedabad Passenger,MSH,ADI,69.0,Pass
52910_ADI_MSH,52910,Ahmedabad Mahesana Fast Passenger,ADI,MSH,69.0,Pass
52911_RUJ_ADI,52911,Ranuj Ahmedabad Fast Passenger,RUJ,ADI,129.0,Pass
52912_ADI_RUJ,52912,Ahmedabad Ranuj Fast Passenger,ADI,RUJ,129.0,Pass
52913_RUJ_ADI,52913,Patan Ahmedabad Passenger,RUJ,ADI,125.0,Pass
52914_ADI_RUJ,52914,Ahmedabad Ranuj Passenger,ADI,RUJ,125.0,Pass
52915_NHM_ADI,52915,Nandol Dehegam Ahmedabad Passenger,NHM,ADI,73.0,Pass
52916_ADI_NHM,52916,Ahmedabad Nandol Dehegam Passenger,ADI,NHM,73.0,Pass
52917_NHM_ADI,52917,Nandol Dehegam Ahmedabad Passenger,NHM,ADI,73.0,Pass
52918_ADI_NHM,52918,Ahmedabad Nandol Dehegam Passenger,ADI,NHM,73.0,Pass
52919_HMT_ADI,52919,Himmatnagar Ahmedabad Passenger,HMT,ADI,133.0,Pass
52920_ADI_HMT,52920,Ahmedabad Himmatnagar Passenger,ADI,HMT,133.0,Pass
52921_HMT_ADI,52921,Himmatnagar Ahmedabad Passenger,HMT,ADI,133.0,Pass
52922_ADI_HMT,52922,Ahmedabad Himmatnagar Pass,ADI,HMT,133.0,Pass
52923_KDBM_ADI,52923,Khed Brahma Ahmedabad Passenger,KDBM,ADI,188.0,Pass
52924_ADI_KDBM,52924,Ahmedabad Khed Brahma Passenger,ADI,KDBM,188.0,Pass
52926_ADI_KDBM,52926,Ahmedabad Khed Brahma Passenger,ADI,KDBM,188.0,Pass
52927_UDZ_ADI,52927,Udaipur Ahmedabad Fast Passenger,UDZ,ADI,298.0,Pass
52928_ADI_UDZ,52928,Mewar Fast Passenger,ADI,UDZ,298.0,Pass
52929_VRL_DAS,52929,Veraval Dhasa Passenger,VRL,DAS,190.0,Pass
52930_DAS_VRL,52930,Dhasa Veraval Passenger,DAS,VRL,190.0,Pass
22464_BKN_DEE,22464,Rajasthan Sampark Kranti Express,BKN,DEE,685.0,SKr
52931_JLR_DAS,52931,Jetalsar Dhasa Passenger,JLR,DAS,105.0,Pass
52932_DAS_JLR,52932,Dhasa Jetalsar Passenger,DAS,JLR,105.0,Pass
52933_VRL_DAS,52933,Veraval Dhasa Passenger,VRL,DAS,190.0,Pass
52935_GG_BTD,52935,Ahmedabad Botad Passenger,GG,BTD,155.0,Pass
52937_FTD_UJN,52937,Fatehabad Chowk Ujjain Passenger,FTD,UJN,23.0,Pass
52938_BTD_GG,52938,Botad Ahmedabad Passenger,BTD,GG,155.0,Pass
52939_GG_BTD,52939,Gandhigram Botad Passenger,GG,BTD,155.0,Pass
52942_BTDF_GG,52942,SBI-BTD - GANDHIGRAM PASSENGER,BTDF,GG,155.0,Pass
52943_GG_BTD,52943,Ahmedabad Botad Passenger,GG,BTD,155.0,Pass
52945_GG_BTD,52945,Ahmedabad Botad Passenger,GG,BTD,155.0,Pass
52946_DAS_VRL,52946,Dhasa Veraval Passenger,DAS,VRL,190.0,Pass
52947_JLR_DAS,52947,Wansjaliya Dhassa Passenger,JLR,DAS,105.0,Pass
52948_DAS_JLR,52948,Dhasa Wansjaliya Passenger,DAS,JLR,105.0,Pass
52949_VRL_DVA,52949,Veraval Delvada Passenger,VRL,DVA,94.0,Pass
52950_DVA_VRL,52950,Delvada Veraval Passenger,DVA,VRL,94.0,Pass
52951_DVA_JND,52951,Delvada Junagadh Passenger,DVA,JND,158.0,Pass
52952_JND_DVA,52952,Junagadh Delvada Passenger,JND,DVA,158.0,Pass
52953_KODR_VRL,52953,Kodinar Veraval Passenger,KODR,VRL,71.0,Pass
52954_VRL_KODR,52954,Veraval Kodinar Passenger,VRL,KODR,71.0,Pass
52955_KJV_JND,52955,Khijadiya Junagarh Pass,KJV,JND,134.0,Pass
52956_JND_KJV,52956,JUNAGADH KHIJADIYA PASS,JND,KJV,134.0,Pass
52957_RTM_MHOW,52957,Ratlam Mhow Fast Passenger,RTM,MHOW,147.0,Pass
52958_MHOW_RTM,52958,Mhow Ratlam Fast Passenger,MHOW,RTM,147.0,Pass
52959_RTM_MHOW,52959,Ratlam Mhow Fast Passenger,RTM,MHOW,147.0,Pass
52960_MHOW_RTM,52960,Mhow Ratlam Fast Passenger,MHOW,RTM,147.0,Pass
52961_RTM_MHOW,52961,Ratlam Mhow Fast Passenger,RTM,MHOW,147.0,Pass
52962_MHOW_RTM,52962,Mhow Ratlam Fast Passenger,MHOW,RTM,147.0,Pass
52963_RTM_MHOW,52963,Ratlam Mhow Fast Passenger,RTM,MHOW,147.0,Pass
52964_MHOW_RTM,52964,Mhow Ratlam Fast Passenger,MHOW,RTM,147.0,Pass
52965_RTM_MHOW,52965,Ratlam Mhow Fast Passenger,RTM,MHOW,147.0,Pass
52966_MHOW_RTM,52966,Mhow Ratlam Passenger,MHOW,RTM,147.0,Pass
52967_INDM_MHOW,52967,Indore Mhow Fast Passenger,INDM,MHOW,29.0,Pass
52968_MHOW_INDM,52968,Mhow Indore Fast Passenger,MHOW,INDM,29.0,Pass
52969_UJN_FTD,52969,Ujjain Fatehabad Passenger,UJN,FTD,23.0,Pass
52970_FTD_UJN,52970,Fatehabad Chowk Ujjain Passenger,FTD,UJN,23.0,Pass
52971_UJN_MHOW,52971,Ujjain Mhow Passenger,UJN,MHOW,91.0,Pass
52972_MHOW_UJN,52972,Mhow Ujjain Passenger,MHOW,UJN,91.0,Pass
52973_RTM_AK,52973,Ratlam Akola Passenger,RTM,AK,431.0,Pass
52975_RTM_AK,52975,Ratlam Akola Passenger,RTM,AK,431.0,Pass
52976_AK_RTM,52976,Akola Ratlam Fast Pass,AK,RTM,431.0,Pass
52977_INDM_MHOW,52977,Indore Mhow Fast Passenger,INDM,MHOW,29.0,Pass
52978_MHOW_INDB,52978,Mhow-Indore Passenger,MHOW,INDB,29.0,Pass
52979_INDB_MHOW,52979,Indore Mhow Passenger,INDB,MHOW,29.0,Pass
52980_MHOW_INDB,52980,MHOW - INDM Passenger,MHOW,INDB,29.0,Pass
52981_INDB_MHOW,52981,Indore Mhow Fast Passenger,INDB,MHOW,29.0,Pass
52982_MHOW_INDB,52982,Mhow Indore MG Fast Passenger,MHOW,INDB,29.0,Pass
52983_FTD_MHOW,52983,Fatehabad Mhow Passenger,FTD,MHOW,68.0,Pass
14202_RBL_JNU,14202,Rai Bareli Jaunpur Express,RBL,JNU,203.0,Exp
15632-Slip_GHY_BKN,15632-Slip,Guwahati Barmer Express Slip,GHY,BKN,2333.0,Exp
18508_ASR_VSKP,18508,AMRITSAR - VISAKHAPATNAM Hirakud Exp,ASR,VSKP,2574.0,Exp
25631_BKN_GHY,25631,Bikaner Guwahati Express,BKN,GHY,2333.0,Exp
52984_MHOW_FTD,52984,Mhow Fatehabad Fast Passenger,MHOW,FTD,68.0,Pass
52985_INDB_MHOW,52985,Indore Mg Mhow Passenger,INDB,MHOW,29.0,Pass
52986_MHOW_INDB,52986,Mhow Indore MG Pass,MHOW,INDB,29.0,Pass
52987_MHOW_AK,52987,Mhow Akola Fast Passenger,MHOW,AK,292.0,Pass
52988_AK_MHOW,52988,Akola Mhow Fast Passenger,AK,MHOW,292.0,Pass
52989_UJN_MHOW,52989,Ujjain Mhow Passenger,UJN,MHOW,91.0,Pass
52990_MHOW_UJN,52990,Mhow Ujjain Passenger,MHOW,UJN,91.0,Pass
52991_UJN_KNW,52991,Ujjain Khandwa Passenger,UJN,KNW,204.0,Pass
52992_KNW_UJN,52992,Khandwa Ujjain Passenger Express,KNW,UJN,204.0,Pass
52993_MHOW_AK,52993,Mhow Akola Passenger,MHOW,AK,292.0,Pass
52994_AK_MHOW,52994,Akola Mhow Passenger,AK,MHOW,292.0,Pass
53001_HWH_AZ,53001,Howrah Azimganj Passenger,HWH,AZ,217.0,Pass
53002_AZ_HWH,53002,Azimganj Howrah Passenger,AZ,HWH,217.0,Pass
53003_HWH_MLDT,53003,Howrah Malda Town Fast Passenger,HWH,MLDT,339.0,Pass
53004_MLDT_HWH,53004,Malda Howrah Fast Passenger,MLDT,HWH,339.0,Pass
53006_AZ_KWAE,53006,Azimganj Katwa Passenger,AZ,KWAE,73.0,Pass
53007_KWAE_RPH,53007,Katwa Rampurhat Passenger,KWAE,RPH,134.0,Pass
53008_RPH_KWAE,53008,Rampurhat Katwa Passenger,RPH,KWAE,134.0,Pass
53010_AZ_KWAE,53010,Azimganj Katwa Passenger,AZ,KWAE,73.0,Pass
53012_AZ_KWAE,53012,Azimganj Katwa Passenger,AZ,KWAE,73.0,Pass
53014_AZ_KWAE,53014,Azimganj Katwa Passenger,AZ,KWAE,73.0,Pass
53016_AZ_KWAE,53016,Azimganj Katwa Passenger,AZ,KWAE,73.0,Pass
53017_KWAE_AZ,53017,Katwa Azimganj Passenger,KWAE,AZ,73.0,Pass
53018_AZ_KWAE,53018,Azimganj Katwa Passenger,AZ,KWAE,73.0,Pass
53022_BGP_AZ,53022,Bhagalpur Azimganj Passenger,BGP,AZ,226.0,Pass
53035_AZ_BHW,53035,Azimganj Barharwa Passenger,AZ,BHW,94.0,Pass
53043_HWH_RGD,53043,Howrah-Rajgir Fast Passenger,HWH,RGD,651.0,Pass
53044_RGD_HWH,53044,Rajgir-Howrah Fast Passenger,RGD,HWH,676.0,Pass
53045_HWH_RPH,53045,Mayurakshi Fast Passenger,HWH,RPH,288.0,Pass
53046_RPH_HWH,53046,Mayurakshi Fast Passenger,RPH,HWH,288.0,Pass
53047_HWH_RPH,53047,Viswabharati Fast Passenger,HWH,RPH,219.0,Pass
53048_RPH_HWH,53048,Viswabharati Fast Passenger,RPH,HWH,219.0,Pass
53050_MKA_HWH,53050,Mokameh Howrah Passenger,MKA,HWH,455.0,Pass
53061_BWN_HTE,53061,Barddhaman-Hatia Passenger,BWN,HTE,345.0,Pass
53062_HTE_BWN,53062,Hatia Barddhaman Passenger,HTE,BWN,333.0,Pass
53064_BHW_BWN,53064,Barharwa Barddhaman Passenger,BHW,BWN,212.0,Pass
53065_BWN_RPH,53065,Barddhaman Rampurhat Passenger,BWN,RPH,112.0,Pass
53066_RPH_BWN,53066,Rampurhat Barddhaman Passenger,RPH,BWN,112.0,Pass
53067_BWN_RPH,53067,Barddhaman Rampurhat Passenger,BWN,RPH,112.0,Pass
53208_BXR_IPR,53208,Buxar Islampur Passenger,BXR,IPR,181.0,Pass
53213_BXR_MGS,53213,Buxar Mughal Sarai Passenger,BXR,MGS,94.0,Pass
53215_BXR_MGS,53215,Buxar Mughal Sarai Passenger,BXR,MGS,94.0,Pass
53217_BXR_MGS,53217,Buxar Mughal Sarai Passenger,BXR,MGS,94.0,Pass
18047_HWH_VSG,18047,HOWRAH - VASCO DA GAMA Amravati Exp,HWH,VSG,2147.0,Exp
51196_BPQ_CSTM,51196,Ballarshah Wardha Mumbai Passenger,BPQ,CSTM,891.0,Pass
53068_RPH_BWN,53068,Rampurhat Barddhaman Passenger,RPH,BWN,112.0,Pass
53070_RPH_BWN,53070,Rampurhat Barddhaman Passenger,RPH,BWN,112.0,Pass
53073_RPH_SBG,53073,Rampurhat Sahibganj Passenger,RPH,SBG,133.0,Pass
53074_SBG_RPH,53074,Sahibganj Rampurhat Passenger,SBG,RPH,133.0,Pass
53132_MFP_SDAH,53132,Muzaffarpur Sealdah Passenger,MFP,SDAH,568.0,Pass
53135_SDAH_RPH,53135,Sealdah Rampurhat Passenger,SDAH,RPH,227.0,Pass
53136_RPH_SDAH,53136,Rampurhat Sealdah Passenger,RPH,SDAH,227.0,Pass
53137_RPH_BHW,53137,Rampurhat- Barharwa Passenger,RPH,BHW,79.0,Pass
53139_KOAA_CRJ,53139,KolkataChitpur-Chittaranjan Passenger,KOAA,CRJ,241.0,Pass
53140_CRJ_KOAA,53140,Chittranjan-KolkataChitpur Passenger,CRJ,KOAA,241.0,Pass
53152_LGL_RHA,53152,Lalgola Ranaghat Passenger,LGL,RHA,154.0,Pass
53153_RHA_LGL,53153,Ranaghat Lalgola Passenger,RHA,LGL,154.0,Pass
53154_LGL_RHA,53154,Lalgola Ranaghat Passenger,LGL,RHA,154.0,Pass
53155_RHA_LGL,53155,Ranaghat Lalgola Passenger,RHA,LGL,154.0,Pass
53156_LGL_RHA,53156,LGL Ranaghat Passenger,LGL,RHA,154.0,Pass
53172_LGL_SDAH,53172,Lalgola Sealdah Passenger,LGL,SDAH,227.0,Pass
53173_SDAH_LGL,53173,Sealdah Lalgola Passenger,SDAH,LGL,227.0,Pass
53174_LGL_SDAH,53174,Lalgola Sealdah Passenger,LGL,SDAH,227.0,Pass
53175_SDAH_LGL,53175,Sealdah Lalgola Passenger,SDAH,LGL,227.0,Pass
53177_SDAH_LGL,53177,Sealdah Lalgola Fast Passenger,SDAH,LGL,227.0,Pass
53178_LGL_SDAH,53178,Lalgola Sealdah Fast Passenger,LGL,SDAH,227.0,Pass
53179_KOAA_LGL,53179,Kolkata Lalgola Passenger,KOAA,LGL,227.0,Pass
53180_LGL_SDAH,53180,Lalgola Kolkata Passenger,LGL,SDAH,227.0,Pass
53181_SDAH_LGL,53181,Lalgola Passenger,SDAH,LGL,227.0,Pass
53203_PNBE_BXR,53203,Patna Buxar Passenger,PNBE,BXR,117.0,Pass
53204_BXR_PNBE,53204,Buxar Patna Passenger,BXR,PNBE,117.0,Pass
53205_PNBE_BXR,53205,Patna Buxar Passenger,PNBE,BXR,117.0,Pass
53206_BXR_PNBE,53206,Buxar Patna Passenger,BXR,PNBE,117.0,Pass
53207_IPR_BXR,53207,Islampur Buxar Passenger,IPR,BXR,181.0,Pass
53214_MGS_BXR,53214,Mughal Sarai Buxar Passenger,MGS,BXR,94.0,Pass
53216_MGS_BXR,53216,Mughal Sarai Buxar Passenger,MGS,BXR,94.0,Pass
53218_MGS_BXR,53218,Mughal Sarai Buxar Passenger,MGS,BXR,94.0,Pass
53219_BXR_MGS,53219,Buxar Mughal Sarai Passenger,BXR,MGS,94.0,Pass
53227_DBG_PNBE,53227,Darbhanga-Patna Kamala Ganga Fast Passenger,DBG,PNBE,196.0,Pass
53228_PNBE_DBG,53228,Kamla Ganga Fast Passenger,PNBE,DBG,197.0,Pass
53229_RGD_DNR,53229,Rajgir Danapur Passenger,RGD,DNR,108.0,Pass
53230_DNR_RGD,53230,Danapur Rajgir Passenger,DNR,RGD,108.0,Pass
53231_DNR_RGD,53231,Danapur Rajgir Passenger,DNR,RGD,108.0,Pass
53232_RGD_DNR,53232,Rajgir Danapur Passenger,RGD,DNR,108.0,Pass
53321_ASN_DHN,53321,ASANSOL DHANBAD PASS,ASN,DHN,59.0,Pass
53322_DHN_ASN,53322,Dhanbad-Asansol Passenger MEMU,DHN,ASN,59.0,Pass
53343_GMO_CPU,53343,NSCB GOMOH - CHOPAN Passenger,GMO,CPU,455.0,Pass
53344_CPU_GMO,53344,CHOPAN - NSCB GOMOH Passenger,CPU,GMO,455.0,Pass
53345_CPU_ALD,53345,CHOPAN - ALLAHABAD Passenger,CPU,ALD,223.0,Pass
53346_ALD_CPU,53346,ALLAHABAD - CHOPAN Passenger,ALD,CPU,223.0,Pass
13071_HWH_JMP,13071,Jamalpur Express,HWH,JMP,467.0,Exp
18235_BPL_BSP,18235,Bilaspur Express Cum Passenger,BPL,BSP,717.0,Exp
18409_HWH_PURI,18409,Sri Jagannath Express,HWH,PURI,502.0,Exp
18645_HWH_HYB,18645,East Coast Express,HWH,HYB,1592.0,Exp
19306_HWH_INDB,19306,Shipra Express,HWH,INDB,1754.0,Exp
22308_BKN_HWH,22308,Bikaner-Howrah SF Express,BKN,HWH,1882.0,SF
23040_RGD_HWH,23040,Rajgir Howrah Passenger,RGD,HWH,552.0,Pass
37355_HWH_TAK,37355,Howrah-Tarakeswar Local,HWH,TAK,57.0,MEMU
38442_PKU_HWH,38442,Panskura Howrah EMU,PKU,HWH,71.0,MEMU
43891_AVD_PRES,43891,Avadi Pattabiram East EMU,AVD,PRES,10.0,MEMU
51816_AGC_JHS,51816,Agra Jhansi Passenger,AGC,JHS,216.0,Pass
53049_HWH_MKA,53049,Howrah Mokameh Passenger,HWH,MKA,455.0,Pass
53323_SNDT_DHN,53323,SINDRI TOWN DHANBAD PASSSENGE,SNDT,DHN,27.0,Pass
53324_DHN_SNDT,53324,Dhanbad Sindri Town Passenger,DHN,SNDT,27.0,Pass
53325_SNDT_DHN,53325,Sindri Town Dhanbad Passenger,SNDT,DHN,27.0,Pass
53326_DHN_SNDT,53326,Dhanbad Sindri Town Passenger,DHN,SNDT,27.0,Pass
53327_SNDT_GMO,53327,Sindri Town Gomoh Passenger,SNDT,GMO,56.0,Pass
53328_GMO_SNDT,53328,Gomoh Sindri Town Passenger,GMO,SNDT,56.0,Pass
53333_SNDT_DHN,53333,Sindri Town Dhanbad Passenger,SNDT,DHN,27.0,Pass
53334_DHN_SNDT,53334,DHANBAD SINDRI TOWN PASSENGER,DHN,SNDT,27.0,Pass
53336_RNC_DHN,53336,Ranchi Dhanbad Passenger,RNC,DHN,161.0,Pass
53337_GBA_RNC,53337,Garhbeta Ranchi Passenger,GBA,RNC,269.0,Pass
53338_RNC_GBA,53338,Ranchi Garhbeta Passenger,RNC,GBA,269.0,Pass
53339_DHN_CRP,53339,Dhanbad Chandrapura Passenger,DHN,CRP,34.0,Pass
53340_CRP_DHN,53340,Chandrapura Dhanbad Passenger,CRP,DHN,34.0,Pass
53341_DHN_MURI,53341,Dhanbad-Muri Passenger,DHN,MURI,101.0,Pass
53342_MURI_DHN,53342,Muri-Dhanbad Passenger,MURI,DHN,101.0,Pass
53347_GMO_BRWD,53347,Gomoh Barwadih Passenger,GMO,BRWD,255.0,Pass
53348_BRWD_GMO,53348,Barwadih Gomoh Passenger,BRWD,GMO,255.0,Pass
53350_DOS_BRWD,53350,Dehri on Sone Barwadih Passenger,DOS,BRWD,164.0,Pass
53351_BRWD_CAR,53351,Barwadih-Chunar Passenger,BRWD,CAR,303.0,Pass
53352_CAR_CPU,53352,Chunar Chopan Passenger,CAR,CPU,103.0,Pass
53358_DOS_BRKA,53358,Dehari On Sone - Barkakana Passenger,DOS,BRKA,319.0,Pass
53359_GMO_BRKA,53359,Gomoh Barka Kana Passenger,GMO,BRKA,100.0,Pass
53360_BRKA_GMO,53360,Barkakana-NSBC Gomoh Passenger,BRKA,GMO,100.0,Pass
53361_BRKA_BSB,53361,Barka Kana Varanasi Passenger,BRKA,BSB,456.0,Pass
53362_BSB_BRKA,53362,Varanasi-Barkakana Passenger,BSB,BRKA,456.0,Pass
53364_DOS_GAYA,53364,Dehri On Sone Gaya Passenger,DOS,GAYA,85.0,Pass
53401_SBG_MLDT,53401,Sahibganj- Malda Town Passenger,SBG,MLDT,105.0,Pass
53402_MLDT_SBG,53402,Malda Town- Sahibganj Passenger,MLDT,SBG,106.0,Pass
53403_RPH_GAYA,53403,Rampurhat Gaya Passenger,RPH,GAYA,435.0,Pass
53406_SBG_RPH,53406,Sahibganj- Rampurhat Passenger,SBG,RPH,133.0,Pass
53412_SBG_BHW,53412,Sahibganj Barharwa Passenger,SBG,BHW,53.0,Pass
53417_BWN_MLDT,53417,Barddhaman MaldaTown Passenger,BWN,MLDT,233.0,Pass
53418_MLDT_BWN,53418,Malda Town Barddhaman Passenger,MLDT,BWN,233.0,Pass
53551_JSME_DUMK,53551,Jasidih-Dumka Passenger,JSME,DUMK,72.0,Pass
53553_JSME_DUMK,53553,Jasidih-Dumka Passenger,JSME,DUMK,72.0,Pass
53567_ASN_JAJ,53567,asansol jhajha mEMU,ASN,JAJ,155.0,Pass
11055_LTT_GKP,11055,MUMBAI LTT - GORAKHPUR Exp,LTT,GKP,1733.0,Exp
11107_GWL_BSB,11107,Gwalior-Varanasi Bundelkhand Express,GWL,BSB,624.0,Exp
15270_ADI_MFP,15270,AHMEDABAD - MUZAFFARPUR Jan Sadharan Exp,ADI,MFP,1752.0,Exp
16519_JTJ_SBC,16519,JOLARPETTAI - BANGALORE Exp,JTJ,SBC,145.0,Exp
32252_DKAE_SDAH,32252,Dankuni Sealdah Local,DKAE,SDAH,22.0,MEMU
51253_AMLA_CWA,51253,Amla Chhindwara Passenger,AMLA,CWA,115.0,Pass
51882_AGC_GWL,51882,Agra Gwalior Fast Passenger,AGC,GWL,118.0,Pass
52173_GWL_SBL,52173,Gwalior Sabalgarh Passenger,GWL,SBL,92.0,Pass
53442_BGP_MDLE,53442,Bhagalpur Mandar Hill Passenger,BGP,MDLE,0.0,Pass
53481_TPH_RJL,53481,Tinpahar Rajmahal Pass,TPH,RJL,11.0,Pass
53482_RJL_TPH,53482,Rajmahal Tinpahar Passenger,RJL,TPH,11.0,Pass
53483_TPH_RJL,53483,Tinpahar Rajmahal Pass,TPH,RJL,11.0,Pass
53484_RJL_TPH,53484,Rajmahal Tinpahar Passenger,RJL,TPH,11.0,Pass
53485_TPH_RJL,53485,Tinpahar Rajmahal Pass,TPH,RJL,11.0,Pass
53487_TPH_RJL,53487,Tinpahar Rajmahal Pass,TPH,RJL,11.0,Pass
53490_RJL_TPH,53490,Rajmahal Tinpahar Passenger,RJL,TPH,11.0,Pass
53491_TPH_RJL,53491,Tinpahar Rajmahal Pass,TPH,RJL,11.0,Pass
53492_RJL_TPH,53492,Rajmahal Tinpahar Passenger,RJL,TPH,11.0,Pass
53493_TPH_RJL,53493,Tinpahar Rajmahal Pass,TPH,RJL,11.0,Pass
53494_RJL_TPH,53494,Rajmahal-Teenpahar Pass.,RJL,TPH,11.0,Pass
53511_MDP_GRD,53511,Madhupur Giridih Pass,MDP,GRD,38.0,Pass
53512_GRD_MDP,53512,GIRIDIH MADHUPUR PASS,GRD,MDP,38.0,Pass
53513_MDP_GRD,53513,MADHUPUR GIRIDIH PASS,MDP,GRD,36.0,Pass
53514_GRD_MDP,53514,Giridih-Madhupur Passenger,GRD,MDP,36.0,Pass
53517_MDP_GRD,53517,MADHUPUR GIRIDIH PASS,MDP,GRD,38.0,Pass
53518_GRD_MDP,53518,GIRIDIH MADHUPUR PASS,GRD,MDP,38.0,Pass
53519_MDP_GRD,53519,MADHUPUR GIRIDIH PASS,MDP,GRD,38.0,Pass
53520_GRD_MDP,53520,Giridih-Madhupur Passenger,GRD,MDP,36.0,Pass
53547_UDL_STN,53547,Andal-Jasidih Passenger,UDL,STN,34.0,Pass
53548_JSME_UDL,53548,Jasidih Andal Passenger,JSME,UDL,136.0,Pass
53552_DUMK_JSME,53552,Dumka-Jasidih Passenger,DUMK,JSME,72.0,Pass
53554_DUMK_JSME,53554,Dumka-Jasidih Passenger,DUMK,JSME,72.0,Pass
53602_DOS_GAYA,53602,Dehri On Sone Gaya Passenger,DOS,GAYA,85.0,Pass
53603_GAYA_DOS,53603,Gaya Dehri On Sone Passenger,GAYA,DOS,85.0,Pass
53604_DOS_GAYA,53604,Dehri-on-Sone Gaya Passenger,DOS,GAYA,85.0,Pass
53607_GAYA_DOS,53607,Gaya Dehri on Sone Passenger,GAYA,DOS,85.0,Pass
53641_DLN_MGS,53641,Dildarnagar Mughal Sarai Passenger,DLN,MGS,58.0,Pass
53643_DLN_TRG,53643,Dildarnagar Tarighat Passenger,DLN,TRG,19.0,Pass
53644_TRG_DLN,53644,Tarighat Dildarnagar Passenger,TRG,DLN,19.0,Pass
53645_DLN_TRG,53645,Dildarnagar Tarighat Passenger,DLN,TRG,19.0,Pass
53646_TRG_DLN,53646,Tarighat Dildarnagar Passenger,TRG,DLN,19.0,Pass
53647_DLN_TRG,53647,Dildarnagar Tarighat Passenger,DLN,TRG,19.0,Pass
54001_TKJ_ROK,54001,Tilak Bridge Rohtak Shuttle,TKJ,ROK,73.0,Pass
54002_ROK_TKJ,54002,Rohtak Tilak Bridge Passenger,ROK,TKJ,73.0,Pass
54011_TKJ_RE,54011,Rewari Passenger,TKJ,RE,86.0,Pass
54012_RE_TKJ,54012,Rewari Tilak Bridge Passenger,RE,TKJ,86.0,Pass
54022_TKJ_BSC,54022,Tilak Bridge Delhi Bulandshahr Passenger,TKJ,BSC,124.0,Pass
57517_HYB_TDU,57517,Hyderabad-Tandur Passenger,HYB,TDU,116.0,Pass
19916_ADI_MSH,19916,Ahmedabad Mahesana InterCity,ADI,MSH,69.0,Exp
53036_BHW_AZ,53036,Barharwa Azimganj Passenger,BHW,AZ,94.0,Pass
53609_DOS_MGS,53609,Dehri on Sone Mughal Sarai Passenger,DOS,MGS,120.0,Pass
53611_BRWD_DOS,53611,Barwadih Dehri on Sone Passenger,BRWD,DOS,164.0,Pass
53612_DOS_BRWD,53612,Dehri on Sone Barwadih Passenger,DOS,BRWD,164.0,Pass
53614_MGS_GAYA,53614,Mughal Sarai Gaya Fast Passenger,MGS,GAYA,205.0,Pass
53616_GAYA_JMP,53616,GAYA JAMALPUR PASS,GAYA,JMP,183.0,Pass
53623_JAJ_GAYA,53623,JHAJHA - GAYA Passenger,JAJ,GAYA,182.0,Pass
53624_GAYA_JAJ,53624,GAYA - JHAJHA Passenger,GAYA,JAJ,182.0,Pass
53625_KIUL_GAYA,53625,Kiul Gaya Passenger,KIUL,GAYA,129.0,Pass
53626_GAYA_KIUL,53626,Gaya Kiul Passenger,GAYA,KIUL,129.0,Pass
53627_KIUL_GAYA,53627,Kiul Gaya Passenger,KIUL,GAYA,129.0,Pass
53628_GAYA_KIUL,53628,Gaya Kiul Passenger,GAYA,KIUL,129.0,Pass
53629_KIUL_GAYA,53629,Kiul Gaya Passenger,KIUL,GAYA,129.0,Pass
53630_GAYA_KIUL,53630,Gaya Kiul Passenger,GAYA,KIUL,129.0,Pass
53631_KIUL_GAYA,53631,Kiul Gaya Passenger,KIUL,GAYA,129.0,Pass
53632_GAYA_KIUL,53632,Gaya Kiul Passenger,GAYA,KIUL,129.0,Pass
53642_MGS_DLN,53642,Mughal Sarai Dildarnagar Passenger,MGS,DLN,58.0,Pass
53648_TRG_DLN,53648,Tarighat Dildarnagar Passenger,TRG,DLN,19.0,Pass
53653_PNBE_GAYA,53653,Patna Gaya Passenger,PNBE,GAYA,92.0,Pass
53654_GAYA_PNBE,53654,Gaya Patna Passenger MEMU,GAYA,PNBE,92.0,Pass
53659_PNBE_SSM,53659,Patna-Sasaram Passenger,PNBE,SSM,146.0,Pass
54003_KSV_NZM,54003,H Nizamuddin Kosi Kalan,KSV,NZM,93.0,Pass
54004_NZM_KSV,54004,H Nizamuddin Kosi Kalan,NZM,KSV,93.0,Pass
54006_JIND_ROK,54006,JIND - ROHTAK  Passenger (UnReserved),JIND,ROK,141.0,Pass
54007_ROK_JIND,54007,ROHTAK - PANIPAT - JIND Passenger (UnReserved),ROK,JIND,141.0,Pass
54008_JIND_ROK,54008,JIND - ROHTAK PASSENGER,JIND,ROK,141.0,Pass
54009_ROK_JIND,54009,JIND - ROHTAK PASSENGER,ROK,JIND,141.0,Pass
54013_ROK_BNW,54013,Rohtak Bhiwani Passenger,ROK,BNW,49.0,Pass
54014_BNW_ROK,54014,Bhiwani Rohtak Passenger,BNW,ROK,49.0,Pass
54015_ROK_BNW,54015,Rohtak Bhiwani Passenger,ROK,BNW,49.0,Pass
54016_BNW_ROK,54016,Bhiwani Rohtak Passenger,BNW,ROK,49.0,Pass
54018_BNW_ROK,54018,Bhiwani Rohtak Passenger,BNW,ROK,49.0,Pass
54021_BSC_NDLS,54021,Tilak Bridge Passenger,BSC,NDLS,101.0,Pass
54023_ROK_JIND,54023,Rohtak Jind Passenger,ROK,JIND,57.0,Pass
54024_JIND_DLI,54024,Jind Delhi Passenger,JIND,DLI,127.0,Pass
54043_JIND_SSA,54043,Jind Sirsa Passenger,JIND,SSA,245.0,Pass
54044_SSA_JIND,54044,Sirsa Jind Passenger,SSA,JIND,245.0,Pass
54045_JIND_FZR,54045,Jind Firozpur Passenger,JIND,FZR,258.0,Pass
54046_FZR_JIND,54046,Jind Firozpur Passenger,FZR,JIND,258.0,Pass
54051_LDH_FZR,54051,Ludhiana Firozpur Passenger,LDH,FZR,124.0,Pass
54052_FZR_LDH,54052,Ludhiana Firozpur Passenger,FZR,LDH,124.0,Pass
54053_JHL_LDH,54053,Jakhal Ludhiana Passenger,JHL,LDH,129.0,Pass
54054_LDH_JHL,54054,Ludhiana Jakhal Passenger,LDH,JHL,129.0,Pass
54077_BE_DLI,54077,Bareilly Delhi Passenger,BE,DLI,274.0,Pass
54078_DLI_BE,54078,Shajahanpur Passenger Slip Ex Bareilly,DLI,BE,274.0,Pass
54091_NBD_KTW,54091,Najibabad Kotdwara Pass,NBD,KTW,24.0,Pass
54104_ALD_CAR,54104,Mughal Sarai Allahabad Passenger,ALD,CAR,120.0,Pass
54031_DLI_JIND,54031,DELHI - JIND PASSENGER,DLI,JIND,127.0,Pass
54032_JIND_DLI,54032,JIND - DELHI PASSENGER,JIND,DLI,127.0,Pass
54033_DLI_NRW,54033,OLD DELHI - NARWANA Pass,DLI,NRW,127.0,Pass
54034_JIND_DLI,54034,JIND - DELHI Pass,JIND,DLI,127.0,Pass
54035_DLI_JHL,54035,DELHI  - JAKHAL PASSENGER,DLI,JHL,199.0,Pass
54036_JHL_DLI,54036,JAKHAL - DELHI PASSENGER,JHL,DLI,199.0,Pass
54037_KKDE_JIND,54037,Kurukshetra Jind Passenger,KKDE,JIND,126.0,Pass
54038_JIND_KKDE,54038,Jind Kurukshetra Passenger,JIND,KKDE,126.0,Pass
54039_KKDE_JIND,54039,Kurukshetra Jind Passenger,KKDE,JIND,126.0,Pass
54040_JIND_KKDE,54040,Jind Kurukshetra Passenger,JIND,KKDE,126.0,Pass
54041_KKDE_JIND,54041,Kurukshetra Jind Passenger,KKDE,JIND,126.0,Pass
54042_JIND_KKDE,54042,Jind Kurukshetra Passenger,JIND,KKDE,126.0,Pass
54047_KKDE_JIND,54047,Jind Kurukshetra Passenger,KKDE,JIND,126.0,Pass
54048_JIND_KKDE,54048,Jind Nrw Kurukshetra Passenger,JIND,KKDE,126.0,Pass
54049_ROK_JIND,54049,ROHTAK - JIND PASSENGER,ROK,JIND,141.0,Pass
54050_JIND_ROK,54050,ROHTAK - JIND PASSENGER,JIND,ROK,141.0,Pass
54055_MB_DLI,54055,Moradabad Delhi Passenger,MB,DLI,164.0,Pass
54057_DLI_SMQL,54057,Delhi Shamli Passenger,DLI,SMQL,94.0,Pass
54058_SMQL_DLI,54058,Shamli Delhi Passenger,SMQL,DLI,94.0,Pass
54059_DLI_SMQL,54059,Delhi Shamli Passenger,DLI,SMQL,94.0,Pass
54060_SMQL_DLI,54060,Shamli Delhi Passenger,SMQL,DLI,94.0,Pass
54071_HSX_JUC,54071,Hoshiarpur Jalandhar DMU,HSX,JUC,43.0,Pass
54072_JUC_HSX,54072,Jalandhar Hoshiarpur DMU,JUC,HSX,43.0,Pass
54075_SPC_DLI,54075,Sitapur Delhi Passenger,SPC,DLI,409.0,Pass
54076_DLI_SPC,54076,Delhi - Sitapur Cant Passenger,DLI,SPC,409.0,Pass
54085_DLI_RE,54085,Delhi Rewari Pass,DLI,RE,82.0,Pass
54086_RE_DLI,54086,Rewari Delhi Pass,RE,DLI,82.0,Pass
54102_CNB_ALD,54102,Kanpur Allahabad Passenger,CNB,ALD,214.0,Pass
54105_MGS_ALD,54105,Mughalsarai Allahabad Passenger,MGS,ALD,152.0,Pass
54106_ALD_MGS,54106,Allahabad Mughal Sarai Passenger,ALD,MGS,152.0,Pass
54107_ALD_JNU,54107,Allahabad Jaunpur Passenger,ALD,JNU,113.0,Pass
54108_JNU_ALD,54108,Allahabad Jaunpur Passenger,JNU,ALD,113.0,Pass
54109_MGS_FD,54109,Mughal Sarai Faizabad Passenger,MGS,FD,223.0,Pass
54157_JHS_CNB,54157,Jhansi Kanpur Passenger,JHS,CNB,222.0,Pass
54158_CNB_JHS,54158,Kanpur Jhansi Passenger,CNB,JHS,214.0,Pass
54160_BNDA_JHS,54160,Banda Jhansi Passenger,BNDA,JHS,191.0,Pass
54192_HRF_HRS,54192,Kila Hathras Passenger,HRF,HRS,9.0,Pass
54193_HRS_HRF,54193,Hathras Kila Passenger,HRS,HRF,9.0,Pass
54221_RBL_RRS,54221,RBL RAGHURAJ SINGH PASS,RBL,RRS,56.0,Pass
54223_RBL_RRS,54223,RBL RAGHURAJ SINGH PASS,RBL,RRS,56.0,Pass
54226_RBL_UCR,54226,Raibareli Unchahar Passenger,RBL,UCR,38.0,Pass
54232_LKO_FD,54232,Lucknow-Faizabad Passenger,LKO,FD,127.0,Pass
54234_LKO_FD,54234,Lucknow Faizabad Passenger,LKO,FD,127.0,Pass
54239_MUR_AY,54239,Mankapur Faizabad Passenger,MUR,AY,37.0,Pass
54243_MUR_AY,54243,Mankapur Ayodhya Passenger,MUR,AY,37.0,Pass
54251_LKO_SRE,54251,Lucknow Saharanpur Passenger,LKO,SRE,519.0,Pass
54254_LKO_PRG,54254,Lucknow Pratapgarh,LKO,PRG,225.0,Pass
54271_ARA_MGS,54271,Arrah-Sasaram-Mughal Sarai Passenger,ARA,MGS,198.0,Pass
53138_BHW_RPH,53138,Barharwa- Rampurhat Passenger,BHW,RPH,79.0,Pass
54110_FD_MGS,54110,Faizabad Mughal Sarai Passenger,FD,MGS,223.0,Pass
54151_FTP_CNB,54151,Fatehpur Kanpur Passenger,FTP,CNB,77.0,Pass
54152_CNB_FTP,54152,Kanpur Fatehpur Passenger,CNB,FTP,77.0,Pass
54153_RBL_CNB,54153,Rae Bareli Kanpur Passenger,RBL,CNB,167.0,Pass
54154_CNB_RBL,54154,Kanpur Rae Bareli Passenger,CNB,RBL,167.0,Pass
54155_MKP_CNB,54155,Manikpur Kanpur Passenger,MKP,CNB,267.0,Pass
54156_CNB_MKP,54156,Kanpur Manikpur Passenger,CNB,MKP,259.0,Pass
54211_RBL_CNB,54211,Rae Bareli Kanpur Passenger,RBL,CNB,127.0,Pass
54212_CNB_RBL,54212,Kanpur Rae Bareli Passenger,CNB,RBL,189.0,Pass
54222_RRS_RBL,54222,Lalganj Dalmau Rai Bareli Passenger,RRS,RBL,56.0,Pass
54224_RRS_RBL,54224,LalGanj Rae Bareli Passenger,RRS,RBL,56.0,Pass
54225_UCR_RBL,54225,Unchahar Raebareli Shuttle,UCR,RBL,38.0,Pass
54227_UCR_RBL,54227,Unchahar Raebareli Shuttle,UCR,RBL,38.0,Pass
54228_RBL_UCR,54228,Raibareli Unchahar Passenger,RBL,UCR,38.0,Pass
54233_FD_LKO,54233,Faizabad Lucknow Passenger,FD,LKO,127.0,Pass
54237_MUR_FD,54237,Mankapur Ayodhya Passenger,MUR,FD,43.0,Pass
54238_FD_MUR,54238,Faizabad Mankapur Passenger,FD,MUR,43.0,Pass
54240_AY_MUR,54240,Ayodhya Mankapur Passenger,AY,MUR,37.0,Pass
54244_AY_MUR,54244,Ayodhya Mankapur Passenger,AY,MUR,37.0,Pass
54252_SRE_LKO,54252,Saharanpur Lucknow Passenger,SRE,LKO,520.0,Pass
54253_PRG_LKO,54253,Prayag Ghat Lucknow Passenger,PRG,LKO,225.0,Pass
54255_BSB_LKO,54255,VARANASI - LUCKNOW PASSENGER,BSB,LKO,257.0,Pass
54256_LKO_BSB,54256,LUCKNOW - VARANASI PASSENGER,LKO,BSB,301.0,Pass
54262_JNU_BSB,54262,Mughal Sarai Jaunpur Passenger,JNU,BSB,57.0,Pass
54263_BSB_SLN,54263,Varanasi Sultanpur Passenger,BSB,SLN,155.0,Pass
54264_SLN_BSB,54264,Sultanpur Varanasi Passenger,SLN,BSB,155.0,Pass
54265_BSB_SLN,54265,Varanasi Sultanpur Passenger,BSB,SLN,155.0,Pass
54266_SLN_BSB,54266,Sultanpur Varanasi Passenger,SLN,BSB,155.0,Pass
54267_MGS_BSB,54267,Mughal Sarai Varanasi Passenger,MGS,BSB,17.0,Pass
54270_BSB_MGS,54270,Varanasi Mughal Sarai Passenger,BSB,MGS,17.0,Pass
54273_ARA_SSM,54273,Arrah Sasaram Passenger,ARA,SSM,98.0,Pass
54274_SSM_ARA,54274,Sasaram Arrah Passenger,SSM,ARA,98.0,Pass
54293_PBH_LKO,54293,Partapgarh Lucknow Passenger,PBH,LKO,173.0,Pass
54294_LKO_PBH,54294,Lucknow Partapgarh Passenger,LKO,PBH,173.0,Pass
54303_DLI_KLK,54303,Delhi Kalka Passenger,DLI,KLK,302.0,Pass
54304_KLK_DLI,54304,Kalka Delhi Passenger,KLK,DLI,337.0,Pass
54310_RE_DLI,54310,Rewari Delhi Passenger,RE,DLI,82.0,Pass
54328_SPN_SCC,54328,Shahjehanpur Sitapur Passenger,SPN,SCC,92.0,Pass
54329_BLM_SPN,54329,Balamau Shahjahanpur Passenger,BLM,SPN,96.0,Pass
54330_SPN_BLM,54330,Shahjehanpur Balamu Passenger,SPN,BLM,96.0,Pass
54331_LKO_BLM,54331,Lucknow Balamau Passenger,LKO,BLM,69.0,Pass
54332_BLM_LKO,54332,Balamu Lucknow Passenger,BLM,LKO,69.0,Pass
54334_LKO_BSB,54334,Lucknow Varanasi Passenger,LKO,BSB,347.0,Pass
54351_ALJN_BE,54351,Aligarh Bareilly Passenger,ALJN,BE,167.0,Pass
54352_BE_ALJN,54352,Bareilly Aligarh Passenger,BE,ALJN,160.0,Pass
54466_TDL_FBD,54466,TUNDLA - FARRUKHABAD PASSENGER,TDL,FBD,389.0,Pass
12285_SC_NZM,12285,Secunderabad- Hazrat Nizamuddin Duronto Express,SC,NZM,1660.0,Drnt
12918_NZM_ADI,12918,Gujarat Sampark Kranti Express,NZM,ADI,1085.0,SKr
17002_SC_SNSI,17002,Secunderabad Sainagar Shirdi Express,SC,SNSI,776.0,Exp
17050-Slip_SC_MUGR,17050-Slip,Machilipatnam Express Slip,SC,MUGR,331.0,Exp
22111_BSL_NGP,22111,Bhusaval Nagpur (Triweekly) Express,BSL,NGP,604.0,SF
47172_SC_FM,47172,Secunderabad Falaknuma MMTS,SC,FM,14.0,Hyd
47205_SC_FM,47205,Secunderabad Falaknuma MMTS,SC,FM,14.0,Hyd
52253_GD_MLN,52253,Gonda Mailani Passenger,GD,MLN,330.0,Pass
53411_BHW_SBG,53411,Barharwa Sahibganj Passenger,BHW,SBG,53.0,Pass
53608_DOS_GAYA,53608,Dehri on Sone Gaya Passenger,DOS,GAYA,85.0,Pass
54231_FD_LKO,54231,Faizabad Lucknow Passenger,FD,LKO,127.0,Pass
54272_MGS_ARA,54272,Mughal Sarai-Sasaram-Arrah Passenger,MGS,ARA,198.0,Pass
54281_SLN_LKO,54281,Sultanpur Lucknow Passenger,SLN,LKO,140.0,Pass
54282_LKO_SLN,54282,Lucknow Sultanpur Passenger,LKO,SLN,140.0,Pass
54283_SLN_LKO,54283,Sultanpur Lucknow Passenger,SLN,LKO,140.0,Pass
54284_LKO_SLN,54284,Lucknow Sultanpur Passenger,LKO,SLN,140.0,Pass
54291_BSB_PBH,54291,Varanasi Partapgarh Passenger,BSB,PBH,128.0,Pass
54292_PBH_BSB,54292,Partapgarh Varanasi Passenger,PBH,BSB,128.0,Pass
54301_HPU_GZB,54301,Hapur Ghaziabad Shuttle,HPU,GZB,37.0,Pass
54302_GZB_HPU,54302,Ghaziabad Hapur Passenger,GZB,HPU,37.0,Pass
54312_MB_BE,54312,Moradabad Bareilly Passenger,MB,BE,113.0,Pass
54322_SCC_BLM,54322,Sitapur Cantt Balamau Passenger,SCC,BLM,69.0,Pass
54323_BUW_SCC,54323,BURHWAL - SITAPUR CANT PASSENGER,BUW,SCC,97.0,Pass
54324_SCC_BUW,54324,SITAPUR - BURHWAL Passenger,SCC,BUW,97.0,Pass
54325_SCC_CNB,54325,Sitapur Kanpur DMU,SCC,CNB,186.0,Pass
54326_CNB_SCC,54326,KANPUR SITAPUR PASS,CNB,SCC,185.0,Pass
54327_SPC_SPN,54327,Sitapur Shahjehanpur Passenger,SPC,SPN,87.0,Pass
54333_BSB_LKO,54333,Varanasi Lucknow Passenger,BSB,LKO,333.0,Pass
54335_BLM_CNB,54335,Balamau Kanpur Passenger,BLM,CNB,117.0,Pass
54341_SRE_DDN,54341,Sharanpur Dehradun Passenger,SRE,DDN,132.0,Pass
54342_DDN_SRE,54342,Dehradun Saharanpur Passenger,DDN,SRE,132.0,Pass
54354_BE_ALJN,54354,BAREILLY - ALIGARH PASSENGER,BE,ALJN,160.0,Pass
54355_ROZA_BE,54355,Roza Bareilly Passenger,ROZA,BE,78.0,Pass
54356_BE_ROZA,54356,Bareilley Roza junction passenger,BE,ROZA,78.0,Pass
54371_PRG_FD,54371,Prayag Faizabad Passenger,PRG,FD,151.0,Pass
54372_FD_PRG,54372,Faizabad Prayag Passenger,FD,PRG,151.0,Pass
54374_FD_PRG,54374,Faizabad Prayag Passenger,FD,PRG,151.0,Pass
54375_PRG_JNU,54375,Prayag Jaunpur Passenger,PRG,JNU,107.0,Pass
54376_JNU_PRG,54376,Jaunpur Prayag Passenger,JNU,PRG,107.0,Pass
54392_MB_ALJN,54392,MORADABAD  -  ALIGARH PASSENGER,MB,ALJN,172.0,Pass
54401_KRJ_MTC,54401,Khurja Meerut Passenger,KRJ,MTC,94.0,Pass
54403_KRJ_MTC,54403,Khurja Meerut Passenger,KRJ,MTC,94.0,Pass
54461_BKI_BE,54461,BANDIKUI - BAREILLY Passenger,BKI,BE,418.0,Pass
54462_BE_BKI,54462,BAREILLY - BANDIKUI Passenger,BE,BKI,160.0,Pass
54464_RKSH_BKI,54464,RISHIKESH - BANDIKUI Passenger,RKSH,BKI,579.0,Pass
54465_FBD_TDL,54465,FARRUKHABAD - TUNDLA PASSENGER,FBD,TDL,389.0,Pass
58838_CWA_NGP,58838,Chhindwara Ramakon Nagpur Passenger,CWA,NGP,148.0,Pass
54373_PRG_FD,54373,Prayag Faizabad Passenger,PRG,FD,151.0,Pass
54377_PRG_BE,54377,Allahabad Passenger,PRG,BE,429.0,Pass
54378_BE_PRG,54378,Bareilly Allahabad Passenger,BE,PRG,431.0,Pass
54382_NBD_GJL,54382,Najibabad Gajraula Passenger,NBD,GJL,107.0,Pass
54383_GJL_NBD,54383,Gajraula Najibabad Passenger,GJL,NBD,107.0,Pass
54384_NBD_GJL,54384,Najibabad Gajraula Passenger,NBD,GJL,107.0,Pass
54385_NBD_KTW,54385,Najibabad Kotdwara Passenger,NBD,KTW,24.0,Pass
54386_KTW_NBD,54386,Kotdwara Najibabad Passenger,KTW,NBD,24.0,Pass
54387_NBD_KTW,54387,Najibabad Kotdwara Pass,NBD,KTW,24.0,Pass
54388_KTW_NBD,54388,Kotdwara Najibabad Pass,KTW,NBD,24.0,Pass
54389_NBD_KTW,54389,Najibabad Kotdwara Pass,NBD,KTW,24.0,Pass
54390_KTW_NBD,54390,Kotdwara Najibabad Pass,KTW,NBD,24.0,Pass
54402_MTC_KRJ,54402,Meerut Khurja Passenger,MTC,KRJ,94.0,Pass
54405_KRJ_MTC,54405,Khurja Meerut Passenger,KRJ,MTC,94.0,Pass
54406_MTC_KRJ,54406,Meerut Khurja Passenger,MTC,KRJ,94.0,Pass
54411_RE_MUT,54411,Rewari Meerut Cantt. Passenger,RE,MUT,167.0,Pass
54412_MUT_RE,54412,Meerut NDLS Rewari Passenger,MUT,RE,167.0,Pass
54413_DLI_RE,54413,Delhi Rewari Passenger,DLI,RE,82.0,Pass
54414_RE_DLI,54414,Rewari Delhi Passenger,RE,DLI,82.0,Pass
54416_RE_DLI,54416,Rewari Delhi Sarai Rohilla Passenger,RE,DLI,82.0,Pass
54417_DLI_RE,54417,Delhi Rewari Passenger,DLI,RE,82.0,Pass
54418_RE_DLI,54418,Rewari Delhi Passenger,RE,DLI,82.0,Pass
54419_DLI_RE,54419,Delhi Sarai Rohilla Rewari Passenger,DLI,RE,82.0,Pass
54420_RE_DLI,54420,Rewari Delhi Passenger,RE,DLI,82.0,Pass
54421_DEE_RE,54421,Rewari Delhi Sarai Rohilla Passenger,DEE,RE,78.0,Pass
54422_RE_DEE,54422,Rewari Delhi Sarai Rohilla Passenger,RE,DEE,78.0,Pass
54463_BKI_RKSH,54463,BANDIKUI - RISHIKESH Passenger,BKI,RKSH,579.0,Pass
54471_DLI_RKSH,54471,Delhi Rishikesh Passenger,DLI,RKSH,311.0,Pass
54472_RKSH_DLI,54472,Rishikesh Delhi Passenger,RKSH,DLI,311.0,Pass
54474_SRE_DLI,54474,Saharanpur Delhi Passenger,SRE,DLI,196.0,Pass
54475_DLI_HW,54475,Haridwar Passenger,DLI,HW,244.0,Pass
54476_HW_DLI,54476,Haridwar Delhi Passenger,HW,DLI,244.0,Pass
54481_HW_RKSH,54481,Haridwar Rishikesh Passenger,HW,RKSH,23.0,Pass
54482_RKSH_HW,54482,Rishikesh Haridwar Passenger,RKSH,HW,23.0,Pass
54483_HW_RKSH,54483,Haridwar Rishikesh Passenger,HW,RKSH,23.0,Pass
54484_RKSH_HW,54484,Rishikesh Haridwar Passenger,RKSH,HW,23.0,Pass
54485_HW_RKSH,54485,Haridwar Rishikesh Passenger,HW,RKSH,23.0,Pass
54486_RKSH_HW,54486,Rishikesh Haridwar Passenger,RKSH,HW,23.0,Pass
54502_BNW_DLI,54502,Bhiwani Delhi Passenger,BNW,DLI,119.0,Pass
54503_DLI_BNW,54503,Delhi Bhiwani Passenger,DLI,BNW,119.0,Pass
54506_UMB_DLI,54506,Ambala Delhi Passenger,UMB,DLI,268.0,Pass
54531_UMB_KLK,54531,Ambala Kalka Shuttle,UMB,KLK,69.0,Pass
54542_UMB_MTC,54542,AMBALA MEERUT PASS,UMB,MTC,194.0,Pass
54551_UMB_BTI,54551,Ambala Bhatinda Passenger,UMB,BTI,200.0,Pass
54553_UMB_DUI,54553,Ambala Dhuri Passenger,UMB,DUI,105.0,Pass
54572_FZR_LDH,54572,Ludhiana Ferozpur Passenger,FZR,LDH,124.0,Pass
54575_LDH_LNK,54575,Lohian Khas Ludhiana Passenger,LDH,LNK,77.0,Pass
54576_LNK_LDH,54576,Lohian Khas Ludhiana Passenger,LNK,LDH,77.0,Pass
54468_ETAH_TDL,54468,Etah Tundla Passenger,ETAH,TDL,73.0,Pass
54469_TDL_ETAH,54469,Tundla Barhan Etah Passenger,TDL,ETAH,73.0,Pass
54470_ETAH_TDL,54470,Etah Tundla Passenger,ETAH,TDL,73.0,Pass
54473_DLI_SRE,54473,Delhi Saharanpur Passenger,DLI,SRE,195.0,Pass
54505_DLI_UMB,54505,Delhi Ambala Passenger,DLI,UMB,268.0,Pass
54511_UMB_NLDM,54511,Ambala Nangal Dam,UMB,NLDM,170.0,Pass
54521_DLI_SRE,54521,Delhi Saharanpur Passenger,DLI,SRE,187.0,Pass
54522_SRE_DLI,54522,Saharanpur Delhi Passenger,SRE,DLI,187.0,Pass
54532_KLK_UMB,54532,Ambala Kalka Passenger,KLK,UMB,69.0,Pass
54539_NZM_UMB,54539,Nizamuddin Ambala Passenger,NZM,UMB,278.0,Pass
54540_UMB_NZM,54540,Ambala Delhi Passenger,UMB,NZM,278.0,Pass
54541_MTC_UMB,54541,MEERUT AMBALA PASS,MTC,UMB,194.0,Pass
54555_DUI_BTI,54555,Dhuri Bathinda Passenger,DUI,BTI,95.0,Pass
54556_BTI_UMB,54556,Bhatinda Ambala Passenger,BTI,UMB,200.0,Pass
54557_UMB_PTA,54557,Ambala Patiala Passenger,UMB,PTA,53.0,Pass
54558_PTA_UMB,54558,Patiala Ambala Passenger,PTA,UMB,53.0,Pass
54559_BTI_FKA,54559,Bathinda Fazilka (Via Abohar) Passenger,BTI,FKA,105.0,Pass
54560_FKA_BTI,54560,Fazilka Bathinda (Via Abohar) Passenger,FKA,BTI,105.0,Pass
54561_BTI_FZR,54561,Firozpur Bhatinda Passenger,BTI,FZR,88.0,Pass
54562_FZR_BTI,54562,Firozpur Bhatinda Passenger,FZR,BTI,88.0,Pass
54563_BTI_FZR,54563,Firozpur Bhatinda Passenger,BTI,FZR,88.0,Pass
54564_FZR_BTI,54564,Firozpur Bhatinda Passenger,FZR,BTI,88.0,Pass
54581_NLDM_UHL,54581,Nangal Dam Una Himachal Passenger,NLDM,UHL,17.0,Pass
54582_UNA_NLDM,54582,Una Nangal Dam Passenger,UNA,NLDM,0.0,Pass
54601_HSR_ASR,54601,Hisar Amritsar Passenger,HSR,ASR,346.0,Pass
54603_HSR_LDH,54603,Hisar Ludhiana Passenger,HSR,LDH,210.0,Pass
54605_HSR_LDH,54605,Hisar Ludhiana Passenger,HSR,LDH,210.0,Pass
54621_JUC_PTK,54621,Jalandhar Pathankot Passenger,JUC,PTK,115.0,Pass
54622_PTK_JUC,54622,Pathankot Jalandhar Passenger,PTK,JUC,115.0,Pass
54625_JJJ_JUC,54625,Jaijon Doaba Jalandhar Passenger,JJJ,JUC,104.0,Pass
54626_JJJ_JUC,54626,Jalandhar Jaijon Doaba Passenger,JJJ,JUC,104.0,Pass
54631_HSR_DUI,54631,Dhuri Jakhal Hisar Passenger,HSR,DUI,148.0,Pass
54632_DUI_HSR,54632,Dhuri Hisar Passenger,DUI,HSR,148.0,Pass
54633_HSR_LDH,54633,Hisar Ludhiana Passenger,HSR,LDH,210.0,Pass
54634_LDH_HSR,54634,Ludhiana Hisar Passenger,LDH,HSR,210.0,Pass
54636_LDH_HSR,54636,Ludhiana Hisar Passenger,LDH,HSR,210.0,Pass
54637_HSX_JUC,54637,Hoshiarpur-Jalandhar City DMU,HSX,JUC,43.0,Pass
54638_JUC_HSX,54638,Jalandhar City Hoshiarpur DMU,JUC,HSX,43.0,Pass
54641_DLI_FZR,54641,DELHI - FIROZPUR Passenger,DLI,FZR,385.0,Pass
54642_FZR_DLI,54642,FIROZPUR - DELHI Passenger,FZR,DLI,385.0,Pass
54643_JUC_FZR,54643,JALANDHAR CITY - FIROZPUR CANT PASSENGER,JUC,FZR,450.0,Pass
54644_FZR_JUC,54644,FIROZPUR CANT - JALANDHAR CITY PASSENGER,FZR,JUC,117.0,Pass
54645_LDH_FZR,54645,Ludhiana Firozpur Passenger,LDH,FZR,124.0,Pass
54653_JAT_UHP,54653,Jammu Udhampur Passenger,JAT,UHP,53.0,Pass
54654_UHP_JAT,54654,Udhampur Jammu Passenger,UHP,JAT,53.0,Pass
54701_BTI_LGH,54701,Bhatinda Lalgarh Passenger,BTI,LGH,321.0,Pass
56373_GUV_TCR,56373,Guruvayur Thrissur Passenger,GUV,TCR,23.0,Pass
53423_JMP_KIUL,53423,JAMALPUR KIUL PASS,JMP,KIUL,45.0,Pass
54611_ASR_PTK,54611,Amritsar Batala Pathankot DMU,ASR,PTK,107.0,Pass
54612_PTK_ASR,54612,Amritsar Batala Pathankot,PTK,ASR,107.0,Pass
54613_ASR_PTK,54613,Amritsar Pathankot DMU,ASR,PTK,107.0,Pass
54614_PTK_ASR,54614,Amritsar Batala Pathankot Passenger,PTK,ASR,107.0,Pass
54615_ASR_PTK,54615,Amritsar Pathankot DMU,ASR,PTK,107.0,Pass
54616_PTK_ASR,54616,Amritsar Batala Pathankot DMU,PTK,ASR,107.0,Pass
54635_HSR_LDH,54635,Hisar Ludhiana Passenger,HSR,LDH,210.0,Pass
54646_FZR_LDH,54646,Ludhiana Firozpur Passenger,FZR,LDH,124.0,Pass
54702_LGH_ABS,54702,Bikaner Abohar Passenger,LGH,ABS,394.0,Pass
54703_ABS_JU,54703,Abohar Jodhpur passenger,ABS,JU,675.0,Pass
54751_RE_SGNR,54751,Rewari Shri Ganganagar,RE,SGNR,427.0,Pass
54752_SGNR_RE,54752,Shri Ganganagar Rewari,SGNR,RE,427.0,Pass
54753_BTI_SGNR,54753,Bhatinda Shri Ganganagar Passenger,BTI,SGNR,127.0,Pass
54754_SGNR_BTI,54754,Shri Ganganagar Bhatinda Passenger,SGNR,BTI,127.0,Pass
54755_BTI_SGNR,54755,Bhatinda Shri Ganganagar Passenger,BTI,SGNR,127.0,Pass
54756_SGNR_BTI,54756,Sriganganagar Bathinda Passenger,SGNR,BTI,127.0,Pass
54757_UMB_SGNR,54757,Ambala Cantt. Shri Ganganagar Passenger,UMB,SGNR,327.0,Pass
54758_SGNR_UMB,54758,Shri Ganganagar Bathinda Passenger,SGNR,UMB,327.0,Pass
54781_BTI_RE,54781,Bhatinda Rewari Passenger,BTI,RE,300.0,Pass
54782_RE_BTI,54782,Rewari Bhatinda Passenger,RE,BTI,300.0,Pass
54783_FKA_RE,54783,Fazilka Rewari Passenger,FKA,RE,423.0,Pass
54784_RE_FKA,54784,Rewari Fazilka Passenger,RE,FKA,433.0,Pass
54785_FZR_FKA,54785,Firozpur Fazilka Passenger,FZR,FKA,88.0,Pass
54786_FKA_FZR,54786,Fazilka Fir Passenger,FKA,FZR,88.0,Pass
54787_BNW_RE,54787,Bhiwani Rewari Passenger,BNW,RE,83.0,Pass
54788_RE_BNW,54788,Rewari Bhiwani Passenger,RE,BNW,83.0,Pass
54791_MTJ_BNW,54791,Mathura Alwar Bhiwani Passenger,MTJ,BNW,280.0,Pass
54792_BNW_MTJ,54792,Bhiwani Mathura Passenger,BNW,MTJ,280.0,Pass
54793_BXN_MTJ,54793,Sawai Madhopur Mathura Passenger,BXN,MTJ,76.0,Pass
54794_MTJ_SWM,54794,Mathura Bayana Passenger,MTJ,SWM,217.0,Pass
54805_ADI_AII,54805,Ahmedabad Ajmer Passenger,ADI,AII,496.0,Pass
54806_AII_ADI,54806,Ajmer Ahmedabad Passenger,AII,ADI,496.0,Pass
54807_AII_JP,54807,Ajmer Jaipur Passenger,AII,JP,128.0,Pass
54809_RE_DNA,54809,Rewari-Degana Passenger,RE,DNA,394.0,Pass
54810_DNA_RE,54810,Degana Rewari Pass,DNA,RE,394.0,Pass
54811_BPL_JU,54811,Bhopal Jodhpur Passenger,BPL,JU,993.0,Pass
54812_JU_BPL,54812,Jodhpur Bhopal Passenger,JU,BPL,993.0,Pass
55002_AY_GKP,55002,Ayodhya Gorakhpur Passenger,AY,GKP,161.0,Pass
55008_THE_SEE,55008,Thawe Hajipur Passenger,THE,SEE,147.0,Pass
55009_BTT_CPR,55009,Bhatni Chhapra Passenger,BTT,CPR,110.0,Pass
55012_GKP_SV,55012,Gorakhpur Siwan Passenger,GKP,SV,119.0,Pass
55013_CPR_BSB,55013,Chhapra Varanasi Passenger,CPR,BSB,205.0,Pass
55015_SEE_NKE,55015,Sonpur-Narkatiaganj Passenger,SEE,NKE,219.0,Pass
55017_CPR_MAU,55017,Chhapra-Mau Passenger,CPR,MAU,134.0,Pass
55019_CPR_GKP,55019,Chhapra Gorakhpur Passenger,CPR,GKP,180.0,Pass
56605_CBE_TCR,56605,Coimbatore Thrissur Passenger,CBE,TCR,134.0,Pass
53430_JMP_BGP,53430,JAMALPUR RAMPURHAT PASS,JMP,BGP,53.0,Pass
53432_JMP_SBG,53432,JAMALPUR RAMPURHAT PASS,JMP,SBG,127.0,Pass
54801_JU_AII,54801,JODHPUR - AJMER Fast Passenger,JU,AII,244.0,Pass
54802_AII_JU,54802,AJMER - JODHPUR Fast Passenger,AII,JU,244.0,Pass
54803_JU_ADI,54803,JODHPUR - AHMEDABAD Passenger,JU,ADI,454.0,Pass
54804_ADI_JU,54804, AHMEDABAD - JODHPUR Passenger,ADI,JU,454.0,Pass
54813_JU_BME,54813,Jodhpur Barmer Passenger,JU,BME,209.0,Pass
54814_BME_JU,54814,Barmer Jodhpur Passenger,BME,JU,209.0,Pass
54815_JU_BME,54815,Jodhpur Barmer Passenger,JU,BME,209.0,Pass
54816_BME_JU,54816,Barmer Jodhpur Passenger,BME,JU,209.0,Pass
54817_JU_BME,54817,Jaisalmer Jodhpur Passenger,JU,BME,209.0,Pass
54818_BME_JU,54818,Jodhpur Jaisalmer Passenger,BME,JU,209.0,Pass
54819_JSM_JU,54819,JAISALMER - JODHPUR PASSENGER,JSM,JU,300.0,Pass
54820_JU_JSM,54820,JODHPUR - JAISALMER PASSENGER,JU,JSM,300.0,Pass
54821_JU_BLDI,54821,Jodhpur Bhildi Passenger,JU,BLDI,304.0,Pass
54822_BLDI_JU,54822,Bhildi Jodhpur Passenger,BLDI,JU,304.0,Pass
54823_JU_HSR,54823,Jodhpur Hissar passenger,JU,HSR,470.0,Pass
54824_HSR_JU,54824,Hissar Jodhpur passenger,HSR,JU,470.0,Pass
54881_BME_MBF,54881,Barmer Munabao Passenger,BME,MBF,119.0,Pass
54882_MBF_BME,54882,Munabao Barmer Passenger,MBF,BME,119.0,Pass
55005_RXL_SGL,55005,Raxaul Sugauli Passenger,RXL,SGL,29.0,Pass
55006_SGL_RXL,55006,Sugauli Raxaul Passenger,SGL,RXL,29.0,Pass
55007_HJP_THE,55007,Hajipur Thawe Passenger,HJP,THE,152.0,Pass
55018_MAU_CPR,55018,Mau- Chhapra Passenger,MAU,CPR,134.0,Pass
55020_GKP_CPR,55020,Gorakhpur Chhapra Passenger,GKP,CPR,180.0,Pass
55024_RXL_MFP,55024,Raxaul Muzaffarpur Passenger,RXL,MFP,130.0,Pass
55025_GKP_GD,55025,Gorakhpur Gonda Passenger,GKP,GD,152.0,Pass
55026_GD_GKP,55026,Gonda Gorakhpur Passenger,GD,GKP,152.0,Pass
55027_GKP_GD,55027,Gorakhpur Gonda Passenger,GKP,GD,152.0,Pass
55028_GD_GKP,55028,Gonda Gorakhpur Passenger,GD,GKP,152.0,Pass
55030_GKP_MFP,55030,Lucknow Gonda Passenger,GKP,MFP,310.0,Pass
55031_GD_LJN,55031,Gonda Lucknow Passenger,GD,LJN,126.0,Pass
55032_LJN_GD,55032,Lucknow Gonda Passenger,LJN,GD,126.0,Pass
55033_SPC_GD,55033,Sitapur Gonda Passenger,SPC,GD,163.0,Pass
55034_GD_SCC,55034,Gonda Sitapur Passenger,GD,SCC,159.0,Pass
55035_GD_SCC,55035,GONDA - SITAPUR Pass,GD,SCC,159.0,Pass
55036_SCC_GD,55036,SITAPUR -GONDA Pass,SCC,GD,250.0,Pass
55037_BUW_SPC,55037,BURHWAL - SITAPUR PASS,BUW,SPC,97.0,Pass
55038_SCC_BUW,55038,SITAPUR - BURHWAL PASS,SCC,BUW,97.0,Pass
55045_SCC_SPN,55045,Shahjehanpur Sitapur Passenger,SCC,SPN,92.0,Pass
55046_SPN_SCC,55046,Shahjehanpur Sitapur Passenger,SPN,SCC,92.0,Pass
55049_GD_LJN,55049,Gonda Lucknow Passenger,GD,LJN,126.0,Pass
55050_LJN_GD,55050,Lucknow-Gonda Passenger,LJN,GD,126.0,Pass
55101_BTT_BHJ,55101,Bhatani Barhaj Passenger,BTT,BHJ,0.0,Pass
55107_SV_THE,55107,Siwan Thawe Passenger,SV,THE,32.0,Pass
55115_CPR_SV,55115,Chhapra sv Passenger,CPR,SV,61.0,Pass
55116_SV_CPR,55116,Siwan Chhapra Passenger,SV,CPR,61.0,Pass
55125_MUV_ALY,55125,Manduadih Allahabad Passenger,MUV,ALY,126.0,Pass
14313_LTT_BE,14313,MUMBAI LTT - BAREILLY Weekly Exp,LTT,BE,1608.0,Exp
53422_KIUL_JMP,53422,KIUL JAMALPUR PASS,KIUL,JMP,54.0,Pass
53424_KIUL_JMP,53424,KIUL JAMALPUR PASS,KIUL,JMP,45.0,Pass
53425_JMP_KIUL,53425,Jamalpur Kiul Passenger,JMP,KIUL,45.0,Pass
53427_JMP_KIUL,53427,Jamalpur Kiul Passenger,JMP,KIUL,46.0,Pass
53474_JMP_MGR,53474,JAMALPUR MONGHYAR PASS,JMP,MGR,9.0,Pass
53615_JMP_GAYA,53615,Jamalpur Gaya Passenger,JMP,GAYA,181.0,Pass
55039_GKP_NTV,55039,Gorakhpur Nautanwa Passenger,GKP,NTV,82.0,Pass
55041_NKE_GKP,55041,Gorakhpur Nautanwa Pass,NKE,GKP,150.0,Pass
55042_GKP_SEE,55042,Gorakhpur Hajipur Passenger,GKP,SEE,369.0,Pass
55043_GKP_NTV,55043,Gorakhpur Nautanwa Passenger,GKP,NTV,82.0,Pass
55044_NTV_GKP,55044,Nautanwa Gorakhpur Passenger,NTV,GKP,82.0,Pass
55108_THE_SV,55108,Thawe Siwan Passenger,THE,SV,32.0,Pass
55109_SV_THE,55109,Siwan Thawe Passenger,SV,THE,32.0,Pass
55110_THE_SV,55110,Thawe Siwan Passenger,THE,SV,32.0,Pass
55111_SV_THE,55111,Siwan Thawe Passenger,SV,THE,32.0,Pass
55112_THE_SV,55112,Thawe Siwan Passenger,THE,SV,32.0,Pass
55113_SV_THE,55113,Siwan Thawe Passenger,SV,THE,32.0,Pass
55114_THE_SV,55114,Thawe Siwan Passenger,THE,SV,32.0,Pass
55119_GKP_BSB,55119,Gorakhpur Varanasi Passenger,GKP,BSB,231.0,Pass
55120_BSB_GKP,55120,Varanasi Gorakhpur Passenger,BSB,GKP,231.0,Pass
55126_ALY_BSB,55126,Allahabad Varanasi Passenger,ALY,BSB,130.0,Pass
55128_ALY_MUV,55128,Allahabad Manduadih Passenger,ALY,MUV,126.0,Pass
55130_ALY_MUV,55130,Allahabad Varanasi Passenger,ALY,MUV,126.0,Pass
55131_CPR_BSB,55131,Chhapra Varanasi Passenger,CPR,BSB,205.0,Pass
55133_BUI_BCY,55133,Ballia Varanasi Passenger,BUI,BCY,137.0,Pass
55137_BUI_SHG,55137,Ballia Shahganj Passenger,BUI,SHG,168.0,Pass
55139_BUI_SHG,55139,Ballia Shahganj Passenger,BUI,SHG,168.0,Pass
55143_ARJ_JNU,55143,Aunrihar-Jaunpur Passenger,ARJ,JNU,58.0,Pass
55144_JNU_ARJ,55144,Jaunpur-Aunrihar Passenger,JNU,ARJ,58.0,Pass
55145_SRU_BHJ,55145,Salempur Barhaj Passenger,SRU,BHJ,0.0,Pass
55146_BHJ_SRU,55146,Barhaj Bazar Salempur Passenger,BHJ,SRU,0.0,Pass
55159_ARJ_JNU,55159,Aunrihar- Jaunpur Passenger,ARJ,JNU,58.0,Pass
55160_JNU_ARJ,55160,Jaunpur- Aunrihar Passenger,JNU,ARJ,58.0,Pass
55162_JNU_ARJ,55162,Jaunpur- Aunrihar Passenger,JNU,ARJ,58.0,Pass
55207_MFP_GKP,55207,Muzaffarpur Gorakhpur Passenger,MFP,GKP,310.0,Pass
55211_MFP_RXL,55211,Muzaffarpur Raxaul Passenger,MFP,RXL,130.0,Pass
55212_RXL_MFP,55212,Raxaul Muzaffarpur Passenger,RXL,MFP,130.0,Pass
55218_CPR_SEE,55218,Chhapra Sonpur Passenger,CPR,SEE,54.0,Pass
55238_SPJ_BJU,55238,Samastipur-Barauni Passenger,SPJ,BJU,50.0,Pass
55239_SPJ_MFP,55239,Samastipur Muzaffarpur Passenger,SPJ,MFP,52.0,Pass
55240_MFP_SPJ,55240,Muzaffarpur-Samastipur Passenger,MFP,SPJ,52.0,Pass
55241_BJU_SEE,55241,Barauni-Sonpur Passenger,BJU,SEE,93.0,Pass
55242_SEE_BJU,55242,Sanpur-Barauni Passenger,SEE,BJU,93.0,Pass
55243_BJU_SEE,55243,Barauni-Sonpur Passenger,BJU,SEE,93.0,Pass
55244_SEE_BJU,55244,Sonpur Barauni Passenger,SEE,BJU,93.0,Pass
55245_BJU_SEE,55245,Barauni-Sonpur Passenger,BJU,SEE,93.0,Pass
55246_SEE_BJU,55246,Sonpur-Barauni Passenger,SEE,BJU,93.0,Pass
55127_BSB_ALY,55127,Varanasi Allahabad Passenger,BSB,ALY,130.0,Pass
55129_BSB_ALY,55129,Varanasi Allahabad Passenger,BSB,ALY,130.0,Pass
55132_MUV_CPR,55132,Manduadih Chhapra Passenger,MUV,CPR,209.0,Pass
55134_MUV_BUI,55134,Manduadih Ballia Passenger,MUV,BUI,144.0,Pass
55135_AMH_MUV,55135,AZAMGARH MANDUADIH PASS,AMH,MUV,140.0,Pass
55136_MUV_AMH,55136,Manduadih Azamgarh Pass,MUV,AMH,140.0,Pass
55140_SHG_BUI,55140,Shahganj Ballia Passenger,SHG,BUI,168.0,Pass
55142_NTV_GKP,55142,Nautanwa Gorakhpur Passenger,NTV,GKP,82.0,Pass
55149_GKP_MUV,55149,Gorakhpur Manduadih Passenger,GKP,MUV,235.0,Pass
55150_MUV_GKP,55150,Manduadih-Gorakhpur Passenger,MUV,GKP,235.0,Pass
55203_NKE_GKP,55203,Narkatiaganj Gorakhpur Passenger,NKE,GKP,150.0,Pass
55204_GKP_NKE,55204,Gorakhpur Narkatiaganj Passenger,GKP,NKE,150.0,Pass
55209_SEE_GKP,55209,Sonepur Gorakhpur Passenger,SEE,GKP,369.0,Pass
55210_NKE_SEE,55210,Narkatiaganj Sonepur Passenger,NKE,SEE,219.0,Pass
55217_SEE_CPR,55217,Sonpur Chhapra Passenger,SEE,CPR,54.0,Pass
55219_SEE_CPR,55219,Sonepur Chhapra Passenger,SEE,CPR,54.0,Pass
55231_LAK_MKA,55231,Begusarai Mokama Passenger,LAK,MKA,43.0,Pass
55232_MKA_BGS,55232,Mokama Begusarai Passenger,MKA,BGS,35.0,Pass
55248_HJP_BJU,55248,Hajipur-Barauni Passenger,HJP,BJU,88.0,Pass
55301_MB_KGM,55301,Moradabad Kathgodam Passenger,MB,KGM,116.0,Pass
55313_KPV_RMR,55313,Kashipur Ramnagar Passenger,KPV,RMR,27.0,Pass
55314_RMR_KPV,55314,Ramnagar Kashipur Passenger,RMR,KPV,27.0,Pass
55315_LKU_KPV,55315,Lalkua Kashipur Passenger,LKU,KPV,59.0,Pass
55316_KPV_LKU,55316,Kashipur Lalkuan Passenger,KPV,LKU,59.0,Pass
55317_LKU_KPV,55317,Lalkua Kashipur Passenger,LKU,KPV,59.0,Pass
55319_LKU_KPV,55319,Lalkua Kashipur Passenger,LKU,KPV,59.0,Pass
55320_KPV_LKU,55320,Kashipur Lalkuan Passenger,KPV,LKU,59.0,Pass
55322_RMR_BSB,55322,RAMNAGAR - VARANASI Passenger,RMR,BSB,705.0,Pass
55326_KSJ_LJN,55326,KASGANJ LUCKNOW PASS,KSJ,LJN,319.0,Pass
55327_CNB_FBD,55327,Kanpur Farrukhabad Passenger,CNB,FBD,140.0,Pass
55328_FBD_CNB,55328,Farrukhabad Kanpur Passenger,FBD,CNB,140.0,Pass
55332_KSJ_FBD,55332,Kasganj Farrukhabad Passenger,KSJ,FBD,107.0,Pass
55333_KSJ_AF,55333,KasGanj-AgraFort Passenger,KSJ,AF,162.0,Pass
55337_KSJ_AF,55337,Kasganj Achhnera Fast Passenger,KSJ,AF,162.0,Pass
55338_AH_KSJ,55338,Achhnera Kasganj Fast Passenger,AH,KSJ,140.0,Pass
55339_KSJ_MTJ,55339,KasGanj-Mathura Passenger,KSJ,MTJ,105.0,Pass
55341_KSJ_BTE,55341,KasGanj-Bharatpur Passenger,KSJ,BTE,139.0,Pass
55342_BTE_KSJ,55342,BTE KSJ PASS,BTE,KSJ,139.0,Pass
55347_KSJ_MTJ,55347,Kasganj Mathura Passenger,KSJ,MTJ,105.0,Pass
55348_LKU_BC,55348,LAL KUAN - BAREILLY CITY  PASSENGER,LKU,BC,105.0,Pass
55349_BC_LKU,55349,BAREILLY CITY - LAL KUAN PASSENGER,BC,LKU,105.0,Pass
55501_SPJ_DBG,55501,Samastipur-Darbhanga Passenger,SPJ,DBG,36.0,Pass
55502_DBG_SPJ,55502,Darbhanga-Samastipur Passenger,DBG,SPJ,36.0,Pass
55503_SPJ_DBG,55503,Samastipur-Darbhanga Passenger,SPJ,DBG,36.0,Pass
55504_DBG_SPJ,55504,Darbhanga-Samastipur Passenger,DBG,SPJ,36.0,Pass
55506_RUSD_SPJ,55506,Runnisaidpur-Samastipur Passenger,RUSD,SPJ,120.0,Pass
55507_DBG_BGU,55507,Darbhanga-Bairgania Passenger,DBG,BGU,97.0,Pass
55325_LJN_KSJ,55325,Lucknow Kasganj Passenger,LJN,KSJ,319.0,Pass
55329_SKB_KSJ,55329,Shikohabad Farrukhabad Passenger,SKB,KSJ,214.0,Pass
55330_KSJ_SKB,55330,Kasganj Shikohabad Passenger,KSJ,SKB,211.0,Pass
55331_FBD_KSJ,55331,Farrukhabad Kasganj Passenger,FBD,KSJ,107.0,Pass
55508_BGU_DBG,55508,Bairgania-Darbhanga Passenger,BGU,DBG,97.0,Pass
55509_DBG_BGU,55509,Darbhanga-Bairgania Passenger,DBG,BGU,97.0,Pass
55510_BGU_DBG,55510,Bairgania-Darbhanga Passenger,BGU,DBG,97.0,Pass
55511_DBG_SMI,55511,Darbhanga-Bairgania Passenger,DBG,SMI,68.0,Pass
55512_SMI_DBG,55512,Bairgania-Darbhanga Passenger,SMI,DBG,68.0,Pass
55513_SPJ_JYG,55513,Samastipur Jaynagar Passenger,SPJ,JYG,109.0,Pass
55514_JYG_SPJ,55514,Jaynagar Samastipur Passenger,JYG,SPJ,109.0,Pass
55515_SPJ_JYG,55515,Samastipur-Jaynagar Passenger,SPJ,JYG,109.0,Pass
55516_JYG_SPJ,55516,Jaynagar-Samastipur Passenger,JYG,SPJ,109.0,Pass
55517_DBG_JYG,55517,Darbhanga Jaynagar Passenger,DBG,JYG,79.0,Pass
55518_JYG_DBG,55518,Jaynagar-Darbhanga Passenger,JYG,DBG,73.0,Pass
55519_DBG_JYG,55519,Darbhanga-Jaynagar Passenger,DBG,JYG,73.0,Pass
55520_JYG_DBG,55520,Jaynagar Darbhanga Passenger,JYG,DBG,73.0,Pass
55528_SPJ_BJU,55528,Samastipur-Barauni Passenger,SPJ,BJU,50.0,Pass
55529_SPJ_RXL,55529,Samastipur-Raxaul Passenger,SPJ,RXL,182.0,Pass
55530_RXL_SPJ,55530,Raxaul-Samastipur Passenger,RXL,SPJ,182.0,Pass
55531_KIR_BJU,55531,Katihar-Barauni Passenger,KIR,BJU,180.0,Pass
55535_KIR_DBG,55535,Katihar Darbhanga Passenger,KIR,DBG,266.0,Pass
55536_DBG_KIR,55536,Darbhanga Katihar Passenger,DBG,KIR,267.0,Pass
55537_KIR_SPJ,55537,Katihar-Samastipur Passenger,KIR,SPJ,230.0,Pass
55538_SPJ_KIR,55538,Samastipur-Katihar Passenger,SPJ,KIR,230.0,Pass
55552_HJP_BJU,55552,Hajipur-Barauni Passenger,HJP,BJU,88.0,Pass
55553_DMH_SPJ,55553,Dauram Madhepura Samastipur Passenger,DMH,SPJ,158.0,Pass
55554_SPJ_DMH,55554,Samastipur Dauram Madhepura Passenger,SPJ,DMH,158.0,Pass
55555_DMH_SPJ,55555,Dauram Madhepura Samastipur Passenger,DMH,SPJ,158.0,Pass
55556_SPJ_DMH,55556,Samastipur Dauram Madhepura Passenger,SPJ,DMH,158.0,Pass
55557_SPJ_SEE,55557,Samastipur Sonpur Passenger,SPJ,SEE,111.0,Pass
55558_SEE_SPJ,55558,Sonpur Samastipur Passenger,SEE,SPJ,111.0,Pass
55559_KGG_SPJ,55559,Khagaria Samastipur Passenger,KGG,SPJ,85.0,Pass
55560_SPJ_KGG,55560,Samastipur Khagaria Passenger,SPJ,KGG,85.0,Pass
55565_SHC_SPJ,55565,Saharsa Samastipur Passenger,SHC,SPJ,136.0,Pass
55566_SPJ_SHC,55566,Samastipur Saharsa Passenger,SPJ,SHC,136.0,Pass
55567_SHC_SPJ,55567,Saharsa Samastipur Passenger,SHC,SPJ,136.0,Pass
55568_SPJ_SHC,55568,Samastipur Saharsa Passenger,SPJ,SHC,136.0,Pass
55569_DMH_SHC,55569,DauramMadhepura-Saharsa Passenger,DMH,SHC,22.0,Pass
55570_SHC_DMH,55570,Saharsa-DauramMadhepura Passenger,SHC,DMH,22.0,Pass
55573_RXL_NKE,55573,Raxaul Narkatiaganj Passenger,RXL,NKE,88.0,Pass
55574_NKE_RXL,55574,Narkatiaganj Raxaul Passenger,NKE,RXL,88.0,Pass
55575_DBG_BIRL,55575,Darbhanga-Biraul Passenger,DBG,BIRL,54.0,Pass
55576_BIRL_DBG,55576,Biraul-Darbhanga Passenger,BIRL,DBG,54.0,Pass
55577_SKI_BIRL,55577,Sakri Biraul Passenger,SKI,BIRL,35.0,Pass
55578_BIRL_SKI,55578,Biraul Sakri Passenger,BIRL,SKI,35.0,Pass
55722_BLGT_MLDT,55722,Balurghat Malda Town Passenger,BLGT,MLDT,104.0,Pass
55603_GHY_MBO,55603,Guwahati Mairabari Passenger,GHY,MBO,160.0,Pass
55604_MBO_GHY,55604,Mairabari Guwahati Passenger,MBO,GHY,160.0,Pass
55607_GHY_SHTT,55607,Guwahati Silghat Town Passenger,GHY,SHTT,172.0,Pass
55608_SHTT_GHY,55608,Silghat Town Guwahati Passenger,SHTT,GHY,172.0,Pass
55609_DBB_FKM,55609,DBB - FKM FAST PASSENGER,DBB,FKM,267.0,Pass
55612_KYQ_FKM,55612,Kamakhya Fakiragram Fast Passenger,KYQ,FKM,214.0,Pass
55618_GHY_NBQ,55618,Guwahati New Bongaigaon Passenger,GHY,NBQ,184.0,Pass
55707_RDP_KIR,55707,Radhikapur Katihar Passenger,RDP,KIR,123.0,Pass
55708_KIR_RDP,55708,Katihar Radhikapur Passenger,KIR,RDP,123.0,Pass
55711_MLDT_NJP,55711,Malda Town New Jalpaiguri Passenger,MLDT,NJP,232.0,Pass
55712_NJP_MLDT,55712,New Jalpaiguri Malda Town Passenger,NJP,MLDT,232.0,Pass
55713_NJP_DKGN,55713,NEW JALPAIGURI - DEKARGAON Pass,NJP,DKGN,252.0,Pass
55714_DKGN_NJP,55714,DEKARGAON - NEW JALPAIGURI Pass,DKGN,NJP,252.0,Pass
55715_KIR_SGUJ,55715,Katihar Siliguri Passenger,KIR,SGUJ,192.0,Pass
55716_SGUJ_KIR,55716,Siliguri Katihar Passenger,SGUJ,KIR,192.0,Pass
55721_MLDT_BLGT,55721,Malda Town Balurghat Passenger,MLDT,BLGT,104.0,Pass
55725_NJP_APDJ,55725,New Jalpaiguri Alipurduar Passenger,NJP,APDJ,169.0,Pass
55726_APDJ_NJP,55726,Alipur Duar New Jalpaiguri Passenger,APDJ,NJP,169.0,Pass
55727_KIR_RDP,55727,Katihar Radhikapur Passenger,KIR,RDP,93.0,Pass
55728_RDP_KIR,55728,Radhikapur Katihar Passenger,RDP,KIR,93.0,Pass
55729_KIR_RDP,55729,Katihar Radhikapur Passenger,KIR,RDP,93.0,Pass
55730_RDP_KIR,55730,Radhikapur Katihar Passenger,RDP,KIR,93.0,Pass
55731_KIR_BOE,55731,Katihar Barsoi Passenger,KIR,BOE,38.0,Pass
55732_BOE_KIR,55732,Barsoi Katihar Passenger,BOE,KIR,38.0,Pass
55733_KIR_JBN,55733,Katihar Jogbani Passenger,KIR,JBN,108.0,Pass
55734_JBN_KIR,55734,Jogbani Katihar Passenger,JBN,KIR,108.0,Pass
55735_KIR_JBN,55735,Katihar Jogbani Passenger,KIR,JBN,108.0,Pass
55736_JBN_KIR,55736,Jogbani Katihar Passenger,JBN,KIR,108.0,Pass
55737_KIR_JBN,55737,Katihar Jogbani Passenger,KIR,JBN,108.0,Pass
55738_JBN_KIR,55738,Jogbani Katihar Passenger,JBN,KIR,108.0,Pass
55739_KIR_JBN,55739,Katihar Jogbani Passenger,KIR,JBN,108.0,Pass
55740_JBN_KIR,55740,Jogbani Katihar Passenger,JBN,KIR,108.0,Pass
55741_KIR_JBN,55741,Katihar Jogbani Fast Passenger,KIR,JBN,108.0,Pass
55743_KIR_JBN,55743,Katihar Jogbani Passenger,KIR,JBN,108.0,Pass
55744_JBN_KIR,55744,Jogbani Katihar Passenger,JBN,KIR,108.0,Pass
55745_NJP_AUB,55745,New Jalpaiguri Bamanhat Passenger,NJP,AUB,57.0,Pass
55746_AUB_NJP,55746,Bamanhat New Jalpaiguri Passenger,AUB,NJP,306.0,Pass
55747_SGUJ_HDB,55747,Siliguri Haldibari Passenger,SGUJ,HDB,63.0,Pass
55748_HDB_SGUJ,55748,Haldibari Siliguri Passenger,HDB,SGUJ,63.0,Pass
55749_NJP_HDB,55749,New Jalpaiguri Haldibari Passenger,NJP,HDB,56.0,Pass
55750_HDB_NJP,55750,Haldibari New Jalpaiguri Passenger,HDB,NJP,56.0,Pass
55751_NJP_HDB,55751,New Jalpaiguri Haldibari Passenger,NJP,HDB,56.0,Pass
55752_HDB_NJP,55752,Haldibari New Jalpaiguri Passenger,HDB,NJP,56.0,Pass
55811_GHY_LMG,55811,Guwahati Lumding Passenger,GHY,LMG,207.0,Pass
55815_GHY_CPK,55815,Kapali Fast Passenger,GHY,CPK,91.0,Pass
56006_CGL_AJJ,56006,Chengalpattu Arakkonam Passenger,CGL,AJJ,63.0,Pass
53429_BGP_JMP,53429,Bhagalpur Jamalpur Passenger,BGP,JMP,60.0,Pass
53431_SBG_JMP,53431,Sahibganj Jamalpur Passenger,SBG,JMP,135.0,Pass
55754_GHY_APDJ,55754,GUWAHATI - ALIPUR DUAR SIFUNG Pass,GHY,APDJ,285.0,Pass
55755_MHI_KIR,55755,Manihari Katihar Pass,MHI,KIR,24.0,Pass
55756_KIR_MHI,55756,Katihar Manihari Pass,KIR,MHI,24.0,Pass
55757_MHI_KIR,55757,Manihari Katihar Pass,MHI,KIR,24.0,Pass
55758_KIR_MHI,55758,Katihar Manihari Pass,KIR,MHI,24.0,Pass
55759_MHI_KIR,55759,Manihari Katihar Pass,MHI,KIR,24.0,Pass
55760_KIR_MHI,55760,Katihar Manihari Pass,KIR,MHI,24.0,Pass
55791_APDJ_NCB,55791,Alipur Dwar Bamanhat Passenger,APDJ,NCB,22.0,Pass
55792_NCB_APDJ,55792,Bxt Alipur Duar Passenger,NCB,APDJ,22.0,Pass
55793_NJP_NCB,55793,New Jalpaiguri Bamanhat Passenger,NJP,NCB,191.0,Pass
55794_BXT_NJP,55794,Bamanhat New Jalpaiguri Passenger,BXT,NJP,240.0,Pass
55802_GHY_NBQ,55802,Manas Rhino Passenger,GHY,NBQ,157.0,Pass
55805_NBQ_GHY,55805,New Bongaigaon Guwahati Passenger,NBQ,GHY,184.0,Pass
55806_GHY_NBQ,55806,Guwahati New Bongaigaon Passenger,GHY,NBQ,184.0,Pass
55809_NBQ_GHY,55809,New Bongaigaon Guwahati Passenger,NBQ,GHY,157.0,Pass
55812_LMG_GHY,55812,Lumding Guwahati Passenger,LMG,GHY,207.0,Pass
55816_CPK_GHY,55816,Kapali Fast Passenger,CPK,GHY,91.0,Pass
55817_CPK_SHTT,55817,Chaparmukh Silghat Town Passenger,CPK,SHTT,79.0,Pass
55818_SHTT_CPK,55818,Silghat Town- Chaparmukh Passenger,SHTT,CPK,81.0,Pass
55901_LMG_TSK,55901,Lumding Tinsukia Passenger,LMG,TSK,346.0,Pass
55902_TSK_LMG,55902,Tinsukia Lumding Passenger,TSK,LMG,346.0,Pass
55903_FKG_MXN,55903,Furkating Mariani Passenger,FKG,MXN,85.0,Pass
55904_MXN_FKG,55904,Mariani Furkating Passenger,MXN,FKG,85.0,Pass
55905_DBRT_LEDO,55905,Dibrugarh Ledo Passenger,DBRT,LEDO,103.0,Pass
55906_LEDO_DBRT,55906,Ledo Dibrugarh Passenger,LEDO,DBRT,103.0,Pass
55907_DBRT_LEDO,55907,Dibrugarh Ledo Passenger,DBRT,LEDO,103.0,Pass
55908_LEDO_DBRT,55908,Ledo Dibrugarh Passenger,LEDO,DBRT,103.0,Pass
55913_JTTN_TSK,55913,Jorhat Town Tinsukia Passenger,JTTN,TSK,176.0,Pass
55914_TSK_JTTN,55914,Tinsukia Jorhat Town Passenger,TSK,JTTN,176.0,Pass
56001_MAS_AJJ,56001,Chennai Arakkonam Passenger,MAS,AJJ,68.0,Pass
56002_AJJ_MAS,56002,Arakkonam Chennai Passenger,AJJ,MAS,68.0,Pass
56003_AJJ_CGL,56003,Arakkonam Chengalpattu Passenger,AJJ,CGL,63.0,Pass
56005_AJJ_CGL,56005,Arakkonam Chengulpattu Passenger,AJJ,CGL,63.0,Pass
56007_AJJ_KPD,56007,Arakkonam Katpadi Passenger,AJJ,KPD,61.0,Pass
56008_KPD_AJJ,56008,Katpadi Arakkonam Passenger,KPD,AJJ,61.0,Pass
56009_AJJ_VLR,56009,Arakkonam Vellore Cantt Passenger,AJJ,VLR,71.0,Pass
56010_VLR_AJJ,56010,Vellore Cantt. Arakkonam Passenger,VLR,AJJ,71.0,Pass
56011_AJJ_NRE,56011,Arakkonam Nandalur Passenger,AJJ,NRE,155.0,Pass
56012_NRE_AJJ,56012,Nandalur Arakkonam Passenger,NRE,AJJ,155.0,Pass
56013_AJJ_VLR,56013,Arakkonam-Vellore Cantt Passenger,AJJ,VLR,71.0,Pass
56037_MS_PDY,56037,Chennai Pondicherry Passenger,MS,PDY,196.0,Pass
56038_PDY_MS,56038,Pondicherry Chennai Passenger,PDY,MS,196.0,Pass
56039_KMU_TJ,56039,Kumbakonam Thanjavur Passenger,KMU,TJ,39.0,Pass
56040_TJ_KMU,56040,Thanjavur Kumbakonam Passenger,TJ,KMU,39.0,Pass
56213_CMNR_TPTY,56213,CHAMARAJANAGAR - TIRUPATI Fast Passenger,CMNR,TPTY,535.0,Pass
56042_PDY_TPTY,56042,Puducherry-Tirupati Passenger,PDY,TPTY,284.0,Pass
56043_GUV_TCR,56043,Guruvayur Thrissur Passenger,GUV,TCR,23.0,Pass
56044_TCR_GUV,56044,Thrissur Guruvayur Passenger,TCR,GUV,23.0,Pass
56045_NCJ_CAPE,56045,Nagercoil Cape Passenger,NCJ,CAPE,15.0,Pass
56046_CAPE_NCJ,56046,Kanyakumari Nagercoil Passenger,CAPE,NCJ,15.0,Pass
56102_SA_MTDM,56102,Salem Mtdm Passenger,SA,MTDM,39.0,Pass
56103_MTDM_SA,56103,Mettur Dam Salem Passenger,MTDM,SA,39.0,Pass
56136_MTP_UAM,56136,Mettupalayam-Ooty Passenger,MTP,UAM,46.0,Pass
56137_UAM_MTP,56137,Ooty-Mettupalayam Passenger,UAM,MTP,46.0,Pass
56139_UAM_ONR,56139,Coonoor Passenger,UAM,ONR,19.0,Pass
56140_UAM_ONR,56140,Udagamandalam Coonoor Passenger,UAM,ONR,19.0,Pass
56141_ONR_UAM,56141,Coonoor Udagamandalam Passenger,ONR,UAM,19.0,Pass
56142_UAM_ONR,56142,(Ooty)Udagamandalam Coonoor Passenger,UAM,ONR,19.0,Pass
56143_ONR_UAM,56143,Udhagamandalam Passenger,ONR,UAM,19.0,Pass
56144_CBE_MTP,56144,Coimbatore Mettupalaiyam Passenger,CBE,MTP,35.0,Pass
56145_MTP_CBE,56145,Mettupalaiyam Coimbatore Passenger,MTP,CBE,35.0,Pass
56146_CBE_MTP,56146,Coimbatore-Mettupalayam Passenger,CBE,MTP,35.0,Pass
56147_MTP_CBE,56147,Mettupalayam-Coimbatore Passenger,MTP,CBE,35.0,Pass
56148_CBE_MTP,56148,CoimbatoreMettupalayam Passenger,CBE,MTP,35.0,Pass
56149_MTP_CBE,56149,MettupalayamCoimbatore Passenger,MTP,CBE,35.0,Pass
56150_CBE_MTP,56150,CoimbatoreMettupalayam Passenger,CBE,MTP,35.0,Pass
56151_MTP_CBE,56151,MettupalayamCoimbatore Passenger,MTP,CBE,35.0,Pass
56201_CMNR_MYS,56201,Chamrajnagar Mysore Passenger,CMNR,MYS,61.0,Pass
56202_MYS_CMNR,56202,Mysore Chamrajnagar passenger,MYS,CMNR,61.0,Pass
56203_CMNR_MYS,56203,Chamarajnagar Mysore passenger,CMNR,MYS,61.0,Pass
56204_MYS_CMNR,56204,Mysore Chamrajnagar Passenger,MYS,CMNR,61.0,Pass
56205_NTW_MYS,56205,Nanjangud Mysore Passenger,NTW,MYS,25.0,Pass
56206_MYS_NTW,56206,Nanjangud Mysore Passenger,MYS,NTW,25.0,Pass
56209_CMNR_MYS,56209,Chamrajnagar Mysore Passenger,CMNR,MYS,61.0,Pass
56210_MYS_CMNR,56210,Mysore Chamrajnagar passenger,MYS,CMNR,61.0,Pass
56211_CMNR_MYS,56211,Chamrajnagar Mysore Passenger,CMNR,MYS,61.0,Pass
56212_MYS_CMNR,56212,Chamrajnagar Passenger,MYS,CMNR,61.0,Pass
56221_SBC_TK,56221,Bangalore Tumkur Passenger,SBC,TK,70.0,Pass
56222_TK_SBC,56222,Tumkur Bangalore Passenger,TK,SBC,70.0,Pass
56223_SBC_ASK,56223,Bangalore Arisikere Passenger,SBC,ASK,167.0,Pass
56224_ASK_SBC,56224,Arisikere Bangalore Passenger,ASK,SBC,167.0,Pass
56225_SBC_TK,56225,Bangalore Tumkur Passenger,SBC,TK,70.0,Pass
56226_TK_SBC,56226,Tumkur Bangalore passenger,TK,SBC,70.0,Pass
56227_SBC_SMET,56227,Bangalore Shimoga Town Passenger,SBC,SMET,276.0,Pass
56228_SMET_SBC,56228,Shimoga Bangalore Passenger,SMET,SBC,276.0,Pass
56229_MYS_SBC,56229,Mysore Bangalore Passenger,MYS,SBC,137.0,Pass
56230_SBC_MYS,56230,Bangalore Mysore Passenger,SBC,MYS,137.0,Pass
56231_MYS_SBC,56231,Mysore Bangalore (PUSH-PULL) Passenger,MYS,SBC,137.0,Pass
56232_SBC_MYS,56232,Bangalore Mysore (PUSH-PULL) Passenger(Shuttle),SBC,MYS,137.0,Pass
56233_SBC_MYS,56233,Bangalore Mysore Passenger,SBC,MYS,138.0,Pass
56234_MYS_SBC,56234,Mysore Bangalore Passenger,MYS,SBC,138.0,Pass
56237_MYS_SBC,56237,Mysore Bangalore (PUSH-PULL) Passenger,MYS,SBC,137.0,Pass
56004_CGL_AJJ,56004,Chengalpattu Arakkonam Passenger,CGL,AJJ,63.0,Pass
56238_SBC_MYS,56238,Bangalore Mysore (PUSH-PULL) Passenger,SBC,MYS,137.0,Pass
56239_SMET_RRB,56239,Shimoga Birur Passenger,SMET,RRB,63.0,Pass
56240_RRB_SMET,56240,Birur Shimoga Passenger,RRB,SMET,63.0,Pass
56241_SA_YPR,56241,Salem Yesvantpur passenger,SA,YPR,225.0,Pass
56242_YPR_SA,56242,Yesvantpur Salem passenger,YPR,SA,225.0,Pass
56262_SBC_AJJ,56262,BANGALORE - ARAKKONAM Passenger,SBC,AJJ,290.0,Pass
56263_MYS_SBC,56263,Night Queen Passenger,MYS,SBC,139.0,Pass
56264_SBC_MYS,56264,Night Queen Passenger,SBC,MYS,139.0,Pass
56265_ASK_MYS,56265,Arsikere Mysore Passenger,ASK,MYS,167.0,Pass
56266_MYS_ASK,56266,Mysore Arsikere Passenger,MYS,ASK,167.0,Pass
56268_MYS_ASK,56268,Mysore Arsikere Passenger,MYS,ASK,167.0,Pass
56269_SMET_MYS,56269,Shimoga Mysore Passenger,SMET,MYS,276.0,Pass
56270_MYS_SMET,56270,Mysore Shimoga Passenger,MYS,SMET,276.0,Pass
56271_SMET_RRB,56271,Shimoga Birur Passenger,SMET,RRB,63.0,Pass
56272_RRB_SMET,56272,Birur Shimoga Town Passenger,RRB,SMET,63.0,Pass
56273_ASK_UBL,56273,Arsikere Hubli Passenger,ASK,UBL,304.0,Pass
56274_UBL_ASK,56274,Hubli Arsikere Passenger,UBL,ASK,304.0,Pass
56300_QLN_ALLP,56300,Kollam Alappuzha Passenger,QLN,ALLP,85.0,Pass
56301_ALLP_QLN,56301,Alappuzha Kollam Passenger,ALLP,QLN,85.0,Pass
56302_ALLP_ERS,56302,Alappuzha Ernakulam Passenger,ALLP,ERS,57.0,Pass
56303_ERS_ALLP,56303,Ernakulam Alappuzha Passenger,ERS,ALLP,57.0,Pass
56307_QLN_TVC,56307,Kollam Tiruvananthapuram Passenger,QLN,TVC,64.0,Pass
56308_TVC_QLN,56308,Tiruvananthapuram Kollam Passenger,TVC,QLN,64.0,Pass
56309_QLN_TVC,56309,Kollam Tiruvananthapuram Passenger,QLN,TVC,64.0,Pass
56310_NCJ_TVC,56310,Nagercoil Tiruvananthapuram Passenger,NCJ,TVC,71.0,Pass
56311_TVC_NCJ,56311,Tiruvananthapuram Nagercoil Passenger,TVC,NCJ,71.0,Pass
56312_TEN_NCJ,56312,Tirunelveli Nagercoil Passenger,TEN,NCJ,74.0,Pass
56313_TVC_NCJ,56313,Tiruvananthapuram Nagercoil Passenger,TVC,NCJ,71.0,Pass
56315_TVC_NCJ,56315,Tiruvananthapuram Nagercoil Passenger,TVC,NCJ,71.0,Pass
56316_NCJ_TVC,56316,Nagercoil Tiruvananthapuram Passenger,NCJ,TVC,71.0,Pass
56317_KCVL_NCJ,56317,Kochuveli Nagercoil Passenger,KCVL,NCJ,78.0,Pass
56318_NCJ_KCVL,56318,Nagercoil Kochuveli Passenger,NCJ,KCVL,77.0,Pass
56319_NCJ_CBE,56319,Nagercoil Coimbatore Passenger,NCJ,CBE,532.0,Pass
56321_CAPE_TEN,56321,Kanyakumari Tirunelveli Passenger,CAPE,TEN,89.0,Pass
56323_CBE_MAQ,56323,Coimbatore Mangalore Fast Passenger,CBE,MAQ,408.0,Pass
56324_MAQ_CBE,56324,Coimbatore Fast Passenger,MAQ,CBE,408.0,Pass
56325_NCJ_CAPE,56325,Nagercoil Cape Passenger,NCJ,CAPE,15.0,Pass
56331_PUU_QLN,56331,Punalur Kollam Passenger,PUU,QLN,45.0,Pass
56370_ERS_GUV,56370,Ernakulam Guruvayur Passenger,ERS,GUV,97.0,Pass
56503_YPR_BZA,56503,Yesvantapur-Vijayawada Passenger,YPR,BZA,739.0,Pass
56504_BZA_YPR,56504,Vijayawada Yesvantapur Passenger,BZA,YPR,739.0,Pass
56505_BWT_MKM,56505,Bangarpet Marikuppam Passenger,BWT,MKM,16.0,Pass
56506_MKM_BWT,56506,Marikuppam Bangarapet Passenger,MKM,BWT,16.0,Pass
56511_BWT_MKM,56511,Bangarpet Marikuppam Passenger,BWT,MKM,16.0,Pass
56515_SBC_UBL,56515,BANGALORE CITY - HUBLI Pass,SBC,UBL,471.0,Pass
56516_UBL_SBC,56516,HUBLI - BANGALORE CY Passenger,UBL,SBC,471.0,Pass
55525_BJU_SPJ,55525,Barauni-Samastipur Passenger,BJU,SPJ,50.0,Pass
56332_QLN_PUU,56332,Kollam Punalur Passenger,QLN,PUU,45.0,Pass
56333_PUU_QLN,56333,Punalur Kollam Passenger,PUU,QLN,45.0,Pass
56334_QLN_PUU,56334,Kollam Punalur Passenger,QLN,PUU,45.0,Pass
56335_PUU_QLN,56335,Punalur Kollam Passenger,PUU,QLN,45.0,Pass
56336_QLN_PUU,56336,Kollam Punalur Passenger,QLN,PUU,45.0,Pass
56337_PUU_QLN,56337,Punalur Kollam Passenger,PUU,QLN,45.0,Pass
56338_QLN_PUU,56338,Kollam Punalur Passenger,QLN,PUU,45.0,Pass
56371_GUV_ERS,56371,Guruvayur Ernakulam Passenger,GUV,ERS,97.0,Pass
56374_TCR_GUV,56374,Thrissur Guruvayur Passenger,TCR,GUV,23.0,Pass
56375_GUV_ERS,56375,Guruvayur Ernakulam Passenger,GUV,ERS,97.0,Pass
56376_ERS_GUV,56376,Ernakulam Guruvayur Passenger,ERS,GUV,97.0,Pass
56377_ALLP_KYJ,56377,Allepey Kayankulam Passenger,ALLP,KYJ,44.0,Pass
56379_ERS_ALLP,56379,Ernakulam Alappuzha Passenger,ERS,ALLP,57.0,Pass
56380_KYJ_ERS,56380,Kayankulam Ernakulam Passenger,KYJ,ERS,101.0,Pass
56381_ERS_KYJ,56381,Ernakulam Kayankulam Passenger,ERS,KYJ,101.0,Pass
56382_KYJ_ERS,56382,Kayankulam Ernakulam Passenger,KYJ,ERS,101.0,Pass
56383_ERS_KYJ,56383,Ernakulam Kayankulam Passenger,ERS,KYJ,101.0,Pass
56384_ALLP_ERS,56384,Alappuzha Ernakulam Passenger,ALLP,ERS,57.0,Pass
56391_ERS_QLN,56391,Ernakulam Kollam Passenger,ERS,QLN,156.0,Pass
56392_QLN_ERS,56392,Kollam Ernakulam Passenger,QLN,ERS,156.0,Pass
56501_BZA_UBL,56501,Vijayawada Hubli Passenger,BZA,UBL,693.0,Pass
56502_UBL_BZA,56502,Hubli Vijayawada Passenger,UBL,BZA,693.0,Pass
56507_MKM_SBC,56507,Swarna passenger Marikuppam Bangalore,MKM,SBC,86.0,Pass
56508_SBC_MKM,56508,Bangalore-Marikuppam Swarna Pass.,SBC,MKM,86.0,Pass
56509_MKM_SBC,56509,Marikuppam Bangalore Passenger,MKM,SBC,86.0,Pass
56510_SBC_MKM,56510,Bangalore Marikuppam passenger,SBC,MKM,86.0,Pass
56512_MKM_BWT,56512,Marikuppam Bangarpet passenger,MKM,BWT,16.0,Pass
56513_SA_SBC,56513,Salem Bangalore passenger,SA,SBC,218.0,Pass
56514_SBC_SA,56514,Bangalore Salem Passenger,SBC,SA,218.0,Pass
56517_CTA_HRR,56517,Chitradurga Harihar Passenger,CTA,HRR,91.0,Pass
56518_HRR_CTA,56518,Harihar Chitradurga Passenger,HRR,CTA,91.0,Pass
56519_JRU_CTA,56519,Bangalore Chitradurga Passenger,JRU,CTA,33.0,Pass
56520_CTA_JRU,56520,Chitradura Bangalore Passenger,CTA,JRU,33.0,Pass
56525_SBC_CBP,56525,Bangalore Chik ballapur Passenger,SBC,CBP,64.0,Pass
56526_CBP_SBC,56526,Chik Ballapur Bangalore Passenger,CBP,SBC,64.0,Pass
56527_CAPE_NCJ,56527,Kanyakumari Nagercoil Passenger,CAPE,NCJ,15.0,Pass
56528_NCJ_CAPE,56528,Nagercoil Kanyakumari Passenger,NCJ,CAPE,15.0,Pass
56601_SRR_CLT,56601,Shoranur Kozhikode Passenger,SRR,CLT,86.0,Pass
56613_SRR_NIL,56613,Shoranur Nilambur Fast Passenger,SRR,NIL,67.0,Pass
56615_SRR_NIL,56615,Shoranur Nilambur Passenger,SRR,NIL,67.0,Pass
56640_MAQ_VEN,56640,Mangalore-Verna Passenger,MAQ,VEN,454.0,Pass
56641_VEN_MAQ,56641,Verna Mangalore Passenger,VEN,MAQ,454.0,Pass
56642_KBPR_MAQ,56642,Kabakaputtur Mangalore Passenger,KBPR,MAQ,49.0,Pass
56651_CBE_CAN,56651,Coimbatore Kannur Fast Passenger,CBE,CAN,274.0,Pass
56700_MDU_QLN,56700,Madurai-Kollam Passenger,MDU,QLN,366.0,Pass
56701_QLN_MDU,56701,Madurai Passenger,QLN,MDU,366.0,Pass
56602_CAN_SRR,56602,Kannur Shoranur Passenger,CAN,SRR,175.0,Pass
56603_TCR_CAN,56603,Thrissur Kannur Passenger,TCR,CAN,208.0,Pass
56604_SRR_CBE,56604,Shoranur Coimbatore Passenger,SRR,CBE,101.0,Pass
56606_ERS_SRR,56606,Ernakulam Shoranur Passenger,ERS,SRR,107.0,Pass
56607_SRR_ERS,56607,Shoranur Ernakulam Passenger,SRR,ERS,107.0,Pass
56608_ERS_SRR,56608,Ernakulam Shoranur Passenger,ERS,SRR,107.0,Pass
56609_SRR_ERS,56609,Shoranur Ernakulam Passenger,SRR,ERS,107.0,Pass
56610_NIL_PGT,56610,Nilambur Palakkad Passenger,NIL,PGT,112.0,Pass
56612_NIL_SRR,56612,Nilambur Shoranur Passenger,NIL,SRR,67.0,Pass
56616_NIL_SRR,56616,Nilambur Shoranur Fast Passenger,NIL,SRR,67.0,Pass
56617_SRR_NIL,56617,Shoranur Nilambur Passenger,SRR,NIL,67.0,Pass
56618_NIL_SRR,56618,Nilambur Shoranur Passenger,NIL,SRR,67.0,Pass
56619_SRR_NIL,56619,Shoranur Nilambur Passenger,SRR,NIL,67.0,Pass
56620_NIL_SRR,56620,Nilambur Road Shoranur Pass,NIL,SRR,67.0,Pass
56621_SRR_NIL,56621,Shoranur Nilambur Road Pass,SRR,NIL,67.0,Pass
56643_MAQ_KBPR,56643,Kabakaputtur Passenger,MAQ,KBPR,49.0,Pass
56644_KBPR_MAQ,56644,Kabakaputtur Mangalore Passenger,KBPR,MAQ,49.0,Pass
56645_MAQ_KBPR,56645,Kabakaputtur Passenger,MAQ,KBPR,49.0,Pass
56646_SBHR_MAQ,56646,Subramanya Road Mangalore Passenger,SBHR,MAQ,92.0,Pass
56647_MAQ_SBHR,56647,Subrahmanya Road Passenger,MAQ,SBHR,92.0,Pass
56650_CAN_CBE,56650,Kannur Coimbatore Fast Passenger,CAN,CBE,276.0,Pass
56652_CAN_CLT,56652,Kannur Kozhikkode Passenger,CAN,CLT,89.0,Pass
56653_CLT_CAN,56653,Kozhikode Kannur Passenger,CLT,CAN,89.0,Pass
56654_MAQ_CLT,56654,Kozhikode Passenger,MAQ,CLT,221.0,Pass
56655_CAN_MAQ,56655,Kannur Mangalore Passenger,CAN,MAQ,132.0,Pass
56656_MAQ_CAN,56656,Kannur Passenger,MAQ,CAN,132.0,Pass
56657_CLT_CAN,56657,Calicut Kannur Passenger,CLT,CAN,89.0,Pass
56659_CAN_CHV,56659,Kannur Charvattur Passenger,CAN,CHV,49.0,Pass
56661_CHV_MAQ,56661,Charvattur Mangalore Passenger,CHV,MAQ,83.0,Pass
56703_TPJ_DG,56703,TIRUCHCHIRAPALI  - DINDIGUL PASSENGER,TPJ,DG,170.0,Pass
56707_DG_MDU,56707,Dindigul Madurai Passenger,DG,MDU,62.0,Pass
56708_MDU_DG,56708,Madurai Dindigul Passenger,MDU,DG,62.0,Pass
56709_DG_MDU,56709,Dindigul Madurai Passenger,DG,MDU,62.0,Pass
56710_MDU_DG,56710,Madurai Dindigul Passenger,MDU,DG,62.0,Pass
56712_TPJ_NCR,56712,Trichy Nagore Passenger,TPJ,NCR,135.0,Pass
56714_TPJ_NCR,56714,Tiruchirapalli Nagore Passenger,TPJ,NCR,135.0,Pass
56733_MDU_SCT,56733,MADURAI - SENGOTTAI  PASSENGER,MDU,SCT,173.0,Pass
56734_SCT_MDU,56734,SENGOTTAI - MADURAI PASSENGER,SCT,MDU,173.0,Pass
56735_MDU_SCT,56735,MADURAI  - SENGOTTAI PASSENGER,MDU,SCT,173.0,Pass
56736_SCT_MDU,56736,Sengottail Madurai Passenger,SCT,MDU,173.0,Pass
56806_TPJ_CUPJ,56806,Tiruchchirapalli Cuddalore Port Passenger,TPJ,CUPJ,180.0,Pass
56808_TPJ_VRI,56808,Tiruchchirapalli Villupuram Passenger,TPJ,VRI,123.0,Pass
56812_TPJ_MV,56812,Tiruchchirapalli Mayiladuturai Passenger,TPJ,MV,120.0,Pass
56821_MV_DG,56821,MAYILADUTURAI  - DINDIGUL PASSENGER,MV,DG,437.0,Pass
56824_TPJ_MV,56824,Tiruchchirapalli Mayiladuturai Passenger,TPJ,MV,120.0,Pass
56826_TEN_ED,56826,Tirnunelveli Erode Passenger,TEN,ED,358.0,Pass
56829_TPJ_RMM,56829,Tiruchchirapalli Rameswaram Passenger,TPJ,RMM,266.0,Pass
14523_MFP_UMB,14523,Harihar Express,MFP,UMB,1201.0,Exp
53426_KIUL_JMP,53426,KIUL JAMALPUR PASS,KIUL,JMP,54.0,Pass
53428_KIUL_JMP,53428,KIUL JAMALPUR PASS,KIUL,JMP,54.0,Pass
55610_FKM_DBB,55610,FKM - DBB FAST PASSENGER,FKM,DBB,267.0,Pass
56704_DG_TPJ,56704,DINDIGUL - TIRUCHCHIRAPALI PASSENGER,DG,TPJ,170.0,Pass
56705_VM_MDU,56705,VILLUPURAM  - MADURAI PASSENGER,VM,MDU,334.0,Pass
56706_MDU_VM,56706,MADURAI - VILLUPURAM PASSENGER,MDU,VM,337.0,Pass
56711_NCR_TPJ,56711,Nagore Trichy Passenger,NCR,TPJ,135.0,Pass
56713_NCR_TPJ,56713,Nagore Trichy Passenger,NCR,TPJ,135.0,Pass
56721_MDU_RMM,56721,Madurai Rameswaram Passenger,MDU,RMM,161.0,Pass
56722_RMM_MDU,56722,Rameswaram Madurai Passenger,RMM,MDU,161.0,Pass
56724_RMM_MDU,56724,Rameswaram Madurai Passenger,RMM,MDU,161.0,Pass
56725_MDU_RMM,56725,Madurai Rameswaram Passenger,MDU,RMM,161.0,Pass
56726_RMM_MDU,56726,Rameswaram Madurai Passenger,RMM,MDU,161.0,Pass
56761_TEN_TCN,56761,Tirunelveli Tiruchendur Passenger,TEN,TCN,61.0,Pass
56762_TCN_TEN,56762,Tiruchendur Tirunelveli Passenger,TCN,TEN,61.0,Pass
56763_TEN_TCN,56763,Tirunelveli Tiruchendur Passenger,TEN,TCN,61.0,Pass
56764_TCN_TEN,56764,Tiruchendur Tirunelveli Passenger,TCN,TEN,61.0,Pass
56765_TEN_TCN,56765,Tirunelveli Tiruchendur Passenger,TEN,TCN,61.0,Pass
56766_TCN_TEN,56766,Tiruchendur Tirunelveli Passenger,TCN,TEN,61.0,Pass
56767_TN_TCN,56767,Tuticorin Tiruchendur Passenger,TN,TCN,121.0,Pass
56768_TCN_TN,56768,Tiruchendur Tuticorin Passenger,TCN,TN,121.0,Pass
56805_CUPJ_TPJ,56805,Cuddalore Port Tiruchchirapalli Passenger,CUPJ,TPJ,180.0,Pass
56807_VRI_TPJ,56807,Vriddhachalam Tiruchchirapalli Passenger,VRI,TPJ,123.0,Pass
56811_MV_TPJ,56811,Mayiladuturai Tiruchchirapalli Passenger,MV,TPJ,120.0,Pass
56822_DG_MV,56822,DINDIGUL - MAYILADUTURAI PASSENGER,DG,MV,214.0,Pass
56823_MV_TPJ,56823,Mayiladuturai Tiruchchirapalli Passenger,MV,TPJ,120.0,Pass
56827_TN_TEN,56827,Tuticorin Tirunelveli Passenger,TN,TEN,60.0,Pass
56828_TEN_TN,56828,Tirunelveli Tuticorin Passenger,TEN,TN,60.0,Pass
56830_RMM_TPJ,56830,Rameswaram Trichy Passenger,RMM,TPJ,266.0,Pass
56835_VRI_SA,56835,Vriddhachalam Salem Passenger,VRI,SA,145.0,Pass
56836_SA_VRI,56836,Salem Vriddhachalam Passenger,SA,VRI,145.0,Pass
56837_VRI_SA,56837,Vriddhachalam Salem Passenger,VRI,SA,145.0,Pass
56838_SA_VRI,56838,Salem Vriddhachalam Passenger,SA,VRI,145.0,Pass
56839_JTJ_ED,56839,Jolarpettai Erode Passenger,JTJ,ED,182.0,Pass
56840_ED_JTJ,56840,Erode Jolarpettai Passenger,ED,JTJ,182.0,Pass
56845_JTJ_ED,56845,Jolarpettai Erode Passenger,JTJ,ED,182.0,Pass
56846_ED_JTJ,56846,Erode Jolarpettai Passenger,ED,JTJ,182.0,Pass
56859_TBM_VM,56859,Tambaram Villupuram Passenger,TBM,VM,133.0,Pass
56861_VM_PDY,56861,Villupuram-Puducherry Passenger,VM,PDY,38.0,Pass
56863_VM_PDY,56863,Villupuram-Puducherry Passenger,VM,PDY,38.0,Pass
56865_VM_PDY,56865,Puducherry-Villupuram Passenger,VM,PDY,38.0,Pass
56873_VM_MV,56873,Villupuram Mayiladuthurai Passenger,VM,MV,123.0,Pass
56877_VM_MV,56877,Villupuram-Mayiladuthurai Passenger,VM,MV,123.0,Pass
56904_DWR_SUR,56904,Dharwar Solapur Passenger,DWR,SUR,378.0,Pass
56905_SUR_UBL,56905,Solapur-Hubli Passenger,SUR,UBL,359.0,Pass
56906_UBL_SUR,56906,Hubli - Solapur Passenger,UBL,SUR,359.0,Pass
55029_MFP_GKP,55029,Muzaffarpur Gorakhpur Passenger,MFP,GKP,310.0,Pass
56833_CUPJ_VRI,56833,Cuddalore Vriddhachalam Passenger,CUPJ,VRI,57.0,Pass
56841_TPJ_ED,56841,Tiruchchirapalli Erode Passenger,TPJ,ED,141.0,Pass
56843_TPJ_ED,56843,Tiruchchirapalli Erode Passenger,TPJ,ED,141.0,Pass
56847_TPJ_PGTN,56847,Trichy Palakkad Town Passenger,TPJ,PGTN,301.0,Pass
56848_PGTN_TPJ,56848,Palghat Town Tiruchchirapalli Passenger,PGTN,TPJ,301.0,Pass
56851_NCR_TPJ,56851,Nagore Trichy Passenger,NCR,TPJ,135.0,Pass
56852_TPJ_NCR,56852,Trichy Nagore Passenger,TPJ,NCR,135.0,Pass
56862_PDY_VM,56862,Puducherry-Villupuram Passenger,PDY,VM,38.0,Pass
56864_PDY_VM,56864,Puducherry-Villupuram Passenger,PDY,VM,38.0,Pass
56866_PDY_VM,56866,Puducherry-Villupuram Passenger,PDY,VM,38.0,Pass
56874_MV_VM,56874,Mayiladuthurai Villupuram Passenger,MV,VM,123.0,Pass
56878_MV_VM,56878,Mayiladuthurai-Villupuram Passenger,MV,VM,123.0,Pass
56890_TTP_TVR,56890,Tiruturaipdi Tiruvarur Passenger,TTP,TVR,26.0,Pass
56891_TVR_KKDI,56891,Thiruvarur Karaikkudi Passenger,TVR,KKDI,149.0,Pass
56892_KKDI_TVR,56892,Karaikkudi Thiruvarur Passenger,KKDI,TVR,149.0,Pass
56893_TVR_KKDI,56893,Thiruvarur Karaikkudi Passenger,TVR,KKDI,149.0,Pass
56894_KKDI_TVR,56894,Karaikkudi Thiruvarur Passenger,KKDI,TVR,149.0,Pass
56902_DWR_UBL,56902,Dharwar Hubil Passenger,DWR,UBL,21.0,Pass
56907_UBL_DWR,56907,Hubli Dharwar Passenger,UBL,DWR,21.0,Pass
56909_SBC_UBL,56909,Bangalore Hospet Passenger,SBC,UBL,469.0,Pass
56909-Slip_SBC_HPT,56909-Slip,Bangalore Hospet Passenger Slip,SBC,HPT,529.0,Pass
56910_HPT_SBC,56910,Bangalore Passenger,HPT,SBC,529.0,Pass
56911_JRU_UBL,56911,Bangalore Hubli passenger,JRU,UBL,189.0,Pass
56912_UBL_SBC,56912,Hubli Bangalore Passenger,UBL,SBC,469.0,Pass
56913_SBC_UBL,56913,Bangalore Hubli Fast Passenger,SBC,UBL,471.0,Pass
56914_UBL_SBC,56914,Hubli Bangalore passenger,UBL,SBC,471.0,Pass
56915_JRU_UBL,56915,Hubli Passenger Slip,JRU,UBL,189.0,Pass
56916_UBL_JRU,56916,Hubli Chikjajur Passenger,UBL,JRU,189.0,Pass
56917_RRB_SMET,56917,Bangalore Shimoga Slip,RRB,SMET,63.0,Pass
56918_SMET_SBC,56918,Shimoga Bangalore Passenger,SMET,SBC,274.0,Pass
56961_QLM_VSG,56961,KULEM - VASCO DAGAMA Passenger,QLM,VSG,55.0,Pass
56963_QLM_VSG,56963,KULEM - VASCO DA GAMA Passenger,QLM,VSG,55.0,Pass
56964_VSG_QLM,56964,VASCO DA GAMA - KULEM Passenger,VSG,QLM,55.0,Pass
57129_BJP_BMO,57129,Bijapur-Bolarum Passenger,BJP,BMO,456.0,Pass
57130_HYB_BJP,57130,Hyderabad Bijapur Passenger,HYB,BJP,444.0,Pass
57131_BMO_HYB,57131,Bolarum Hyderabad Passenger,BMO,HYB,21.0,Pass
57133_BJP_RC,57133,Bijapur Raichur Passenger,BJP,RC,367.0,Pass
57134_RC_BJP,57134,Raichur Bijapur Passenger,RC,BJP,367.0,Pass
57139_DKJ_MUGR,57139,Dornakal Manuguru Passenger,DKJ,MUGR,107.0,Pass
57145_DKJ_BDCR,57145,Dornakal Bhadrachalam Passenger,DKJ,BDCR,54.0,Pass
57146_BDCR_DKJ,57146,Bhadrachalam Dornakal Passenger,BDCR,DKJ,54.0,Pass
57156_HYB_GR,57156,Hyderabad Gulbarga Passenger,HYB,GR,223.0,Pass
57201_BZA_RJY,57201,Vijayawada Rajahmundry Passenger,BZA,RJY,149.0,Pass
57207_TEL_MRK,57207,Tenali Markapur Road Passenger,TEL,MRK,170.0,Pass
57208_MRK_GNT,57208,Markapur Road Guntur Passenger,MRK,GNT,144.0,Pass
57235_RJY_VSKP,57235,Rajamundry Visakhapatnam Passenger,RJY,VSKP,200.0,Pass
53131_SDAH_MFP,53131,Sealdah Muzaffarpur Fast Passenger,SDAH,MFP,576.0,Pass
56962_VSG_QLM,56962,VASCO DAGAMA - KULEM Passenger,VSG,QLM,55.0,Pass
56965_QLM_VSG,56965,KULEM - VASCO DA GAMA Passenger,QLM,VSG,55.0,Pass
56966_VSG_QLM,56966,VASCO DA GAMA - KULEM Passenger,VSG,QLM,55.0,Pass
57121_KZJ_BPQ,57121,Kazipet Balharshah Passenger,KZJ,BPQ,235.0,Pass
57122_SRUR_KZJ,57122,Sirpur Town Kazipet Passenger,SRUR,KZJ,183.0,Pass
57124_BPQ_BDCR,57124,Balharshah Bhadrachalam Passenger,BPQ,BDCR,382.0,Pass
57135_NGP_KZJ,57135,Nagpur Kazipet Passenger,NGP,KZJ,443.0,Pass
57136_KZJ_NGP,57136,Kazipet Nagpur Passenger,KZJ,NGP,443.0,Pass
57140_MUGR_SC,57140,Link Secunderabad Express,MUGR,SC,331.0,Pass
57155_WADI_HYB,57155,Gulbarga-Hyderabad Passenger,WADI,HYB,186.0,Pass
57202_TEL_RAL,57202,Tenali Repalle Passenger,TEL,RAL,34.0,Pass
57203_RAL_TEL,57203,Repalle Tenali Passenger,RAL,TEL,34.0,Pass
57209_TEL_GNT,57209,Tenali Guntur Passenger,TEL,GNT,26.0,Pass
57210_GNT_TEL,57210,Guntur Tenali Passenger,GNT,TEL,26.0,Pass
57216_GNT_TEL,57216,Guntur Tenali Passenger,GNT,TEL,26.0,Pass
57217_GNT_MCLA,57217,Guntur Macherla Passenger,GNT,MCLA,130.0,Pass
57218_MCLA_BVRM,57218,Macherla Bhimavaram Passenger,MCLA,BVRM,268.0,Pass
57219_GNT_MCLA,57219,Guntur Macherla Passenger,GNT,MCLA,130.0,Pass
57220_MCLA_GNT,57220,Macherla Guntur Passenger,MCLA,GNT,130.0,Pass
57224_BZA_GDR,57224,Vijayawada Gudur Passenger,BZA,GDR,294.0,Pass
57225_BZA_VSKP,57225,Vijayawada Visakhapatnam Passenger,BZA,VSKP,349.0,Pass
57226_VSKP_BZA,57226,Visakhapatnam Vijayawada Passenger,VSKP,BZA,350.0,Pass
57229_MTM_VSKP,57229,Machilipatnam Visakhapatnam Fast Passenger,MTM,VSKP,373.0,Pass
57230_VSKP_MTM,57230,Visakhapatnam Machilipatnam Fast Passenger,VSKP,MTM,373.0,Pass
57231_BZA_COA,57231,Vijayawada Kakinada Port Fast Passenger,BZA,COA,213.0,Pass
57232_COA_BZA,57232,Kakinada Port Vijayawada Passenger,COA,BZA,213.0,Pass
57240_BTTR_MAS,57240,Bitragunta Chennai Passenger,BTTR,MAS,210.0,Pass
57241_BTTR_BZA,57241,Bitragunta Vijayawada Passenger,BTTR,BZA,221.0,Pass
57242_BZA_BTTR,57242,Vijayawada bitragunta Passenger,BZA,BTTR,221.0,Pass
57254_BZA_BDCR,57254,Vijayawada Bhadrachalam Passenger,BZA,BDCR,177.0,Pass
57257_TPTY_COA,57257,Tirupati Kakinada Port Passenger,TPTY,COA,601.0,Pass
57258_COA_TPTY,57258,Kakinada Port Tirupati Passenger,COA,TPTY,601.0,Pass
57259_BVRM_RJY,57259,Bhimavaram Rajamundry Passenger,BVRM,RJY,68.0,Pass
57260_RJY_NS,57260,Rajamundry Narasapur Passenger,RJY,NS,98.0,Pass
57271_BZA_RGDA,57271,Rayagada Passenger,BZA,RGDA,536.0,Pass
57272_RGDA_BZA,57272,Rayagada Vijayawada Passenger,RGDA,BZA,536.0,Pass
57274_TPTY_UBL,57274,Tirupati Hubli InterCity Passenger,TPTY,UBL,577.0,Pass
57278_BZA_BTTR,57278,Vijayawada Bitragunta Passenger,BZA,BTTR,221.0,Pass
57279_GDV_NS,57279,Gudivada Narasapur Passenger,GDV,NS,96.0,Pass
57280_BVRM_GDV,57280,Bhimavaram Gudivada Passenger,BVRM,GDV,66.0,Pass
57427_RC_GTL,57427,Raichur Guntakal Passenger,RC,GTL,121.0,Pass
57428_GTL_RC,57428,Guntakal Raichur Passenger,GTL,RC,121.0,Pass
57437_GTL_HUP,57437,Guntakal Hindupur Passenger,GTL,HUP,197.0,Pass
57438_HUP_GTL,57438,Hindupur Guntakal Passenger,HUP,GTL,197.0,Pass
57547_HYB_PAU,57547,Hyderabad Purna Passenger,HYB,PAU,434.0,Pass
51111_CSN_DHI,51111,Chalisgaon Dhule Mix Passenger,CSN,DHI,56.0,Pass
57237_KZJ_BZA,57237,Kazipet Vijayawada Passenger,KZJ,BZA,218.0,Pass
57238_BZA_KZJ,57238,Vijaywada Kazipet Passenger,BZA,KZJ,218.0,Pass
57239_MAS_GDR,57239,Chennai Gudur Passenger,MAS,GDR,137.0,Pass
57253_BDCR_BZA,57253,Bhadrachalam Vijayawada Passenger,BDCR,BZA,177.0,Pass
57256_VSKP_COA,57256,Visakhapatnam Kakinada Port passenger,VSKP,COA,164.0,Pass
57262_NDD_BVRM,57262,Nidadavolu Bhimavaram Passenger,NDD,BVRM,46.0,Pass
57263_NS_NDD,57263,Narasapur Nidadavolu Passenger,NS,NDD,76.0,Pass
57264_NS_VSKP,57264,Narasapur Visakhapatnam (LINK) Passenger,NS,VSKP,300.0,Pass
57265_VSKP_NS,57265,Visakhapatnam Narasapur (LINK) Passenger,VSKP,NS,300.0,Pass
57273_UBL_TPTY,57273,Hubli Tirupati InterCity Passenger,UBL,TPTY,577.0,Pass
57285_NDKD_MCLA,57285,Nadikode Macherla Passenger,NDKD,MCLA,35.0,Pass
57286_MCLA_NDKD,57286,Macherla Nadikode Passenger,MCLA,NDKD,35.0,Pass
57298_NS_GNT,57298,Narasapur Guntur Passenger,NS,GNT,168.0,Pass
57305_KCG_GNT,57305,Kacheguda Guntur Fast Passenger,KCG,GNT,622.0,Pass
57306_GNT_SC,57306,Guntur Secunderabad Passenger,GNT,SC,630.0,Pass
57307_SC_MED,57307,Secunderabad Medchal Suburban,SC,MED,27.0,Pass
57308_MED_SC,57308,Medchal Secunderabad Suburban,MED,SC,27.0,Pass
57327_DHNE_GNT,57327,Dronachellam Guntur Passenger,DHNE,GNT,333.0,Pass
57328_GNT_DHNE,57328,Guntur Dhone Passenger,GNT,DHNE,333.0,Pass
57381_GNT_NS,57381,Guntur Narasapur Fast Passenger,GNT,NS,168.0,Pass
57382_NS_GNT,57382,Guntur Passenger,NS,GNT,169.0,Pass
57412_GDR_TPTY,57412,Gudur Tirupati Fast Passenger,GDR,TPTY,93.0,Pass
57426_GTL_SC,57426,Gunatkal Secunderabad Passenger,GTL,SC,365.0,Pass
57430_GDR_TPTY,57430,Gudur Tirupati Passenger,GDR,TPTY,93.0,Pass
57439_GY_DHNE,57439,Gooty Dhone Passenger,GY,DHNE,55.0,Pass
57440_DHNE_GY,57440,Dhone Gooty Passenger,DHNE,GY,55.0,Pass
57467_KRNT_GTL,57467,Kurnool Town Guntakal Passenger,KRNT,GTL,122.0,Pass
57469_KRNT_GTL,57469,Kurnool Town Guntakal Passenger,KRNT,GTL,122.0,Pass
57474_BDHN_MBNR,57474,Bodhan Mahbubnagar Passenger,BDHN,MBNR,298.0,Pass
57475_TPTY_GTL,57475,Tirupati Guntakal Passenger,TPTY,GTL,370.0,Pass
57476_GTL_TPTY,57476,Guntakal Tirupati Passenger,GTL,TPTY,370.0,Pass
57501_NZB_BDHN,57501,Nizamabad Bodhan Passenger,NZB,BDHN,26.0,Pass
57502_BDHN_NZB,57502,Bodhan Nizamabad Passenger,BDHN,NZB,26.0,Pass
57503_NZB_BDHN,57503,Nizamabad Bodhan Passenger,NZB,BDHN,26.0,Pass
57504_BDHN_NZB,57504,Bodhan Nizamabad Passenger,BDHN,NZB,26.0,Pass
57512_PBN_NED,57512,Parbhani Purna Passenger,PBN,NED,59.0,Pass
57516_NED_DD,57516,Nanded-Daund Junction Passenger,NED,DD,586.0,Pass
57518_TDU_BMO,57518,Tandur Bolarum Passenger,TDU,BMO,127.0,Pass
57519_BMO_HYB,57519,Bolarum Secunderabad Suburban,BMO,HYB,21.0,Pass
57539_AK_PRLI,57539,Akola Parli Vaijnath Passenger,AK,PRLI,296.0,Pass
57540_PRLI_AK,57540,Akola Passenger,PRLI,AK,296.0,Pass
57541_NSL_NED,57541,Nagarsol Nanded Passenger,NSL,NED,325.0,Pass
57542_NED_MMR,57542,Nanded Manmad Passenger,NED,MMR,348.0,Pass
57561_KCG_MMR,57561,Kacheguda Manmad Passenger,KCG,MMR,624.0,Pass
57581_AK_PAU,57581,Akola Purna Passenger,AK,PAU,204.0,Pass
57583_AK_PAU,57583,Akola Purna Passenger,AK,PAU,207.0,Pass
57448_MBNR_SC,57448,Mahbubnagar Secunderabad Passenger,MBNR,SC,113.0,Pass
57451_JRU_GTL,57451,Chikjajur Guntakal Passenger,JRU,GTL,233.0,Pass
57453_BAY_GTL,57453,Bellary Guntakal Passenger,BAY,GTL,50.0,Pass
57454_GTL_BAY,57454,Guntakal Bellary Passenger,GTL,BAY,50.0,Pass
57468_DHNE_KRNT,57468,Dhone Kurnool Town Passenger,DHNE,KRNT,54.0,Pass
57470_GTL_KRNT,57470,Guntakal Kurnool Town Passenger,GTL,KRNT,122.0,Pass
57473_SC_BDHN,57473,Secunderabad Bodhan Passenger,SC,BDHN,186.0,Pass
57485_SC_MZL,57485,Secunderabad Mirzapali Passenger,SC,MZL,71.0,Pass
57486_MZL_SC,57486,Mirzapali Secunderabad Passenger,MZL,SC,71.0,Pass
57548_PAU_HYB,57548,Purna Hyderabad Passenger,PAU,HYB,434.0,Pass
57549_HYB_AWB,57549,Hyderabad Aurangabad Passenger,HYB,AWB,582.0,Pass
57550_AWB_HYB,57550,Aurangabad-Hyderabad Passenger,AWB,HYB,582.0,Pass
57551_PAU_ADB,57551,Purna Adilabad Passenger,PAU,ADB,216.0,Pass
57552_ADB_PAU,57552,Adilabad Purna Passenger,ADB,PAU,216.0,Pass
57553_PRLI_ADB,57553,Parli Vaijnath Adilabad Passenger,PRLI,ADB,308.0,Pass
57554_ADB_PRLI,57554,Adilabad Parli Vaijnath Passenger,ADB,PRLI,308.0,Pass
57557_NZB_NED,57557,Nizamabad Nanded Passenger,NZB,NED,110.0,Pass
57558_NED_NZB,57558,Nanded Nizamabad Passenger,NED,NZB,110.0,Pass
57563_HYB_PBN,57563,Hyderabad-Parbhani PASS,HYB,PBN,340.0,Pass
57564_NED_HYB,57564,Nanded Hyderabad Passenger,NED,HYB,281.0,Pass
57582_PAU_AK,57582,Purna Akola Passenger,PAU,AK,204.0,Pass
57605_SC_VKB,57605,Secunderabad Vikarabad Passenger,SC,VKB,72.0,Pass
57606_VKB_SC,57606,Vikarabad Secunderabad,VKB,SC,72.0,Pass
57619_RAL_SC,57619,Delta Fast Passenger,RAL,SC,341.0,Pass
57625_SC_MUGR,57625,Kakatiya Fast Passenger,SC,MUGR,331.0,Pass
57626_MUGR_SC,57626,Kakatiya Fast Passenger,MUGR,SC,331.0,Pass
57640_GNT_TPTY,57640,Guntur Tirupati Passanger,GNT,TPTY,382.0,Pass
57641_SUR_GDG,57641,SOLAPUR - GADAG PASSENGER,SUR,GDG,207.0,Pass
57642_GDG_SUR,57642,GADAG - SOLAPUR PASSENGER,GDG,SUR,207.0,Pass
57643_BGK_GDG,57643,Bagalkot Gadag Passenger,BGK,GDG,94.0,Pass
57644_GDG_BGK,57644,Gadag Bagalkot Passenger,GDG,BGK,94.0,Pass
57651_SC_RAL,57651,Secunderabad Repalle Passenger,SC,RAL,341.0,Pass
57652_RAL_SC,57652,Repalle Secunderabad Passenger,RAL,SC,341.0,Pass
57657_MUGR_KZJ,57657,Manuguru Kazipet Passenger,MUGR,KZJ,202.0,Pass
57658_KZJ_MUGR,57658,Kazipet Manuguru Passenger,KZJ,MUGR,202.0,Pass
57660_FM_GR,57660,Falaknuma Gulbarga Passenger,FM,GR,235.0,Pass
58000_PURI_KGP,58000,Puri -- Santragachi Passenger,PURI,KGP,405.0,Pass
58001_HWH_PURI,58001,Howrah Puri Santragachi Passenger,HWH,PURI,520.0,Pass
58003_HWH_BHC,58003,Howrah Bhadrak Passenger,HWH,BHC,294.0,Pass
58005_KGP_KUR,58005,Kharagpur Khurda Fast Passenger,KGP,KUR,341.0,Pass
58006_KUR_KGP,58006,Kurdha road Kharagpur passenger,KUR,KGP,341.0,Pass
58007_KGP_BHC,58007,Kharagpur Balasore Bhadrakh Passenger,KGP,BHC,179.0,Pass
58011_HWH_CKP,58011,Howrah Chakradharpur Passenger,HWH,CKP,438.0,Pass
58012_CKP_HWH,58012,Chakradharpur Howrah Passenger,CKP,HWH,438.0,Pass
58014_BKSC_HWH,58014,Bokaro Steel City-Howrah Fast Passenger,BKSC,HWH,367.0,Pass
58015_HWH_ADRA,58015,Howrah Adra MEMU Passenger,HWH,ADRA,283.0,Pass
58016_ADRA_HWH,58016,Adra Howrah Passenger,ADRA,HWH,283.0,Pass
51113_CSN_DHI,51113,Chalisgaon Dhule Mix Passenger,CSN,DHI,56.0,Pass
51114_DHI_CSN,51114,Dhule Chalisgaon Mix Passenger,DHI,CSN,56.0,Pass
51115_CSN_DHI,51115,Chalisgaon Dhule Mix Passenger,CSN,DHI,56.0,Pass
51886_DMO_BINA,51886,DAMOH BINA PASS,DMO,BINA,152.0,Pass
57584_PAU_AK,57584,Purna Akola Passenger,PAU,AK,207.0,Pass
57628_GR_SUR,57628,Gulbarga Solapur Passenger,GR,SUR,112.0,Pass
57639_TPTY_GNT,57639,Tirupati Guntur Passenger,TPTY,GNT,382.0,Pass
57649_GR_WADI,57649,Gulbarga Wadi Passenger,GR,WADI,37.0,Pass
57650_WADI_SUR,57650,Wadi Solapur Passenger,WADI,SUR,149.0,Pass
57659_SUR_FM,57659,Sholapur Falaknuma Passenger,SUR,FM,347.0,Pass
57685_SUR_BJP,57685,Solapur Bijapur Passenger,SUR,BJP,110.0,Pass
57686_BJP_SUR,57686,Bijapur Solapur Passenger,BJP,SUR,110.0,Pass
58002_PURI_SRC,58002,Puri Santargachi Passenger,PURI,SRC,513.0,Pass
58008_JJKR_KGP,58008,Jajpur Keonjhar kharagpur,JJKR,KGP,222.0,Pass
58009_KGP_JJKR,58009,Kharagpur Jajpur Keonjhar Road Passenger,KGP,JJKR,222.0,Pass
58010_JJKR_KGP,58010,Chakradharpur Adra Passenger,JJKR,KGP,222.0,Pass
58017_KGP_ASN,58017,Kharagpur Asansol Passenger,KGP,ASN,209.0,Pass
58018_ASN_KGP,58018,Asansol Adra Kharagpur Passenger,ASN,KGP,209.0,Pass
58019_ADRA_ASN,58019,Adra Asansol Passenger,ADRA,ASN,41.0,Pass
58020_ASN_ADRA,58020,Asansol Adra Passenger,ASN,ADRA,41.0,Pass
58021_KGP_TATA,58021,Kharagpur Tatanagar Passenger,KGP,TATA,135.0,Pass
58022_TATA_KGP,58022,Tatanagar Kharagpur MEMU Passenger,TATA,KGP,135.0,Pass
58023_TATA_BRKA,58023,Tatanagar Barkakana Passenger,TATA,BRKA,161.0,Pass
58025_KGP_HTE,58025,Kharagpur-Hatia Passenger,KGP,HTE,336.0,Pass
58026_HTE_KGP,58026,Hatia Kharagpur Passenger,HTE,KGP,336.0,Pass
58101_TATA_BMPR,58101,Tatanagar Badampahar Passenger,TATA,BMPR,0.0,Pass
58103_TATA_BBN,58103,Tatanagar Barabil Passenger,TATA,BBN,148.0,Pass
58104_BBN_TATA,58104,Barabil Tatanagar Passenger,BBN,TATA,148.0,Pass
58109_TATA_GUA,58109,Tatanagar Gua Passenger,TATA,GUA,0.0,Pass
58110_GUA_TATA,58110,Gua Tatanagar Passenger,GUA,TATA,0.0,Pass
58111_TATA_ITR,58111,TATANAGAR - ITWARI Passenger,TATA,ITR,878.0,Pass
58112_ITR_TATA,58112,ITWARI - TATANAGAR Passenger,ITR,TATA,878.0,Pass
58113_TATA_BSP,58113,TATA BSP PASS,TATA,BSP,469.0,Pass
58114_BSP_TATA,58114,BSP TATA PASSENGER,BSP,TATA,471.0,Pass
58116_ROU_CKP,58116,ROU CKP SARANDA PASSENGER,ROU,CKP,101.0,Pass
58151_BRMP_BXF,58151,Birmitrapur Barsuan Passenger,BRMP,BXF,103.0,Pass
58152_BXF_BRMP,58152,Barsuan Birmitrapur Passenger,BXF,BRMP,103.0,Pass
58162_JSG_HTE,58162,JHARSUGUDA - HATIA Passenger (UnReserved),JSG,HTE,264.0,Pass
58201_BSP_R,58201,Bilaspur Raipur Passenger,BSP,R,110.0,Pass
58202_R_BSP,58202,Raipur Bilaspur MEMU Local,R,BSP,110.0,Pass
58203_GAD_R,58203,Gevra Raipur Passenger,GAD,R,215.0,Pass
58204_R_GAD,58204,Raipur Gevra Road Passenger,R,GAD,215.0,Pass
58205_R_ITR,58205,RAIPUR ITWARI PASS,R,ITR,298.0,Pass
58206_ITR_R,58206,ITWARI RAIPUR MEMU Pass,ITR,R,298.0,Pass
58208_KSNG_R,58208,Khariar Raipur Passenger,KSNG,R,216.0,Pass
58215_JSG_TIG,58215,Jharsuguda Titlagarh Passenger,JSG,TIG,232.0,Pass
58216_TIG_JSG,58216,Titlagarh Jharsuguda Passenger,TIG,JSG,232.0,Pass
58117_JSG_G,58117,Jharsuguda Gondia Passenger,JSG,G,487.0,Pass
58118_G_JSG,58118,Gondia Jharsuguda Passenger,G,JSG,487.0,Pass
58125_SBP_JSG,58125,Sambalpur Jharsuguda Passenger,SBP,JSG,50.0,Pass
58131_ROU_PURI,58131,Rourkela-Puri Passenger,ROU,PURI,525.0,Pass
58132_PURI_ROU,58132,Puri Rourkela Passenger,PURI,ROU,549.0,Pass
58133_ROU_JSG,58133,Rourkela Jharsuguda Passenger,ROU,JSG,101.0,Pass
58134_JSG_ROU,58134,Jhsrsuguda Rourkela Passenger,JSG,ROU,101.0,Pass
58209_GAD_BSP,58209,Gevra Bilaspur Passenger,GAD,BSP,105.0,Pass
58210_BSP_GAD,58210,Bilaspur Gevra Passenger,BSP,GAD,105.0,Pass
58212_BSP_GAD,58212,Bilaspur Gevra Passenger,BSP,GAD,98.0,Pass
58213_JSG_BSP,58213,Jharsuguda Bilaspur Passenger,JSG,BSP,205.0,Pass
58214_BSP_JSG,58214,Bilaspur Jharsuguda Passenger,BSP,JSG,205.0,Pass
58217_TIG_R,58217,Titlagarh Raipur Passenger,TIG,R,202.0,Pass
58218_R_TIG,58218,Raipur Titagarh Passenger,R,TIG,202.0,Pass
58220-Slip_CHRM_BPL,58220-Slip,Chirmiri Bilaspur Passenger Slip,CHRM,BPL,653.0,Pass
58221_CHRM_CHD,58221,Chirmiri Chandia Passenger,CHRM,CHD,214.0,Pass
58222_CHD_CHRM,58222,Chandia Chirmiri Passenger,CHD,CHRM,214.0,Pass
58223_MDGR_ABKP,58223,Manendragarh Ambikapur Passang,MDGR,ABKP,124.0,Pass
58224_ABKP_MDGR,58224,Ambikapur Manendragarh Passang,ABKP,MDGR,124.0,Pass
58401_CTC_PRDP,58401,Cuttack Paradip Passenger,CTC,PRDP,83.0,Pass
58405_CTC_PRDP,58405,Cuttack Paradip Passenger,CTC,PRDP,83.0,Pass
58406_PRDP_CTC,58406,Paradip Cuttack Passenger,PRDP,CTC,83.0,Pass
58407_KUR_PURI,58407,Khurda Puri Passenger,KUR,PURI,44.0,Pass
58408_PURI_KUR,58408,Puri Khurda Road Passenger,PURI,KUR,44.0,Pass
58409_KUR_PURI,58409,Khurda Puri Passenger,KUR,PURI,44.0,Pass
58410_PURI_KUR,58410,Puri Khurda Road Passenger,PURI,KUR,44.0,Pass
58414_PURI_TLHR,58414,Puri Talcher Passenger,PURI,TLHR,200.0,Pass
58415_CTC_PURI,58415,Puri Cuttack Passenger,CTC,PURI,91.0,Pass
58416_PURI_CTC,58416,Cuttack Puri Passenger,PURI,CTC,91.0,Pass
58417_PURI_GNPR,58417,Puri Gunupur Passenger,PURI,GNPR,380.0,Pass
58418_GNPR_PURI,58418,Parlakhemundi Puri Passenger,GNPR,PURI,380.0,Pass
58421_ANGL_PURI,58421,Angul Puri Fast Passenger,ANGL,PURI,335.0,Pass
58422_PURI_ANGL,58422,Puri Angul Fast Passenger,PURI,ANGL,195.0,Pass
58423_BHC_CTC,58423,Bhadrak Cuttack Passenger,BHC,CTC,116.0,Pass
58424_CTC_BHC,58424,Cuttack Bhadrakh Passenger,CTC,BHC,116.0,Pass
58435_BHC_CTC,58435,Bhadrakh Cuttack Fast Passenger,BHC,CTC,116.0,Pass
58436_CTC_BHC,58436,Cuttack Bhadrakh Fast Passenger,CTC,BHC,116.0,Pass
58527_R_VSKP,58527,Raipur Vishakhapatnam Passenger,R,VSKP,529.0,Pass
58528_VSKP_R,58528,Visakhapatnam Raipur Passenger,VSKP,R,529.0,Pass
58541_RGDA_KRPU,58541,Rayagada Koraput Passenger,RGDA,KRPU,173.0,Pass
58542_KRPU_RGDA,58542,Koraput Rayagada Passenger,KRPU,RGDA,173.0,Pass
58601_KGP_ADRA,58601,Kharagpur Adra Passenger,KGP,ADRA,168.0,Pass
58602_ADRA_KGP,58602,Adra Kharagpur Passenger,ADRA,KGP,168.0,Pass
58603_KGP_DHN,58603,Kharagpur-Dhanbad Passenger,KGP,DHN,278.0,Pass
58604_DHN_KGP,58604,Dhanbad Kharagpur Passenger,DHN,KGP,278.0,Pass
58605_KGP_TATA,58605,Kharagpur Tatanagar Passenger,KGP,TATA,135.0,Pass
58606_TATA_KGP,58606,Tatanagar Kharagpur Passenger,TATA,KGP,135.0,Pass
58220_CHRM_BSP,58220,Chirmiri Bilaspur Passenger,CHRM,BSP,238.0,Pass
58433_CTC_BAM,58433,Cuttack Berhampur Fast Passenger,CTC,BAM,194.0,Pass
58434_BAM_CTC,58434,Berhampur Cuttack Fast Passenger,BAM,CTC,194.0,Pass
58501_VSKP_KRDL,58501,Visakhapatnam Kirandul Passenger,VSKP,KRDL,472.0,Pass
58525_PSA_VSKP,58525,Palasa Visakhapatnam Passenger,PSA,VSKP,203.0,Pass
58529_DURG_VSKP,58529,Durg Visakhapatnam Passenger,DURG,VSKP,564.0,Pass
58530_VSKP_DURG,58530,Visakhapatnam Durg Passenger,VSKP,DURG,564.0,Pass
58537_RGDA_VSKP,58537,Rayagada Vishakhapatnam Passenger,RGDA,VSKP,186.0,Pass
58538_VSKP_RGDA,58538,Visakhapatnam Rayagada Passenger,VSKP,RGDA,186.0,Pass
58607_GMO_CKP,58607,Gomoh-Chakradharpur Passenger,GMO,CKP,236.0,Pass
58608_CKP_GMO,58608,Chakradharpur Gomoh Passenger,CKP,GMO,236.0,Pass
58609_TATA_CKP,58609,Tatanagar Chakradharpur Passenger,TATA,CKP,62.0,Pass
58652_LAD_RNC,58652,Lohardaga Ranchi Passenger,LAD,RNC,67.0,Pass
58653_RNC_LAD,58653,Ranchi - Lohardaga - Barkichampi Passenger,RNC,LAD,67.0,Pass
58654_LAD_RNC,58654,Barkichampi - Lohardaga - Ranchi Passenger,LAD,RNC,67.0,Pass
58655_RNC_LAD,58655,Ranchi Lohardaga Passenger,RNC,LAD,67.0,Pass
58656_LAD_RNC,58656,Lohardaga Ranchi Passenger,LAD,RNC,67.0,Pass
58657_RNC_LAD,58657,Ranchi Lohardaga Passenger,RNC,LAD,67.0,Pass
58658_LAD_RNC,58658,Lohardaga Ranchi Passenger,LAD,RNC,67.0,Pass
58661_TATA_HTE,58661,Tatanagar Hatia Passenger,TATA,HTE,218.0,Pass
58662_HTE_TATA,58662,Hatia Tatanagar Passenger,HTE,TATA,218.0,Pass
58703_R_G,58703,Durg Gondia Passenger,R,G,172.0,Pass
58704_G_R,58704,Gondia Durg Passenger,G,R,172.0,Pass
58711_TBD_DTR,58711,Telibandha Dhamtari Passenger,TBD,DTR,68.0,Pass
58712_DTR_TBD,58712,Dhamtari Telibandha Passenger,DTR,TBD,68.0,Pass
58713_TBD_DTR,58713,Telibandha Dhamtari Passenger,TBD,DTR,68.0,Pass
58714_DTR_TBD,58714,Dhamtari Telibandha Passenger,DTR,TBD,68.0,Pass
58715_TBD_DTR,58715,Telibandha Dhamtari Passenger,TBD,DTR,68.0,Pass
58716_DTR_TBD,58716,Dhamtari Telibandha Passenger,DTR,TBD,68.0,Pass
58717_TBD_RIM,58717,Telibandha Rajim Passenger,TBD,RIM,39.0,Pass
58718_RIM_TBD,58718,RAJIM TELIBANDHA PASS,RIM,TBD,39.0,Pass
58719_AVP_RIM,58719,ABHANPUR RAJIM PASS,AVP,RIM,17.0,Pass
58720_RIM_AVP,58720,RAJIM ABHANPUR PASS,RIM,AVP,16.0,Pass
58721_AVP_RIM,58721,ABHANPUR RAJIM PASS,AVP,RIM,16.0,Pass
58722_RIM_AVP,58722,RAJIM ABHANPUR PASS,RIM,AVP,16.0,Pass
58802_G_BPQ,58802,Gondia Nagbhir Ballarshah Passenger,G,BPQ,252.0,Pass
58808_WSA_CAF,58808,Wadsa Chanda Fort Passenger,WSA,CAF,137.0,Pass
58809_RTK_ITR,58809,Ramtek itwari Passenger,RTK,ITR,46.0,Pass
58810_NGP_RTK,58810,Nagpur Ramtek Passenger,NGP,RTK,42.0,Pass
58811_RTK_NGP,58811,Ramtek Nagpur Passenger,RTK,NGP,42.0,Pass
58813_RTK_ITR,58813,Ramtek itwari Passenger,RTK,ITR,38.0,Pass
58814_ITR_RTK,58814,Itwari Ramtek Passenger,ITR,RTK,38.0,Pass
58815_ITR_TRDI,58815,Itwari Tirodi Passenger,ITR,TRDI,124.0,Pass
58816_TRDI_ITR,58816,Tirodi Itwari Passenger,TRDI,ITR,124.0,Pass
58817_TMR_TRDI,58817,Tumsar Road Tirodi Passenger,TMR,TRDI,48.0,Pass
58818_TRDI_TMR,58818,Tirodi Tumsar Road DEMU,TRDI,TMR,48.0,Pass
58831_NGP_CWA,58831,Nagpur Chindwara Passenger,NGP,CWA,148.0,Pass
58620_BRKA_ADRA,58620,Barka Kana Adra Passenger,BRKA,ADRA,159.0,Pass
58621_ADRA_BRKA,58621,Adra Barkakana Passenger,ADRA,BRKA,159.0,Pass
58701_SDL_ABKP,58701,Shahdol Ambikapur Passenger,SDL,ABKP,216.0,Pass
58702_ABKP_SDL,58702,Ambikapur Shahdol Passenger,ABKP,SDL,216.0,Pass
58804_G_CAF,58804,Gondia Chanda Fort Passenger,G,CAF,241.0,Pass
58805_CAF_G,58805,Chanda Fort Gondia Passenger,CAF,G,241.0,Pass
58806_G_WSA,58806,Gondia Wadsa Passenger,G,WSA,104.0,Pass
58832_CWA_NGP,58832,Chhindwara Ramakona Nagpur Passenger,CWA,NGP,148.0,Pass
58833_NGP_CWA,58833,Nagpur Chindwara Passenger,NGP,CWA,148.0,Pass
58835_NGP_CWA,58835,Nagpur Ramakona Chhindwara Passenger,NGP,CWA,148.0,Pass
58837_NGP_CWA,58837,Nagpur Ramakona Chhindwara Passenger,NGP,CWA,148.0,Pass
58839_NGP_JBP,58839,Nagpur Nainpur Jabalpur Fast Passenger,NGP,JBP,398.0,Pass
58841_NGP_RMO,58841,Nagpur Ramakona Passenger,NGP,RMO,86.0,Pass
58843_NGP_NAB,58843,Nagpur Nagbhir Passenger,NGP,NAB,110.0,Pass
58846_NAB_ITR,58846,Nagbhir Itwari Passenger,NAB,ITR,106.0,Pass
58847_NGP_NAB,58847,Nagpur Nagbhir Passenger,NGP,NAB,110.0,Pass
58849_CWA_NIR,58849,Chhindwara Nainpur Passenger,CWA,NIR,141.0,Pass
58850_NIR_CWA,58850,Nainpur Chhindwara Passenger,NIR,CWA,141.0,Pass
58851_CWA_NIR,58851,Chhindwara Nainpur Passenger,CWA,NIR,141.0,Pass
58852_NIR_CWA,58852,Nainpur Chhindwara Passenger,NIR,CWA,141.0,Pass
58853_CWA_NIR,58853,Chhindwara Nainpur Passenger,CWA,NIR,141.0,Pass
58854_NIR_CWA,58854,Nainpur Chhindwara Passenger,NIR,CWA,141.0,Pass
58855_CWA_NIR,58855,Chhindwara Nainpur Passenger,CWA,NIR,141.0,Pass
58856_NIR_CWA,58856,Nainpur Chhindwara Passenger,NIR,CWA,141.0,Pass
58857_NIR_MFR,58857,Nainpur Mandla Fort Passenger,NIR,MFR,43.0,Pass
58858_NIR_BTC,58858,Mandla Fort Balaghat Passenger,NIR,BTC,74.0,Pass
58859_NIR_MFR,58859,Nainpur Mandla Fort Passenger,NIR,MFR,43.0,Pass
58860_MFR_NIR,58860,Mandla Fort Nainpur Passenger,MFR,NIR,43.0,Pass
58861_NIR_MFR,58861,Nainpur Mandla Fort Passenger,NIR,MFR,43.0,Pass
58862_MFR_NIR,58862,Mandla Fort Nainpur Passenger,MFR,NIR,43.0,Pass
58863_BTC_JBP,58863,Balaghat jabalpur Passenger,BTC,JBP,185.0,Pass
58864_JBP_BTC,58864,Jabalpur Balaghat Passenger,JBP,BTC,185.0,Pass
58865_BTC_JBP,58865,Balaghat Jabalpur Passenger,BTC,JBP,187.0,Pass
58866_JBP_BTC,58866,Jabalpur Balaghat Passenger,JBP,BTC,185.0,Pass
58867_BTC_JBP,58867,Balaghat jabalpur Passenger,BTC,JBP,185.0,Pass
58868_JBP_BTC,58868,Jabalpur Balaghat Passenger,JBP,BTC,187.0,Pass
58869_BTC_JBP,58869,Balaghat jabalpur Passenger,BTC,JBP,185.0,Pass
58870_JBP_BTC,58870,Jabalpur Balaghat Passenger,JBP,BTC,187.0,Pass
58871_BTC_JBP,58871,Balaghat Jabalpur Passenger,BTC,JBP,187.0,Pass
58873_BTC_NIR,58873,Balaghat Nainpur Passenger,BTC,NIR,74.0,Pass
58874_NIR_BTC,58874,Nainpur Balaghat Passenger,NIR,BTC,74.0,Pass
58876_JBP_NIR,58876,Jabalpur Nainpur Passenger,JBP,NIR,111.0,Pass
59009_VR_BH,59009,Virar Bharuch Shuttle,VR,BH,267.0,Pass
59010_BH_VR,59010,Bharuch Virar Passenger,BH,VR,267.0,Pass
59013_ST_BSL,59013,Bhusaval Passenger,ST,BSL,336.0,Pass
59023_BCT_BL,59023,Mumbai Valsad Passenger,BCT,BL,195.0,Pass
59025_ST_AMI,59025,Surat Amrawati Fast Passenger,ST,AMI,563.0,Pass
58834_CWA_NGP,58834,Chhindwara Nagpur Passenger,CWA,NGP,148.0,Pass
58836_CWA_NGP,58836,Chhindwara Nagpur Passenger,CWA,NGP,148.0,Pass
58840_JBP_NGP,58840,Jabalpur Nir Nagpur Passenger,JBP,NGP,398.0,Pass
58842_RMO_NGP,58842,Ramakona Nagpur Passenger,RMO,NGP,86.0,Pass
58844_NAB_NGP,58844,Nagbhir Nagpur Passenger,NAB,NGP,110.0,Pass
58848_NAB_NGP,58848,Nagbhir Nagpur Passenger,NAB,NGP,110.0,Pass
59026_AMI_ST,59026,Surat Fast Passenger,AMI,ST,563.0,Pass
59037_VR_ST,59037,Virar Surat Passenger,VR,ST,207.0,Pass
59038_ST_VR,59038,Surat Virar Passenger,ST,VR,207.0,Pass
59039_VR_BL,59039,Virar Valsad Shuttle,VR,BL,139.0,Pass
59040_VAPI_VR,59040,Vapi Virar Shuttle,VAPI,VR,112.0,Pass
59043_VR_DRD,59043,Virar Dahanu Shuttle,VR,DRD,64.0,Pass
59044_DRD_VR,59044,Dahanu Virar Shuttle,DRD,VR,64.0,Pass
59045_BDTS_VAPI,59045,Vapi Passenger,BDTS,VAPI,159.0,Pass
59046_BL_BDTS,59046,Valsad-Bandra Passenger,BL,BDTS,184.0,Pass
59047_VR_ST,59047,Virar Surat Passenger,VR,ST,207.0,Pass
59048_ST_VR,59048,Surat Virar Passenger,ST,VR,207.0,Pass
59049_BL_VG,59049,Valsad Viramgam Passenger,BL,VG,364.0,Pass
59051_ST_NDB,59051,Surat Nandurbar Passenger,ST,NDB,185.0,Pass
59075_ST_BSL,59075,Bhusaval Passenger,ST,BSL,336.0,Pass
59076-Slip_NDB_BCT,59076-Slip,Bhusaval Surat Mumbai Passenger,NDB,BCT,423.0,Pass
59077_ST_BSL,59077,Surat-Bhusaval Passenger,ST,BSL,336.0,Pass
59078_BSL_ST,59078,Bhusaval-Surat Passenger,BSL,ST,336.0,Pass
59092_NDB_ST,59092,Nandurbar Surat Passenger,NDB,ST,185.0,Pass
59101_BRC_KTNA,59101,Vadodara Kathana Passenger,BRC,KTNA,73.0,Pass
59102_KTNA_BRC,59102,Kathana Vadodara Passenger,KTNA,BRC,73.0,Pass
59103_BRC_KTNA,59103,Vadodara Kathana Passenger,BRC,KTNA,73.0,Pass
59104_KTNA_BRC,59104,Kathana Vadodara Passenger,KTNA,BRC,73.0,Pass
59112_BDE_DB,59112,Bodeli Dabhoi Passenger,BDE,DB,34.0,Pass
59115_ANND_GDA,59115,Anand Godhra Passenger,ANND,GDA,78.0,Pass
59116_GDA_ANND,59116,Godhra Anand Passenger,GDA,ANND,78.0,Pass
59117_PRTN_BDE,59117,Pratapnagar Bodeli Passenger,PRTN,BDE,63.0,Pass
59118_CTD_PRTN,59118,Chhota Udepur Pratapnagar Passenger,CTD,PRTN,99.0,Pass
59119_PRTN_CTD,59119,Pratapnagar Chhota Udepur Passenger,PRTN,CTD,99.0,Pass
59120_CTD_PRTN,59120,Chhota Udepur Pratap Nagar Passenger,CTD,PRTN,99.0,Pass
59121_PRTN_CTD,59121,Pratapnagar Chhota Udepur Passenger,PRTN,CTD,99.0,Pass
59122_BDE_PRTN,59122,Bodeli Pratapnagar Passenger,BDE,PRTN,63.0,Pass
59152_MDSA_ND,59152,Modasa Nadiad Passenger,MDSA,ND,105.0,Pass
59158_ANND_BRC,59158,Anand Vadodara Passenger,ANND,BRC,36.0,Pass
59163_ANND_VTL,59163,Anand Vadtal Passenger,ANND,VTL,14.0,Pass
59164_VTL_ANND,59164,Vadtal Swaminarayan Anand Passenger,VTL,ANND,14.0,Pass
59165_ANND_GDA,59165,Anand Godhra Passenger,ANND,GDA,78.0,Pass
59166_GDA_ANND,59166,Godhra Anand Passenger,GDA,ANND,78.0,Pass
59205_KNLS_PBR,59205,Wansjaliya Porbandar Passenger,KNLS,PBR,105.0,Pass
59206_PBR_KNLS,59206,Porbandar Wansjaliya Passenger,PBR,KNLS,105.0,Pass
59207_BVC_OKHA,59207,Bhavnagar Okha Passenger,BVC,OKHA,538.0,Pass
59208_OKHA_BVC,59208,Bhavnagar Passenger,OKHA,BVC,538.0,Pass
59211_RJT_PBR,59211,Rajkot Porbandar Fast Passenger,RJT,PBR,213.0,Pass
59031_ST_BH,59031,Surat Bharuch Passenger,ST,BH,60.0,Pass
59032_BH_ST,59032,Bharuch Surat Passenger,BH,ST,60.0,Pass
59161_BH_VTL,59161,Bharuch Vadtal Swaminarayan Passenger,BH,VTL,120.0,Pass
59162_VTL_BH,59162,Vadtal Swaminarayan Bharuch Passenger,VTL,BH,120.0,Pass
59212_PBR_RJT,59212,Porbandar Rajkot Fast Passenger,PBR,RJT,213.0,Pass
59213_BNVD_PBR,59213,Bhanvad Porbandar Passenger,BNVD,PBR,52.0,Pass
59215_BNVD_PBR,59215,Bhanvad Porbandar Passenger,BNVD,PBR,52.0,Pass
59216_PBR_BNVD,59216,Porbandar Bhanvad Passenger,PBR,BNVD,52.0,Pass
59225_BVC_MHV,59225,Bhavnagar Mahuva Passenger,BVC,MHV,203.0,Pass
59226_MHV_BVP,59226,Mahuva Bhavnagar Passenger,MHV,BVP,220.0,Pass
59227_BTD_BVC,59227,Botad Bhavnagar Passenger,BTD,BVC,93.0,Pass
59228_BVC_BTD,59228,Bhavnagar-Botad Passenger,BVC,BTD,93.0,Pass
59229_BTD_BVC,59229,Botad Jn-Bhavnagar T Passenger,BTD,BVC,93.0,Pass
59230_BVC_ST,59230,Bhavnagar Botad Passenger,BVC,ST,526.0,Pass
59231_SUNR_BTD,59231,Surendranagar Botad Passenger,SUNR,BTD,77.0,Pass
59232_BTD_SUNR,59232,Botad Surendranagar Passenger,BTD,SUNR,77.0,Pass
59233_SUNR_BVC,59233,Surendranagar Bhavnagar Passenger,SUNR,BVC,170.0,Pass
59234_BVC_SUNR,59234,Bhavnagar Surendranagar Passenger,BVC,SUNR,170.0,Pass
59235_DLJ_MHV,59235,Dhola Mahuva Passenger,DLJ,MHV,153.0,Pass
59236_MHV_DLJ,59236,Mahuva Dhola Passenger,MHV,DLJ,153.0,Pass
59243_RJU_MHV,59243,Rajula Mahuva Passenger,RJU,MHV,38.0,Pass
59244_MHV_RJU,59244,Mahuva Rajula Passenger,MHV,RJU,38.0,Pass
59267_PIT_BVC,59267,Palitana Bhavnagar Passenger,PIT,BVC,49.0,Pass
59268_BVC_PIT,59268,Bhavnagar Palitana Passenger,BVC,PIT,49.0,Pass
59269_PIT_BVC,59269,Palitana Bhavnagar Passenger,PIT,BVC,49.0,Pass
59270_BVC_PIT,59270,Bhavnagar Palitana Passenger,BVC,PIT,49.0,Pass
59271_SUNR_BVC,59271,Surendranagar Bhavnagar Fast Passenger,SUNR,BVC,170.0,Pass
59272_BVC_SUNR,59272,Bhavnagar Surendranagar Passenger,BVC,SUNR,170.0,Pass
59295_PIT_BVC,59295,Palitana Bhavnagar Passenger,PIT,BVC,49.0,Pass
59296_BVC_PIT,59296,Bhavnagar Palitana Passenger,BVC,PIT,61.0,Pass
59297_PBR_VRL,59297,Porbandar Veraval Passenger,PBR,VRL,232.0,Pass
59298_VRL_PBR,59298,Veraval Porbandar Passenger,VRL,PBR,231.0,Pass
59306_UJN_INDB,59306,Ujjain-Indore Passenger,UJN,INDB,79.0,Pass
59318_UJN_NAD,59318,Ujjain Nagda Passenger,UJN,NAD,56.0,Pass
59319_UJN_BPL,59319,Ujjain Bhopal Passenger,UJN,BPL,184.0,Pass
59320_BPL_UJN,59320,Bhopal Ujjain Passenger,BPL,UJN,184.0,Pass
59341_NAD_BINA,59341,Nagda Bina Passenger,NAD,BINA,429.0,Pass
59342_BINA_NAD,59342,Bina Nagda Passenger,BINA,NAD,429.0,Pass
59345_RTM_NAD,59345,Ratlam Nagda Passenger,RTM,NAD,41.0,Pass
59346_NAD_RTM,59346,Nagda Ratlam Passenger,NAD,RTM,41.0,Pass
59355_RTM_MTJ,59355,Ratlam Mathura Passenger,RTM,MTJ,591.0,Pass
59356_MTJ_RTM,59356,Mathura Ratlam Passenger,MTJ,RTM,591.0,Pass
59357_BXN_JAB,59357,Bayana Yamunabridge Passenger,BXN,JAB,88.0,Pass
59358_JAB_BXN,59358,Yamuna Bridge Bayana Passenger,JAB,BXN,88.0,Pass
59379_INDB_MKC,59379,Indore Maksi Passenger,INDB,MKC,75.0,Pass
59385_INDB_CWA,59385,Panchvalley Fast Passenger,INDB,CWA,554.0,Pass
59386_CWA_INDB,59386,Panchvalley Passenger,CWA,INDB,554.0,Pass
59317_NAD_UJN,59317,Nagda Ujjain Passenger,NAD,UJN,56.0,Pass
59354_UJN_NAD,59354,Ujjain Nagda Passenger,UJN,NAD,56.0,Pass
59386-Slip2_CWA_GKP,59386-Slip2,Panchvalley Passenger Slip2,CWA,GKP,1197.0,Pass
59387_NAD_INDB,59387,Nagda Indore Bg Passenger,NAD,INDB,135.0,Pass
59388_INDB_NAD,59388,Indore Bg Nagda Passenger,INDB,NAD,135.0,Pass
59389_INDB_BPL,59389,Indore-Bhopal Fast Passenger,INDB,BPL,263.0,Pass
59390_BPL_INDB,59390,Bhopal-Indore Fast Passenger,BPL,INDB,263.0,Pass
59395_AMLA_CWA,59395,Amla Chhindwara Passenger,AMLA,CWA,115.0,Pass
59396_CWA_AMLA,59396,Chhindwara Amla Passenger,CWA,AMLA,115.0,Pass
59421_RJT_VRL,59421,Rajkot Veraval Passenger,RJT,VRL,185.0,Pass
59422_SMNH_RJT,59422,Somnath Rajkot Passenger,SMNH,RJT,190.0,Pass
59423_RJT_SMNH,59423,Rajkot Somnath Passenger,RJT,SMNH,190.0,Pass
59424_VRL_RJT,59424,Veraval Rajkot Passenger,VRL,RJT,185.0,Pass
59439_BCT_ADI,59439,Ahmadabad Passenger,BCT,ADI,491.0,Pass
59440_ADI_BVI,59440,Ahmedabad Passenger,ADI,BVI,462.0,Pass
59441_BCT_ADI,59441,Mumbai Central-Ahmedabad Passenger,BCT,ADI,491.0,Pass
59441-Slip_BCT_NDB,59441-Slip,Ahmedabad Passenger Slip,BCT,NDB,423.0,Pass
59459_RJT_VRL,59459,Rajkot Veraval Passenger,RJT,VRL,185.0,Pass
59460_VRL_BCT,59460,Veraval Mumbai Central Passenger Express,VRL,BCT,923.0,Pass
59461_BVI_DRD,59461,Borivali Dahanu Shuttle,BVI,DRD,90.0,Pass
59462_DRD_BCT,59462,Dahanu Mumbai Passenger,DRD,BCT,120.0,Pass
59473_ADI_PTN,59473,ADI - PTN PASSENGER,ADI,PTN,107.0,Pass
59474_PTN_ADI,59474,PATAN - AHMEDABAD PASSENGER,PTN,ADI,106.0,Pass
59475_MSH_PTN,59475,Mahesana Patan Passenger,MSH,PTN,40.0,Pass
59476_PTN_MSH,59476,Patan Mehsana Passenger,PTN,MSH,40.0,Pass
59477_MSH_PTN,59477,Mahesana Patan Passenger,MSH,PTN,40.0,Pass
59478_PTN_MSH,59478,Patan Mehsana Passenger,PTN,MSH,40.0,Pass
59481_MSH_PTN,59481,Haldighati Passenger,MSH,PTN,40.0,Pass
59482_PTN_MSH,59482,Patan Mahesana Passenger,PTN,MSH,40.0,Pass
59483_MSH_PTN,59483,AHMEDABAD PATAN PASS,MSH,PTN,40.0,Pass
59484_PTN_MSH,59484,Patan Mahesana DMU,PTN,MSH,40.0,Pass
59503_VG_OKHA,59503,Viramgam Okha Fast Passenger,VG,OKHA,429.0,Pass
59504_OKHA_VG,59504,Okha Viramgam Fast Passenger,OKHA,VG,429.0,Pass
59509_MSH_VG,59509,Mahesana Viramgam Passenger,MSH,VG,66.0,Pass
59510_VG_MSH,59510,Viramgam Mahesana Passenger,VG,MSH,66.0,Pass
59511_MSH_VG,59511,Mahesana Viramgam,MSH,VG,66.0,Pass
59512_VG_MSH,59512,Viramgam Mahesana,VG,MSH,66.0,Pass
59547_ADI_OKHA,59547,Ahmedabad Okha Passenger,ADI,OKHA,499.0,Pass
59548_OKHA_ADI,59548,Okha Ahmedabad Passenger,OKHA,ADI,499.0,Pass
59601_BER_AII,59601,Beawar Ajmer Passenger,BER,AII,53.0,Pass
59602_AII_BER,59602,Ajmer Beawar Passenger,AII,BER,53.0,Pass
59603_AII_UDZ,59603,Ajmer Udaipur Passenger,AII,UDZ,300.0,Pass
59604_UDZ_AII,59604,Udaipur Ajmer Passenger,UDZ,AII,300.0,Pass
59605_COR_UDZ,59605,Chittaurgarh Udaipur Passenger,COR,UDZ,114.0,Pass
59606_UDZ_COR,59606,Udaipur Chittaurgarh Passenger,UDZ,COR,114.0,Pass
59702_HSR_JP,59702,Hisar-Jaipur Passenger,HSR,JP,368.0,Pass
59703_HSR_RE,59703,Hisar Rewari Passenger,HSR,RE,143.0,Pass
59704_RE_HSR,59704,Gondia Durg Passenger,RE,HSR,143.0,Pass
51239_AMLA_BZU,51239,Amla Betul Passenger,AMLA,BZU,23.0,Pass
59394_HBJ_DHD,59394,Habibganj Dahod Fast Pass,HBJ,DHD,400.0,Pass
59705_SOG_JP,59705,Suratgarh Jaipur Passenger,SOG,JP,562.0,Pass
59707_APH_SOG,59707,ANUPGARH - SURATGARH Passenger,APH,SOG,76.0,Pass
59708_SOG_APH,59708,SURATGARH - ANUPGARH Passenger,SOG,APH,76.0,Pass
59709_APH_SOG,59709,APH-SOG  PASSANGER,APH,SOG,76.0,Pass
59710_SOG_APH,59710,Suratgarh Anupgarh Passenger,SOG,APH,76.0,Pass
59711_BTI_SOG,59711,Bhatinda Suratgarh Passenger,BTI,SOG,142.0,Pass
59712_SOG_BTI,59712,Suratgarh Bhatinda Passenger,SOG,BTI,142.0,Pass
59713_FL_JP,59713,Phulera Jaipur Passenger,FL,JP,55.0,Pass
59714_JP_FL,59714,Jaipur Phulera Passenger,JP,FL,55.0,Pass
59715_FL_RE,59715,Phulera Rewari Passenger,FL,RE,216.0,Pass
59716_RE_FL,59716,Rewari Phulera Passenger,RE,FL,216.0,Pass
59717_FL_RE,59717,Phulera Rewari Passenger,FL,RE,216.0,Pass
59718_RE_FL,59718,Rewari Phulera Passenger,RE,FL,216.0,Pass
59721_JP_HSR,59721,Jaipur Hisar Passenger,JP,HSR,369.0,Pass
59722_HSR_JP,59722,Hisar - Jaipur Fast Passenger,HSR,JP,369.0,Pass
59723_RE_HSR,59723,Rewari Sadulpur Passenger,RE,HSR,211.0,Pass
59724_HSR_RE,59724,Sadulpur Rewari Passenger,HSR,RE,211.0,Pass
59725_RE_HSR,59725,Rewari Sadulpur Passenger,RE,HSR,211.0,Pass
59726_HSR_RE,59726,Sadulpur Rewari Passenger,HSR,RE,211.0,Pass
59801_KOTA_JP,59801,Kota Jaipur Passenger,KOTA,JP,240.0,Pass
59802_JP_NAD,59802,Jaipur Nagda Fast Passenger,JP,NAD,465.0,Pass
59805_JP_BXN,59805,Bayana Jaipur Fast Passenger,JP,BXN,273.0,Pass
59806_BXN_JP,59806,Jaipur Bayana Fast Passenger,BXN,JP,273.0,Pass
59811_RTM_AF,59811,Haldighati Passenger,RTM,AF,694.0,Pass
59812_AF_RTM,59812,Haldighati Passenger,AF,RTM,694.0,Pass
59813_KOTA_JAB,59813,Kota Agra Yamuna Bridge Passenger,KOTA,JAB,336.0,Pass
59814_AF_KOTA,59814,Agra Fort Bayana Passenger,AF,KOTA,333.0,Pass
59821_KOTA_BIX,59821,KOTA - BHIND Passenger,KOTA,BIX,495.0,Pass
59822_BIX_KOTA,59822,BHIND - KOTA PASSENGER,BIX,KOTA,500.0,Pass
59831_BRC_KOTA,59831,Vadodara Kota Passenger,BRC,KOTA,526.0,Pass
59833_KOTA_NMH,59833,Kota Nimach Passenger,KOTA,NMH,227.0,Pass
59834_NMH_KOTA,59834,Nimach Kota Passenger,NMH,KOTA,227.0,Pass
59835_NMH_UDZ,59835,Nimach Udaipur Passenger,NMH,UDZ,170.0,Pass
59836_UDZ_NMH,59836,Udaipur Nimach Passenger,UDZ,NMH,170.0,Pass
61135_BD_AMI,61135,Badnera Amravati Passenger,BD,AMI,6.0,MEMU
63153_JSME_BDME,63153,JASIDIH BAIDYANATH PASS,JSME,BDME,6.0,Pass
63154_BDME_JSME,63154,BAIDYANATH JASIDIH PASS,BDME,JSME,6.0,Pass
63155_JSME_BDME,63155,JASIDIH BAIDYANATH PASS,JSME,BDME,6.0,Pass
63156_BDME_JSME,63156,BAIDYANATH JASIDIH PASS,BDME,JSME,6.0,Pass
63157_JSME_BDME,63157,Jasidih Baidyanathdham Passenger,JSME,BDME,6.0,MEMU
63160_BDME_JSME,63160,BAIDYANATH JASIDIH PASS,BDME,JSME,6.0,Pass
63161_JSME_BDME,63161,JASIDIH BAIDYANATH PASS,JSME,BDME,6.0,Pass
63162_BDME_JSME,63162,BAIDYANATH JASIDIH PASS,BDME,JSME,6.0,Pass
63163_JSME_BDME,63163,JASIDIH BAIDYANATH PASS,JSME,BDME,6.0,Pass
63164_BDME_JSME,63164,BAIDYANATH JASIDIH PASS,BDME,JSME,6.0,Pass
63165_JSME_BDME,63165,JASIDIH BAIDYANATH PASS,JSME,BDME,6.0,Pass
63167_JSME_BDME,63167,JASIDIH BAIDYANATH PASS,JSME,BDME,6.0,Pass
63168_BDME_JSME,63168,BAIDYANATH JASIDIH PASS,BDME,JSME,6.0,Pass
63207_JAJ_PNBE,63207,Jhajha Patna Passenger MEMU,JAJ,PNBE,176.0,MEMU
63208_PNBE_JAJ,63208,Patna Jhajha Passenger MEMU,PNBE,JAJ,176.0,MEMU
63209_JAJ_PNBE,63209,Jhajha Patna MEMU,JAJ,PNBE,176.0,MEMU
63210_PNBE_JAJ,63210,PATNA - JHAJHA Passenger,PNBE,JAJ,176.0,MEMU
63211_JSME_PNBE,63211,JASIDIH - PATNA MEMU,JSME,PNBE,176.0,MEMU
63212_PNBE_JAJ,63212,Patna-Jhajha Passenger MEMU,PNBE,JAJ,176.0,MEMU
63217_MKA_DNR,63217,Mokama Danapur Passenger,MKA,DNR,99.0,MEMU
63218_DNR_MKA,63218,Danapur Mokameh passenger,DNR,MKA,99.0,MEMU
63219_DNR_RPR,63219,Danapur Ara MEMU,DNR,RPR,76.0,MEMU
63220_RPR_PNBE,63220,Ara Danapur Passenger,RPR,PNBE,85.0,MEMU
63223_PNBE_ARA,63223,Patna Ara Passenger DEMU,PNBE,ARA,49.0,MEMU
63224_ARA_PNBE,63224,Ara Patna MEMU,ARA,PNBE,49.0,MEMU
63225_PNBE_BXR,63225,Patna Buxar Passenger MEMU,PNBE,BXR,117.0,MEMU
63226_BXR_PNBE,63226,Buxar Patna Passenger,BXR,PNBE,117.0,MEMU
63227_PNBE_BXR,63227,Patna Buxar Passenger MEMU,PNBE,BXR,117.0,MEMU
63228_BXR_PNBE,63228,Baxur Patna Passenger MEMU,BXR,PNBE,117.0,MEMU
63229_BXR_MGS,63229,Buxar Mughal Sarai Passenger MEMU,BXR,MGS,94.0,MEMU
63230_MGS_BXR,63230,Mughal Sarai Buxar Passenger,MGS,BXR,94.0,MEMU
63231_PNBE_BXR,63231,Patna Buxar Passenger DMU,PNBE,BXR,117.0,MEMU
63232_BXR_PNBE,63232,Buxar Patna Passenger,BXR,PNBE,117.0,MEMU
63243_PNBE_GAYA,63243,Patna Gaya Passenger MEMU,PNBE,GAYA,92.0,MEMU
63244_GAYA_PNBE,63244,Gaya Patna Passenger MEMU,GAYA,PNBE,92.0,MEMU
63245_PNBE_GAYA,63245,Patna Gaya Passenger MEMU,PNBE,GAYA,92.0,MEMU
63246_GAYA_PNBE,63246,Gaya Patna Passenger MEMU,GAYA,PNBE,92.0,MEMU
63247_PNBE_GAYA,63247,Patna Gaya Passenger MEMU,PNBE,GAYA,92.0,MEMU
63248_GAYA_PNBE,63248,Gaya Patna Passenger MEMU,GAYA,PNBE,92.0,MEMU
63249_PNBE_GAYA,63249,Patna Gaya Passenger MEMU,PNBE,GAYA,92.0,MEMU
63250_GAYA_PNBE,63250,Gaya Patna Passenger MEMU,GAYA,PNBE,92.0,MEMU
63251_PNBE_GAYA,63251,Patna Gaya Passenger MEMU,PNBE,GAYA,92.0,MEMU
63252_GAYA_PNBE,63252,Gaya Patna Passenger MEMU,GAYA,PNBE,92.0,MEMU
63253_PNBE_GAYA,63253,Patna Gaya Passenger MEMU,PNBE,GAYA,92.0,MEMU
63254_GAYA_PNBE,63254,Gaya Patna Passenger MEMU,GAYA,PNBE,92.0,MEMU
63255_PNBE_GAYA,63255,Patna Gaya Passenger MEMU,PNBE,GAYA,92.0,MEMU
63256_GAYA_PNBE,63256,Gaya Patna Passenger MEMU,GAYA,PNBE,92.0,MEMU
63501_HWH_BWN,63501,HWH BWN FAST,HWH,BWN,107.0,MEMU
63502_BWN_HWH,63502,BWN Howrah EMU,BWN,HWH,105.0,MEMU
63505_BWN_ASN,63505,Barddhaman Asansol mEMU,BWN,ASN,106.0,MEMU
63509_BWN_ASN,63509,Barddhaman Asansol mEMU,BWN,ASN,106.0,MEMU
63511_BWN_ASN,63511,Barddhaman Asansol mEMU,BWN,ASN,106.0,MEMU
63513_BWN_ASN,63513,Barddhaman Asansol mEMU,BWN,ASN,106.0,MEMU
63515_BWN_ASN,63515,Barddhaman Asansol mEMU,BWN,ASN,106.0,MEMU
63519_BWN_ASN,63519,Barddhaman Asansol mEMU,BWN,ASN,106.0,MEMU
63521_BWN_ASN,63521,Barddhaman Asansol mEMU,BWN,ASN,106.0,MEMU
63523_BWN_ASN,63523,Barddhaman Asansol mEMU,BWN,ASN,106.0,MEMU
63597_RNC_ASN,63597,Ranchi Asansol MEMU,RNC,ASN,199.0,MEMU
63598_ASN_RNC,63598,Asansol Ranchi MEMU,ASN,RNC,198.0,MEMU
13155_KOAA_SMI,13155,KOLKATA CHITPUR - SITAMARHI Mithilanchal Exp,KOAA,SMI,552.0,Exp
53042_JYG_HWH,53042,JAYNAGAR - HOWRAH Passenger,JYG,HWH,730.0,Pass
54159_JHS_BNDA,54159,Jhansi Banda Passenger,JHS,BNDA,191.0,Pass
63525_BWN_ASN,63525,Barddhaman Asansol mEMU,BWN,ASN,106.0,MEMU
63541_ASN_GMO,63541,ASANSOL-GOMOH PASSENGER (MEMU),ASN,GMO,87.0,MEMU
63542_GMO_ASN,63542,Gomoh-Asansol MEMU,GMO,ASN,87.0,MEMU
63543_ASN_GMO,63543,ASANSOL GOMOH PASS,ASN,GMO,87.0,MEMU
63544_GMO_ASN,63544,Gomoh Asansol Passenger MEMU,GMO,ASN,87.0,MEMU
63546_DHN_ASN,63546,Dhanbad Asansol Passenger MEMU,DHN,ASN,58.0,MEMU
63547_DHN_HZD,63547,Dhanbad Hazaribagh Passenger MEMU,DHN,HZD,90.0,MEMU
63549_HZD_GAYA,63549,Hazaribagh Road-Gaya Passenger,HZD,GAYA,109.0,MEMU
63550_KQR_DHN,63550,Koderma Dhanbad Passenger MEMU,KQR,DHN,133.0,MEMU
63551_ASN_DHN,63551,Asansol Dhanbad Passenger MEMU,ASN,DHN,58.0,MEMU
63552_DHN_ASN,63552,Dhanbad Asansol Passenger MEMU,DHN,ASN,58.0,MEMU
63556_ASN_PRR,63556,Asansol Purulia MEMU Passenger,ASN,PRR,80.0,MEMU
63561_ASN_JSME,63561,asansol jasidih mEMU,ASN,JSME,111.0,MEMU
63562_BDME_ASN,63562,baidyanath dham asansol passenger,BDME,ASN,117.0,MEMU
63563_ASN_JSME,63563,Asansol Jasidh MEMU,ASN,JSME,110.0,MEMU
63564_JSME_ASN,63564,jasidih Asansol mEMU,JSME,ASN,111.0,MEMU
63567_ASN_JAJ,63567,Asansol Jhajha Passenger,ASN,JAJ,154.0,MEMU
63568_JAJ_ASN,63568,jhajha asansol memu,JAJ,ASN,155.0,MEMU
63569_ASN_JSME,63569,Asansol jasidih mEMU,ASN,JSME,111.0,MEMU
63570_BDME_ASN,63570,Baidyanathdham Asansol Passenger,BDME,ASN,117.0,MEMU
63572_KIUL_JSME,63572,Kiul Jasidih Passenger MEMU,KIUL,JSME,97.0,MEMU
63574_KIUL_JSME,63574,Kiul Jhajha Passenger,KIUL,JSME,97.0,MEMU
63591_BKSC_ASN,63591,Bokaro Steel City-Asansol Memu,BKSC,ASN,140.0,MEMU
63592_ASN_BKSC,63592,Asansol-Bokaro Steel City MEMU,ASN,BKSC,140.0,MEMU
63593_PRR_ASN,63593,Purulia Asansol MEMU Passenger,PRR,ASN,80.0,MEMU
63594_ASN_PRR,63594,Asansol-Purulia MEMU,ASN,PRR,80.0,MEMU
63595_BKSC_ASN,63595,Bokaro Steel City-Asansol MEMU,BKSC,ASN,194.0,MEMU
63596_ASN_BKSC,63596,Asansol-Bokaro Steel City MEMU,ASN,BKSC,146.0,MEMU
64001_DLI_PNP,64001,Delhi Panipat EMU,DLI,PNP,88.0,MEMU
64002_PNP_DLI,64002,Panipat Delhi EMU,PNP,DLI,88.0,MEMU
64089_NZM_PGMD,64089,Nizamuddin Parikrama,NZM,PGMD,32.0,Del
64090_NZM_LPNR,64090,Nizamuddin Parikrama EMU,NZM,LPNR,32.0,Del
64091_NZM_PGMD,64091,Nizamuddin Nizamuddin Parikrama EMU,NZM,PGMD,37.0,Del
64092_NZM_LPNR,64092,Nizamuddin Parikrama EMU,NZM,LPNR,32.0,Del
64093_NZM_SSB,64093,Nizamuddin Shakurbasti Parikrama,NZM,SSB,22.0,Del
64094_SSB_NZM,64094,Nizamuddin Parikrama,SSB,NZM,22.0,Del
64095_NDLS_SSB,64095,Shakurbasti New Delhi Parikrama,NDLS,SSB,28.0,Del
64096_SSB_NZM,64096,Nizamuddin Parikrama EMU,SSB,NZM,22.0,Del
64449_GZB_NDLS,64449,Ghaziabad New Delhi Ladies Special,GZB,NDLS,25.0,MEMU
64450_NDLS_GZB,64450,New Delhi Ghaziabad Ladies Special,NDLS,GZB,25.0,MEMU
64491_PWL_NDLS,64491,Palwal NDLS Ladies Special,PWL,NDLS,56.0,MEMU
12374_RPH_SDAH,12374,RAMPURHAT - SEALDAH Intercity SF Exp,RPH,SDAH,,
12373_SDAH_RPH,12373,SEALDAH - RAMPURHAT Intercity SF Exp,SDAH,RPH,,
13258_ANVT_DNR,13258,ANAND VIHAR DELHI - DANAPUR JanSadharan Exp,ANVT,DNR,,
13257_DNR_ANVT,13257,DANAPUR - DELHI ANAND VIHAR Jan Sadharan Express,DNR,ANVT,,
57326_GNT_KCG,57326,GUNTUR - KACHEGUDA PASS,GNT,KCG,,
57325_KCG_GNT,57325,KACHEGUDA - GUNTUR PASS,KCG,GNT,,
11064_SA_MS,11064,SALEM - CHENNAI EGMORE Exp,SA,MS,353.0,Exp
11272_BPL_ET,11272,BHOPAL - ITARSI Vindhyachal Exp,BPL,ET,738.0,Exp
12163_DR_MS,12163,DADAR - CHENNAI EGMORE SF Exp,DR,MS,,
12164_MS_DR,12164,DADAR - CHENNAI EGMORE SF Exp,MS,DR,,
12319_KOAA_AGC,12319,KOLKATA CHITPUR - AGRA CANTT SF Exp,KOAA,AGC,1405.0,SF
12403_ALD_MTJ,12403,Allahabad Mathura SF Express,ALD,MTJ,507.0,SF
12407_NJP_ASR,12407,NEW JALPAIGURI - AMRITSAR Karmabhoomi Exp,NJP,ASR,1823.0,SF
12495_BKN_KOAA,12495,BIKANER - KOLKATA CHITPUR Pratap Exp,BKN,KOAA,1873.0,SF
12513_SC_GHY,12513,SECUNDERABAD - GUWAHATI Exp,SC,GHY,2551.0,SF
12591_GKP_YPR,12591,GORAKHPUR - YESVANTPUR SF Exp,GKP,YPR,2547.0,SF
12624_TVC_MAS,12624,Tiruvananthapuram Chennai SF Mail,TVC,MAS,909.0,SF
12661_MS_SCT,12661,CHENNAI EGMORE - SENGOTTAI Pothigai SF Exp,MS,SCT,670.0,SF
12709_GDR_SC,12709,Simhapuri SF Express,GDR,SC,644.0,SF
12735_SC_YPR,12735,SECUNDERABAD - YESVANTPUR Garib Rath Exp,SC,YPR,,
12736_YPR_SC,12736,YESVANTPUR - SECUNDERABAD Garib Rath Exp,YPR,SC,,
12835_HTE_YPR,12835,HATIA - YESVANTPUR SF Exp,HTE,YPR,1904.0,SF
12836_YPR_HTE,12836,YESVANTPUR - HATIA SF Exp,YPR,HTE,1904.0,SF
12840_MAS_HWH,12840,Chennai-Howrah SF Mail,MAS,HWH,1662.0,SF
12889_TATA_YPR,12889,TATANAGAR - YESVANTPUR SF Exp,TATA,YPR,,
12890_YPR_TATA,12890,YESVANTPUR - TATANAGAR SF Exp,YPR,TATA,,
12993_GIMB_PURI,12993,GANDHIDHAM - PURI SF Exp,GIMB,PURI,2283.0,SF
12994_PURI_GIMB,12994,PURI - GANDHIDHAM SF Exp,PURI,GIMB,2283.0,SF
13158_MFP_KOAA,13158,MUZAFFARPUR - KOLKATA CHITPUR Tirhut Exp,MFP,KOAA,566.0,Exp
13351_DHN_ALLP,13351,DHANBAD - ALAPPUZHA Exp,DHN,ALLP,2536.0,Exp
15015_GKP_YPR,15015,GORAKHPUR - YESVANTPUR Exp,GKP,YPR,2532.0,Exp
15024_YPR_GKP,15024,YESVANTPUR - GORAKHPUR Exp,YPR,GKP,2465.0,Exp
15234_DBG_KOAA,15234,DARBHANGA - KOLKATA CHITPUR Maithili Exp,DBG,KOAA,539.0,Exp
18107_ROU_KRPU,18107,ROURKELA - KORAPUT Exp,ROU,KRPU,645.0,Exp
18311_SBP_BSB,18311,SAMBALPUR - VARANASI Exp,SBP,BSB,896.0,Exp
18616_HTE_HWH,18616,HATIA - HOWRAH Kriya Yoga Express,HTE,HWH,423.0,Exp
37855_HWH_BWN,37855,Howrah-Barddhaman Local,HWH,BWN,107.0,MEMU
51158_ET_BSL,51158,Itarsi Bhusaval Passenger,ET,BSL,322.0,Pass
51671_ET_KTE,51671,ITARSI - KATNI Fast Passenger,ET,KTE,335.0,Pass
51827_ET_JHS,51827,Itarsi Jhansi Passenger,ET,JHS,383.0,Pass
52238_ASSH_PBE,52238,AISHBAGH - PILIBHIT PASS,ASSH,PBE,256.0,Pass
53041_HWH_JYG,53041,HOWRAH - JAYNAGAR Passenger,HWH,JYG,727.0,Pass
53405_RPH_SBG,53405,Rampurhat- Sahibganj Passenger,RPH,SBG,133.0,Pass
54103_CAR_ALD,54103,Chunar Allahabad Passenger,CAR,ALD,120.0,Pass
54321_BLM_SCC,54321,Balamau Sitapur Cantt Passenger,BLM,SCC,68.0,Pass
56100_ED_MTDM,56100,ERODE - METUR DAM PASSENGER,ED,MTDM,,
56101_MTDM_ED,56101,METUR DAM - ERODE PASSENGER,MTDM,ED,,
56731_MDU_SCT,56731,MADURAI  - SENGOTTAI PASSENGER,MDU,SCT,173.0,Pass
56732_SCT_MDU,56732,SENGOTTAI - MADURAI  PASSENGER,SCT,MDU,173.0,Pass
58161_HTE_JSG,58161,HATIA - JHARSUGUDA Passenger (UnReserved),HTE,JSG,264.0,Pass
63548_GAYA_KQR,63548,Gaya Koderma Passenger MEMU,GAYA,KQR,76.0,MEMU
06012_QLN_MAS,06012,Kollam Chennai Central (Weekly) SF Special,QLN,MAS,858.0,SF
11028_MAS_CSTM,11028,Chennai-Mumbai CST Mail,MAS,CSTM,1283.0,Mail
11042_MAS_CSTM,11042,ChennaiCentral-CST Mumbai Express,MAS,CSTM,1283.0,Exp
12007_MAS_MYS,12007,CHENNAI CENT - MYSORE Shatabdi Express,MAS,MYS,500.0,Shtb
12689_MAS_NCJ,12689,CHENNAI CENTRAL - NAGERCOIL SF Exp,MAS,NCJ,927.0,SF
14115_ALD_HW,14115,Haridwar Express,ALD,HW,725.0,Exp
14116_HW_ALD,14116,Allahabad Express,HW,ALD,725.0,Exp
14125_ALD_FD,14125,Saryu Express,ALD,FD,157.0,Exp
15619_GAYA_KYQ,15619,GAYA - KAMAKHYA Weekly Exp,GAYA,KYQ,1091.0,Exp
16222_MAS_MYS,16222,Kaveri Express,MAS,MYS,500.0,Exp
16627_MAS_MAQ,16627,West Coast Express,MAS,MAQ,902.0,Exp
17242_NDD_NS,17242,Simhadri Link Express,NDD,NS,76.0,Exp
17311_MAS_VSG,17311,CHENNAI CENT - VASCO DA GAMA Exp,MAS,VSG,1070.0,Exp
17604_YPR_KCG,17604,Prashanti Nilayam Express,YPR,KCG,664.0,Exp
19025_ST_MHV,19025,Surat Bhavnagar Express Slip,ST,MHV,629.0,Exp
24512_BSC_ALD,24512,Khurja Allahabad Link Express,BSC,ALD,672.0,Exp
38458_PKU_HWH,38458,Panskura Howrah EMU,PKU,HWH,71.0,MEMU
42402_SPE_MAS,42402,Sullurpeta Chennai EMU Local,SPE,MAS,83.0,MEMU
43001_MAS_AVD,43001,Chennai Central Avadi EMU,MAS,AVD,21.0,MEMU
47100_HYB_LPI,47100,Hyderabad Lingampalli MMTS,HYB,LPI,25.0,Hyd
47126_LPI_HYB,47126,Lingampalli Hyderabad MMTS,LPI,HYB,25.0,Hyd
47131_LPI_HYB,47131,Lingampalli Hyderabad MMTS,LPI,HYB,25.0,Hyd
47173_LPI_FM,47173,Lingampalli Falaknuma MMTS,LPI,FM,37.0,Hyd
47186_LPI_FM,47186,Lingampalli Falaknuma MMTS,LPI,FM,37.0,Hyd
51285_BSL_NGP,51285,Bhusaval Nagpur Passenger,BSL,NGP,392.0,Pass
52047_KSB_UMPD,52047,Kosamba Umarpada Passenger,KSB,UMPD,62.0,Pass
53069_BWN_RPH,53069,Barddhaman Rampurhat Passenger,BWN,RPH,112.0,Pass
53349_BRWD_DOS,53349,Barwadih Dehri on Sone Passenger,BRWD,DOS,164.0,Pass
53363_GAYA_DOS,53363,Gaya Dehri On Sone Passenger,GAYA,DOS,85.0,Pass
53601_GAYA_DOS,53601,Gaya Dehri On Sone Passenger,GAYA,DOS,85.0,Pass
53613_GAYA_MGS,53613,Gaya Mughal Sarai Fast Passenger,GAYA,MGS,205.0,Pass
54101_ALD_CNB,54101,Allahabad Kanpur Passenger,ALD,CNB,214.0,Pass
54336_CNB_BLM,54336,Kanpur Balamau Passenger,CNB,BLM,117.0,Pass
54512_NLDM_UMB,54512,Nangal Dam Ambala Passenger,NLDM,UMB,171.0,Pass
55617_NBQ_GHY,55617,New Bongaigaon Guwahati Passenger,NBQ,GHY,184.0,Pass
55801_NBQ_GHY,55801,Manas Rhino Passenger,NBQ,GHY,157.0,Pass
57223_GDR_BZA,57223,Gudur Vijayawada Passenger,GDR,BZA,294.0,Pass
57277_GDR_BZA,57277,Gudur Vijayawada Passenger,GDR,BZA,294.0,Pass
57411_TPTY_GDR,57411,Tirupati Gudur Passenger,TPTY,GDR,93.0,Pass
57452_GTL_JRU,57452,Guntakal Chikjajur Passenger,GTL,JRU,233.0,Pass
57631_SUR_RC,57631,Solapur-Raichur Passenger,SUR,RC,257.0,Pass
58413_TLHR_PURI,58413,Dhenkanal Puri Passenger,TLHR,PURI,200.0,Pass
59014_BSL_ST,59014,Surat Passenger,BSL,ST,336.0,Pass
59076_BSL_ST,59076,Surat Passenger,BSL,ST,336.0,Pass
59380_MKC_INDB,59380,Maksi Indore Bg Passenger,MKC,INDB,75.0,Pass
59393_DHD_HBJ,59393,Dahod Habibganj Fast Pass,DHD,HBJ,400.0,Pass
59803_NAD_KOTA,59803,Nagda Kota Passenger,NAD,KOTA,225.0,Pass
63518_ASN_BWN,63518,Asansol Barddhaman Passenger,ASN,BWN,105.0,MEMU
11008_PUNE_CSTM,11008,Deccan Express,PUNE,CSTM,192.0,Exp
12221_PUNE_HWH,12221,PUNE - HOWRAH AC Duronto Exp,PUNE,HWH,2020.0,Drnt
12488_ANVT_JBN,12488,Seemanchal Express,ANVT,JBN,1383.0,SF
12786_SBC_KCG,12786,Bangalore-Kacheguda SF Express,SBC,KCG,625.0,SF
12797_KCG_CTO,12797,Venkatadri SF Express,KCG,CTO,707.0,SF
12798_CTO_KCG,12798,Venkatadri SF Express,CTO,KCG,707.0,SF
15707_KIR_ASR,15707,Amrapali Express,KIR,ASR,1805.0,Exp
17603-Slip_KCG_UBL,17603-Slip,Prasanthi Nilayam Express,KCG,UBL,617.0,Exp
17603-Slip2_KCG_VSG,17603-Slip2,Kacheguda-Vasco Prashanti Nilayam Slip,KCG,VSG,853.0,Exp
17639_KCG_AK,17639,KACHEGUDA - AKOLA Intercity Exp,KCG,AK,514.0,Exp
17640_AK_KCG,17640,AKOLA - KACHEGUDA Intercity Exp,AK,KCG,514.0,Exp
17651_MS_KCG,17651,Chennai Egmore Kacheguda Express,MS,KCG,772.0,Exp
17652_KCG_MS,17652,Kacheguda Chennai Egmore Express,KCG,MS,772.0,Exp
18474_JU_PURI,18474,JODHPUR - PURI Express,JU,PURI,2433.0,Exp
19066_BGKT_BDTS,19066,BHAGAT KI KOTHI - MUMBAI BANDRA Exp,BGKT,BDTS,935.0,Exp
38460_PKU_HWH,38460,Panskura Howrah EMU,PKU,HWH,71.0,MEMU
47169_FM_LPI,47169,Falaknuma Lingampalli MMTS,FM,LPI,37.0,Hyd
50106_SWV_DIVA,50106,Sawantwadi-Diva Passenger,SWV,DIVA,613.0,Pass
51097_DIVA_PNVL,51097,Diva Panvel Passenger,DIVA,PNVL,26.0,Pass
51098_PNVL_DIVA,51098,Panvel Diva Passenger,PNVL,DIVA,26.0,Pass
51347_PUNE_BRMT,51347,Pune - Daund - Baramati Passenger,PUNE,BRMT,120.0,Pass
52019_MYGL_CDD,52019,Miyagam Chandod Mix Passenger,MYGL,CDD,49.0,Pass
52551_PRNA_MRIJ,52551,Purnia Murliganj Passenger,PRNA,MRIJ,56.0,Pass
52555_PRNA_MRIJ,52555,Purnia Murliganj Passenger,PRNA,MRIJ,56.0,Pass
52936_UJN_FTD,52936,Ujjain Fatehabad Passenger,UJN,FTD,23.0,Pass
53610_MGS_DOS,53610,Mughal Sarai Dehri on Sone Passenger,MGS,DOS,120.0,Pass
54261_MGS_JNU,54261,Mughal Sarai Jaunpur Passenger,MGS,JNU,74.0,Pass
54268_BSB_MGS,54268,Varanasi Mughal Sarai Passenger,BSB,MGS,17.0,Pass
54393_MB_GJL,54393,Moradabad Gajraula Passenger,MB,GJL,54.0,Pass
54704_JU_BTI,54704,Jodhpur Bhatinda Passenger,JU,BTI,601.0,Pass
55011_SV_GKP,55011,Siwan Gorakhpur Passenger,SV,GKP,119.0,Pass
55021_SPJ_SV,55021,Samastipur Siwan InterCity Fast Passenger,SPJ,SV,226.0,Pass
55022_SV_SPJ,55022,Siwan Samastipur Intercity Passenger,SV,SPJ,226.0,Pass
55335_BE_LKU,55335,Bareilly Lalkua Pass,BE,LKU,84.0,Pass
55541_HJP_SV,55541,Hajipur-Fulwaria Passenger,HJP,SV,120.0,Pass
55742_JBN_KIR,55742,Jogbani Katihar Passenger,JBN,KIR,108.0,Pass
56524_HUP_SBC,56524,HINDUPUR - KSR BENGALURU CITY Passenger,HUP,SBC,88.0,Pass
56611_PGT_NIL,56611,Palakkad Nilambur Passenger,PGT,NIL,112.0,Pass
56834_VRI_CUPJ,56834,Vriddhachalam Cuddalore Passenger,VRI,CUPJ,57.0,Pass
57425_KCG_GTL,57425,Kacheguda Guntakal Passenger,KCG,GTL,358.0,Pass
57435_KCG_KRNT,57435,Kacheguda Kurnool Town Passenger,KCG,KRNT,236.0,Pass
57456_MBNR_KCG,57456,Mahbubnagar Secunderabad Passenger,MBNR,KCG,106.0,Pass
57562_MMR_KCG,57562,Manmad - Kacheguda Passenger,MMR,KCG,626.0,Pass
57594_NED_KCG,57594,Nanded Kacheguda Passenger,NED,KCG,276.0,Pass
57620_KCG_RAL,57620,Delta Fast Passenger,KCG,RAL,347.0,Pass
59353_NAD_UJN,59353,Nagda Ujjain Passenger,NAD,UJN,56.0,Pass
12240_JP_BCT,12240,Jaipur-Mumbai Central AC Duronto Express,JP,BCT,1159.0,Drnt
12335_BGP_LTT,12335,BHAGALPUR - MUMBAI LTT SF Exp,BGP,LTT,1917.0,SF
12349_BGP_NDLS,12349,Bhagalpur-NewDelhi Weekly SF Express,BGP,NDLS,1220.0,SF
12409_RIG_NZM,12409,Gondwana Express,RIG,NZM,1626.0,SF
12980_JP_BDTS,12980,Jaipur - Mumbai Bandra (T.) (Triweekly) SF Express,JP,BDTS,1148.0,SF
13348-Slip_PNBE_SGRL,13348-Slip,Palamau Express Slip Slip,PNBE,SGRL,481.0,Exp
13352-Slip_ALLP_TATA,13352-Slip,Alappuzha Dhanbad Tatanagar Express Slip,ALLP,TATA,2359.0,Exp
13402_DNR_BGP,13402,InterCity Express,DNR,BGP,231.0,Exp
13409_MLDT_BGP,13409,InterCity Express,MLDT,BGP,178.0,Exp
15202_RXL_HJP,15202,Raxaul Hajipur InterCity,RXL,HJP,184.0,Exp
17016_SC_BBS,17016,Visakha Express,SC,BBS,1135.0,Exp
18411_BBS_VSKP,18411,Bhubaneswar-Visakhapatnam Inter City Express,BBS,VSKP,443.0,Exp
19047_ST_BGP,19047,SURAT - BHAGALPUR Tapti Ganga Exp,ST,BGP,1824.0,Exp
50103_DR_RN,50103,Dadar Ratnagiri Passenger,DR,RN,422.0,Pass
52081_JP_LHU,52081,Jaipur Loharu Fast Passenger,JP,LHU,229.0,Pass
52279_THE_CPR,52279,Kaptanganj Thawe Passenger,THE,CPR,105.0,Pass
52296_CPR_THE,52296,Lal Kuan Bareilly Passenger,CPR,THE,105.0,Pass
52517_SKI_JJP,52517,Sakri Laukaha Bazar Passenger,SKI,JJP,19.0,Pass
52974_AK_RTM,52974,Akola Ratlam Fast Passenger,AK,RTM,431.0,Pass
53021_AZ_BGP,53021,Azimganj Bhagalpur Passenger,AZ,BGP,226.0,Pass
53029_AZ_BGP,53029,Azimganj Bhagalpur Passenger,AZ,BGP,226.0,Pass
53441_MDLE_BGP,53441,Mandar Parvat Bhagalpur Passenger,MDLE,BGP,0.0,Pass
53443_MDLE_BGP,53443,Mandar Hill Bhagalpur Passenger,MDLE,BGP,50.0,Pass
53445_MDLE_BGP,53445,Mandar Hill Bhagalpur Passenger,MDLE,BGP,0.0,Pass
53447_BAKA_BGP,53447,Banka Bhagalpur Passenger,BAKA,BGP,53.0,Pass
53449_BAKA_BGP,53449,Banka Bhagalpur Passenger,BAKA,BGP,53.0,Pass
53521_ASN_BSB,53521,ASANSOL VARANASI PASSENGER,ASN,BSB,479.0,Pass
53660_SSM_PNBE,53660,Sasaram-Patna Passenger,SSM,PNBE,147.0,Pass
54381_GJL_NBD,54381,Gajraula Najibabad Passenger,GJL,NBD,107.0,Pass
54571_LDH_FZR,54571,Ludhiana Firozpur Passenger,LDH,FZR,124.0,Pass
54604_LDH_HSR,54604,Ludhiana Hisar Passenger,LDH,HSR,210.0,Pass
54808_JP_AII,54808,Jaipur Ajmer Passenger,JP,AII,128.0,Pass
56378_KYJ_ALLP,56378,Kayankulam Alappuzha Passenger,KYJ,ALLP,44.0,Pass
56825_ED_TEN,56825,Erode Tirunelveli Passenger,ED,TEN,358.0,Pass
56844_ED_TPJ,56844,Erode-Tiruchchirapalli Passenger,ED,TPJ,141.0,Pass
56903_SUR_DWR,56903,Solapur - Dharwar Passenger,SUR,DWR,378.0,Pass
57515_DD_NED,57515,Daund Nanded Passenger,DD,NED,586.0,Pass
57624_GNT_KCG,57624,Guntur Kacheguda Pass,GNT,KCG,623.0,Pass
58027_BBS_KUR,58027,Bhubaneswar-Khurda Road passenger,BBS,KUR,19.0,Pass
58426_BBS_KDJR,58426,Bhubaneswar-Kendujhargarh Fast Passenger,BBS,KDJR,215.0,Pass
58812_ITR_RTK,58812,Itwari Ramtek Passenger,ITR,RTK,38.0,Pass
58845_ITR_NAB,58845,Itwari Nagbahir Passenger,ITR,NAB,106.0,Pass
59307_INDB_JP,59307,Indore Jaipur link Express,INDB,JP,685.0,Pass
59701_JP_HSR,59701,Jaipur Hisar Passenger,JP,HSR,368.0,Pass
59706_JP_SOG,59706,Jaipur Suratgarh Passenger,JP,SOG,562.0,Pass
63242_GAYA_PNBE,63242,Gaya Patna Passenger MEMU,GAYA,PNBE,92.0,MEMU
63554_ASN_BKSC,63554,Asansol-Bokaro Steel City MEMU Passenger,ASN,BKSC,140.0,MEMU
02094_LHU_JP,02094,Loharu - Jaipur Passenger Spl (MG),LHU,JP,230.0,Pass
22406_ANVT_BGP,22406,AnandVihar Terminal-Bhagalpur Garib Rath,ANVT,BGP,1207.0,GR
06593_YPR_HSRA,06593,Yesvantpur-Hosur Passenger Special,YPR,HSRA,67.0,Pass
06345_POY_PGTN,06345,,POY,PGTN,638.0,Exp
06001_MAS_QLN,06001,Chennai Central-Kollam SF Special,MAS,QLN,858.0,SF
01102_GWL_LTT,01102,Gwalior Mumbai LTT (Weekly) Special,GWL,LTT,1216.0,Exp
04857_PPR_JU,04857,Pipar Road -Jodhpur Passenger Special,PPR,JU,46.0,Pass
09001_BCT_ADI,09001,Mumbai Central - Ahmedabad SF Special,BCT,ADI,491.0,SF
04204_DLI_BSB,04204,Delhi Jn. -Varanasi Special,DLI,BSB,770.0,Exp
02414_SGNR_SDLP,02414,Sri Ganganagar Sadulpur Passenger Holiday Special,SGNR,SDLP,246.0,Pass
11098_ERS_PUNE,11098,ERNAKULAM - PUNE Poorna Exp,ERS,PUNE,1435.0,Exp
07143_HYB_KOP,07143,Hyderabad - C.Shahu Maharaj T. Kolhapur Special,HYB,KOP,998.0,Exp
11063_MS_MTDM,11063,CHENNAI EGMORE - METTUR DAM SLIP EXP,MS,MTDM,353.0,Exp
08060_HWH_LTT,08060,Howrah - Mumbai LTT SF Special,HWH,LTT,1952.0,SF
01493_UBL_BJP,01493,Hubli Bijapur Special,UBL,BJP,249.0,Exp
05649_LTT_KYQ,05649,Mumbai LTT - Kamakhya (Weekly) Special,LTT,KYQ,2665.0,Exp
01101_LTT_GWL,01101,Mumbai LTT - Gwalior (Weekly) Special,LTT,GWL,1216.0,Exp
04727_BKN_BDTS,04727,Bikaner-Mumbai BandraT SF Special,BKN,BDTS,1212.0,SF
06010_QLN_MAS,06010,KollamChennai Central SF Special,QLN,MAS,858.0,SF
04012_NZM_SNSI,04012,H. Nizamuddin - Sainagar Shirdi (Weekly) Special,NZM,SNSI,1360.0,Exp
06346_PGTN_POY,06346,PALGHAT TOWN - POLLACHI Passenger SPL,PGTN,POY,638.0,Exp
11701_JBP_INDB,11701,JABALPUR - INDORE Intercity Exp,JBP,INDB,761.0,Exp
07106_HYB_AII,07106,Hyderabad-Ajmer Weekly Special,HYB,AII,2034.0,Exp
08056_TPTY_SHM,08056,Tirupati-Kolkata Shalimar Special,TPTY,SHM,1616.0,SF
11034_DBG_PUNE,11034,DARBHANGA - PUNE Gyan Ganga Exp,DBG,PUNE,1948.0,Exp
11013_LTT_CBE,11013,Mumbai LTT-Coimbatore Express,LTT,CBE,1518.0,Exp
07604_KMC_KCG,07604,Kamareddi Kacheguda Special,KMC,KCG,114.0,Pass
09723_SBI_JP,09723,Sabarmati - Jaipur SF Holiday Special,SBI,JP,620.0,SF
09722_DEE_JP,09722,Delhi Sarai Rohilla -Jaipur SF Special,DEE,JP,303.0,SF
11097_PUNE_ERS,11097,PUNE - ERNAKULAM Poorna Exp,PUNE,ERS,1435.0,Exp
11046_DHN_KOP,11046,DHANBAD - KOLHAPUR CSMT Deekshabhoomi Exp,DHN,KOP,2968.0,Exp
11061_LTT_DBG,11061,MUMBAI LTT - DARBHANGA Pawan Exp,LTT,DBG,1791.0,Exp
12001_BPL_NDLS,12001,Bhopal-New Delhi Shatabdi Express,BPL,NDLS,701.0,Shtb
12019_HWH_RNC,12019,Howrah-Ranchi Shatabdi Express,HWH,RNC,423.0,Shtb
11265_JBP_ABKP,11265,JABALPUR - AMBIKAPUR Exp,JBP,ABKP,433.0,Exp
12027_MAS_SBC,12027,CHENNAI CENT - BANGALORE CITY Shatabdi Exp,MAS,SBC,362.0,Shtb
12030_ASR_NDLS,12030,Amritsar-New Delhi Swarna Shatabdi Express,ASR,NDLS,448.0,Shtb
12071_CSTM_AWB,12071,Mumbai Aurangabad Jan Shatabdi,CSTM,AWB,374.0,JShtb
12077_MAS_BZA,12077,Chennai Vijayawada Jan Shatabdi Express,MAS,BZA,431.0,JShtb
12121_JBP_NZM,12121,JABALPUR - DELHI H NIZAMUDDIN S Kranti Exp,JBP,NZM,909.0,SKr
12142_PPTA_LTT,12142,PATLIPUTRA - MUMBAI LTT SF Exp,PPTA,LTT,1714.0,SF
55247_BJU_HJP,55247,Barauni-Hajipur Passenger,BJU,HJP,88.0,Pass
55539_KIR_HJP,55539,Katihar Hajipur Passenger,KIR,HJP,268.0,Pass
55542_BHBR_HJP,55542,Phulwaria Hajipur Passenger,BHBR,HJP,0.0,Pass
55549_BJU_HJP,55549,Barauni-Hajipur Passenger,BJU,HJP,88.0,Pass
59151_ND_MDSA,59151,Nadiad Modasa Passenger,ND,MDSA,105.0,Pass
12394_NDLS_RJPB,12394,Sampoorna Kranti Express,NDLS,RJPB,1001.0,SF
12555_GKP_HSR,12555,Gorakhdham Express,GKP,HSR,962.0,SF
12257_YPR_KCVL,12257,Yesvantapur Kochuveli Garib Rath Express,YPR,KCVL,808.0,GR
12182_AII_JBP,12182,AJMER - JABALPUR Dayodaya Express,AII,JBP,894.0,SF
12346_GHY_HWH,12346,GUWAHATI - HOWRAH Saraighat SF Exp,GHY,HWH,1020.0,SF
12283_ERS_NZM,12283,ERNAKULAM - DELHI H NIZAMUDDIN Duronto Exp,ERS,NZM,2943.0,Drnt
12146_PURI_LTT,12146,PURI - MUMBAI LTT SF Exp,PURI,LTT,1818.0,SF
12471_BDTS_JAT,12471,Mumbai Bandra (T.) - Jammu Tawi SF Swaraj Express,BDTS,JAT,1950.0,SF
12722-Slip_NZM_VSKP,12722-Slip,Dakshin Link SF Express,NZM,VSKP,2097.0,SF
12317_SDAH_ASR,12317,KOLKATA SEALDAH - AMRITSAR Akal Takht Exp,SDAH,ASR,1898.0,SF
12619_LTT_MAQ,12619,MUMBAI LTT - MANGALORE CENT Matsyagandha Exp,LTT,MAQ,1185.0,SF
12193_BPL_PBH,12193,Bhopal Partapgarh Express,BPL,PBH,756.0,SF
12258_KCVL_YPR,12258,Kochuveli-Yesvantpur Garib Rath,KCVL,YPR,808.0,GR
12165_LTT_BSB,12165,MUMBAI LTT - VARANASI Ratnagiri Exp,LTT,BSB,1483.0,SF
12615_MAS_NDLS,12615,Grand Trunk (GT) Express,MAS,NDLS,2184.0,SF
12286_NZM_SC,12286,Hazrat Nizamuddin-Secunderabad Duronto Express,NZM,SC,1660.0,Drnt
12395_RJPB_AII,12395,RajendraNagar-Ajmer Ibadat Express,RJPB,AII,1305.0,SF
12463_DEE_JU,12463,Rajasthan Sampark Kranti Express,DEE,JU,616.0,SKr
12227_BCT_INDB,12227,Mumbai Central- Indore Duronto Express,BCT,INDB,829.0,Drnt
12181_JBP_AII,12181,JABALPUR - AJMER Dayodaya Exp,JBP,AII,896.0,SF
12350_NDLS_BGP,12350,NewDelhi-Bhagalpur Weekly SF Express,NDLS,BGP,1220.0,SF
12263_PUNE_NZM,12263,Pune - Hazrat Nizamuddin AC Duronto Express,PUNE,NZM,1520.0,Drnt
12546_LTT_RXL,12546,MUMBAI LTT - RAXAUL Karmabhoomi Exp,LTT,RXL,1882.0,SF
12336_LTT_BGP,12336,MUMBAI LTT - BHAGALPUR SF Exp,LTT,BGP,1917.0,SF
12467_BKN_JP,12467,Bikaner Jaipur InterCity,BKN,JP,382.0,SF
12315_SDAH_UDZ,12315,Ananya Express,SDAH,UDZ,2141.0,SF
12580_PURI_DGHA,12580,Puri Digha Samudra Kanya Super Fast Express,PURI,DGHA,549.0,SF
12633_MS_CAPE,12633,CHENNAI EGMORE - KANNIYAKUMARI SF Exp,MS,CAPE,742.0,SF
12542_LTT_GKP,12542,Mumbai LTT-Gorakhpur SF Express,LTT,GKP,1680.0,SF
12448-Slip_NZM_KURJ,12448-Slip,Nizamuddin KhajurahoLink Express Slip,NZM,KURJ,604.0,SKr
12653_TPJ_MAQ,12653,Tiruchirappalli Mangalore Weekly Superfast Express,TPJ,MAQ,635.0,SF
12463-Slip_DEE_BKN,12463-Slip,Rajasthan Sampark Kranti Express Slip,DEE,BKN,685.0,SKr
12636_MDU_MS,12636,MADURAI - CHENNAI EGMORE Vaigai SF Exp,MDU,MS,497.0,SF
12561_DBG_NDLS,12561,Swatantrata Sainani Express,DBG,NDLS,1166.0,SF
12641_CAPE_NZM,12641,KANYAKUMARI - D H NIZAMUDDIN Thirukkural Exp,CAPE,NZM,2922.0,SF
12739_VSKP_SC,12739,Visakhapatnam Secunderabad Garib Rath Express,VSKP,SC,701.0,GR
12652_NZM_MDU,12652,DELHI H NIZAMUDDIN - MADURAI Tamil Nadu S Kranti,NZM,MDU,2677.0,SKr
12687-Slip_MAS_DDN,12687-Slip,Chennai Chandigarh Express Slip,MAS,DDN,2488.0,SF
12782_NZM_MYS,12782,Nizamuddin-Mysore Swarna Jayanti Express,NZM,MYS,2617.0,SF
12684_SBC_ERS,12684,BANGALORE - ERNAKULAM SF Exp,SBC,ERS,625.0,SF
12803_VSKP_NZM,12803,Visakhapatnam-Nizamuddin SwarnaJayanthi Express,VSKP,NZM,2097.0,SF
12810_HWH_CSTM,12810,HOWRAH - MUMBAI CST SF Mail (via NAGPUR),HWH,CSTM,1968.0,SF
12826_NDLS_RNC,12826,Jharkhand Sampark Kranti Express,NDLS,RNC,1309.0,SKr
12846_BNC_BBS,12846,BENGALURU CANTT - BHUBANESWAR SF Exp,BNC,BBS,1524.0,SF
12847_HWH_DGHA,12847,Howrah-Digha AC Duronto Express,HWH,DGHA,189.0,Drnt
12848_DGHA_HWH,12848,Digha-Howrah AC Duronto Express,DGHA,HWH,189.0,Drnt
12849_BSP_PUNE,12849,Bilaspur Pune SF Express,BSP,PUNE,1301.0,SF
12850_PUNE_BSP,12850,Pune Bilaspur Superfast Express,PUNE,BSP,1301.0,SF
12851_BSP_MAS,12851,Bilaspur-Chennai Express,BSP,MAS,1413.0,SF
12852_MAS_BSP,12852,Chennai-Bilaspur Express,MAS,BSP,1413.0,SF
12853_DURG_BPL,12853,DURG - BHOPAL Amarkantak SF Exp,DURG,BPL,894.0,SF
12854_BPL_DURG,12854,BHOPAL - DURG Amarkantak SF Exp,BPL,DURG,894.0,SF
12855_BSP_NGP,12855,Bilaspur-Nagpur InterCity,BSP,NGP,411.0,SF
12856_NGP_BSP,12856,Nagpur-Bilaspur InterCity,NGP,BSP,411.0,SF
12857_HWH_DGHA,12857,Tamralipta Express,HWH,DGHA,189.0,SF
12858_DGHA_HWH,12858,Tamralipta Express,DGHA,HWH,189.0,SF
12859_CSTM_HWH,12859,MUMBAI CST - HOWRAH Gitanjali Exp,CSTM,HWH,1968.0,SF
12860_HWH_CSTM,12860,HOWRAH - MUMBAI CST Gitanjali Exp,HWH,CSTM,1968.0,SF
12861_VSKP_NZM,12861,Link Superfast Express,VSKP,NZM,2097.0,SF
12862_KZJ_VSKP,12862,LINK SUPERFAST EXPRESS,KZJ,VSKP,567.0,SF
12863_HWH_YPR,12863,HOWRAH - YESVANTPUR SF Exp,HWH,YPR,1963.0,SF
52332_SHC_RGV,52332,Saharsa-Raghopur Passenger,SHC,RGV,63.0,Pass
12864_YPR_HWH,12864,YESVANTPUR - HOWRAH SF Exp,YPR,HWH,1963.0,SF
12865_HWH_PRR,12865,Lalmati Express,HWH,PRR,340.0,SF
52401_RTGH_SRDR,52401,Ratangarh Sardarshahar Passenger,RTGH,SRDR,46.0,Pass
12866_PRR_HWH,12866,Lalmati Express,PRR,HWH,340.0,SF
52402_SRDR_RTGH,52402,Sardarshahar Ratangarh Passenger,SRDR,RTGH,46.0,Pass
12867_HWH_PDY,12867,Howrah-Puducherry Express,HWH,PDY,1907.0,SF
16126_JU_MS,16126,JODHPUR - CHENNAI EGMORE Exp,JU,MS,2356.0,Exp
13201_RJPB_LTT,13201,RAJENDRA NAGAR PATNA - MUMBAI LTT Janta Exp,RJPB,LTT,1715.0,Exp
12868_PDY_HWH,12868,Puducherry-Howrah (Aurobindo) Express,PDY,HWH,1907.0,SF
14041_DEE_DDN,14041,DELHI SARAI ROHILLA - DEHRADUN Mussoorie Exp,DEE,DDN,339.0,Exp
13157_KOAA_MFP,13157,KOLKATA CHITPUR - MUZAFFARPUR Tirhut Exp,KOAA,MFP,566.0,Exp
12950_SRC_PBR,12950,K SANTRAGANCHI - PORBANDAR Kavi Guru SF Exp,SRC,PBR,2658.0,SF
12878_NDLS_RNC,12878,New Delhi-Ranchi Garib Rath,NDLS,RNC,1344.0,GR
12987_SDAH_AII,12987,Sealdah Ajmer Express,SDAH,AII,1642.0,SF
15233_KOAA_DBG,15233,KOLKATA CHITPUR - DARBHANGA Maithili Exp,KOAA,DBG,539.0,Exp
12869_CSTM_HWH,12869,MUMBAI CST - HOWRAH SF Exp,CSTM,HWH,1968.0,SF
15036_KGM_DLI,15036,Uttarakhand Sampark Kranti Express,KGM,DLI,278.0,SKr
13151_KOAA_JAT,13151,Kolkata Chitpur-JammuTawi Express,KOAA,JAT,1982.0,Exp
14312_BHUJ_BE,14312,BHUJ - BAREILLY Ala Hazrat Exp,BHUJ,BE,1543.0,Exp
12953_BCT_NZM,12953,MumbaiCentral-H Nizamuddin August Kranti Rajdhani Express,BCT,NZM,1377.0,Raj
12905_PBR_HWH,12905,PORBANDAR - HOWRAH SF Exp,PBR,HWH,2551.0,SF
12870_HWH_CSTM,12870,HOWRAH - MUMBAI CST SF Exp,HWH,CSTM,1968.0,SF
13420_MFP_BGP,13420,Jan Sewa Express,MFP,BGP,240.0,Exp
12995-Slip_BDTS_AII,12995-Slip,Bandra-Udaipur SF Express Slip,BDTS,AII,1017.0,SF
13318_DHN_HWH,13318,Black Diamond Express,DHN,HWH,271.0,Exp
13187_SDAH_RPH,13187,Maa Tara Express,SDAH,RPH,226.0,Exp
14019_CWA_DEE,14019,Chhindwara Delhi SR (Biweekly) Kanhan valley Express,CWA,DEE,1050.0,Exp
12972_BVC_BDTS,12972,Bhavnagar Bandra Express,BVC,BDTS,778.0,SF
12906_HWH_PBR,12906,HOWRAH - PORBANDAR SF Exp,HWH,PBR,2551.0,SF
12871_HWH_TIG,12871,HOWRAH - TITLAGARH Ispat Exp,HWH,TIG,745.0,SF
13153_SDAH_MLDT,13153,Sealdah-Malda Town Gour Express,SDAH,MLDT,347.0,Exp
15017_LTT_GKP,15017,MUMBAI LTT - GORAKHPUR Kashi Exp,LTT,GKP,1714.0,Exp
15268_LTT_RXL,15268,MUMBAI LTT - RAXAUL Jan Sadharan Exp,LTT,RXL,1979.0,Exp
13053_HWH_SURI,13053,Howrah-Siuri Intercity Express,HWH,SURI,211.0,Exp
14218_CDG_ALD,14218,Chandigarh Allahabad Unchahar Express,CDG,ALD,913.0,Exp
14887_KLK_BME,14887,Kalka - Barmer Chandigarh Express,KLK,BME,1117.0,Exp
15271_HWH_MFP,15271,Howrah-Muzaffarpur JanSadharan Express,HWH,MFP,549.0,Exp
13403_RNC_BGP,13403,Vananchal Express,RNC,BGP,558.0,Exp
13503_SDAH_ASN,13503,Sealdah-Asansol InterCity Express,SDAH,ASN,220.0,Exp
16107_MS_MAQ,16107,Chennai Egmore-Mangalore Express,MS,MAQ,983.0,Exp
14659_DLI_JSM,14659,Delhi-Jaisalmer Express,DLI,JSM,921.0,Exp
15651_GHY_JAT,15651,GUWAHATI - JAMMU TAWI Lohit Exp,GHY,JAT,2352.0,Exp
16321_SBC_TVC,16321,Bangalore Tiruvananthapuram Weekly Express,SBC,TVC,843.0,Exp
17031_CSTM_HYB,17031,Mumbai CST-Hyderabad Express,CSTM,HYB,790.0,Exp
17018_SC_RJT,17018,Secunderabad - Rajkot Express,SC,RJT,1478.0,Exp
15763_BLGT_NJP,15763,Balurghat-New Jalpaiguri Intercity Express,BLGT,NJP,303.0,Exp
16507_BGKT_SBC,16507,BHAGAT KI KOTHI - BANGALORE Exp,BGKT,SBC,2116.0,Exp
16558_SBC_MYS,16558,Bangalore Mysore Rajya Rani Express,SBC,MYS,137.0,Exp
16701_MS_RMM,16701,Chennai Egmore-Rameshwaram Express,MS,RMM,665.0,Exp
17401-Slip_TPTY_NS,17401-Slip,Tirupati-Narsapur Express Slip,TPTY,NS,525.0,Exp
17481-Slip_BSP_MMR,17481-Slip,Bilaspur Manmad Express Slip,BSP,MMR,2059.0,Exp
18001_HWH_DGHA,18001,Kandari Express,HWH,DGHA,189.0,Exp
18006_JDB_HWH,18006,JAGDALPUR - HOWRAH Samaleshwari Exp,JDB,HWH,1057.0,Exp
52244_ASSH_PBE,52244,AISHBAGH - PILIBHIT PASSENGER,ASSH,PBE,316.0,Pass
19711-Slip_JP_INDB,19711-Slip,Jaipur-Indore Express Slip,JP,INDB,685.0,Exp
22823_BBS_NDLS,22823,BHUBANESWAR - NEW DELHI RAJDHANI Express,BBS,NDLS,1800.0,Raj
47123_HYB_LPI,47123,Hyderabad Lingampalli MMTS,HYB,LPI,25.0,Hyd
18618_RNC_HWH,18618,Ranchi-Howrah Intercity,RNC,HWH,462.0,Exp
41503_MSB_VLCY,41503,Chennai Beach Velachery Sunday EMU,MSB,VLCY,18.0,MEMU
18030_SHM_LTT,18030,KOLKATA SALIMAR - MUMBAI LTT [Kurla] Exp,SHM,LTT,1951.0,Exp
33593_SDAH_BT,33593,Sealdah-Basirath Local,SDAH,BT,22.0,MEMU
47207_FM_LPI,47207,Falaknuma Lingampalli Suburban,FM,LPI,37.0,Hyd
21068_RBL_LTT,21068,Rai Bareli-Mumbai LTT Saket Express,RBL,LTT,1502.0,Exp
19106_HW_ADI,19106,Haridwar-Ahmedabad Mail,HW,ADI,1207.0,Mail
52228_TPU_ASH,52228,Tanakpur Aishbagh Express,TPU,ASH,322.0,Pass
41021_MSB_VLCY,41021,Chennai Beach Velachery EMU,MSB,VLCY,18.0,MEMU
18235-Slip_BPL_CHRM,18235-Slip,Bilaspur Express Passenger Slip,BPL,CHRM,653.0,Pass
22824_NDLS_BBS,22824,NEW DELHI - BHUBANESWAR Rajdhani Exp (Via Bokaro),NDLS,BBS,1800.0,Raj
51189_ET_ALD,51189,ITARSI - ALLAHABAD Passenger,ET,ALD,612.0,Pass
51606_CHRM_DMO,51606,Chirmiri Katni Passenger,CHRM,DMO,360.0,Pass
38462_PKU_HWH,38462,Panskura Howrah EMU,PKU,HWH,71.0,MEMU
19115_BDTS_BHUJ,19115,MUMBAI BANDRA - BHUJ Sayaji Nagari Exp,BDTS,BHUJ,839.0,Exp
18412_VSKP_BBS,18412,Visakhapatnam-Bhubaneswar Inter City Express,VSKP,BBS,443.0,Exp
22161_BPL_DMO,22161,Bhopal Damoh Rajya Rani exp,BPL,DMO,291.0,SF
47115_HYB_LPI,47115,Hyderabad Lingampalli MMTS,HYB,LPI,25.0,Hyd
47167_FM_LPI,47167,Falaknuma Lingampalli MMTS,FM,LPI,37.0,Hyd
25201_SGL_NKE,25201,Sugauli Narkatiaganj InterCity Link Express,SGL,NKE,59.0,Exp
41065_MSB_VLCY,41065,Chennai Beach Velachery EMU,MSB,VLCY,18.0,Pass
51862_KNH_AIT,51862,Konch Ait Passenger,KNH,AIT,13.0,Pass
51261_AMI_WR,51261,Amravati Wardha Passenger,AMI,WR,101.0,Pass
40514_CGL_MSB,40514,Chengulpet Chennai Beach Semi Fast EMU (12 Car),CGL,MSB,59.0,MEMU
51112_DHI_CSN,51112,Dhule Chalisgaon Mix Passenger,DHI,CSN,56.0,Pass
51820_ALD_JHS,51820,Allahabad Jhansi Passenger,ALD,JHS,390.0,Pass
51702_REWA_JBP,51702,REWA - JABALPUR PASSENGER,REWA,JBP,238.0,Pass
51673_ET_STA,51673,ITARSI - SATNA Passenger,ET,STA,434.0,Pass
51240_BZU_AMLA,51240,Betul Amla Passenger,BZU,AMLA,23.0,Pass
51885_BINA_DMO,51885,BINA DAMOH PASS,BINA,DMO,152.0,Pass
51909_DLI_SRE,51909,Delhi Shamli Saharanpur Passenger,DLI,SRE,164.0,Pass
51613_KOTA_KTE,51613,KOTA - KATNI Passenger,KOTA,KTE,455.0,Pass
52107_NRL_MAE,52107,Neral Matheran Passenger,NRL,MAE,21.0,Toy
52213_BRY_MLN,52213,Bareilly Mailani Passenger,BRY,MLN,125.0,Pass
52321_FBG_SHC,52321,Forbesganj-Saharsa Passenger,FBG,SHC,112.0,Pass
52331_RGV_SHC,52331,Raghopur-Saharsa Passenger,RGV,SHC,63.0,Pass
52403_RTGH_SRDR,52403,Ratangarh Sardarshahar Passenger,RTGH,SRDR,46.0,Pass
52404_SRDR_RTGH,52404,Sardarshahar Ratangarh Passenger,SRDR,RTGH,46.0,Pass
52405_SDLP_SGNR,52405,Hanumangarh Suratgarh Passenger,SDLP,SGNR,246.0,Pass
52406_SGNR_SDLP,52406,Suratgarh Hanumangarh Passenger,SGNR,SDLP,246.0,Pass
52407_SDLP_SGNR,52407,Sadulpur Suratgarh Passenger,SDLP,SGNR,246.0,Pass
52408_SGNR_SDLP,52408,Suratgarh Sadulpur Passenger,SGNR,SDLP,246.0,Pass
52411_SDLP_SGNR,52411,Sadulpur Shri Ganganagar Passenger,SDLP,SGNR,246.0,Pass
52412_SGNR_SDLP,52412,Shri Ganganagar Sadulpur Passenger,SGNR,SDLP,246.0,Pass
52413_SDLP_SGNR,52413,SDLP SOG PASS,SDLP,SGNR,246.0,Pass
52414_SGNR_SDLP,52414,SOG SDLP PASS,SGNR,SDLP,246.0,Pass
52415_SDLP_SOG,52415,Hanumangarh Suratgarh Passenger,SDLP,SOG,378.0,Pass
52451_KLK_SML,52451,Shivalik Deluxe Express,KLK,SML,96.0,Exp
52452_SML_KLK,52452,Shivalik Deluxe Express,SML,KLK,96.0,Exp
52453_KLK_SML,52453,Kalka Shimla Express,KLK,SML,96.0,Pass
52454_SML_KLK,52454,Shimla Kalka Express,SML,KLK,96.0,Pass
52455_KLK_SML,52455,Himalayan Queen,KLK,SML,96.0,Pass
52456_SML_KLK,52456,Himalayan Queen,SML,KLK,96.0,Pass
52457_KLK_SML,52457,Kalka Shimla Passenger,KLK,SML,96.0,Pass
52458_SML_KLK,52458,Shimla Kalka Passenger,SML,KLK,96.0,Pass
52461_PTK_JMKR,52461,Pathankot Jawalamukhi Road Passenger,PTK,JMKR,124.0,Pass
52462_JMKR_PTK,52462,Kangra Valley Rail Passenger,JMKR,PTK,125.0,Pass
52463_PTK_BJPL,52463,Kangra Valley Rail Passenger,PTK,BJPL,147.0,Pass
52464_BJPL_PTK,52464,BAIJNATHPAPROLA - PATHANKOT PASS,BJPL,PTK,147.0,Pass
52465_PTK_BJPL,52465,PATHANKOT - PATHANKOT PASSENGER,PTK,BJPL,147.0,Pass
52905_MSH_ADI,52905,Mahesana Ahmedabad Passenger,MSH,ADI,69.0,Pass
56889_TVR_TTP,56889,Tiruvarur Tiruturaipudi Passenger,TVR,TTP,26.0,Pass
57123_BDCR_SRUR,57123,Bhadrachalam Sirpur Kagaznagar Passenger,BDCR,SRUR,330.0,Pass
54404_MTC_KRJ,54404,Meerut City Khurja Passenger,MTC,KRJ,94.0,Pass
52466_BJPL_PTK,52466,Kangra Valley Rail Passenger,BJPL,PTK,147.0,Pass
53220_MGS_BXR,53220,Mughal Sarai Buxar Passenger,MGS,BXR,94.0,Pass
53415_SBG_JMP,53415,Sahibganj Jamalpur Passenger,SBG,JMP,135.0,Pass
53522_BSB_ASN,53522,Varanasi-Asansol Passenger,BSB,ASN,489.0,Pass
52925_KDBM_ADI,52925,Khed Brahma Ahmedabad Passenger,KDBM,ADI,188.0,Pass
55318_KPV_LKU,55318,Kashipur Lalkuan Passenger,KPV,LKU,59.0,Pass
54467_TDL_ETAH,54467,Tundla Barhan Etah Passenger,TDL,ETAH,73.0,Pass
52533_BNKI_BHGJ,52533,Banmankhi Bihariganj Passenger,BNKI,BHGJ,27.0,Pass
54309_DLI_RE,54309,Delhi Rewari Passenger,DLI,RE,82.0,Pass
53335_DHN_RNC,53335,Dhanbad Ranchi Passenger,DHN,RNC,162.0,Pass
54606_LDH_HSR,54606,Ludhiana Hisar Passenger,LDH,HSR,210.0,Pass
52944_BTD_GG,52944,Botad Ahmedabad Passenger,BTD,GG,155.0,Pass
53416_JMP_SBG,53416,JAMALPUR RAMPURHAT PASS,JMP,SBG,127.0,Pass
52902_ADI_MSH,52902,Ahmedabad Mahesana Passenger,ADI,MSH,69.0,Pass
55810_GHY_NBQ,55810,Guwahati New Bongaigaon Passenger,GHY,NBQ,157.0,Pass
54005_DLI_BNW,54005,Delhi Bhiwani Passenger,DLI,BNW,119.0,Pass
55014_MUV_CPR,55014,Manduadih Chhapra Passenger,MUV,CPR,209.0,Pass
53063_BWN_BHW,53063,Barddhaman Barharwa Passenger,BWN,BHW,212.0,Pass
53404_GAYA_JMP,53404,Gaya Jamalpur Passenger,GAYA,JMP,183.0,Pass
55753_APDJ_GHY,55753,ALIPUR DUAR - GUWAHATI SIFUNG Pass,APDJ,GHY,285.0,Pass
54415_DLI_RE,54415,Delhi Sarai Rohilla Rewari Passenger,DLI,RE,82.0,Pass
54353_ALJN_BE,54353,ALIGARH - BAREILLY PASSENGER,ALJN,BE,160.0,Pass
55611_FKM_KYQ,55611,Fakiragram Kamakhya Passenger,FKM,KYQ,214.0,Pass
53421_JMP_KIUL,53421,JAMALPUR KIUL PASS,JMP,KIUL,45.0,Pass
55237_BJU_SPJ,55237,Barauni-Samastipur Passenger,BJU,SPJ,50.0,Pass
54602_ASR_HSR,54602,Amritsar Hisar Passenger,ASR,HSR,346.0,Pass
54092_KTW_NBD,54092,Kotdwara Najibabad Passenger,KTW,NBD,24.0,Pass
55001_GKP_AY,55001,Gorakhpur Ayodhya Passenger,GKP,AY,161.0,Pass
56138_ONR_UAM,56138,Coonoor Udagamandalam Passenger,ONR,UAM,19.0,Pass
55540_HJP_KIR,55540,Hajipur-Katihar Passenger,HJP,KIR,268.0,Pass
55040_NTV_GKP,55040,Nautanwa Gorakhpur Passenger,NTV,GKP,82.0,Pass
55532_BJU_KIR,55532,Barauni-Katihar Passenger,BJU,KIR,180.0,Pass
56267_ASK_MYS,56267,Arsikere Mysore Passenger,ASK,MYS,167.0,Pass
56600_CLT_SRR,56600,Kozhikode Shoranur Passenger,CLT,SRR,86.0,Pass
56614_NIL_SRR,56614,Nilambur Road Shoranur Passenger,NIL,SRR,67.0,Pass
56387_ERS_KYJ,56387,Ernakulam Kayamkulam Passenger,ERS,KYJ,115.0,Pass
56723_MDU_RMM,56723,Madurai Rameswaram Passenger,MDU,RMM,161.0,Pass
57429_TPTY_GDR,57429,Tirupati Gudur Passenger,TPTY,GDR,93.0,Pass
57422_GTL_DHNE,57422,Guntakal Dronachellam Passenger,GTL,DHNE,68.0,Pass
57447_SC_MBNR,57447,Secunderabad Mahbubnagar Passenger,SC,MBNR,113.0,Pass
57593_KCG_NED,57593,Kacheguda Nanded Passenger,KCG,NED,276.0,Pass
57632_GTL_GR,57632,Guntakal Gulbarga Passenger,GTL,GR,266.0,Pass
58028_KUR_BBS,58028,Kurdha Road Bhubaneshwar Passenger,KUR,BBS,19.0,Pass
63166_BDME_JSME,63166,BAIDYANATH JASIDIH PASS,BDME,JSME,6.0,Pass
58801_BPQ_G,58801,Ballarshar Gondia Passenger(Via Nagbhir ),BPQ,G,252.0,Pass
58207_R_KSNG,58207,Raipur Kesinga Passenger,R,KSNG,216.0,Pass
59157_BRC_ANND,59157,Vadodara Anand Passenger,BRC,ANND,36.0,Pass
59442_ADI_BCT,59442,Ahmedabad Mumbai Central Passenger,ADI,BCT,491.0,Pass
58803_CAF_G,58803,Chanda Fort Gondia Passenger,CAF,G,241.0,Pass
67295_RJY_VSKP,67295,Rajahmundry Visakhapatnam Pass,RJY,VSKP,201.0,Pass
58219_BSP_CHRM,58219,Bilaspur Chirmiri Passenger,BSP,CHRM,238.0,Pass
63241_PNBE_GAYA,63241,Patna Gaya Passenger MEMU,PNBE,GAYA,92.0,MEMU
59214_PBR_BNVD,59214,Porbandar Bhanvad Passenger,PBR,BNVD,52.0,Pass
59024_BL_BCT,59024,Valsad Mumbai Passenger,BL,BCT,195.0,Pass
58425_KDJR_BBS,58425,Kendujhargarh-Bhubaneswar Fast Passenger,KDJR,BBS,215.0,Pass
59832_KOTA_BRC,59832,Kota Vadodara Passenger,KOTA,BRC,526.0,Pass
63545_ASN_DHN,63545,Asansol Dhanbad Passenger,ASN,DHN,59.0,MEMU
59050_VG_BL,59050,Viramgam Valsad Passenger,VG,BL,364.0,Pass
59386-Slip_CWA_ASR,59386-Slip,Panchvalley Passenger Slip1,CWA,ASR,1545.0,Pass
64492_NDLS_PWL,64492,New Delhi Palwal Ladies Special,NDLS,PWL,56.0,MEMU
67296_VSKP_RJY,67296,Visakhapatnam Rajahmundry Pass,VSKP,RJY,201.0,Pass
70101_MAO_KAWR,70101,Madgaon Karwar Passenger,MAO,KAWR,82.0,Pass
83112_DNR_GRD,83112,Danapur Giridih Express,DNR,GRD,298.0,Exp
84369_BRWD_BE,84369,Tribeni Link Express,BRWD,BE,862.0,Exp
