journey_id,from_station_code,to_station_code,scheduled_minutes,actual_minutes,day_of_week,hour_bucket,source_event_ids
2085_13-03-2026,JP,DKBJ,,14.4,4,16,0|1
2085_13-03-2026,DKBJ,NDH,,12.4,4,17,1|2
2085_13-03-2026,NDH,BHG,,13.8,4,17,2|3
2085_13-03-2026,BHG,COM,,9.5,4,17,3|4
2085_13-03-2026,COM,LHW,,8.4,4,17,4|5
2085_13-03-2026,LHW,GND,,8.4,4,17,5|6
2085_13-03-2026,GND,COD,,11.2,4,18,6|7
2085_13-03-2026,COD,RGS,,12.7,4,18,7|8
2085_13-03-2026,RGS,SNTH,,15.3,4,18,8|9
2085_13-03-2026,SNTH,BOTI,,8.8,4,18,9|10
2085_13-03-2026,BOTI,PLSN,,13.6,4,18,10|11
2085_13-03-2026,PLSN,RNIS,,11.9,4,19,11|12
2085_13-03-2026,RNIS,GIO,,8.7,4,19,12|13
2085_13-03-2026,GIO,SIKR,,23.7,4,19,13|14
2085_13-03-2026,SIKR,RDK,,33.9,4,19,14|15
2085_13-03-2026,RDK,LNH,,13.6,4,20,15|16
2085_13-03-2026,LNH,FPS,,24.0,4,20,16|17
2085_13-03-2026,FPS,QMRS,,13.9,4,21,17|18
2085_13-03-2026,QMRS,RSWT,,11.5,4,21,18|19
2085_13-03-2026,RSWT,MWR,,7.9,4,21,19|20
2085_13-03-2026,MWR,BUB,,12.2,4,21,20|21
2085_13-03-2026,BUB,CUR,,36.1,4,21,21|22
6840_19-02-2026,KKDI,KTYR,,9.5,3,9,0|1
6840_19-02-2026,KTYR,CTND,,8.5,3,9,1|2
6840_19-02-2026,CTND,TYM,,12.4,3,10,2|3
6840_19-02-2026,TYM,NMN,,28.5,3,10,3|4
6840_19-02-2026,NMN,PDKT,,6.7,3,10,4|5
6840_19-02-2026,PDKT,VEL,,16.7,3,10,5|6
6840_19-02-2026,VEL,NTM,,9.9,3,11,6|7
6840_19-02-2026,NTM,KUTR,,8.6,3,11,7|8
6840_19-02-2026,KUTR,KRUR,,0.9,3,11,8|9
6840_19-02-2026,KRUR,TNLR,,7.9,3,11,9|10
6840_19-02-2026,TNLR,KRMG,,10.1,3,11,10|11
6840_19-02-2026,KRMG,TPJ,,28.5,3,11,11|12
8002_21-05-2026,JGM,BNB,,14.2,3,18,0|1
8002_21-05-2026,BNB,SUA,,9.6,3,18,1|2
8002_21-05-2026,SUA,KSO,,10.5,3,18,2|3
8002_21-05-2026,KSO,KKQ,,10.8,3,19,3|4
8002_21-05-2026,KKQ,NMP,,2.5,3,19,4|5
8002_21-05-2026,NMP,KGP,,7.5,3,19,5|6
9763_25-11-2025,APH,RMSR,,18.6,1,20,0|1
9763_25-11-2025,RMSR,SBNR,,15.9,1,21,1|2
9763_25-11-2025,SBNR,KYNT,,10.6,1,21,2|3
9763_25-11-2025,KYNT,SRPR,,16.2,1,21,3|4
9763_25-11-2025,SRPR,SRZ,,9.3,1,21,4|5
9763_25-11-2025,SRZ,BNSR,,10.4,1,21,5|6
9763_25-11-2025,BNSR,SOG,,9.4,1,22,6|7
13252_11-08-2026,RJPB,GZH,,14.2,1,8,0|1
13252_11-08-2026,GZH,PNC,,4.3,1,8,1|2
13252_11-08-2026,PNC,PTG,,11.8,1,8,2|3
13252_11-08-2026,PTG,BKG,,3.8,1,8,3|4
13252_11-08-2026,BKG,FUT,,13.6,1,8,4|5
13252_11-08-2026,FUT,DNWH,,11.3,1,8,5|6
13252_11-08-2026,DNWH,HIL,,19.9,1,9,6|7
13252_11-08-2026,HIL,EKR,,12.7,1,9,7|8
13252_11-08-2026,EKR,IPR,,26.5,1,9,8|9
14124_02-09-2026,CNB,CPB,,3.6,2,17,0|1
14124_02-09-2026,CPB,MGW,,8.1,2,17,1|2
14124_02-09-2026,MGW,ON,,14.0,2,17,2|3
14124_02-09-2026,ON,SIC,,10.2,2,18,3|4
14124_02-09-2026,SIC,AJ,,4.4,2,18,4|5
14124_02-09-2026,AJ,KVX,,5.8,2,18,5|6
14124_02-09-2026,KVX,JTU,,5.1,2,18,6|7
14124_02-09-2026,JTU,HRN,,3.8,2,18,7|8
14124_02-09-2026,HRN,POF,,14.6,2,18,8|9
14124_02-09-2026,POF,AMS,,5.0,2,18,9|10
14124_02-09-2026,AMS,MKG,,5.5,2,19,10|11
14124_02-09-2026,MKG,LKO,,3.3,2,19,11|12
14124_02-09-2026,LKO,LJN,,0.5,2,19,12|13
14124_02-09-2026,LJN,UTR,,21.3,2,19,13|14
14124_02-09-2026,UTR,MLJ,,8.2,2,19,14|15
14124_02-09-2026,MLJ,KKAH,,8.2,2,19,15|16
14124_02-09-2026,KKAH,NHN,,6.9,2,19,16|17
14124_02-09-2026,NHN,SAGR,,8.1,2,19,17|18
14124_02-09-2026,SAGR,BCN,,4.3,2,20,18|19
14124_02-09-2026,BCN,KVG,,9.3,2,20,19|20
14124_02-09-2026,KVG,HCP,,5.8,2,20,20|21
14124_02-09-2026,HCP,GANG,,11.4,2,20,21|22
14124_02-09-2026,GANG,RBL,,12.6,2,20,22|23
14124_02-09-2026,RBL,RUM,,8.5,2,20,23|24
14124_02-09-2026,RUM,FTG,,7.0,2,20,24|25
14124_02-09-2026,FTG,JAIS,,9.1,2,21,25|26
14124_02-09-2026,JAIS,KCJ,,3.4,2,21,26|27
14124_02-09-2026,KCJ,BANI,,7.1,2,21,27|28
14124_02-09-2026,BANI,GNG,,7.5,2,21,28|29
14124_02-09-2026,GNG,TLKH,,6.8,2,21,29|30
14124_02-09-2026,TLKH,AME,,6.9,2,21,30|31
14124_02-09-2026,AME,MFL,,5.9,2,21,31|32
14124_02-09-2026,MFL,SHJP,,6.8,2,21,32|33
14124_02-09-2026,SHJP,ANTU,,1.5,2,21,33|34
14124_02-09-2026,ANTU,JGJ,,12.1,2,21,34|35
14124_02-09-2026,JGJ,CIL,,14.8,2,22,35|36
14124_02-09-2026,CIL,PBH,,26.3,2,22,36|37
14706_06-02-2026,SDLP,HR,,15.9,4,16,0|1
14706_06-02-2026,HR,RMB,,7.7,4,16,1|2
14706_06-02-2026,RMB,PVZ,,3.1,4,16,2|3
14706_06-02-2026,PVZ,LHU,,9.1,4,16,3|4
14706_06-02-2026,LHU,SAWN,,10.4,4,16,4|5
14706_06-02-2026,SAWN,STNL,,7.3,4,17,5|6
14706_06-02-2026,STNL,ZP,,12.4,4,17,6|7
14706_06-02-2026,ZP,MHRG,,5.7,4,17,7|8
14706_06-02-2026,MHRG,BJWS,,14.0,4,17,8|9
14706_06-02-2026,BJWS,KNNK,,5.2,4,17,9|10
14706_06-02-2026,KNNK,DZB,,10.5,4,17,10|11
14706_06-02-2026,DZB,NNU,,26.0,4,18,11|12
14706_06-02-2026,NNU,RE,,12.0,4,18,12|13
14706_06-02-2026,RE,KWMD,,7.9,4,18,13|14
14706_06-02-2026,KWMD,KIP,,4.3,4,18,14|15
14706_06-02-2026,KIP,IHP,,6.4,4,18,15|16
14706_06-02-2026,IHP,PTRD,,9.4,4,18,16|17
14706_06-02-2026,PTRD,JSKA,,4.2,4,19,17|18
14706_06-02-2026,JSKA,TJNR,,0.7,4,19,18|19
14706_06-02-2026,TJNR,PT,,0.6,4,19,19|20
14706_06-02-2026,PT,GHH,,3.9,4,19,20|21
14706_06-02-2026,GHH,BDXT,,3.4,4,19,21|22
14706_06-02-2026,BDXT,GGN,,2.0,4,19,22|23
14706_06-02-2026,GGN,BWSN,,16.1,4,19,23|24
14706_06-02-2026,BWSN,SMDP,,8.8,4,19,24|25
14706_06-02-2026,SMDP,PM,,7.0,4,19,25|26
14706_06-02-2026,PM,DEC,,7.0,4,19,26|27
14706_06-02-2026,DEC,KRTN,,16.1,4,20,27|28
14706_06-02-2026,KRTN,PTNR,,1.6,4,20,28|29
14706_06-02-2026,PTNR,DBSI,,4.7,4,20,29|30
14706_06-02-2026,DBSI,DEE,,3.3,4,20,30|31
15720_01-08-2026,SGUJ,SGUT,,22.6,5,17,0|1
15720_01-08-2026,SGUT,NJP,,11.6,5,17,1|2
15720_01-08-2026,NJP,RNI,,20.0,5,17,2|3
15720_01-08-2026,RNI,NJB,,6.3,5,17,3|4
15720_01-08-2026,NJB,CAT,,2.7,5,18,4|5
15720_01-08-2026,CAT,DMZ,,6.2,5,18,5|6
15720_01-08-2026,DMZ,TMH,,3.4,5,18,6|7
15720_01-08-2026,TMH,MXJ,,7.5,5,18,7|8
15720_01-08-2026,MXJ,DBQ,,3.0,5,18,8|9
15720_01-08-2026,DBQ,AUB,,8.4,5,18,9|10
15720_01-08-2026,AUB,GEOR,,8.5,5,18,10|11
15720_01-08-2026,GEOR,GIL,,7.3,5,18,11|12
15720_01-08-2026,GIL,PJP,,5.9,5,18,12|13
15720_01-08-2026,PJP,KNE,,5.4,5,18,13|14
15720_01-08-2026,KNE,HWR,,7.9,5,19,14|15
15720_01-08-2026,HWR,KKA,,3.3,5,19,15|16
15720_01-08-2026,KKA,SJKL,,5.4,5,19,16|17
15720_01-08-2026,SJKL,DLK,,5.4,5,19,17|18
15720_01-08-2026,DLK,TETA,,10.3,5,19,18|19
15720_01-08-2026,TETA,AHL,,5.6,5,19,19|20
15720_01-08-2026,AHL,SUD,,5.0,5,19,20|21
15720_01-08-2026,SUD,BOE,,25.7,5,19,21|22
15720_01-08-2026,BOE,MFA,,7.8,5,20,22|23
15720_01-08-2026,MFA,SRI,,7.8,5,20,23|24
15720_01-08-2026,SRI,SI,,21.9,5,20,24|25
15720_01-08-2026,SI,KIR,,63.9,5,20,25|26
15766_29-04-2026,APDJ,RVK,,9.4,2,15,0|1
15766_29-04-2026,RVK,GRU,,7.3,2,15,1|2
15766_29-04-2026,GRU,KCF,,2.5,2,15,2|3
15766_29-04-2026,KCF,HOJ,,4.8,2,15,3|4
15766_29-04-2026,HOJ,HSA,,12.9,2,16,4|5
15766_29-04-2026,HSA,MDT,,10.6,2,16,5|6
15766_29-04-2026,MDT,MJE,,6.3,2,16,6|7
15766_29-04-2026,MJE,DLO,,5.6,2,16,7|8
15766_29-04-2026,DLO,BNV,,8.6,2,16,8|9
15766_29-04-2026,BNV,BNQ,,6.1,2,16,9|10
15766_29-04-2026,BNQ,CRX,,11.6,2,16,10|11
15766_29-04-2026,CRX,NKB,,3.9,2,17,11|12
15766_29-04-2026,NKB,CLD,,12.7,2,17,12|13
15766_29-04-2026,CLD,NMZ,,6.8,2,17,13|14
15766_29-04-2026,NMZ,DDM,,15.2,2,17,14|15
15766_29-04-2026,DDM,ODB,,9.9,2,17,15|16
15766_29-04-2026,ODB,BRQ,,9.0,2,17,16|17
15766_29-04-2026,BRQ,SVQ,,26.8,2,17,17|18
15766_29-04-2026,SVQ,GLMA,,25.0,2,18,18|19
15766_29-04-2026,GLMA,SGUJ,,20.8,2,18,19|20
15766_29-04-2026,SGUJ,SGUT,,12.1,2,19,20|21
15766_29-04-2026,SGUT,NJP,,12.9,2,19,21|22
16559_17-07-2026,MYS,MNGT,,1.1,4,13,0|1
16559_17-07-2026,MNGT,NHY,,4.4,4,13,1|2
16559_17-07-2026,NHY,S,,6.4,4,13,2|3
16559_17-07-2026,S,PANP,,3.5,4,13,3|4
16559_17-07-2026,PANP,CGKR,,5.3,4,13,4|5
16559_17-07-2026,CGKR,CGKP,,0.3,4,13,5|6
16559_17-07-2026,CGKP,BDRL,,2.5,4,13,6|7
16559_17-07-2026,BDRL,Y,,6.3,4,14,7|8
16559_17-07-2026,Y,MYA,,8.6,4,14,8|9
16559_17-07-2026,MYA,HNK,,11.9,4,14,9|10
16559_17-07-2026,HNK,MAD,,9.6,4,14,10|11
16559_17-07-2026,MAD,NZH,,7.1,4,14,11|12
16559_17-07-2026,NZH,SET,,5.9,4,14,12|13
16559_17-07-2026,SET,CPT,,5.9,4,14,13|14
16559_17-07-2026,CPT,RMGM,,13.7,4,14,14|15
16559_17-07-2026,RMGM,KHLL,,8.5,4,15,15|16
16559_17-07-2026,KHLL,BID,,8.9,4,15,16|17
16559_17-07-2026,BID,HJL,,6.7,4,15,17|18
16559_17-07-2026,HJL,KGI,,11.6,4,15,18|19
16559_17-07-2026,KGI,GNB,,21.9,4,15,19|20
16559_17-07-2026,GNB,NYH,,6.0,4,16,20|21
16559_17-07-2026,NYH,SBC,,39.0,4,16,21|22
16559_17-07-2026,SBC,MWM,,17.1,4,16,22|23
16559_17-07-2026,MWM,YPR,,7.4,4,17,23|24
16861_28-11-2025,TTP,TAM,,18.1,4,5,0|1
16861_28-11-2025,TAM,MTT,,11.8,4,5,1|2
16861_28-11-2025,MTT,AMM,,18.8,4,5,2|3
16861_28-11-2025,AMM,PKT,,19.9,4,6,3|4
16861_28-11-2025,PKT,TCT,,20.3,4,6,4|5
16861_28-11-2025,TCT,PVI,,15.7,4,6,5|6
16861_28-11-2025,PVI,AYI,,11.5,4,7,6|7
16861_28-11-2025,AYI,ATQ,,25.5,4,7,7|8
16861_28-11-2025,ATQ,VMM,,15.9,4,7,8|9
16861_28-11-2025,VMM,KNPL,,16.1,4,8,9|10
16861_28-11-2025,KNPL,KKDI,,30.6,4,8,10|11
19735_09-01-2026,JP,DKBJ,,5.1,4,13,0|1
19735_09-01-2026,DKBJ,NDH,,7.2,4,13,1|2
19735_09-01-2026,NDH,BHG,,9.7,4,14,2|3
19735_09-01-2026,BHG,COM,,64.7,4,14,3|4
19735_09-01-2026,COM,LHW,,3.0,4,15,4|5
19735_09-01-2026,LHW,GND,,2.1,4,15,5|6
19735_09-01-2026,GND,COD,,8.1,4,15,6|7
19735_09-01-2026,COD,RGS,,6.5,4,15,7|8
19735_09-01-2026,RGS,BOTI,,4.6,4,15,8|9
19735_09-01-2026,BOTI,SNTH,,1.4,4,15,9|10
19735_09-01-2026,SNTH,PLSN,,14.2,4,15,10|11
19735_09-01-2026,PLSN,RNIS,,7.7,4,15,11|12
19735_09-01-2026,RNIS,GIO,,2.8,4,16,12|13
19735_09-01-2026,GIO,SIKR,,14.2,4,16,13|14
19735_09-01-2026,SIKR,JDD,,42.3,4,16,14|15
19735_09-01-2026,JDD,NWH,,15.5,4,17,15|16
19735_09-01-2026,NWH,BWPL,,6.6,4,17,16|17
19735_09-01-2026,BWPL,DOB,,8.8,4,17,17|18
19735_09-01-2026,DOB,BOX,,9.3,4,17,18|19
19735_09-01-2026,BOX,NUA,,21.9,4,17,19|20
19735_09-01-2026,NUA,JJN,,24.6,4,18,20|21
19735_09-01-2026,JJN,RSH,,20.3,4,18,21|22
19735_09-01-2026,RSH,NRKE,,10.6,4,18,22|23
19735_09-01-2026,NRKE,CRWA,,27.7,4,19,23|24
19735_09-01-2026,CRWA,SRGH,,16.0,4,19,24|25
19735_09-01-2026,SRGH,BOTR,,11.5,4,19,25|26
19735_09-01-2026,BOTR,LHU,,30.6,4,19,26|27
37658_06-08-2026,MYM,BGF,,2.8,3,11,0|1
37658_06-08-2026,BGF,DBP,,2.9,3,11,1|2
37658_06-08-2026,DBP,BOI,,4.9,3,11,2|3
37658_06-08-2026,BOI,BCGM,,2.9,3,11,3|4
37658_06-08-2026,BCGM,SLG,,2.1,3,11,4|5
37658_06-08-2026,SLG,PDA,,4.8,3,11,5|6
37658_06-08-2026,PDA,KHN,,4.2,3,11,6|7
37658_06-08-2026,KHN,TLO,,4.6,3,11,7|8
37658_06-08-2026,TLO,MUG,,3.9,3,11,8|9
37658_06-08-2026,MUG,ADST,,2.8,3,11,9|10
37658_06-08-2026,ADST,BDC,,21.7,3,11,10|11
37658_06-08-2026,BDC,HGY,,2.1,3,12,11|12
37658_06-08-2026,HGY,CNS,,2.0,3,12,12|13
37658_06-08-2026,CNS,CGR,,3.8,3,12,13|14
37658_06-08-2026,CGR,MUU,,3.1,3,12,14|15
37658_06-08-2026,MUU,BHR,,2.1,3,12,15|16
37658_06-08-2026,BHR,BBAE,,2.1,3,12,16|17
37658_06-08-2026,BBAE,SHE,,1.0,3,12,17|18
37658_06-08-2026,SHE,SRP,,10.3,3,12,18|19
37658_06-08-2026,SRP,RIS,,3.1,3,12,19|20
37658_06-08-2026,RIS,KOG,,2.1,3,12,20|21
37658_06-08-2026,KOG,HMZ,,1.4,3,12,21|22
37658_06-08-2026,HMZ,UPA,,1.2,3,12,22|23
37658_06-08-2026,UPA,BLY,,5.3,3,12,23|24
37658_06-08-2026,BLY,BEQ,,7.6,3,12,24|25
37658_06-08-2026,BEQ,LLH,,5.4,3,12,25|26
37658_06-08-2026,LLH,HWH,,16.4,3,13,26|27
38419_24-08-2026,HWH,TPKR,,5.6,0,9,0|1
38419_24-08-2026,TPKR,DSNR,,2.8,0,9,1|2
38419_24-08-2026,DSNR,RMJ,,2.3,0,9,2|3
38419_24-08-2026,RMJ,SRC,,3.2,0,9,3|4
38419_24-08-2026,SRC,MRGM,,3.4,0,9,4|5
38419_24-08-2026,MRGM,ADL,,2.5,0,9,5|6
38419_24-08-2026,ADL,SEL,,4.7,0,9,6|7
38419_24-08-2026,SEL,ABB,,2.4,0,10,7|8
38419_24-08-2026,ABB,NALR,,2.7,0,10,8|9
38419_24-08-2026,NALR,BVA,,3.0,0,10,9|10
38419_24-08-2026,BVA,CGA,,3.4,0,10,10|11
38419_24-08-2026,CGA,FLR,,3.5,0,10,11|12
38419_24-08-2026,FLR,ULB,,3.7,0,10,12|13
38419_24-08-2026,ULB,BSBP,,4.5,0,10,13|14
38419_24-08-2026,BSBP,KGY,,3.7,0,10,14|15
38419_24-08-2026,KGY,BZN,,5.9,0,10,15|16
38419_24-08-2026,BZN,GGTA,,4.0,0,10,16|17
38419_24-08-2026,GGTA,DTE,,3.2,0,10,17|18
38419_24-08-2026,DTE,KIG,,4.5,0,10,18|19
38419_24-08-2026,KIG,MCA,,3.9,0,10,19|20
38419_24-08-2026,MCA,NDGJ,,2.8,0,10,20|21
38419_24-08-2026,NDGJ,BOP,,4.2,0,10,21|22
38419_24-08-2026,BOP,NPMR,,4.9,0,10,22|23
38419_24-08-2026,NPMR,PKU,,14.7,0,11,23|24
38423_04-09-2026,HWH,TPKR,,5.3,4,10,0|1
38423_04-09-2026,TPKR,DSNR,,2.2,4,10,1|2
38423_04-09-2026,DSNR,RMJ,,1.3,4,10,2|3
38423_04-09-2026,RMJ,SRC,,2.7,4,10,3|4
38423_04-09-2026,SRC,MRGM,,2.5,4,10,4|5
38423_04-09-2026,MRGM,ADL,,22.1,4,10,5|6
38423_04-09-2026,ADL,SEL,,2.0,4,11,6|7
38423_04-09-2026,SEL,ABB,,0.3,4,11,7|8
38423_04-09-2026,ABB,NALR,,0.5,4,11,8|9
38423_04-09-2026,NALR,BVA,,1.4,4,11,9|10
38423_04-09-2026,BVA,CGA,,1.7,4,11,10|11
38423_04-09-2026,CGA,FLR,,2.4,4,11,11|12
38423_04-09-2026,FLR,ULB,,2.2,4,11,12|13
38423_04-09-2026,ULB,BSBP,,3.6,4,11,13|14
38423_04-09-2026,BSBP,KGY,,2.8,4,11,14|15
38423_04-09-2026,KGY,BZN,,4.7,4,11,15|16
38423_04-09-2026,BZN,GGTA,,2.9,4,11,16|17
38423_04-09-2026,GGTA,DTE,,2.3,4,11,17|18
38423_04-09-2026,DTE,KIG,,4.0,4,11,18|19
38423_04-09-2026,KIG,MCA,,3.0,4,11,19|20
38423_04-09-2026,MCA,NDGJ,,16.4,4,11,20|21
38423_04-09-2026,NDGJ,BOP,,1.9,4,11,21|22
38423_04-09-2026,BOP,NPMR,,3.2,4,11,22|23
38423_04-09-2026,NPMR,PKU,,8.5,4,11,23|24
38443_05-11-2025,HWH,TPKR,,5.9,2,16,0|1
38443_05-11-2025,TPKR,DSNR,,3.1,2,16,1|2
38443_05-11-2025,DSNR,RMJ,,2.2,2,16,2|3
38443_05-11-2025,RMJ,SRC,,2.9,2,16,3|4
38443_05-11-2025,SRC,MRGM,,3.3,2,16,4|5
38443_05-11-2025,MRGM,ADL,,2.2,2,16,5|6
38443_05-11-2025,ADL,SEL,,4.5,2,16,6|7
38443_05-11-2025,SEL,ABB,,2.8,2,16,7|8
38443_05-11-2025,ABB,NALR,,1.1,2,16,8|9
38443_05-11-2025,NALR,BVA,,3.6,2,16,9|10
38443_05-11-2025,BVA,CGA,,3.5,2,16,10|11
38443_05-11-2025,CGA,FLR,,2.5,2,17,11|12
38443_05-11-2025,FLR,ULB,,3.8,2,17,12|13
38443_05-11-2025,ULB,BSBP,,4.5,2,17,13|14
38443_05-11-2025,BSBP,KGY,,3.8,2,17,14|15
38443_05-11-2025,KGY,BZN,,5.8,2,17,15|16
38443_05-11-2025,BZN,GGTA,,3.8,2,17,16|17
38443_05-11-2025,GGTA,DTE,,11.2,2,17,17|18
38443_05-11-2025,DTE,KIG,,3.1,2,17,18|19
38443_05-11-2025,KIG,MCA,,3.3,2,17,19|20
38443_05-11-2025,MCA,NDGJ,,3.2,2,17,20|21
38443_05-11-2025,NDGJ,BOP,,3.2,2,17,21|22
38633_21-03-2026,HWH,TPKR,,6.5,5,18,0|1
38633_21-03-2026,TPKR,DSNR,,3.7,5,18,1|2
38633_21-03-2026,DSNR,RMJ,,2.2,5,18,2|3
38633_21-03-2026,RMJ,SRC,,3.5,5,18,3|4
38633_21-03-2026,SRC,MRGM,,3.8,5,18,4|5
38633_21-03-2026,MRGM,ADL,,2.7,5,18,5|6
38633_21-03-2026,ADL,SEL,,4.6,5,18,6|7
38633_21-03-2026,SEL,ABB,,2.9,5,18,7|8
38633_21-03-2026,ABB,NALR,,2.8,5,19,8|9
38633_21-03-2026,NALR,BVA,,3.9,5,19,9|10
38633_21-03-2026,BVA,CGA,,3.7,5,19,10|11
38633_21-03-2026,CGA,FLR,,7.3,5,19,11|12
38633_21-03-2026,FLR,ULB,,3.7,5,19,12|13
38633_21-03-2026,ULB,BSBP,,4.5,5,19,13|14
38633_21-03-2026,BSBP,KGY,,3.6,5,19,14|15
38633_21-03-2026,KGY,BZN,,5.2,5,19,15|16
38633_21-03-2026,BZN,GGTA,,2.7,5,19,16|17
38633_21-03-2026,GGTA,DTE,,3.8,5,19,17|18
38633_21-03-2026,DTE,KIG,,3.9,5,19,18|19
38633_21-03-2026,KIG,MCA,,3.5,5,19,19|20
38633_21-03-2026,MCA,NDGJ,,1.4,5,19,20|21
38633_21-03-2026,NDGJ,BOP,,22.4,5,19,21|22
38633_21-03-2026,BOP,NPMR,,8.4,5,20,22|23
38633_21-03-2026,NPMR,PKU,,3.2,5,20,23|24
38633_21-03-2026,PKU,KHAI,,5.0,5,20,24|25
38633_21-03-2026,KHAI,HAUR,,3.2,5,20,25|26
38633_21-03-2026,HAUR,RDU,,3.5,5,20,26|27
38633_21-03-2026,RDU,DUAN,,2.6,5,20,27|28
38633_21-03-2026,DUAN,BCK,,7.7,5,20,28|29
38633_21-03-2026,BCK,SMCK,,3.1,5,20,29|30
38633_21-03-2026,SMCK,MPD,,5.7,5,20,30|31
38633_21-03-2026,MPD,JPR,,4.7,5,20,31|32
38633_21-03-2026,JPR,KGP,,20.4,5,21,32|33
40005_27-12-2025,MSB,MSF,,2.1,5,6,0|1
40005_27-12-2025,MSF,MPKT,,1.3,5,6,1|2
40005_27-12-2025,MPKT,MPK,,0.3,5,6,2|3
40005_27-12-2025,MPK,MS,,4.6,5,6,3|4
40005_27-12-2025,MS,MSC,,3.0,5,6,4|5
40005_27-12-2025,MSC,NBK,,1.9,5,6,5|6
40005_27-12-2025,NBK,MKK,,1.3,5,6,6|7
40005_27-12-2025,MKK,MBM,,1.1,5,6,7|8
40005_27-12-2025,MBM,SP,,2.3,5,6,8|9
40005_27-12-2025,SP,GDY,,3.0,5,6,9|10
40005_27-12-2025,GDY,STM,,2.4,5,6,10|11
40005_27-12-2025,STM,PZA,,2.5,5,6,11|12
40005_27-12-2025,PZA,MN,,2.4,5,6,12|13
40005_27-12-2025,MN,TLM,,1.4,5,6,13|14
40005_27-12-2025,TLM,PV,,2.6,5,7,14|15
40005_27-12-2025,PV,CMP,,2.7,5,7,15|16
40005_27-12-2025,CMP,TBMS,,2.5,5,7,16|17
40005_27-12-2025,TBMS,TBM,,8.7,5,7,17|18
40013_05-07-2026,MSB,MSF,,3.1,6,7,0|1
40013_05-07-2026,MSF,MPKT,,4.2,6,7,1|2
40013_05-07-2026,MPKT,MPK,,0.7,6,7,2|3
40013_05-07-2026,MPK,MS,,2.7,6,7,3|4
40013_05-07-2026,MS,MSC,,4.5,6,8,4|5
40013_05-07-2026,MSC,NBK,,2.1,6,8,5|6
40013_05-07-2026,NBK,MKK,,1.3,6,8,6|7
40013_05-07-2026,MKK,MBM,,1.6,6,8,7|8
40013_05-07-2026,MBM,SP,,2.9,6,8,8|9
40013_05-07-2026,SP,GDY,,2.5,6,8,9|10
40013_05-07-2026,GDY,STM,,2.5,6,8,10|11
40013_05-07-2026,STM,PZA,,2.9,6,8,11|12
40013_05-07-2026,PZA,MN,,2.6,6,8,12|13
40013_05-07-2026,MN,TLM,,1.9,6,8,13|14
40013_05-07-2026,TLM,PV,,12.7,6,8,14|15
40013_05-07-2026,PV,CMP,,1.8,6,8,15|16
40013_05-07-2026,CMP,TBMS,,2.1,6,8,16|17
40013_05-07-2026,TBMS,TBM,,8.8,6,8,17|18
40023_09-07-2026,MSB,MPKT,,7.3,3,8,0|1
40023_09-07-2026,MPKT,MSF,,0.8,3,8,1|2
40023_09-07-2026,MSF,MPK,,0.6,3,8,2|3
40023_09-07-2026,MPK,MS,,0.2,3,8,3|4
40023_09-07-2026,MS,NBK,,1.6,3,8,4|5
40023_09-07-2026,NBK,MSC,,0.1,3,8,5|6
40023_09-07-2026,MSC,MBM,,11.0,3,8,6|7
40023_09-07-2026,MBM,MKK,,0.2,3,9,7|8
40023_09-07-2026,MKK,GDY,,3.5,3,9,8|9
40023_09-07-2026,GDY,SP,,0.3,3,9,9|10
40023_09-07-2026,SP,STM,,9.0,3,9,10|11
40045_07-05-2026,MSB,MSF,,1.3,3,10,0|1
40045_07-05-2026,MSF,MPK,,0.1,3,10,1|2
40045_07-05-2026,MPK,MPKT,,0.6,3,10,2|3
40045_07-05-2026,MPKT,MS,,1.3,3,10,3|4
40045_07-05-2026,MS,MSC,,1.6,3,10,4|5
40045_07-05-2026,MSC,MKK,,14.9,3,10,5|6
40045_07-05-2026,MKK,NBK,,0.1,3,10,6|7
40045_07-05-2026,NBK,MBM,,0.0,3,10,7|8
40045_07-05-2026,MBM,SP,,1.3,3,10,8|9
40045_07-05-2026,SP,GDY,,1.4,3,10,9|10
40045_07-05-2026,GDY,STM,,1.7,3,10,10|11
40045_07-05-2026,STM,PZA,,1.7,3,10,11|12
40045_07-05-2026,PZA,MN,,1.6,3,10,12|13
40045_07-05-2026,MN,TLM,,0.9,3,10,13|14
40045_07-05-2026,TLM,PV,,2.1,3,10,14|15
40045_07-05-2026,PV,CMP,,2.1,3,10,15|16
40045_07-05-2026,CMP,TBMS,,1.8,3,10,16|17
40045_07-05-2026,TBMS,TBM,,9.4,3,10,17|18
40053_07-05-2026,MSB,MSF,,2.4,3,10,0|1
40053_07-05-2026,MSF,MPKT,,1.4,3,10,1|2
40053_07-05-2026,MPKT,MPK,,0.7,3,10,2|3
40053_07-05-2026,MPK,MS,,14.5,3,10,3|4
40053_07-05-2026,MS,MSC,,1.5,3,10,4|5
40053_07-05-2026,MSC,NBK,,1.3,3,10,5|6
40053_07-05-2026,NBK,MKK,,1.1,3,10,6|7
40053_07-05-2026,MKK,MBM,,0.9,3,10,7|8
40053_07-05-2026,MBM,SP,,2.1,3,10,8|9
40053_07-05-2026,SP,GDY,,1.9,3,10,9|10
40053_07-05-2026,GDY,STM,,2.4,3,10,10|11
40053_07-05-2026,STM,PZA,,2.0,3,10,11|12
40053_07-05-2026,PZA,MN,,3.2,3,11,12|13
40053_07-05-2026,MN,TLM,,0.6,3,11,13|14
40053_07-05-2026,TLM,PV,,2.4,3,11,14|15
40053_07-05-2026,PV,CMP,,2.6,3,11,15|16
40053_07-05-2026,CMP,TBMS,,2.4,3,11,16|17
40053_07-05-2026,TBMS,TBM,,9.4,3,11,17|18
40513_30-12-2025,MSB,MSF,,2.4,1,6,0|1
40513_30-12-2025,MSF,MPKT,,1.4,1,6,1|2
40513_30-12-2025,MPKT,MPK,,0.4,1,6,2|3
40513_30-12-2025,MPK,MS,,2.7,1,6,3|4
40513_30-12-2025,MS,MSC,,2.7,1,6,4|5
40513_30-12-2025,MSC,NBK,,2.6,1,6,5|6
40513_30-12-2025,NBK,MKK,,1.9,1,6,6|7
40513_30-12-2025,MKK,MBM,,1.9,1,6,7|8
40513_30-12-2025,MBM,SP,,2.6,1,6,8|9
40513_30-12-2025,SP,GDY,,2.9,1,6,9|10
40513_30-12-2025,GDY,STM,,2.5,1,6,10|11
40513_30-12-2025,STM,PZA,,2.9,1,6,11|12
40513_30-12-2025,PZA,MN,,2.5,1,7,12|13
40513_30-12-2025,MN,TLM,,1.7,1,7,13|14
40513_30-12-2025,TLM,PV,,11.7,1,7,14|15
40513_30-12-2025,PV,CMP,,1.8,1,7,15|16
40513_30-12-2025,CMP,TBMS,,2.2,1,7,16|17
40513_30-12-2025,TBMS,TBM,,8.3,1,7,17|18
40513_30-12-2025,TBM,PRGL,,4.5,1,7,18|19
40513_30-12-2025,PRGL,VDR,,1.9,1,7,19|20
40513_30-12-2025,VDR,UPM,,3.5,1,7,20|21
40513_30-12-2025,UPM,GI,,7.5,1,7,21|22
40513_30-12-2025,GI,POTI,,3.1,1,7,22|23
40513_30-12-2025,POTI,CTM,,1.9,1,7,23|24
40513_30-12-2025,CTM,MMNK,,1.5,1,7,24|25
40513_30-12-2025,MMNK,SKL,,4.3,1,7,25|26
40513_30-12-2025,SKL,PWU,,4.7,1,7,26|27
40513_30-12-2025,PWU,CGL,,15.5,1,8,27|28
41055_26-10-2025,MSB,MSF,,1.6,6,10,0|1
41055_26-10-2025,MSF,MPKT,,1.0,6,10,1|2
41055_26-10-2025,MPKT,MCPT,,1.0,6,10,2|3
41055_26-10-2025,MCPT,MCPK,,1.3,6,10,3|4
41055_26-10-2025,MCPK,MTCN,,1.3,6,10,4|5
41055_26-10-2025,MTCN,MLHS,,1.3,6,10,5|6
41055_26-10-2025,MLHS,MTMY,,2.2,6,10,6|7
41055_26-10-2025,MTMY,MNDY,,1.4,6,10,7|8
41055_26-10-2025,MNDY,GWYR,,1.5,6,10,8|9
41055_26-10-2025,GWYR,KTPM,,1.6,6,10,9|10
41055_26-10-2025,KTPM,KTBR,,1.6,6,10,10|11
41055_26-10-2025,KTBR,INDR,,1.7,6,10,11|12
41055_26-10-2025,INDR,TYMR,,0.7,6,10,12|13
41055_26-10-2025,TYMR,TRMN,,2.8,6,10,13|14
41055_26-10-2025,TRMN,PRGD,,1.6,6,10,14|15
41055_26-10-2025,PRGD,VLCY,,7.6,6,10,15|16
41103_25-03-2026,MSB,MSF,,2.1,2,18,0|1
41103_25-03-2026,MSF,MPKT,,0.8,2,18,1|2
41103_25-03-2026,MPKT,MCPT,,1.2,2,18,2|3
41103_25-03-2026,MCPT,MCPK,,5.0,2,18,3|4
41103_25-03-2026,MCPK,MTCN,,1.1,2,18,4|5
41103_25-03-2026,MTCN,MLHS,,0.7,2,18,5|6
41103_25-03-2026,MLHS,MTMY,,2.0,2,18,6|7
41103_25-03-2026,MTMY,MNDY,,1.2,2,18,7|8
41103_25-03-2026,MNDY,GWYR,,1.4,2,18,8|9
41103_25-03-2026,GWYR,KTPM,,1.3,2,18,9|10
41103_25-03-2026,KTPM,KTBR,,1.5,2,18,10|11
41103_25-03-2026,KTBR,VLCY,,132.2,2,18,11|12
41103_25-03-2026,VLCY,PRGD,,5.4,2,20,12|13
41103_25-03-2026,PRGD,TRMN,,12.8,2,20,13|14
41103_25-03-2026,TRMN,TYMR,,13.6,2,20,14|15
41103_25-03-2026,TYMR,INDR,,17.6,2,21,15|16
41125_22-02-2026,MSB,MSF,,2.0,6,20,0|1
41125_22-02-2026,MSF,MPKT,,1.1,6,20,1|2
41125_22-02-2026,MPKT,MCPT,,1.1,6,20,2|3
41125_22-02-2026,MCPT,KTPM,,25.4,6,20,3|4
41125_22-02-2026,KTPM,GWYR,,0.3,6,20,4|5
41125_22-02-2026,GWYR,MNDY,,0.2,6,20,5|6
41125_22-02-2026,MNDY,KTBR,,0.0,6,20,6|7
41125_22-02-2026,KTBR,MLHS,,0.1,6,20,7|8
41125_22-02-2026,MLHS,MTMY,,0.1,6,20,8|9
41125_22-02-2026,MTMY,INDR,,0.2,6,20,9|10
41125_22-02-2026,INDR,MTCN,,0.7,6,21,10|11
41125_22-02-2026,MTCN,MCPK,,1.3,6,21,11|12
41125_22-02-2026,MCPK,TYMR,,3.4,6,21,12|13
41125_22-02-2026,TYMR,TRMN,,1.6,6,21,13|14
41125_22-02-2026,TRMN,PRGD,,0.4,6,21,14|15
41125_22-02-2026,PRGD,VLCY,,6.2,6,21,15|16
41131_17-06-2026,MSB,MSF,,2.4,2,21,0|1
41131_17-06-2026,MSF,MPKT,,1.4,2,21,1|2
41131_17-06-2026,MPKT,MCPT,,1.3,2,21,2|3
41131_17-06-2026,MCPT,MCPK,,1.5,2,21,3|4
41131_17-06-2026,MCPK,MTCN,,1.5,2,21,4|5
41131_17-06-2026,MTCN,MLHS,,1.5,2,21,5|6
41131_17-06-2026,MLHS,MTMY,,2.5,2,21,6|7
41131_17-06-2026,MTMY,MNDY,,3.7,2,21,7|8
41131_17-06-2026,MNDY,GWYR,,1.7,2,21,8|9
41131_17-06-2026,GWYR,KTPM,,1.6,2,22,9|10
41131_17-06-2026,KTPM,KTBR,,1.6,2,22,10|11
41131_17-06-2026,KTBR,INDR,,1.2,2,22,11|12
41131_17-06-2026,INDR,TYMR,,0.6,2,22,12|13
41131_17-06-2026,TYMR,TRMN,,2.7,2,22,13|14
41131_17-06-2026,TRMN,PRGD,,1.9,2,22,14|15
41131_17-06-2026,PRGD,VLCY,,19.5,2,22,15|16
43408_06-06-2026,AJJ,PLMG,,3.9,5,6,0|1
43408_06-06-2026,PLMG,MSU,,2.9,5,6,1|2
43408_06-06-2026,MSU,TO,,4.4,5,6,2|3
43408_06-06-2026,TO,MAF,,5.1,5,6,3|4
43408_06-06-2026,MAF,SPAM,,3.7,5,6,4|5
43408_06-06-2026,SPAM,KBT,,4.0,5,7,5|6
43408_06-06-2026,KBT,EGT,,3.8,5,7,6|7
43408_06-06-2026,EGT,TRL,,3.7,5,7,7|8
43408_06-06-2026,TRL,PTLR,,2.0,5,7,8|9
43408_06-06-2026,PTLR,SVR,,0.7,5,7,9|10
43408_06-06-2026,SVR,VEU,,3.8,5,7,10|11
43408_06-06-2026,VEU,TI,,9.8,5,7,11|12
43408_06-06-2026,TI,NEC,,1.2,5,7,12|13
43408_06-06-2026,NEC,PAB,,1.0,5,7,13|14
43408_06-06-2026,PAB,HC,,0.1,5,7,14|15
43408_06-06-2026,HC,AVD,,2.6,5,7,15|16
43408_06-06-2026,AVD,ANNR,,2.6,5,7,16|17
43408_06-06-2026,ANNR,TMVL,,0.4,5,7,17|18
43408_06-06-2026,TMVL,ABU,,1.6,5,7,18|19
43408_06-06-2026,ABU,PVM,,5.3,5,7,19|20
43408_06-06-2026,PVM,KOTR,,1.0,5,7,20|21
43408_06-06-2026,KOTR,VLK,,1.2,5,7,21|22
43408_06-06-2026,VLK,PEW,,2.5,5,7,22|23
43408_06-06-2026,PEW,PCW,,0.8,5,7,23|24
43408_06-06-2026,PCW,PER,,0.3,5,7,24|25
43408_06-06-2026,PER,VJM,,3.6,5,7,25|26
43408_06-06-2026,VJM,BBQ,,2.8,5,7,26|27
43408_06-06-2026,BBQ,MAS,,20.6,5,7,27|28
47126_14-05-2026,LPI,CDNR,,2.8,3,5,0|1
47126_14-05-2026,CDNR,HFZ,,4.8,3,5,1|2
47126_14-05-2026,HFZ,HTCY,,5.5,3,5,2|3
47126_14-05-2026,HTCY,BRBD,,1.9,3,5,3|4
47126_14-05-2026,BRBD,BTNR,,2.7,3,5,4|5
47126_14-05-2026,BTNR,SNF,,1.8,3,5,5|6
47126_14-05-2026,SNF,FNB,,3.4,3,6,6|7
47126_14-05-2026,FNB,NCHS,,0.7,3,6,7|8
47126_14-05-2026,NCHS,BMT,,1.9,3,6,8|9
47126_14-05-2026,BMT,NLRD,,9.9,3,6,9|10
47126_14-05-2026,NLRD,KQD,,2.2,3,6,10|11
47126_14-05-2026,KQD,LKPL,,1.3,3,6,11|12
47126_14-05-2026,LKPL,HYB,,6.5,3,6,12|13
47129_21-11-2025,LPI,CDNR,,2.5,4,7,0|1
47129_21-11-2025,CDNR,HFZ,,4.6,4,7,1|2
47129_21-11-2025,HFZ,HTCY,,3.7,4,7,2|3
47129_21-11-2025,HTCY,BRBD,,2.5,4,7,3|4
47129_21-11-2025,BRBD,BTNR,,14.2,4,7,4|5
47129_21-11-2025,BTNR,SNF,,0.5,4,8,5|6
47129_21-11-2025,SNF,LKPL,,26.9,4,8,6|7
47129_21-11-2025,LKPL,BMT,,0.5,4,8,7|8
47129_21-11-2025,BMT,KQD,,0.4,4,8,8|9
47129_21-11-2025,KQD,NLRD,,0.9,4,8,9|10
47129_21-11-2025,NLRD,NCHS,,0.7,4,8,10|11
47129_21-11-2025,NCHS,HYB,,1.6,4,8,11|12
47129_21-11-2025,HYB,FNB,,1.8,4,8,12|13
47132_01-12-2025,LPI,CDNR,,2.4,0,9,0|1
47132_01-12-2025,CDNR,HFZ,,3.6,0,9,1|2
47132_01-12-2025,HFZ,HTCY,,4.4,0,9,2|3
47132_01-12-2025,HTCY,BRBD,,1.4,0,9,3|4
47132_01-12-2025,BRBD,BTNR,,2.5,0,9,4|5
47132_01-12-2025,BTNR,SNF,,1.9,0,9,5|6
47132_01-12-2025,SNF,FNB,,1.6,0,9,6|7
47132_01-12-2025,FNB,NCHS,,5.1,0,9,7|8
47132_01-12-2025,NCHS,BMT,,4.2,0,9,8|9
47132_01-12-2025,BMT,NLRD,,1.5,0,9,9|10
47132_01-12-2025,NLRD,LKPL,,22.1,0,9,10|11
47132_01-12-2025,LKPL,KQD,,0.5,0,10,11|12
47132_01-12-2025,KQD,HYB,,9.0,0,10,12|13
51284_05-04-2026,AMI,BD,,29.4,6,13,0|1
51284_05-04-2026,BD,TKI,,28.6,6,13,1|2
51284_05-04-2026,TKI,KUM,,6.2,6,14,2|3
51284_05-04-2026,KUM,MNDA,,5.1,6,14,3|4
51284_05-04-2026,MNDA,MANA,,4.6,6,14,4|5
51284_05-04-2026,MANA,MZR,,9.7,6,14,5|6
51284_05-04-2026,MZR,KTP,,10.5,6,14,6|7
51284_05-04-2026,KTP,BGN,,7.9,6,14,7|8
51284_05-04-2026,BGN,YAD,,8.5,6,14,8|9
51284_05-04-2026,YAD,AK,,5.0,6,14,9|10
51284_05-04-2026,AK,GAO,,23.0,6,14,10|11
51284_05-04-2026,GAO,PS,,9.4,6,15,11|12
51284_05-04-2026,PS,NGZ,,13.5,6,15,12|13
51284_05-04-2026,NGZ,SEG,,11.0,6,15,13|14
51284_05-04-2026,SEG,JM,,9.4,6,15,14|15
51284_05-04-2026,JM,NN,,10.1,6,16,15|16
51284_05-04-2026,NN,KJL,,4.6,6,16,16|17
51284_05-04-2026,KJL,BIS,,9.4,6,16,17|18
51284_05-04-2026,BIS,MKU,,24.5,6,16,18|19
51284_05-04-2026,MKU,KMKD,,16.3,6,16,19|20
51284_05-04-2026,KMKD,BDWD,,37.9,6,17,20|21
51284_05-04-2026,BDWD,ACG,,6.9,6,17,21|22
51284_05-04-2026,ACG,VNA,,9.1,6,17,22|23
51284_05-04-2026,VNA,BSL,,78.2,6,18,23|24
51417_25-11-2025,KJT,PDI,,3.4,1,15,0|1
51417_25-11-2025,PDI,KAD,,29.5,1,15,1|2
51417_25-11-2025,KAD,LNL,,9.6,1,16,2|3
51417_25-11-2025,LNL,MVL,,8.6,1,16,3|4
51417_25-11-2025,MVL,KMST,,7.6,1,16,4|5
51417_25-11-2025,KMST,KNHE,,5.6,1,16,5|6
51417_25-11-2025,KNHE,VDN,,5.7,1,16,6|7
51417_25-11-2025,VDN,TGN,,5.1,1,16,7|8
51417_25-11-2025,TGN,GRWD,,5.6,1,16,8|9
51417_25-11-2025,GRWD,BGW,,5.2,1,16,9|10
51417_25-11-2025,BGW,DEHR,,4.9,1,16,10|11
51417_25-11-2025,DEHR,AKRD,,13.4,1,17,11|12
51417_25-11-2025,AKRD,CCH,,8.9,1,17,12|13
51417_25-11-2025,CCH,PMP,,3.3,1,17,13|14
51417_25-11-2025,PMP,KSWD,,2.4,1,17,14|15
51417_25-11-2025,KSWD,DAPD,,3.2,1,17,15|16
51417_25-11-2025,DAPD,KK,,4.2,1,17,16|17
51417_25-11-2025,KK,SVJR,,19.4,1,17,17|18
51417_25-11-2025,SVJR,PUNE,,23.0,1,17,18|19
51435_11-01-2026,PUNE,GPR,,4.7,6,17,0|1
51435_11-01-2026,GPR,SSV,,17.9,6,17,1|2
51435_11-01-2026,SSV,FSG,,11.1,6,17,2|3
51435_11-01-2026,FSG,ALN,,7.9,6,17,3|4
51435_11-01-2026,ALN,SHIV,,9.3,6,17,4|5
51435_11-01-2026,SHIV,ABLE,,14.8,6,18,5|6
51435_11-01-2026,ABLE,RJW,,5.4,6,18,6|7
51435_11-01-2026,RJW,JJR,,16.5,6,18,7|8
51435_11-01-2026,JJR,DNJ,,13.6,6,18,8|9
51435_11-01-2026,DNJ,WLH,,17.6,6,18,9|10
51435_11-01-2026,WLH,NIRA,,35.6,6,19,10|11
51435_11-01-2026,NIRA,LNN,,8.0,6,19,11|12
51435_11-01-2026,LNN,SLP,,13.0,6,20,12|13
51435_11-01-2026,SLP,AKI,,9.9,6,20,13|14
51435_11-01-2026,AKI,WTR,,31.4,6,20,14|15
51435_11-01-2026,WTR,PLV,,9.6,6,20,15|16
51435_11-01-2026,PLV,JSV,,12.2,6,21,16|17
51435_11-01-2026,JSV,STR,,39.8,6,21,17|18
51768_11-09-2026,STA,LGCE,,7.4,4,11,0|1
51768_11-09-2026,LGCE,UHR,,11.4,4,11,1|2
51768_11-09-2026,UHR,MYR,,18.8,4,11,2|3
51768_11-09-2026,MYR,BUU,,15.4,4,12,3|4
51768_11-09-2026,BUU,UDR,,21.8,4,12,4|5
51768_11-09-2026,UDR,PKRD,,11.3,4,12,5|6
51768_11-09-2026,PKRD,JKE,,11.2,4,12,6|7
51768_11-09-2026,JKE,PTWA,,10.9,4,13,7|8
51768_11-09-2026,PTWA,KTE,,29.8,4,13,8|9
51816_09-10-2025,AGC,BHA,,11.2,3,14,0|1
51816_09-10-2025,BHA,JJ,,13.8,3,15,1|2
51816_09-10-2025,JJ,MIA,,13.8,3,15,2|3
51816_09-10-2025,MIA,DHO,,12.8,3,15,3|4
51816_09-10-2025,DHO,HET,,21.8,3,15,4|5
51816_09-10-2025,HET,SIKD,,8.1,3,16,5|6
51816_09-10-2025,SIKD,MRA,,9.7,3,16,6|7
51816_09-10-2025,MRA,SANK,,11.4,3,16,7|8
51816_09-10-2025,SANK,NUB,,6.9,3,16,8|9
51816_09-10-2025,NUB,BAO,,7.0,3,16,9|10
51816_09-10-2025,BAO,RRU,,8.9,3,16,10|11
51816_09-10-2025,RRU,BLNR,,11.0,3,16,11|12
51816_09-10-2025,BLNR,GWL,,17.1,3,17,12|13
51816_09-10-2025,GWL,STLI,,13.9,3,17,13|14
51816_09-10-2025,STLI,ARI,,20.6,3,17,14|15
51816_09-10-2025,ARI,AEH,,11.2,3,18,15|16
51816_09-10-2025,AEH,SMTL,,6.1,3,18,16|17
51816_09-10-2025,SMTL,DBA,,8.3,3,18,17|18
51816_09-10-2025,DBA,KTRA,,15.8,3,18,18|19
51816_09-10-2025,KTRA,SOR,,10.9,3,18,19|20
51816_09-10-2025,SOR,DAA,,13.2,3,18,20|21
51816_09-10-2025,DAA,KRQ,,17.6,3,19,21|22
51816_09-10-2025,KRQ,JHS,,101.3,3,19,22|23
51831_11-05-2026,JHS,KRQ,,10.9,0,18,0|1
51831_11-05-2026,KRQ,DAA,,11.9,0,18,1|2
51831_11-05-2026,DAA,SOR,,11.3,0,18,2|3
51831_11-05-2026,SOR,KTRA,,10.9,0,19,3|4
51831_11-05-2026,KTRA,DBA,,10.2,0,19,4|5
51831_11-05-2026,DBA,SMTL,,7.4,0,19,5|6
51831_11-05-2026,SMTL,AEH,,6.3,0,19,6|7
51831_11-05-2026,AEH,ARI,,11.4,0,19,7|8
51831_11-05-2026,ARI,STLI,,24.2,0,19,8|9
51831_11-05-2026,STLI,GWL,,16.4,0,20,9|10
51831_11-05-2026,GWL,BLNR,,9.1,0,20,10|11
51831_11-05-2026,BLNR,RRU,,21.0,0,20,11|12
51831_11-05-2026,RRU,BAO,,8.1,0,21,12|13
51831_11-05-2026,BAO,NUB,,8.0,0,21,13|14
51831_11-05-2026,NUB,SANK,,4.4,0,21,14|15
51831_11-05-2026,SANK,MRA,,10.1,0,21,15|16
51831_11-05-2026,MRA,SIKD,,10.3,0,21,16|17
51831_11-05-2026,SIKD,HET,,7.0,0,21,17|18
51831_11-05-2026,HET,DHO,,21.5,0,21,18|19
51831_11-05-2026,DHO,MIA,,12.1,0,22,19|20
51831_11-05-2026,MIA,JJ,,13.6,0,22,20|21
51831_11-05-2026,JJ,BHA,,14.7,0,22,21|22
51831_11-05-2026,BHA,AGC,,45.2,0,22,22|23
51904_02-02-2026,ROK,ABO,,6.0,0,15,0|1
51904_02-02-2026,ABO,KRZ,,15.0,0,15,1|2
51904_02-02-2026,KRZ,ISM,,7.6,0,16,2|3
51904_02-02-2026,ISM,SPZ,,15.4,0,16,3|4
51904_02-02-2026,SPZ,ROHN,,4.6,0,16,4|5
51904_02-02-2026,ROHN,ASE,,4.5,0,16,5|6
51904_02-02-2026,ASE,BGZ,,12.3,0,16,6|7
51904_02-02-2026,BGZ,GHE,,7.9,0,16,7|8
51904_02-02-2026,GHE,MQC,,10.5,0,16,8|9
51904_02-02-2026,MQC,NNO,,3.3,0,17,9|10
51904_02-02-2026,NNO,MGLP,,3.5,0,17,10|11
51904_02-02-2026,MGLP,SSB,,20.3,0,17,11|12
51904_02-02-2026,SSB,DBSI,,26.2,0,17,12|13
51904_02-02-2026,DBSI,VVKP,,2.2,0,17,13|14
51904_02-02-2026,VVKP,DKZ,,3.6,0,18,14|15
51904_02-02-2026,DKZ,DSB,,12.4,0,18,15|16
51904_02-02-2026,DSB,DLI,,27.5,0,18,16|17
52047_13-04-2026,KSB,VLC,,38.2,0,9,0|1
52047_13-04-2026,VLC,LMB,,11.5,0,10,1|2
52047_13-04-2026,LMB,ASM,,11.2,0,10,2|3
52047_13-04-2026,ASM,SMDR,,12.8,0,10,3|4
52047_13-04-2026,SMDR,KSAI,,5.4,0,10,4|5
52047_13-04-2026,KSAI,MNGV,,21.4,0,10,5|6
52047_13-04-2026,MNGV,VKL,,27.7,0,11,6|7
52047_13-04-2026,VKL,ZKV,,45.2,0,11,7|8
52047_13-04-2026,ZKV,KR,,58.3,0,12,8|9
52047_13-04-2026,KR,UMPD,,21.7,0,13,9|10
52083_05-11-2025,JP,DKBJ,,4.1,2,10,0|1
52083_05-11-2025,DKBJ,NDH,,11.7,2,10,1|2
52083_05-11-2025,NDH,BHG,,14.0,2,10,2|3
52083_05-11-2025,BHG,COM,,7.0,2,10,3|4
52083_05-11-2025,COM,LHW,,10.3,2,11,4|5
52083_05-11-2025,LHW,GND,,9.9,2,11,5|6
52083_05-11-2025,GND,COD,,10.7,2,11,6|7
52083_05-11-2025,COD,RGS,,11.6,2,11,7|8
52083_05-11-2025,RGS,SNTH,,21.4,2,11,8|9
52083_05-11-2025,SNTH,BOTI,,7.2,2,12,9|10
52083_05-11-2025,BOTI,PLSN,,13.4,2,12,10|11
52083_05-11-2025,PLSN,RNIS,,11.7,2,12,11|12
52083_05-11-2025,RNIS,GIO,,8.6,2,12,12|13
52083_05-11-2025,GIO,SIKR,,52.0,2,12,13|14
52083_05-11-2025,SIKR,JDD,,23.3,2,13,14|15
52083_05-11-2025,JDD,NWH,,21.4,2,14,15|16
52083_05-11-2025,NWH,BWPL,,14.8,2,14,16|17
52083_05-11-2025,BWPL,DOB,,17.6,2,14,17|18
52083_05-11-2025,DOB,BOX,,16.6,2,14,18|19
52083_05-11-2025,BOX,NUA,,19.1,2,15,19|20
52083_05-11-2025,NUA,JJN,,19.7,2,15,20|21
52083_05-11-2025,JJN,RSH,,23.7,2,15,21|22
52083_05-11-2025,RSH,NRKE,,15.1,2,16,22|23
52083_05-11-2025,NRKE,CRWA,,12.7,2,16,23|24
52083_05-11-2025,CRWA,SRGH,,29.9,2,16,24|25
52083_05-11-2025,SRGH,BOTR,,28.3,2,17,25|26
52083_05-11-2025,BOTR,LHU,,26.1,2,17,26|27
52105_01-07-2026,NRL,MAE,,115.2,2,10,0|1
52109_26-12-2025,NRL,MAE,,113.7,4,17,0|1
52110_09-11-2025,MAE,NRL,,102.2,6,16,0|1
52124_27-03-2026,JMNR,BGR,,14.6,4,17,0|1
52124_27-03-2026,BGR,PHU,,17.2,4,17,1|2
52124_27-03-2026,PHU,SDRN,,21.0,4,17,2|3
52124_27-03-2026,SDRN,PMGN,,20.6,4,18,3|4
52124_27-03-2026,PMGN,VRKD,,17.6,4,18,4|5
52124_27-03-2026,VRKD,PC,,26.7,4,18,5|6
52175_17-12-2025,GWL,GWO,,4.0,2,9,0|1
52175_17-12-2025,GWO,GOPA,,16.2,2,9,1|2
52175_17-12-2025,GOPA,MTJL,,15.8,2,10,2|3
52175_17-12-2025,MTJL,MIAL,,43.6,2,10,3|4
52175_17-12-2025,MIAL,BMZ,,3.0,2,11,4|5
52175_17-12-2025,BMZ,ABE,,21.9,2,11,5|6
52175_17-12-2025,ABE,SMV,,16.2,2,11,6|7
52175_17-12-2025,SMV,THR,,13.4,2,11,7|8
52175_17-12-2025,THR,JPO,,9.2,2,11,8|9
52175_17-12-2025,JPO,SKU,,7.9,2,12,9|10
52175_17-12-2025,SKU,BHAT,,6.2,2,12,10|11
52175_17-12-2025,BHAT,KQS,,27.7,2,12,11|12
52175_17-12-2025,KQS,SYF,,23.4,2,12,12|13
52175_17-12-2025,SYF,SBL,,22.7,2,13,13|14
52212_02-06-2026,LKKA,PBW,,11.8,1,10,0|1
52212_02-06-2026,PBW,KHH,,13.5,1,10,1|2
52212_02-06-2026,KHH,BHI,,21.6,1,10,2|3
52212_02-06-2026,BHI,RR,,11.6,1,10,3|4
52212_02-06-2026,RR,DRN,,11.9,1,11,4|5
52212_02-06-2026,DRN,AMA,,20.7,1,11,5|6
52212_02-06-2026,AMA,BPR,,21.4,1,11,6|7
52212_02-06-2026,BPR,DOX,,6.7,1,11,7|8
52212_02-06-2026,DOX,IZN,,8.7,1,12,8|9
52212_02-06-2026,IZN,BC,,28.6,1,12,9|10
52212_02-06-2026,BC,BRY,,20.6,1,12,10|11
52230_15-03-2026,TPU,BNSA,,15.2,6,10,0|1
52230_15-03-2026,BNSA,CKK,,14.3,6,10,1|2
52230_15-03-2026,CKK,KHMA,,21.4,6,10,2|3
52230_15-03-2026,KHMA,MJZ,,19.6,6,11,3|4
52230_15-03-2026,MJZ,NRY,,19.8,6,11,4|5
52230_15-03-2026,NRY,PBE,,46.0,6,11,5|6
52230_15-03-2026,PBE,PUF,,103.1,6,12,6|7
52230_15-03-2026,PUF,BFPA,,8.5,6,14,7|8
52230_15-03-2026,BFPA,SNZ,,12.7,6,14,8|9
52230_15-03-2026,SNZ,BSUR,,11.2,6,14,9|10
52230_15-03-2026,BSUR,MIW,,17.4,6,14,10|11
52230_15-03-2026,MIW,ZNP,,18.3,6,15,11|12
52230_15-03-2026,ZNP,VZPH,,6.0,6,15,12|13
52230_15-03-2026,VZPH,NOH,,8.3,6,15,13|14
52230_15-03-2026,NOH,DOT,,12.5,6,15,14|15
52230_15-03-2026,DOT,ARX,,4.7,6,16,15|16
52230_15-03-2026,ARX,SZN,,15.2,6,16,16|17
52230_15-03-2026,SZN,SZP,,27.8,6,16,17|18
52278_18-04-2026,MLN,RNIR,,0.6,5,14,0|1
52278_18-04-2026,RNIR,BIK,,20.1,5,14,1|2
52278_18-04-2026,BIK,PLK,,28.4,5,14,2|3
52282_03-11-2025,CPR,CI,,8.2,0,21,0|1
52282_03-11-2025,CI,KYH,,29.2,0,21,1|2
52282_03-11-2025,KYH,PEE,,13.6,0,22,2|3
52282_03-11-2025,PEE,MEW,,20.0,0,22,3|4
52282_03-11-2025,MEW,SMKR,,32.7,0,22,4|5
52282_03-11-2025,SMKR,MHC,,17.8,0,23,5|6
52282_03-11-2025,MHC,RPV,,43.1,0,23,6|7
52282_03-11-2025,RPV,DWDI,,12.0,1,0,7|8
52282_03-11-2025,DWDI,SQW,,21.0,1,0,8|9
52282_03-11-2025,SQW,MJV,,48.3,1,1,9|10
52282_03-11-2025,MJV,GOPG,,20.9,1,1,10|11
52282_03-11-2025,GOPG,THE,,17.7,1,2,11|12
52457_22-08-2026,KLK,TSL,,26.2,5,4,0|1
52457_22-08-2026,TSL,GMM,,11.7,5,4,1|2
52457_22-08-2026,GMM,KOTI,,15.4,5,5,2|3
52457_22-08-2026,KOTI,SWO,,26.3,5,5,3|4
52457_22-08-2026,SWO,DMP,,16.7,5,5,4|5
52457_22-08-2026,DMP,KMTI,,19.0,5,5,5|6
52457_22-08-2026,KMTI,BOF,,13.3,5,6,6|7
52457_22-08-2026,BOF,SOL,,19.9,5,6,7|8
52457_22-08-2026,SOL,SBY,,6.7,5,6,8|9
52457_22-08-2026,SBY,SLR,,10.6,5,6,9|10
52457_22-08-2026,SLR,KDZ,,19.1,5,7,10|11
52457_22-08-2026,KDZ,KANO,,21.3,5,7,11|12
52457_22-08-2026,KANO,KEJ,,29.5,5,7,12|13
52457_22-08-2026,KEJ,SGS,,15.1,5,8,13|14
52457_22-08-2026,SGS,TVI,,17.8,5,8,14|15
52457_22-08-2026,TVI,JTO,,13.6,5,8,15|16
52457_22-08-2026,JTO,SHZ,,16.0,5,9,16|17
52457_22-08-2026,SHZ,SML,,15.9,5,9,17|18
52504_17-07-2026,NKE,AMO,,27.5,4,9,0|1
52504_17-07-2026,AMO,GAH,,25.4,4,10,1|2
52504_17-07-2026,GAH,BKF,,35.1,4,10,2|3
52540_10-08-2026,DJ,GHUM,,26.9,0,9,0|1
52540_10-08-2026,GHUM,SAD,,43.7,0,9,1|2
52540_10-08-2026,SAD,TUNG,,36.7,0,10,2|3
52540_10-08-2026,TUNG,KGN,,51.7,0,11,3|4
52541_21-09-2026,NJP,SGUT,,22.4,0,9,0|1
52541_21-09-2026,SGUT,SGUJ,,9.9,0,9,1|2
52541_21-09-2026,SGUJ,SN,,42.5,0,9,2|3
52541_21-09-2026,SN,RTG,,30.5,0,10,3|4
52541_21-09-2026,RTG,TDH,,44.0,0,10,4|5
52541_21-09-2026,TDH,MHN,,45.1,0,11,5|6
52541_21-09-2026,MHN,KGN,,66.5,0,12,6|7
52541_21-09-2026,KGN,TUNG,,41.6,0,13,7|8
52541_21-09-2026,TUNG,SAD,,36.8,0,14,8|9
52541_21-09-2026,SAD,GHUM,,41.5,0,14,9|10
52541_21-09-2026,GHUM,DJ,,48.8,0,15,10|11
52549_10-09-2026,DJ,GHUM,,39.7,3,13,0|1
52549_10-09-2026,GHUM,DJ,,75.6,3,14,1|2
52549_10-09-2026,DJ,DJRZ,,13.6,3,15,2|3
52553_10-06-2026,PRNA,PRNC,,12.9,2,20,0|1
52553_10-06-2026,PRNC,KTNR,,19.0,2,20,1|2
52553_10-06-2026,KTNR,SRSI,,20.5,2,21,2|3
52553_10-06-2026,SRSI,BNKI,,28.9,2,21,3|4
52553_10-06-2026,BNKI,HPI,,16.9,2,21,4|5
52553_10-06-2026,HPI,JNKR,,5.8,2,22,5|6
52553_10-06-2026,JNKR,RPLY,,14.6,2,22,6|7
52553_10-06-2026,RPLY,MRIJ,,26.7,2,22,7|8
52910_17-03-2026,ADI,SBI,,17.5,1,4,0|1
52910_17-03-2026,SBI,SBT,,1.6,1,5,1|2
52910_17-03-2026,SBT,KLRD,,4.7,1,5,2|3
52910_17-03-2026,KLRD,CDK,,3.7,1,5,3|4
52910_17-03-2026,CDK,CLDY,,3.8,1,5,4|5
52910_17-03-2026,CLDY,KHD,,4.7,1,5,5|6
52910_17-03-2026,KHD,SHRD,,9.9,1,5,6|7
52910_17-03-2026,SHRD,KLL,,8.7,1,5,7|8
52910_17-03-2026,KLL,CTRL,,5.7,1,5,8|9
52910_17-03-2026,CTRL,EN,,6.2,1,5,9|10
52910_17-03-2026,EN,PN,,4.9,1,6,10|11
52910_17-03-2026,PN,JUL,,10.0,1,6,11|12
52910_17-03-2026,JUL,GUS,,15.1,1,6,12|13
52910_17-03-2026,GUS,DNW,,4.7,1,6,13|14
52910_17-03-2026,DNW,KYSD,,6.3,1,6,14|15
52910_17-03-2026,KYSD,UMN,,10.3,1,6,15|16
52910_17-03-2026,UMN,JDN,,11.0,1,6,16|17
52910_17-03-2026,JDN,SXS,,7.1,1,7,17|18
52910_17-03-2026,SXS,MSH,,30.5,1,7,18|19
52964_29-03-2026,MHOW,HKH,,4.9,6,20,0|1
52964_29-03-2026,HKH,RAU,,11.0,6,20,1|2
52964_29-03-2026,RAU,RJQ,,14.7,6,20,2|3
52964_29-03-2026,RJQ,LKMN,,27.5,6,21,3|4
52964_29-03-2026,LKMN,SFNR,,4.2,6,21,4|5
52964_29-03-2026,SFNR,INDM,,8.4,6,21,5|6
52964_29-03-2026,INDM,LMNR,,19.6,6,21,6|7
52964_29-03-2026,LMNR,PLA,,14.9,6,22,7|8
52964_29-03-2026,PLA,BLDK,,10.4,6,22,8|9
52964_29-03-2026,BLDK,AJN,,6.3,6,22,9|10
52964_29-03-2026,AJN,FTD,,15.7,6,22,10|11
52964_29-03-2026,FTD,OSRA,,8.7,6,22,11|12
52964_29-03-2026,OSRA,GPX,,9.8,6,23,12|13
52964_29-03-2026,GPX,PJH,,13.2,6,23,13|14
52964_29-03-2026,PJH,BNG,,11.0,6,23,14|15
52964_29-03-2026,BNG,SNBD,,7.2,6,23,15|16
52964_29-03-2026,SNBD,RNJ,,13.4,6,23,16|17
52964_29-03-2026,RNJ,PRNG,,8.7,6,23,17|18
52964_29-03-2026,PRNG,NGW,,11.6,0,0,18|19
52964_29-03-2026,NGW,RTM,,42.1,0,0,19|20
52969_01-10-2025,UJN,CNN,,16.8,2,16,0|1
52969_01-10-2025,CNN,LOD,,17.0,2,17,1|2
52969_01-10-2025,LOD,FTD,,17.2,2,17,2|3
52980_10-12-2025,MHOW,HKH,,4.1,2,13,0|1
52980_10-12-2025,HKH,RAU,,9.9,2,13,1|2
52980_10-12-2025,RAU,RJQ,,14.0,2,13,2|3
52980_10-12-2025,RJQ,LKMN,,6.5,2,14,3|4
52980_10-12-2025,LKMN,SFNR,,4.5,2,14,4|5
52980_10-12-2025,SFNR,INDM,,10.4,2,14,5|6
52980_10-12-2025,INDM,INDB,,1.9,2,14,6|7
52980_10-12-2025,INDB,LMNR,,0.7,2,14,7|8
52986_11-10-2025,MHOW,HKH,,4.5,5,19,0|1
52986_11-10-2025,HKH,RAU,,11.4,5,19,1|2
52986_11-10-2025,RAU,RJQ,,8.6,5,19,2|3
52986_11-10-2025,RJQ,LKMN,,5.6,5,19,3|4
52986_11-10-2025,LKMN,SFNR,,4.3,5,19,4|5
52986_11-10-2025,SFNR,INDM,,12.0,5,19,5|6
52986_11-10-2025,INDM,INDB,,18.2,5,20,6|7
52986_11-10-2025,INDB,LMNR,,2.1,5,20,7|8
52994_08-06-2026,AK,UGWE,,16.6,0,19,0|1
52994_08-06-2026,UGWE,KQV,,1.7,0,19,1|2
52994_08-06-2026,KQV,PTZ,,49.3,0,19,2|3
52994_08-06-2026,PTZ,AKOT,,27.4,0,20,3|4
52994_08-06-2026,AKOT,ABZ,,27.2,0,20,4|5
52994_08-06-2026,ABZ,HKR,,23.1,0,21,5|6
52994_08-06-2026,HKR,WND,,28.5,0,21,6|7
52994_08-06-2026,WND,DGT,,33.2,0,22,7|8
52994_08-06-2026,DGT,DBKA,,23.1,0,22,8|9
52994_08-06-2026,DBKA,TTZ,,23.7,0,23,9|10
52994_08-06-2026,TTZ,AMX,,34.3,0,23,10|11
52994_08-06-2026,AMX,GUX,,38.7,1,0,11|12
52994_08-06-2026,GUX,MRDD,,43.9,1,0,12|13
52994_08-06-2026,MRDD,KNW,,69.6,1,1,13|14
52994_08-06-2026,KNW,ANI,,28.0,1,2,14|15
52994_08-06-2026,ANI,ATR,,19.3,1,3,15|16
52994_08-06-2026,ATR,KTKH,,11.6,1,3,16|17
52994_08-06-2026,KTKH,NKR,,4.2,1,3,17|18
52994_08-06-2026,NKR,SWD,,10.2,1,3,18|19
52994_08-06-2026,SWD,OM,,11.2,1,3,19|20
52994_08-06-2026,OM,BWW,,14.9,1,4,20|21
52994_08-06-2026,BWW,MKT,,20.7,1,4,21|22
52994_08-06-2026,MKT,CRL,,27.9,1,4,22|23
52994_08-06-2026,CRL,KKD,,33.5,1,5,23|24
52994_08-06-2026,KKD,PTP,,48.1,1,5,24|25
52994_08-06-2026,PTP,MHOW,,34.5,1,6,25|26
53016_17-01-2026,AZ,LCAE,,22.1,5,14,0|1
53016_17-01-2026,LCAE,KGLE,,4.8,5,14,1|2
53016_17-01-2026,KGLE,JVT,,17.8,5,14,2|3
53016_17-01-2026,JVT,KNSN,,6.5,5,15,3|4
53016_17-01-2026,KNSN,CWLE,,5.7,5,15,4|5
53016_17-01-2026,CWLE,KZPR,,8.1,5,15,5|6
53016_17-01-2026,KZPR,BZLE,,0.3,5,15,6|7
53016_17-01-2026,BZLE,MIAN,,6.1,5,15,7|8
53016_17-01-2026,MIAN,TYAE,,4.7,5,15,8|9
53016_17-01-2026,TYAE,MHTR,,4.7,5,15,9|10
53016_17-01-2026,MHTR,SALE,,1.9,5,15,10|11
53016_17-01-2026,SALE,JHBN,,5.0,5,15,11|12
53016_17-01-2026,JHBN,GGLE,,24.0,5,16,12|13
53016_17-01-2026,GGLE,SHBL,,11.5,5,16,13|14
53016_17-01-2026,SHBL,NBKH,,4.6,5,16,14|15
53016_17-01-2026,NBKH,KWAE,,10.6,5,16,15|16
53154_30-05-2026,LGL,KRP,,10.1,5,11,0|1
53154_30-05-2026,KRP,PRTL,,11.7,5,11,1|2
53154_30-05-2026,PRTL,BQG,,5.7,5,12,2|3
53154_30-05-2026,BQG,SBNM,,12.2,5,12,3|4
53154_30-05-2026,SBNM,JJG,,5.1,5,12,4|5
53154_30-05-2026,JJG,MBB,,8.5,5,12,5|6
53154_30-05-2026,MBB,CSZ,,5.3,5,12,6|7
53154_30-05-2026,CSZ,BPC,,5.9,5,12,7|8
53154_30-05-2026,BPC,NBPH,,7.6,5,12,8|9
53154_30-05-2026,NBPH,SGV,,5.1,5,12,9|10
53154_30-05-2026,SGV,BFT,,4.9,5,12,10|11
53154_30-05-2026,BFT,BEB,,7.7,5,13,11|12
53154_30-05-2026,BEB,REJ,,16.8,5,13,12|13
53154_30-05-2026,REJ,SRJN,,4.6,5,13,13|14
53154_30-05-2026,SRJN,PLY,,6.0,5,13,14|15
53154_30-05-2026,PLY,PCX,,6.3,5,13,15|16
53154_30-05-2026,PCX,DEB,,6.4,5,13,16|17
53154_30-05-2026,DEB,SVH,,7.2,5,13,17|18
53154_30-05-2026,SVH,BTY,,5.8,5,13,18|19
53154_30-05-2026,BTY,MGM,,29.3,5,14,19|20
53154_30-05-2026,MGM,DHU,,4.2,5,14,20|21
53154_30-05-2026,DHU,BPD,,5.1,5,14,21|22
53154_30-05-2026,BPD,KNJ,,20.1,5,14,22|23
53154_30-05-2026,KNJ,JKL,,5.0,5,15,23|24
53154_30-05-2026,JKL,BDZ,,2.5,5,15,24|25
53154_30-05-2026,BDZ,THP,,5.6,5,15,25|26
53154_30-05-2026,THP,BIJ,,3.8,5,15,26|27
53154_30-05-2026,BIJ,KLNP,,4.9,5,15,27|28
53154_30-05-2026,KLNP,RHA,,13.0,5,15,28|29
53348_16-03-2026,BRWD,CPDR,,8.6,0,6,0|1
53348_16-03-2026,CPDR,KMND,,20.7,0,6,1|2
53348_16-03-2026,KMND,BFQ,,8.0,0,6,2|3
53348_16-03-2026,BFQ,LTHR,,6.3,0,6,3|4
53348_16-03-2026,LTHR,DEMU,,8.2,0,6,4|5
53348_16-03-2026,DEMU,RCGT,,8.5,0,6,5|6
53348_16-03-2026,RCGT,CTQ,,10.4,0,7,6|7
53348_16-03-2026,CTQ,TORI,,10.0,0,7,7|8
53348_16-03-2026,TORI,MMLN,,11.4,0,7,8|9
53348_16-03-2026,MMLN,MGME,,16.9,0,7,9|10
53348_16-03-2026,MGME,KLRE,,10.6,0,7,10|11
53348_16-03-2026,KLRE,RAY,,12.5,0,8,11|12
53348_16-03-2026,RAY,HNDR,,18.6,0,8,12|13
53348_16-03-2026,HNDR,TKS,,34.5,0,8,13|14
53348_16-03-2026,TKS,PTRU,,7.8,0,9,14|15
53348_16-03-2026,PTRU,BHKD,,9.6,0,9,15|16
53348_16-03-2026,BHKD,BRKA,,24.3,0,9,16|17
53348_16-03-2026,BRKA,ARGD,,35.2,0,9,17|18
53348_16-03-2026,ARGD,RRME,,8.1,0,10,18|19
53348_16-03-2026,RRME,CNPR,,17.1,0,10,19|20
53348_16-03-2026,CNPR,DNEA,,19.2,0,10,20|21
53348_16-03-2026,DNEA,DMBR,,41.0,0,11,21|22
53348_16-03-2026,DMBR,GMIA,,21.7,0,11,22|23
53348_16-03-2026,GMIA,BKRO,,25.4,0,12,23|24
53348_16-03-2026,BKRO,JAN,,7.6,0,12,24|25
53348_16-03-2026,JAN,BRMO,,5.6,0,12,25|26
53348_16-03-2026,BRMO,AMLO,,4.1,0,12,26|27
53348_16-03-2026,AMLO,PUS,,5.1,0,12,27|28
53348_16-03-2026,PUS,BHME,,9.4,0,12,28|29
53348_16-03-2026,BHME,CRP,,9.6,0,13,29|30
53348_16-03-2026,CRP,TELO,,13.4,0,13,30|31
53348_16-03-2026,TELO,GMO,,30.1,0,13,31|32
53350_20-06-2026,DOS,SEB,,5.2,5,6,0|1
53350_20-06-2026,SEB,BSYA,,14.2,5,6,1|2
53350_20-06-2026,BSYA,ANH,,0.3,5,6,2|3
53350_20-06-2026,ANH,BSYA,,6.8,5,6,3|4
53350_20-06-2026,BSYA,ANH,,0.9,5,6,4|5
53350_20-06-2026,ANH,NBG,,6.0,5,6,5|6
53350_20-06-2026,NBG,KYF,,9.1,5,6,6|7
53350_20-06-2026,KYF,JPL,,8.9,5,6,7|8
53350_20-06-2026,JPL,HDN,,14.9,5,7,8|9
53350_20-06-2026,HDN,KVQ,,7.9,5,7,9|10
53350_20-06-2026,KVQ,MDJ,,8.1,5,7,10|11
53350_20-06-2026,MDJ,SZF,,10.1,5,7,11|12
53350_20-06-2026,SZF,URD,,10.1,5,7,12|13
53350_20-06-2026,URD,SQS,,14.1,5,7,13|14
53350_20-06-2026,SQS,GHD,,15.2,5,8,14|15
53350_20-06-2026,GHD,TRZ,,13.2,5,8,15|16
53350_20-06-2026,TRZ,RHR,,18.6,5,8,16|17
53350_20-06-2026,RHR,KFT,,7.5,5,8,17|18
53350_20-06-2026,KFT,DTO,,20.1,5,9,18|19
53350_20-06-2026,DTO,CNF,,12.0,5,9,19|20
53350_20-06-2026,CNF,KCKI,,8.0,5,9,20|21
53350_20-06-2026,KCKI,BRWD,,27.0,5,9,21|22
53351_30-05-2026,BRWD,KCKI,,14.7,5,3,0|1
53351_30-05-2026,KCKI,CNF,,8.9,5,3,1|2
53351_30-05-2026,CNF,DTO,,10.8,5,3,2|3
53351_30-05-2026,DTO,KFT,,14.8,5,3,3|4
53351_30-05-2026,KFT,RHR,,9.7,5,3,4|5
53351_30-05-2026,RHR,TRZ,,19.6,5,4,5|6
53351_30-05-2026,TRZ,GHD,,30.6,5,4,6|7
53351_30-05-2026,GHD,GHQ,,23.5,5,4,7|8
53351_30-05-2026,GHQ,MQX,,11.7,5,5,8|9
53351_30-05-2026,MQX,RMF,,10.8,5,5,9|10
53351_30-05-2026,RMF,NUQ,,12.3,5,5,10|11
53351_30-05-2026,NUQ,WDM,,12.3,5,5,11|12
53351_30-05-2026,WDM,MXY,,11.1,5,6,12|13
53351_30-05-2026,MXY,DXN,,12.0,5,6,13|14
53351_30-05-2026,DXN,JRQ,,7.5,5,6,14|15
53351_30-05-2026,JRQ,RNQ,,19.7,5,6,15|16
53351_30-05-2026,RNQ,BXLL,,66.6,5,6,16|17
53351_30-05-2026,BXLL,CPU,,25.7,5,7,17|18
53351_30-05-2026,CPU,AGY,,35.1,5,8,18|19
53351_30-05-2026,AGY,CUK,,28.0,5,9,19|20
53351_30-05-2026,CUK,RBGJ,,37.9,5,9,20|21
53351_30-05-2026,RBGJ,KHRY,,21.8,5,10,21|22
53351_30-05-2026,KHRY,LUSA,,22.4,5,10,22|23
53351_30-05-2026,LUSA,SKGH,,27.1,5,10,23|24
53351_30-05-2026,SKGH,CAR,,58.6,5,11,24|25
53352_04-10-2025,CAR,SKGH,,28.1,5,14,0|1
53352_04-10-2025,SKGH,LUSA,,29.3,5,14,1|2
53352_04-10-2025,LUSA,KHRY,,28.7,5,15,2|3
53352_04-10-2025,KHRY,RBGJ,,34.2,5,15,3|4
53352_04-10-2025,RBGJ,CUK,,12.0,5,16,4|5
53352_04-10-2025,CUK,AGY,,25.8,5,16,5|6
53352_04-10-2025,AGY,CPU,,24.9,5,16,6|7
53487_31-07-2026,TPH,RJL,,24.5,4,16,0|1
53492_05-08-2026,RJL,TPH,,24.3,2,20,0|1
54021_13-10-2025,BSC,BARL,,10.4,0,5,0|1
54021_13-10-2025,BARL,CHWT,,10.8,0,5,1|2
54021_13-10-2025,CHWT,GLH,,8.9,0,5,2|3
54021_13-10-2025,GLH,HZR,,12.6,0,5,3|4
54021_13-10-2025,HZR,HPU,,25.6,0,6,4|5
54021_13-10-2025,HPU,KKMB,,18.9,0,6,5|6
54021_13-10-2025,KKMB,PKW,,4.8,0,6,6|7
54021_13-10-2025,PKW,DS,,14.5,0,7,7|8
54021_13-10-2025,DS,AKNR,,6.9,0,7,8|9
54021_13-10-2025,AKNR,MFH,,11.9,0,7,9|10
54021_13-10-2025,MFH,GZB,,18.6,0,7,10|11
54021_13-10-2025,GZB,SBB,,10.8,0,7,11|12
54021_13-10-2025,SBB,VVB,,12.9,0,8,12|13
54021_13-10-2025,VVB,DSA,,6.4,0,8,13|14
54021_13-10-2025,DSA,DLI,,25.4,0,8,14|15
54021_13-10-2025,DLI,DSB,,10.2,0,8,15|16
54021_13-10-2025,DSB,NDLS,,11.6,0,8,16|17
54059_15-05-2026,DLI,DSA,,16.8,4,22,0|1
54059_15-05-2026,DSA,BHHZ,,9.6,4,23,1|2
54059_15-05-2026,BHHZ,NOLI,,6.6,4,23,2|3
54059_15-05-2026,NOLI,NTG,,6.6,4,23,3|4
54059_15-05-2026,NTG,GTRA,,6.8,4,23,4|5
54059_15-05-2026,GTRA,FAP,,6.9,4,23,5|6
54059_15-05-2026,FAP,KEX,,6.7,4,23,6|7
54059_15-05-2026,KEX,SFA,,5.7,4,23,7|8
54059_15-05-2026,SFA,AHQ,,20.5,4,23,8|9
54059_15-05-2026,AHQ,BPM,,4.5,5,0,9|10
54059_15-05-2026,BPM,SUJR,,6.0,5,0,10|11
54059_15-05-2026,SUJR,BADK,,5.6,5,0,11|12
54059_15-05-2026,BADK,BTU,,8.5,5,0,12|13
54059_15-05-2026,BTU,BAOL,,4.6,5,0,13|14
54059_15-05-2026,BAOL,KPKI,,3.6,5,0,14|15
54059_15-05-2026,KPKI,BDHP,,4.2,5,0,15|16
54059_15-05-2026,BDHP,AILM,,6.9,5,0,16|17
54059_15-05-2026,AILM,KQL,,8.1,5,1,17|18
54059_15-05-2026,KQL,KZI,,10.0,5,1,18|19
54059_15-05-2026,KZI,GLBN,,5.8,5,1,19|20
54059_15-05-2026,GLBN,SMQL,,11.6,5,1,20|21
54086_10-07-2026,RE,KWMD,,7.5,4,10,0|1
54086_10-07-2026,KWMD,KIP,,10.9,4,10,1|2
54086_10-07-2026,KIP,IHP,,8.3,4,10,2|3
54086_10-07-2026,IHP,PTRD,,6.3,4,10,3|4
54086_10-07-2026,PTRD,JSKA,,7.6,4,11,4|5
54086_10-07-2026,JSKA,TJNR,,17.7,4,11,5|6
54086_10-07-2026,TJNR,PT,,18.4,4,11,6|7
54086_10-07-2026,PT,GHH,,9.4,4,11,7|8
54086_10-07-2026,GHH,BDXT,,6.9,4,11,8|9
54086_10-07-2026,BDXT,GGN,,4.9,4,12,9|10
54086_10-07-2026,GGN,BWSN,,21.4,4,12,10|11
54086_10-07-2026,BWSN,SMDP,,3.8,4,12,11|12
54086_10-07-2026,SMDP,PM,,4.9,4,12,12|13
54086_10-07-2026,PM,DEC,,11.1,4,12,13|14
54086_10-07-2026,DEC,KRTN,,20.9,4,12,14|15
54086_10-07-2026,KRTN,PTNR,,0.8,4,13,15|16
54086_10-07-2026,PTNR,DBSI,,13.3,4,13,16|17
54086_10-07-2026,DBSI,DEE,,7.3,4,13,17|18
54086_10-07-2026,DEE,DKZ,,9.2,4,13,18|19
54086_10-07-2026,DKZ,DSB,,10.7,4,13,19|20
54086_10-07-2026,DSB,DLI,,0.8,4,13,20|21
54154_05-03-2026,CNB,CPB,,18.2,3,16,0|1
54154_05-03-2026,CPB,MGW,,7.0,3,16,1|2
54154_05-03-2026,MGW,ON,,8.2,3,17,2|3
54154_05-03-2026,ON,KURO,,22.7,3,17,3|4
54154_05-03-2026,KURO,ACH,,10.3,3,17,4|5
54154_05-03-2026,ACH,TKRP,,3.5,3,17,5|6
54154_05-03-2026,TKRP,BQP,,4.4,3,17,6|7
54154_05-03-2026,BQP,BAHP,,1.4,3,17,7|8
54154_05-03-2026,BAHP,IDM,,70.8,3,17,8|9
54154_05-03-2026,IDM,BSWA,,21.9,3,19,9|10
54154_05-03-2026,BSWA,RRS,,14.7,3,19,10|11
54154_05-03-2026,RRS,NHF,,17.0,3,19,11|12
54154_05-03-2026,NHF,LLJ,,9.1,3,19,12|13
54154_05-03-2026,LLJ,DMW,,18.2,3,20,13|14
54154_05-03-2026,DMW,JPD,,18.7,3,20,14|15
54154_05-03-2026,JPD,MNJR,,8.5,3,20,15|16
54154_05-03-2026,MNJR,UCR,,63.9,3,20,16|17
54154_05-03-2026,UCR,RCP,,13.9,3,21,17|18
54154_05-03-2026,RCP,LMN,,6.3,3,22,18|19
54154_05-03-2026,LMN,DYP,,17.6,3,22,19|20
54154_05-03-2026,DYP,RBL,,14.4,3,22,20|21
54211_24-05-2026,RBL,DYP,,7.9,6,5,0|1
54211_24-05-2026,DYP,UBN,,25.3,6,5,1|2
54211_24-05-2026,UBN,RDV,,18.7,6,5,2|3
54211_24-05-2026,RDV,DMW,,23.9,6,6,3|4
54211_24-05-2026,DMW,LLJ,,33.9,6,6,4|5
54211_24-05-2026,LLJ,NHF,,7.6,6,7,5|6
54211_24-05-2026,NHF,RRS,,9.7,6,7,6|7
54211_24-05-2026,RRS,BSWA,,9.1,6,7,7|8
54211_24-05-2026,BSWA,TQA,,9.3,6,7,8|9
54211_24-05-2026,TQA,BAHP,,75.3,6,7,9|10
54211_24-05-2026,BAHP,BQP,,6.7,6,9,10|11
54211_24-05-2026,BQP,TKRP,,9.6,6,9,11|12
54211_24-05-2026,TKRP,ACH,,3.7,6,9,12|13
54211_24-05-2026,ACH,KURO,,16.4,6,9,13|14
54211_24-05-2026,KURO,ON,,27.5,6,9,14|15
54211_24-05-2026,ON,MGW,,14.5,6,10,15|16
54211_24-05-2026,MGW,CPB,,17.7,6,10,16|17
54211_24-05-2026,CPB,CNB,,10.5,6,10,17|18
54293_22-11-2025,PBH,CIL,,8.5,5,5,0|1
54293_22-11-2025,CIL,JGJ,,8.9,5,5,1|2
54293_22-11-2025,JGJ,ANTU,,9.1,5,6,2|3
54293_22-11-2025,ANTU,SHJP,,3.3,5,6,3|4
54293_22-11-2025,SHJP,MFL,,10.6,5,6,4|5
54293_22-11-2025,MFL,AME,,8.9,5,6,5|6
54293_22-11-2025,AME,TLKH,,10.6,5,6,6|7
54293_22-11-2025,TLKH,GNG,,8.6,5,6,7|8
54293_22-11-2025,GNG,BANI,,9.9,5,6,8|9
54293_22-11-2025,BANI,KCJ,,11.7,5,7,9|10
54293_22-11-2025,KCJ,JAIS,,8.8,5,7,10|11
54293_22-11-2025,JAIS,FTG,,15.0,5,7,11|12
54293_22-11-2025,FTG,RUM,,9.7,5,7,12|13
54293_22-11-2025,RUM,RBL,,104.2,5,7,13|14
54293_22-11-2025,RBL,GANG,,22.7,5,9,14|15
54293_22-11-2025,GANG,HCP,,8.5,5,9,15|16
54293_22-11-2025,HCP,KVG,,8.2,5,10,16|17
54293_22-11-2025,KVG,BCN,,10.3,5,10,17|18
54293_22-11-2025,BCN,SAGR,,6.9,5,10,18|19
54293_22-11-2025,SAGR,NHN,,11.4,5,10,19|20
54293_22-11-2025,NHN,KKAH,,8.8,5,10,20|21
54293_22-11-2025,KKAH,MLJ,,9.0,5,10,21|22
54293_22-11-2025,MLJ,UTR,,10.3,5,11,22|23
54293_22-11-2025,UTR,LKO,,38.2,5,11,23|24
54329_21-12-2025,BLM,BGH,,16.1,6,17,0|1
54329_21-12-2025,BGH,MST,,7.5,6,17,1|2
54329_21-12-2025,MST,KAR,,100.2,6,17,2|3
54329_21-12-2025,KAR,HRI,,0.9,6,19,3|4
54329_21-12-2025,HRI,KUF,,1.9,6,19,4|5
54329_21-12-2025,KUF,SHRM,,1.8,6,19,5|6
54329_21-12-2025,SHRM,BEG,,0.2,6,19,6|7
54329_21-12-2025,BEG,TDP,,0.4,6,19,7|8
54329_21-12-2025,TDP,AJI,,0.5,6,19,8|9
54329_21-12-2025,AJI,AIG,,8.5,6,19,9|10
54329_21-12-2025,AIG,KH,,5.5,6,19,10|11
54329_21-12-2025,KH,ROZA,,16.4,6,19,11|12
54329_21-12-2025,ROZA,SPN,,45.4,6,20,12|13
54356_01-06-2026,BE,CHTI,,17.9,0,17,0|1
54356_01-06-2026,CHTI,RYS,,8.5,0,18,1|2
54356_01-06-2026,RYS,PMR,,10.1,0,18,2|3
54356_01-06-2026,PMR,TSA,,8.4,0,18,3|4
54356_01-06-2026,TSA,BLPU,,9.1,0,18,4|5
54356_01-06-2026,BLPU,MK,,9.6,0,18,5|6
54356_01-06-2026,MK,KSRK,,0.2,0,19,6|7
54356_01-06-2026,KSRK,TLH,,10.7,0,19,7|8
54356_01-06-2026,TLH,BHDH,,5.6,0,19,8|9
54356_01-06-2026,BHDH,BTRA,,8.6,0,19,9|10
54356_01-06-2026,BTRA,SPN,,29.3,0,19,10|11
54356_01-06-2026,SPN,ROZA,,19.4,0,19,11|12
54376_13-09-2026,JNU,ZBD,,9.1,6,17,0|1
54376_13-09-2026,ZBD,KJTW,,12.1,6,17,1|2
54376_13-09-2026,KJTW,SAF,,8.9,6,17,2|3
54376_13-09-2026,SAF,SPPR,,11.1,6,17,3|4
54376_13-09-2026,SPPR,MAY,,9.7,6,17,4|5
54376_13-09-2026,MAY,WRGN,,10.2,6,17,5|6
54376_13-09-2026,WRGN,VNN,,17.6,6,18,6|7
54376_13-09-2026,VNN,BSY,,10.5,6,18,7|8
54376_13-09-2026,BSY,JUA,,12.3,6,18,8|9
54376_13-09-2026,JUA,JNH,,29.0,6,18,9|10
54376_13-09-2026,JNH,BYHA,,8.7,6,19,10|11
54376_13-09-2026,BYHA,URPR,,9.7,6,19,11|12
54376_13-09-2026,URPR,PLP,,10.0,6,19,12|13
54376_13-09-2026,PLP,SYC,,13.5,6,19,13|14
54376_13-09-2026,SYC,THW,,19.7,6,20,14|15
54376_13-09-2026,THW,PFM,,21.3,6,20,15|16
54376_13-09-2026,PFM,PRG,,29.0,6,20,16|17
54402_03-09-2026,MTC,NRNR,,8.3,3,5,0|1
54402_03-09-2026,NRNR,CXA,,9.3,3,5,1|2
54402_03-09-2026,CXA,KXK,,14.5,3,5,2|3
54402_03-09-2026,KXK,KALI,,11.1,3,6,3|4
54402_03-09-2026,KALI,HPU,,32.6,3,6,4|5
54402_03-09-2026,HPU,HZR,,77.1,3,6,5|6
54402_03-09-2026,HZR,GLH,,10.4,3,8,6|7
54402_03-09-2026,GLH,CHWT,,7.9,3,8,7|8
54402_03-09-2026,CHWT,BARL,,14.5,3,8,8|9
54402_03-09-2026,BARL,BSC,,12.5,3,8,9|10
54402_03-09-2026,BSC,MOM,,13.0,3,8,10|11
54402_03-09-2026,MOM,KJY,,17.5,3,9,11|12
54402_03-09-2026,KJY,KRJ,,16.4,3,9,12|13
54413_03-04-2026,DLI,DSB,,4.9,4,3,0|1
54413_03-04-2026,DSB,DKZ,,7.6,4,3,1|2
54413_03-04-2026,DKZ,DEE,,1.4,4,3,2|3
54413_03-04-2026,DEE,DBSI,,10.6,4,3,3|4
54413_03-04-2026,DBSI,PTNR,,2.4,4,4,4|5
54413_03-04-2026,PTNR,KRTN,,1.2,4,4,5|6
54413_03-04-2026,KRTN,DEC,,8.9,4,4,6|7
54413_03-04-2026,DEC,PM,,6.3,4,4,7|8
54413_03-04-2026,PM,SMDP,,24.7,4,4,8|9
54413_03-04-2026,SMDP,BWSN,,3.6,4,4,9|10
54413_03-04-2026,BWSN,GGN,,7.1,4,4,10|11
54413_03-04-2026,GGN,BDXT,,5.0,4,5,11|12
54413_03-04-2026,BDXT,GHH,,16.5,4,5,12|13
54413_03-04-2026,GHH,PT,,7.3,4,5,13|14
54413_03-04-2026,PT,TJNR,,5.6,4,5,14|15
54413_03-04-2026,TJNR,JSKA,,5.3,4,5,15|16
54413_03-04-2026,JSKA,PTRD,,6.2,4,5,16|17
54413_03-04-2026,PTRD,IHP,,5.6,4,5,17|18
54413_03-04-2026,IHP,KIP,,7.4,4,5,18|19
54413_03-04-2026,KIP,KWMD,,6.6,4,6,19|20
54413_03-04-2026,KWMD,RE,,42.8,4,6,20|21
54420_30-01-2026,RE,KWMD,,6.1,4,19,0|1
54420_30-01-2026,KWMD,KIP,,11.3,4,19,1|2
54420_30-01-2026,KIP,IHP,,7.1,4,19,2|3
54420_30-01-2026,IHP,PTRD,,5.5,4,19,3|4
54420_30-01-2026,PTRD,JSKA,,6.3,4,19,4|5
54420_30-01-2026,JSKA,TJNR,,7.7,4,19,5|6
54420_30-01-2026,TJNR,PT,,4.4,4,20,6|7
54420_30-01-2026,PT,GHH,,21.1,4,20,7|8
54420_30-01-2026,GHH,BDXT,,5.6,4,20,8|9
54420_30-01-2026,BDXT,GGN,,5.2,4,20,9|10
54420_30-01-2026,GGN,BWSN,,22.7,4,20,10|11
54420_30-01-2026,BWSN,SMDP,,2.9,4,21,11|12
54420_30-01-2026,SMDP,PM,,8.6,4,21,12|13
54420_30-01-2026,PM,DEC,,4.3,4,21,13|14
54420_30-01-2026,DEC,PTNR,,8.0,4,21,14|15
54420_30-01-2026,PTNR,KRTN,,0.4,4,21,15|16
54420_30-01-2026,KRTN,DBSI,,2.4,4,21,16|17
54420_30-01-2026,DBSI,DEE,,6.3,4,21,17|18
54420_30-01-2026,DEE,DKZ,,7.7,4,21,18|19
54420_30-01-2026,DKZ,DLI,,9.6,4,21,19|20
54420_30-01-2026,DLI,DSB,,0.3,4,21,20|21
54511_10-09-2026,UMB,DKT,,26.6,3,7,0|1
54511_10-09-2026,DKT,LLU,,10.0,3,8,1|2
54511_10-09-2026,LLU,DHPR,,4.8,3,8,2|3
54511_10-09-2026,DHPR,GHG,,9.3,3,8,3|4
54511_10-09-2026,GHG,CDG,,17.5,3,8,4|5
54511_10-09-2026,CDG,SASN,,31.0,3,8,5|6
54511_10-09-2026,SASN,KRHR,,23.4,3,9,6|7
54511_10-09-2026,KRHR,MRND,,19.8,3,9,7|8
54511_10-09-2026,MRND,KRLI,,12.6,3,10,8|9
54511_10-09-2026,KRLI,MNPR,,12.4,3,10,9|10
54511_10-09-2026,MNPR,RPAR,,19.5,3,10,10|11
54511_10-09-2026,RPAR,GANL,,11.7,3,10,11|12
54511_10-09-2026,GANL,BARJ,,9.2,3,10,12|13
54511_10-09-2026,BARJ,KART,,7.1,3,11,13|14
54511_10-09-2026,KART,ANSB,,8.4,3,11,14|15
54511_10-09-2026,ANSB,NLDM,,30.6,3,11,15|16
54571_18-04-2026,LDH,MG,,6.4,5,17,0|1
54571_18-04-2026,MG,BWZ,,9.2,5,17,1|2
54571_18-04-2026,BWZ,BQH,,6.3,5,17,2|3
54571_18-04-2026,BQH,MLX,,9.7,5,17,3|4
54571_18-04-2026,MLX,CKM,,9.8,5,17,4|5
54571_18-04-2026,CKM,JGN,,9.2,5,18,5|6
54571_18-04-2026,JGN,NNKR,,7.2,5,18,6|7
54571_18-04-2026,NNKR,AJL,,23.3,5,18,7|8
54571_18-04-2026,AJL,PMH,,22.4,5,18,8|9
54571_18-04-2026,PMH,MOGA,,7.5,5,19,9|10
54571_18-04-2026,MOGA,DAU,,17.0,5,19,10|11
54571_18-04-2026,DAU,MSSD,,16.0,5,19,11|12
54571_18-04-2026,MSSD,TWB,,10.7,5,19,12|13
54571_18-04-2026,TWB,SULH,,12.0,5,20,13|14
54571_18-04-2026,SULH,PHS,,7.6,5,20,14|15
54571_18-04-2026,PHS,DDK,,4.7,5,20,15|16
54571_18-04-2026,DDK,SWX,,6.1,5,20,16|17
54571_18-04-2026,SWX,FZR,,36.0,5,20,17|18
54605_03-11-2025,HSR,RPHR,,5.9,0,7,0|1
54605_03-11-2025,RPHR,BFN,,115.2,0,7,1|2
54605_03-11-2025,BFN,BXC,,2.7,0,9,2|3
54605_03-11-2025,BXC,DNX,,4.0,0,9,3|4
54605_03-11-2025,DNX,DULP,,0.1,0,9,4|5
54605_03-11-2025,DULP,UKN,,8.4,0,9,5|6
54605_03-11-2025,UKN,PLT,,23.0,0,9,6|7
54605_03-11-2025,PLT,JPS,,1.9,0,9,7|8
54605_03-11-2025,JPS,GJW,,0.0,0,9,8|9
54605_03-11-2025,GJW,KUDN,,2.8,0,9,9|10
54605_03-11-2025,KUDN,JHL,,10.8,0,9,10|11
54605_03-11-2025,JHL,GRN,,16.3,0,10,11|12
54605_03-11-2025,GRN,LHA,,11.3,0,10,12|13
54605_03-11-2025,LHA,GGKR,,2.7,0,10,13|14
54605_03-11-2025,GGKR,CJL,,1.4,0,10,14|15
54605_03-11-2025,CJL,SFM,,5.2,0,10,15|16
54605_03-11-2025,SFM,BZ,,13.2,0,10,16|17
54605_03-11-2025,BZ,SAG,,3.2,0,10,17|18
54605_03-11-2025,SAG,BSS,,5.5,0,11,18|19
54605_03-11-2025,BSS,DUI,,11.9,0,11,19|20
54605_03-11-2025,DUI,HMI,,53.2,0,11,20|21
54605_03-11-2025,HMI,MET,,5.7,0,12,21|22
54605_03-11-2025,MET,KUP,,15.4,0,12,22|23
54605_03-11-2025,KUP,RHW,,3.0,0,12,23|24
54605_03-11-2025,RHW,AHH,,17.6,0,12,24|25
54605_03-11-2025,AHH,QRP,,20.3,0,12,25|26
54605_03-11-2025,QRP,GILL,,8.9,0,13,26|27
54605_03-11-2025,GILL,LDH,,19.7,0,13,27|28
54613_09-05-2026,ASR,VKA,,9.8,5,6,0|1
54613_09-05-2026,VKA,KNG,,11.2,5,6,1|2
54613_09-05-2026,KNG,JNT,,10.4,5,6,2|3
54613_09-05-2026,JNT,BAT,,12.2,5,6,3|4
54613_09-05-2026,BAT,CHN,,22.5,5,7,4|5
54613_09-05-2026,CHN,DHW,,23.4,5,7,5|6
54613_09-05-2026,DHW,SOHL,,14.8,5,7,6|7
54613_09-05-2026,SOHL,JHWR,,10.1,5,8,7|8
54613_09-05-2026,JHWR,GSP,,6.3,5,8,8|9
54613_09-05-2026,GSP,DNN,,34.5,5,8,9|10
54613_09-05-2026,DNN,PMQ,,13.5,5,8,10|11
54613_09-05-2026,PMQ,JK,,5.9,5,9,11|12
54613_09-05-2026,JK,SRM,,4.9,5,9,12|13
54613_09-05-2026,SRM,BHRL,,6.2,5,9,13|14
54613_09-05-2026,BHRL,PTK,,22.9,5,9,14|15
54626_13-08-2026,JJJ,MGWD,,5.7,3,16,0|1
54626_13-08-2026,MGWD,SQJ,,5.8,3,16,1|2
54626_13-08-2026,SQJ,SNB,,6.7,3,17,2|3
54626_13-08-2026,SNB,GSR,,6.9,3,17,3|4
54626_13-08-2026,GSR,NSS,,13.5,3,17,4|5
54626_13-08-2026,NSS,RHU,,13.7,3,17,5|6
54626_13-08-2026,RHU,NSS,,20.9,3,17,6|7
54626_13-08-2026,NSS,KYY,,38.3,3,18,7|8
54626_13-08-2026,KYY,KHHJ,,6.2,3,18,8|9
54626_13-08-2026,KHHJ,BXB,,8.8,3,18,9|10
54626_13-08-2026,BXB,MXP,,8.8,3,18,10|11
54626_13-08-2026,MXP,BHM,,4.0,3,19,11|12
54626_13-08-2026,BHM,KASH,,5.3,3,19,12|13
54626_13-08-2026,KASH,MYE,,2.7,3,19,13|14
54626_13-08-2026,MYE,PGW,,11.3,3,19,14|15
54626_13-08-2026,PGW,CEU,,9.2,3,19,15|16
54626_13-08-2026,CEU,JRC,,7.2,3,19,16|17
54626_13-08-2026,JRC,JUC,,21.2,3,19,17|18
54788_06-03-2026,RE,KGBS,,11.6,4,21,0|1
54788_06-03-2026,KGBS,JTS,,9.8,4,21,1|2
54788_06-03-2026,JTS,NLQ,,7.5,4,22,2|3
54788_06-03-2026,NLQ,KSI,,6.7,4,22,3|4
54788_06-03-2026,KSI,SDRA,,8.9,4,22,4|5
54788_06-03-2026,SDRA,JRL,,10.8,4,22,5|6
54788_06-03-2026,JRL,PUW,,8.0,4,22,6|7
54788_06-03-2026,PUW,CKD,,6.8,4,22,7|8
54788_06-03-2026,CKD,MHU,,14.0,4,22,8|9
54788_06-03-2026,MHU,BNW,,28.9,4,23,9|10
54817_02-12-2025,JU,BGKT,,4.0,1,23,0|1
54817_02-12-2025,BGKT,BANE,,8.5,1,23,1|2
54817_02-12-2025,BANE,SZ,,22.9,1,23,2|3
54817_02-12-2025,SZ,HWT,,6.0,2,0,3|4
54817_02-12-2025,HWT,LUNI,,6.4,2,0,4|5
54817_02-12-2025,LUNI,SUT,,8.8,2,0,5|6
54817_02-12-2025,SUT,DUK,,19.7,2,0,6|7
54817_02-12-2025,DUK,DOR,,7.9,2,0,7|8
54817_02-12-2025,DOR,MNKB,,6.1,2,0,8|9
54817_02-12-2025,MNKB,AJIT,,27.5,2,1,9|10
54817_02-12-2025,AJIT,SMR,,22.2,2,1,10|11
54817_02-12-2025,SMR,PRU,,10.4,2,1,11|12
54817_02-12-2025,PRU,JNE,,18.6,2,2,12|13
54817_02-12-2025,JNE,BLT,,21.7,2,2,13|14
54817_02-12-2025,BLT,KHTX,,9.0,2,2,14|15
54817_02-12-2025,KHTX,TWL,,1.0,2,2,15|16
54817_02-12-2025,TWL,GOLE,,6.6,2,2,16|17
54817_02-12-2025,GOLE,BMQ,,7.5,2,2,17|18
54817_02-12-2025,BMQ,BUT,,7.4,2,3,18|19
54817_02-12-2025,BUT,BSDA,,9.0,2,3,19|20
54817_02-12-2025,BSDA,KVA,,10.8,2,3,20|21
54817_02-12-2025,KVA,UTL,,7.8,2,3,21|22
54817_02-12-2025,UTL,BME,,45.2,2,3,22|23
55017_17-08-2026,CPR,GTST,,11.0,0,17,0|1
55017_17-08-2026,GTST,RVT,,5.0,0,17,1|2
55017_17-08-2026,RVT,MHT,,8.3,0,17,2|3
55017_17-08-2026,MHT,BKLA,,7.9,0,17,3|4
55017_17-08-2026,BKLA,SIP,,9.0,0,18,4|5
55017_17-08-2026,SIP,DCP,,8.6,0,18,5|6
55017_17-08-2026,DCP,ROI,,9.0,0,18,6|7
55017_17-08-2026,ROI,STW,,9.9,0,18,7|8
55017_17-08-2026,STW,CATA,,10.6,0,18,8|9
55017_17-08-2026,CATA,BCD,,28.8,0,18,9|10
55017_17-08-2026,BCD,BUI,,19.0,0,19,10|11
55017_17-08-2026,BUI,SVI,,23.1,0,19,11|12
55017_17-08-2026,SVI,PEP,,8.4,0,20,12|13
55017_17-08-2026,PEP,CHR,,17.2,0,20,13|14
55017_17-08-2026,CHR,RSR,,24.9,0,20,14|15
55017_17-08-2026,RSR,RJMP,,9.3,0,20,15|16
55017_17-08-2026,RJMP,RTP,,7.3,0,21,16|17
55017_17-08-2026,RTP,HLP,,11.3,0,21,17|18
55017_17-08-2026,HLP,IAA,,12.7,0,21,18|19
55017_17-08-2026,IAA,MAU,,70.0,0,21,19|20
55028_11-06-2026,GD,BRCK,,8.2,3,17,0|1
55028_11-06-2026,BRCK,MOTG,,7.7,3,17,1|2
55028_11-06-2026,MOTG,JLHI,,7.1,3,17,2|3
55028_11-06-2026,JLHI,MUR,,9.4,3,17,3|4
55028_11-06-2026,MUR,LKNR,,6.6,3,17,4|5
55028_11-06-2026,LKNR,MSW,,8.6,3,17,5|6
55028_11-06-2026,MSW,SNC,,7.6,3,18,6|7
55028_11-06-2026,SNC,BNGY,,5.2,3,18,7|8
55028_11-06-2026,BNGY,BV,,10.2,3,18,8|9
55028_11-06-2026,BV,GAUR,,20.6,3,18,9|10
55028_11-06-2026,GAUR,TH,,8.5,3,18,10|11
55028_11-06-2026,TH,GOVR,,9.9,3,18,11|12
55028_11-06-2026,GOVR,BST,,14.8,3,19,12|13
55028_11-06-2026,BST,ORW,,10.8,3,19,13|14
55028_11-06-2026,ORW,MND,,7.5,3,19,14|15
55028_11-06-2026,MND,CRV,,9.8,3,19,15|16
55028_11-06-2026,CRV,KLD,,12.8,3,19,16|17
55028_11-06-2026,KLD,MHH,,9.5,3,20,17|18
55028_11-06-2026,MHH,SIPR,,6.1,3,20,18|19
55028_11-06-2026,SIPR,SWA,,10.4,3,20,19|20
55028_11-06-2026,SWA,JTB,,18.5,3,20,20|21
55028_11-06-2026,JTB,DMG,,34.7,3,20,21|22
55028_11-06-2026,DMG,GKP,,25.5,3,21,22|23
55032_12-10-2025,LJN,ASH,,9.1,6,17,0|1
55032_12-10-2025,ASH,LC,,15.2,6,17,1|2
55032_12-10-2025,LC,DAL,,3.0,6,17,2|3
55032_12-10-2025,DAL,BNZ,,8.4,6,17,3|4
55032_12-10-2025,BNZ,GTNR,,9.0,6,17,4|5
55032_12-10-2025,GTNR,ML,,6.4,6,17,5|6
55032_12-10-2025,ML,JRR,,6.8,6,17,6|7
55032_12-10-2025,JRR,SFH,,6.7,6,17,7|8
55032_12-10-2025,SFH,BBK,,14.5,6,18,8|9
55032_12-10-2025,BBK,JBR,,14.1,6,18,9|10
55032_12-10-2025,JBR,RFR,,7.5,6,18,10|11
55032_12-10-2025,RFR,BUR,,9.0,6,18,11|12
55032_12-10-2025,BUR,BUW,,10.1,6,18,12|13
55032_12-10-2025,BUW,CKG,,6.3,6,19,13|14
55032_12-10-2025,CKG,GHT,,6.5,6,19,14|15
55032_12-10-2025,GHT,JLD,,7.8,6,19,15|16
55032_12-10-2025,JLD,SUJ,,11.8,6,19,16|17
55032_12-10-2025,SUJ,CLJ,,14.7,6,19,17|18
55032_12-10-2025,CLJ,KSR,,7.6,6,19,18|19
55032_12-10-2025,KSR,MIR,,26.3,6,19,19|20
55032_12-10-2025,MIR,KTHL,,6.5,6,20,20|21
55032_12-10-2025,KTHL,GDK,,14.2,6,20,21|22
55032_12-10-2025,GDK,GD,,43.4,6,20,22|23
55046_23-09-2026,SPN,SXK,,4.0,2,14,0|1
55046_23-09-2026,SXK,ROZA,,14.1,2,14,1|2
55046_23-09-2026,ROZA,UCH,,16.6,2,14,2|3
55046_23-09-2026,UCH,JBG,,13.6,2,15,3|4
55046_23-09-2026,JBG,JKH,,12.6,2,15,4|5
55046_23-09-2026,JKH,MINJ,,18.6,2,15,5|6
55046_23-09-2026,MINJ,MAHO,,22.7,2,15,6|7
55046_23-09-2026,MAHO,HMP,,13.4,2,16,7|8
55046_23-09-2026,HMP,SPC,,44.0,2,16,8|9
55046_23-09-2026,SPC,STRK,,36.5,2,17,9|10
55046_23-09-2026,STRK,SCC,,10.1,2,17,10|11
55134_04-02-2026,MUV,BSB,,14.4,2,15,0|1
55134_04-02-2026,BSB,BCY,,28.7,2,15,1|2
55134_04-02-2026,BCY,SRNT,,13.5,2,16,2|3
55134_04-02-2026,SRNT,KDQ,,10.3,2,16,3|4
55134_04-02-2026,KDQ,RJI,,8.0,2,16,4|5
55134_04-02-2026,RJI,ARJ,,12.2,2,16,5|6
55134_04-02-2026,ARJ,SYH,,16.5,2,16,6|7
55134_04-02-2026,SYH,TRN,,8.7,2,17,7|8
55134_04-02-2026,TRN,BSCK,,7.0,2,17,8|9
55134_04-02-2026,BSCK,NDJ,,6.7,2,17,9|10
55134_04-02-2026,NDJ,SAHR,,7.2,2,17,10|11
55134_04-02-2026,SAHR,AKS,,9.6,2,17,11|12
55134_04-02-2026,AKS,GCT,,25.7,2,17,12|13
55134_04-02-2026,GCT,GZT,,10.3,2,18,13|14
55134_04-02-2026,GZT,SBK,,8.6,2,18,14|15
55134_04-02-2026,SBK,YFP,,9.8,2,18,15|16
55134_04-02-2026,YFP,DDD,,8.9,2,18,16|17
55134_04-02-2026,DDD,KMDR,,9.9,2,18,17|18
55134_04-02-2026,KMDR,TJD,,17.9,2,19,18|19
55134_04-02-2026,TJD,CBN,,7.3,2,19,19|20
55134_04-02-2026,CBN,PEP,,12.1,2,19,20|21
55134_04-02-2026,PEP,SVI,,11.5,2,19,21|22
55134_04-02-2026,SVI,BUI,,39.1,2,19,22|23
55211_17-08-2026,MFP,KVC,,7.8,0,8,0|1
55211_17-08-2026,KVC,KTI,,5.4,0,8,1|2
55211_17-08-2026,KTI,NRV,,11.1,0,8,2|3
55211_17-08-2026,NRV,MTR,,18.0,0,8,3|4
55211_17-08-2026,MTR,MHL,,8.6,0,8,4|5
55211_17-08-2026,MHL,MAI,,8.9,0,8,5|6
55211_17-08-2026,MAI,HRNG,,9.3,0,9,6|7
55211_17-08-2026,HRNG,CAA,,9.6,0,9,7|8
55211_17-08-2026,CAA,PPA,,37.8,0,9,8|9
55211_17-08-2026,PPA,JDR,,102.4,0,9,9|10
55211_17-08-2026,JDR,BMKI,,1.3,0,11,10|11
55211_17-08-2026,BMKI,MKI,,4.2,0,11,11|12
55211_17-08-2026,MKI,SRA,,5.3,0,11,12|13
55211_17-08-2026,SRA,SGL,,48.5,0,11,13|14
55211_17-08-2026,SGL,RGH,,36.1,0,12,14|15
55211_17-08-2026,RGH,MSDH,,5.0,0,13,15|16
55211_17-08-2026,MSDH,RXL,,25.5,0,13,16|17
55246_01-05-2026,SEE,HJP,,8.1,4,21,0|1
55246_01-05-2026,HJP,AYRN,,19.5,4,22,1|2
55246_01-05-2026,AYRN,CSR,,11.5,4,22,2|3
55246_01-05-2026,CSR,DES,,37.5,4,22,3|4
55246_01-05-2026,DES,SDG,,6.3,4,23,4|5
55246_01-05-2026,SDG,MNO,,6.5,4,23,5|6
55246_01-05-2026,MNO,SPP,,11.8,4,23,6|7
55246_01-05-2026,SPP,NNNL,,9.6,4,23,7|8
55246_01-05-2026,NNNL,MOG,,18.7,4,23,8|9
55246_01-05-2026,MOG,HBP,,9.9,5,0,9|10
55246_01-05-2026,HBP,VPN,,6.2,5,0,10|11
55246_01-05-2026,VPN,BCA,,19.4,5,0,11|12
55246_01-05-2026,BCA,TGA,,14.1,5,0,12|13
55246_01-05-2026,TGA,BUJ,,7.0,5,0,13|14
55246_01-05-2026,BUJ,BJU,,13.7,5,0,14|15
55328_05-12-2025,FBD,FGR,,13.8,4,5,0|1
55328_05-12-2025,FGR,YAG,,10.1,4,6,1|2
55328_05-12-2025,YAG,KLJ,,12.5,4,6,2|3
55328_05-12-2025,KLJ,SGRP,,13.9,4,6,3|4
55328_05-12-2025,SGRP,KDJ,,6.4,4,6,4|5
55328_05-12-2025,KDJ,MLKP,,4.8,4,6,5|6
55328_05-12-2025,MLKP,GHJ,,5.0,4,6,6|7
55328_05-12-2025,GHJ,KHDP,,7.5,4,6,7|8
55328_05-12-2025,KHDP,JDA,,4.2,4,7,8|9
55328_05-12-2025,JDA,JPP,,5.5,4,7,9|10
55328_05-12-2025,JPP,KJNC,,4.6,4,7,10|11
55328_05-12-2025,KJNC,KJN,,4.0,4,7,11|12
55328_05-12-2025,KJN,MNMU,,7.0,4,7,12|13
55328_05-12-2025,MNMU,ARL,,16.1,4,7,13|14
55328_05-12-2025,ARL,BLU,,16.5,4,7,14|15
55328_05-12-2025,BLU,DUO,,8.3,4,7,15|16
55328_05-12-2025,DUO,UTP,,5.7,4,8,16|17
55328_05-12-2025,UTP,BJR,,6.6,4,8,17|18
55328_05-12-2025,BJR,CBR,,13.7,4,8,18|19
55328_05-12-2025,CBR,MDA,,11.5,4,8,19|20
55328_05-12-2025,MDA,KAP,,9.7,4,8,20|21
55328_05-12-2025,KAP,RPO,,14.1,4,8,21|22
55328_05-12-2025,RPO,CPA,,12.9,4,9,22|23
55328_05-12-2025,CPA,CNB,,12.8,4,9,23|24
55329_15-12-2025,SKB,BUBT,,16.3,0,16,0|1
55329_15-12-2025,BUBT,AON,,6.2,0,16,1|2
55329_15-12-2025,AON,TKHA,,9.4,0,16,2|3
55329_15-12-2025,TKHA,KOZ,,8.5,0,16,3|4
55329_15-12-2025,KOZ,TNUE,,15.6,0,16,4|5
55329_15-12-2025,TNUE,MNQ,,19.8,0,17,5|6
55329_15-12-2025,MNQ,MPUE,,23.1,0,17,6|7
55329_15-12-2025,MPUE,BGQ,,13.0,0,17,7|8
55329_15-12-2025,BGQ,TKRU,,6.1,0,18,8|9
55329_15-12-2025,TKRU,MOTA,,11.4,0,18,9|10
55329_15-12-2025,MOTA,PKNA,,8.7,0,18,10|11
55329_15-12-2025,PKNA,BBLK,,16.8,0,18,11|12
55329_15-12-2025,BBLK,NBUE,,5.9,0,18,12|13
55329_15-12-2025,NBUE,UGP,,12.5,0,18,13|14
55329_15-12-2025,UGP,SRDW,,4.4,0,19,14|15
55329_15-12-2025,SRDW,FBD,,79.8,0,19,15|16
55329_15-12-2025,FBD,HSY,,22.8,0,20,16|17
55329_15-12-2025,HSY,SHX,,4.9,0,20,17|18
55329_15-12-2025,SHX,SSD,,16.3,0,20,18|19
55329_15-12-2025,SSD,BHTS,,7.1,0,21,19|20
55329_15-12-2025,BHTS,KMJ,,6.1,0,21,20|21
55329_15-12-2025,KMJ,KXF,,11.4,0,21,21|22
55329_15-12-2025,KXF,RDN,,6.3,0,21,22|23
55329_15-12-2025,RDN,BAPR,,13.7,0,21,23|24
55329_15-12-2025,BAPR,DRO,,5.3,0,21,24|25
55329_15-12-2025,DRO,NHX,,7.3,0,22,25|26
55329_15-12-2025,NHX,PTI,,6.6,0,22,26|27
55329_15-12-2025,PTI,GWA,,6.3,0,22,27|28
55329_15-12-2025,GWA,GRAK,,6.8,0,22,28|29
55329_15-12-2025,GRAK,SWRT,,12.5,0,22,29|30
55329_15-12-2025,SWRT,BHK,,9.2,0,22,30|31
55329_15-12-2025,BHK,KSJ,,29.5,0,22,31|32
55529_21-12-2025,SPJ,KPGM,,9.0,6,7,0|1
55529_21-12-2025,KPGM,KRBP,,0.8,6,7,1|2
55529_21-12-2025,KRBP,DUBH,,18.5,6,7,2|3
55529_21-12-2025,DUBH,DOL,,8.1,6,8,3|4
55529_21-12-2025,DOL,SIHO,,9.6,6,8,4|5
55529_21-12-2025,SIHO,SLT,,22.1,6,8,5|6
55529_21-12-2025,SLT,NRPA,,28.2,6,8,6|7
55529_21-12-2025,NRPA,MFP,,23.1,6,9,7|8
55529_21-12-2025,MFP,KVC,,31.1,6,9,8|9
55529_21-12-2025,KVC,KTI,,7.0,6,10,9|10
55529_21-12-2025,KTI,NRV,,12.9,6,10,10|11
55529_21-12-2025,NRV,MTR,,19.6,6,10,11|12
55529_21-12-2025,MTR,MHL,,7.5,6,10,12|13
55529_21-12-2025,MHL,MAI,,9.7,6,10,13|14
55529_21-12-2025,MAI,HRNG,,6.9,6,11,14|15
55529_21-12-2025,HRNG,CAA,,5.9,6,11,15|16
55529_21-12-2025,CAA,PPA,,26.1,6,11,16|17
55529_21-12-2025,PPA,JDR,,19.0,6,11,17|18
55529_21-12-2025,JDR,MKI,,26.4,6,12,18|19
55529_21-12-2025,MKI,BMKI,,4.0,6,12,19|20
55529_21-12-2025,BMKI,SRA,,15.4,6,12,20|21
55529_21-12-2025,SRA,SGL,,14.7,6,12,21|22
55529_21-12-2025,SGL,RGH,,36.5,6,13,22|23
55529_21-12-2025,RGH,RXL,,20.2,6,13,23|24
55540_25-07-2026,HJP,AYRN,,14.9,5,14,0|1
55540_25-07-2026,AYRN,CSR,,7.9,5,14,1|2
55540_25-07-2026,CSR,DES,,15.7,5,15,2|3
55540_25-07-2026,DES,SDG,,9.7,5,15,3|4
55540_25-07-2026,SDG,MNO,,7.9,5,15,4|5
55540_25-07-2026,MNO,SPP,,26.8,5,15,5|6
55540_25-07-2026,SPP,NNNL,,15.9,5,16,6|7
55540_25-07-2026,NNNL,MOG,,19.0,5,16,7|8
55540_25-07-2026,MOG,HBP,,8.3,5,16,8|9
55540_25-07-2026,HBP,VPN,,27.1,5,16,9|10
55540_25-07-2026,VPN,BCA,,56.4,5,17,10|11
55540_25-07-2026,BCA,TGA,,15.1,5,18,11|12
55540_25-07-2026,TGA,BJU,,22.6,5,18,12|13
55540_25-07-2026,BJU,TIL,,24.2,5,18,13|14
55540_25-07-2026,TIL,BGS,,10.8,5,19,14|15
55540_25-07-2026,BGS,LAK,,25.0,5,19,15|16
55540_25-07-2026,LAK,DPL,,18.6,5,19,16|17
55540_25-07-2026,DPL,LKN,,5.3,5,20,17|18
55540_25-07-2026,LKN,SKJ,,10.1,5,20,18|19
55540_25-07-2026,SKJ,UMNR,,11.4,5,20,19|20
55540_25-07-2026,UMNR,KGG,,16.7,5,20,20|21
55540_25-07-2026,KGG,MNE,,17.3,5,20,21|22
55540_25-07-2026,MNE,MSK,,15.8,5,21,22|23
55540_25-07-2026,MSK,PSR,,15.5,5,21,23|24
55540_25-07-2026,PSR,NNR,,22.0,5,21,24|25
55540_25-07-2026,NNR,THB,,10.0,5,22,25|26
55540_25-07-2026,THB,NNA,,18.4,5,22,26|27
55540_25-07-2026,NNA,KTRH,,22.3,5,22,27|28
55540_25-07-2026,KTRH,KUE,,15.4,5,22,28|29
55540_25-07-2026,KUE,CRR,,19.4,5,23,29|30
55540_25-07-2026,CRR,SMO,,16.5,5,23,30|31
55540_25-07-2026,SMO,KIR,,23.9,5,23,31|32
55811_04-06-2026,GHY,NNGE,,10.9,3,6,0|1
55811_04-06-2026,NNGE,PHI,,10.9,3,6,1|2
55811_04-06-2026,PHI,TKC,,10.7,3,6,2|3
55811_04-06-2026,TKC,PNB,,11.9,3,6,3|4
55811_04-06-2026,PNB,DGU,,29.1,3,6,4|5
55811_04-06-2026,DGU,TTLA,,12.0,3,7,5|6
55811_04-06-2026,TTLA,KKET,,12.8,3,7,6|7
55811_04-06-2026,KKET,BRHU,,10.1,3,7,7|8
55811_04-06-2026,BRHU,JID,,14.7,3,7,8|9
55811_04-06-2026,JID,AJRE,,8.5,3,8,9|10
55811_04-06-2026,AJRE,DML,,21.7,3,8,10|11
55811_04-06-2026,DML,TGE,,26.8,3,8,11|12
55811_04-06-2026,TGE,CPK,,20.8,3,9,12|13
55811_04-06-2026,CPK,LPN,,16.3,3,9,13|14
55811_04-06-2026,LPN,KWM,,17.9,3,9,14|15
55811_04-06-2026,KWM,JMK,,13.4,3,9,15|16
55811_04-06-2026,JMK,JGJN,,16.6,3,10,16|17
55811_04-06-2026,JGJN,HJI,,11.0,3,10,17|18
55811_04-06-2026,HJI,DHRY,,13.1,3,10,18|19
55811_04-06-2026,DHRY,LKA,,15.2,3,10,19|20
55811_04-06-2026,LKA,HWX,,9.0,3,11,20|21
55811_04-06-2026,HWX,LKG,,31.5,3,11,21|22
55811_04-06-2026,LKG,PKB,,20.7,3,11,22|23
55811_04-06-2026,PKB,LMG,,27.8,3,12,23|24
55905_15-07-2026,DBRT,CKW,,9.7,2,7,0|1
55905_15-07-2026,CKW,LHL,,9.3,2,7,1|2
55905_15-07-2026,LHL,DKM,,12.4,2,7,2|3
55905_15-07-2026,DKM,CHB,,13.8,2,7,3|4
55905_15-07-2026,CHB,PNT,,15.0,2,7,4|5
55905_15-07-2026,PNT,NTSK,,23.1,2,8,5|6
55905_15-07-2026,NTSK,TSK,,19.5,2,8,6|7
55905_15-07-2026,TSK,MJN,,12.1,2,8,7|8
55905_15-07-2026,MJN,TII,,20.2,2,9,8|9
55905_15-07-2026,TII,DBY,,16.8,2,9,9|10
55905_15-07-2026,DBY,MRG,,19.8,2,9,10|11
55905_15-07-2026,MRG,BGLI,,10.2,2,9,11|12
55905_15-07-2026,BGLI,LEDO,,40.0,2,10,12|13
55907_19-11-2025,DBRT,CKW,,9.2,2,16,0|1
55907_19-11-2025,CKW,LHL,,9.3,2,16,1|2
55907_19-11-2025,LHL,DKM,,11.9,2,16,2|3
55907_19-11-2025,DKM,CHB,,13.4,2,16,3|4
55907_19-11-2025,CHB,PNT,,18.3,2,17,4|5
55907_19-11-2025,PNT,NTSK,,39.2,2,17,5|6
55907_19-11-2025,NTSK,TSK,,21.7,2,18,6|7
55907_19-11-2025,TSK,MJN,,9.8,2,18,7|8
55907_19-11-2025,MJN,TII,,27.8,2,18,8|9
55907_19-11-2025,TII,DBY,,13.9,2,19,9|10
55907_19-11-2025,DBY,MRG,,16.5,2,19,10|11
55907_19-11-2025,MRG,BGLI,,7.5,2,19,11|12
55907_19-11-2025,BGLI,LEDO,,20.5,2,19,12|13
56010_14-11-2025,VLR,VT,,0.3,4,16,0|1
56010_14-11-2025,VT,KPD,,18.7,4,16,1|2
56010_14-11-2025,KPD,SVUR,,40.1,4,16,2|3
56010_14-11-2025,SVUR,THL,,7.4,4,17,3|4
56010_14-11-2025,THL,MCN,,37.0,4,17,4|5
56010_14-11-2025,MCN,WJR,,6.6,4,17,5|6
56010_14-11-2025,WJR,MRLM,,7.4,4,18,6|7
56010_14-11-2025,MRLM,TUG,,1.4,4,18,7|8
56010_14-11-2025,TUG,SHU,,3.8,4,18,8|9
56010_14-11-2025,SHU,AVN,,12.6,4,18,9|10
56010_14-11-2025,AVN,CTRE,,5.2,4,18,10|11
56010_14-11-2025,CTRE,AJJ,,26.0,4,18,11|12
56136_24-03-2026,MTP,HLG,,94.8,1,7,0|1
56136_24-03-2026,HLG,ONR,,104.6,1,8,1|2
56136_24-03-2026,ONR,WEL,,16.7,1,10,2|3
56136_24-03-2026,WEL,AVK,,12.0,1,10,3|4
56136_24-03-2026,AVK,KXT,,20.0,1,11,4|5
56136_24-03-2026,KXT,LOV,,19.5,1,11,5|6
56136_24-03-2026,LOV,UAM,,20.7,1,11,6|7
56230_22-02-2026,SBC,NYH,,15.9,6,16,0|1
56230_22-02-2026,NYH,GNB,,3.0,6,16,1|2
56230_22-02-2026,GNB,KGI,,4.9,6,16,2|3
56230_22-02-2026,KGI,HJL,,8.7,6,17,3|4
56230_22-02-2026,HJL,BID,,5.2,6,17,4|5
56230_22-02-2026,BID,KHLL,,12.6,6,17,5|6
56230_22-02-2026,KHLL,RMGM,,6.4,6,17,6|7
56230_22-02-2026,RMGM,CPT,,8.8,6,17,7|8
56230_22-02-2026,CPT,SET,,7.0,6,17,8|9
56230_22-02-2026,SET,NZH,,9.8,6,17,9|10
56230_22-02-2026,NZH,MAD,,4.2,6,17,10|11
56230_22-02-2026,MAD,HNK,,10.3,6,18,11|12
56230_22-02-2026,HNK,MYA,,10.3,6,18,12|13
56230_22-02-2026,MYA,Y,,9.3,6,18,13|14
56230_22-02-2026,Y,BDRL,,10.3,6,18,14|15
56230_22-02-2026,BDRL,CGKR,,4.1,6,18,15|16
56230_22-02-2026,CGKR,CGKP,,5.9,6,18,16|17
56230_22-02-2026,CGKP,PANP,,5.9,6,18,17|18
56230_22-02-2026,PANP,S,,4.9,6,18,18|19
56230_22-02-2026,S,NHY,,12.1,6,19,19|20
56230_22-02-2026,NHY,MNGT,,35.1,6,19,20|21
56230_22-02-2026,MNGT,MYS,,19.4,6,19,21|22
56233_06-06-2026,SBC,NYH,,13.1,5,5,0|1
56233_06-06-2026,NYH,GNB,,2.6,5,5,1|2
56233_06-06-2026,GNB,KGI,,4.5,5,5,2|3
56233_06-06-2026,KGI,HJL,,33.6,5,5,3|4
56233_06-06-2026,HJL,BID,,3.1,5,6,4|5
56233_06-06-2026,BID,KHLL,,5.3,5,6,5|6
56233_06-06-2026,KHLL,RMGM,,4.8,5,6,6|7
56233_06-06-2026,RMGM,CPT,,11.9,5,6,7|8
56233_06-06-2026,CPT,SET,,41.4,5,6,8|9
56233_06-06-2026,SET,NZH,,0.4,5,7,9|10
56233_06-06-2026,NZH,MAD,,0.3,5,7,10|11
56233_06-06-2026,MAD,HNK,,6.8,5,7,11|12
56233_06-06-2026,HNK,MYA,,31.0,5,7,12|13
56233_06-06-2026,MYA,Y,,12.0,5,8,13|14
56233_06-06-2026,Y,CGKP,,4.6,5,8,14|15
56233_06-06-2026,CGKP,CGKR,,1.3,5,8,15|16
56233_06-06-2026,CGKR,BDRL,,0.1,5,8,16|17
56233_06-06-2026,BDRL,PANP,,5.6,5,8,17|18
56233_06-06-2026,PANP,S,,5.7,5,8,18|19
56233_06-06-2026,S,NHY,,9.8,5,8,19|20
56233_06-06-2026,NHY,MNGT,,22.1,5,8,20|21
56233_06-06-2026,MNGT,MYS,,9.8,5,9,21|22
56268_05-08-2026,MYS,BLGA,,11.8,2,18,0|1
56268_05-08-2026,BLGA,KJS,,3.1,2,18,1|2
56268_05-08-2026,KJS,KLYH,,9.2,2,18,2|3
56268_05-08-2026,KLYH,STE,,4.9,2,18,3|4
56268_05-08-2026,STE,DOY,,9.5,2,18,4|5
56268_05-08-2026,DOY,KRNR,,5.7,2,19,5|6
56268_05-08-2026,KRNR,HPA,,4.6,2,19,6|7
56268_05-08-2026,HPA,ARNH,,6.3,2,19,7|8
56268_05-08-2026,ARNH,HAH,,7.6,2,19,8|9
56268_05-08-2026,HAH,AKK,,10.0,2,19,9|10
56268_05-08-2026,AKK,BRBL,,4.4,2,19,10|11
56268_05-08-2026,BRBL,MGF,,11.1,2,19,11|12
56268_05-08-2026,MGF,SRVN,,6.5,2,19,12|13
56268_05-08-2026,SRVN,ANC,,4.9,2,20,13|14
56268_05-08-2026,ANC,HLN,,8.7,2,20,14|15
56268_05-08-2026,HLN,MVC,,13.7,2,20,15|16
56268_05-08-2026,MVC,HAS,,21.8,2,20,16|17
56268_05-08-2026,HAS,BGPA,,24.2,2,20,17|18
56268_05-08-2026,BGPA,HHT,,22.0,2,21,18|19
56268_05-08-2026,HHT,ASK,,55.9,2,21,19|20
56273_25-08-2026,ASK,BVR,,12.9,1,5,0|1
56273_25-08-2026,BVR,VNR,,13.7,1,5,1|2
56273_25-08-2026,VNR,BLKR,,10.2,1,5,2|3
56273_25-08-2026,BLKR,DRU,,6.1,1,5,3|4
56273_25-08-2026,DRU,RRB,,8.3,1,6,4|5
56273_25-08-2026,RRB,NVF,,11.1,1,6,5|6
56273_25-08-2026,NVF,AJP,,9.2,1,6,6|7
56273_25-08-2026,AJP,SHV,,13.4,1,6,7|8
56273_25-08-2026,SHV,HSD,,12.0,1,6,8|9
56273_25-08-2026,HSD,ABGT,,3.6,1,6,9|10
56273_25-08-2026,ABGT,RGI,,5.3,1,7,10|11
56273_25-08-2026,RGI,HLK,,10.4,1,7,11|12
56273_25-08-2026,HLK,JRU,,13.7,1,7,12|13
56273_25-08-2026,JRU,SLU,,11.0,1,7,13|14
56273_25-08-2026,SLU,MYK,,8.0,1,7,14|15
56273_25-08-2026,MYK,KAG,,7.7,1,7,15|16
56273_25-08-2026,KAG,HNH,,19.4,1,7,16|17
56273_25-08-2026,HNH,THN,,16.3,1,8,17|18
56273_25-08-2026,THN,DVG,,10.4,1,8,18|19
56273_25-08-2026,DVG,HRR,,16.9,1,8,19|20
56273_25-08-2026,HRR,CLI,,13.7,1,9,20|21
56273_25-08-2026,CLI,RNR,,13.0,1,9,21|22
56273_25-08-2026,RNR,DAD,,11.0,1,9,22|23
56273_25-08-2026,DAD,BYD,,11.5,1,9,23|24
56273_25-08-2026,BYD,HVR,,12.6,1,9,24|25
56273_25-08-2026,HVR,KJG,,11.7,1,10,25|26
56273_25-08-2026,KJG,KVS,,3.8,1,10,26|27
56273_25-08-2026,KVS,SVNR,,9.3,1,10,27|28
56273_25-08-2026,SVNR,YLG,,11.0,1,10,28|29
56273_25-08-2026,YLG,KALS,,7.4,1,10,29|30
56273_25-08-2026,KALS,GDI,,9.3,1,10,30|31
56273_25-08-2026,GDI,SNH,,12.8,1,10,31|32
56273_25-08-2026,SNH,KNO,,16.1,1,11,32|33
56273_25-08-2026,KNO,UBL,,80.0,1,11,33|34
56317_29-08-2026,KCVL,TVP,,3.1,5,10,0|1
56317_29-08-2026,TVP,TVC,,8.5,5,10,1|2
56317_29-08-2026,TVC,NEM,,19.9,5,11,2|3
56317_29-08-2026,NEM,BRAM,,9.7,5,11,3|4
56317_29-08-2026,BRAM,NYY,,4.2,5,11,4|5
56317_29-08-2026,NYY,AMVA,,3.1,5,11,5|6
56317_29-08-2026,AMVA,DAVM,,2.3,5,11,6|7
56317_29-08-2026,DAVM,PASA,,19.6,5,11,7|8
56317_29-08-2026,PASA,KZTW,,4.9,5,12,8|9
56317_29-08-2026,KZTW,KZT,,3.8,5,12,9|10
56317_29-08-2026,KZT,PYD,,7.8,5,12,10|11
56317_29-08-2026,PYD,ERL,,6.4,5,12,11|12
56317_29-08-2026,ERL,VRLR,,6.2,5,12,12|13
56317_29-08-2026,VRLR,NJT,,5.5,5,12,13|14
56317_29-08-2026,NJT,NCJ,,44.7,5,12,14|15
56391_09-11-2025,ERS,TRTR,,12.8,6,18,0|1
56391_09-11-2025,TRTR,KFE,,4.8,6,18,1|2
56391_09-11-2025,KFE,MNTT,,4.8,6,18,2|3
56391_09-11-2025,MNTT,KPTM,,11.1,6,18,3|4
56391_09-11-2025,KPTM,PVRD,,7.0,6,18,4|5
56391_09-11-2025,PVRD,VARD,,14.2,6,18,5|6
56391_09-11-2025,VARD,KDTY,,16.3,6,19,6|7
56391_09-11-2025,KDTY,KRPP,,3.7,6,19,7|8
56391_09-11-2025,KRPP,ETM,,7.8,6,19,8|9
56391_09-11-2025,ETM,KFQ,,5.6,6,19,9|10
56391_09-11-2025,KFQ,KTYM,,15.8,6,19,10|11
56391_09-11-2025,KTYM,CGV,,11.1,6,19,11|12
56391_09-11-2025,CGV,CGY,,9.3,6,20,12|13
56391_09-11-2025,CGY,TRVL,,8.8,6,20,13|14
56391_09-11-2025,TRVL,CNGR,,9.2,6,20,14|15
56391_09-11-2025,CNGR,CYN,,6.6,6,20,15|16
56391_09-11-2025,CYN,MVLK,,12.6,6,20,16|17
56391_09-11-2025,MVLK,KYJ,,10.7,6,20,17|18
56391_09-11-2025,KYJ,OCR,,8.9,6,21,18|19
56391_09-11-2025,OCR,KPY,,9.4,6,21,19|20
56391_09-11-2025,KPY,STKT,,9.6,6,21,20|21
56391_09-11-2025,STKT,MQO,,6.6,6,21,21|22
56391_09-11-2025,MQO,PRND,,6.6,6,21,22|23
56391_09-11-2025,PRND,QLN,,56.6,6,21,23|24
56612_07-06-2026,NIL,VNB,,29.5,6,6,0|1
56612_07-06-2026,VNB,TDPM,,3.6,6,7,1|2
56612_07-06-2026,TDPM,TUV,,5.0,6,7,2|3
56612_07-06-2026,TUV,MLTR,,6.3,6,7,3|4
56612_07-06-2026,MLTR,PKQ,,8.5,6,7,4|5
56612_07-06-2026,PKQ,AAM,,12.0,6,7,5|6
56612_07-06-2026,AAM,CQA,,8.7,6,7,6|7
56612_07-06-2026,CQA,KZC,,10.3,6,8,7|8
56612_07-06-2026,KZC,VPZ,,6.3,6,8,8|9
56612_07-06-2026,VPZ,VDKS,,5.9,6,8,9|10
56612_07-06-2026,VDKS,SRR,,19.3,6,8,10|11
56616_14-01-2026,NIL,VNB,,10.5,2,11,0|1
56616_14-01-2026,VNB,TDPM,,6.3,2,12,1|2
56616_14-01-2026,TDPM,TUV,,6.1,2,12,2|3
56616_14-01-2026,TUV,MLTR,,7.5,2,12,3|4
56616_14-01-2026,MLTR,PKQ,,9.4,2,12,4|5
56616_14-01-2026,PKQ,AAM,,12.7,2,12,5|6
56616_14-01-2026,AAM,CQA,,9.6,2,12,6|7
56616_14-01-2026,CQA,KZC,,28.5,2,12,7|8
56616_14-01-2026,KZC,VPZ,,5.8,2,13,8|9
56616_14-01-2026,VPZ,VDKS,,4.6,2,13,9|10
56616_14-01-2026,VDKS,SRR,,17.8,2,13,10|11
56621_07-07-2026,SRR,VDKS,,3.8,1,20,0|1
56621_07-07-2026,VDKS,VPZ,,7.0,1,20,1|2
56621_07-07-2026,VPZ,KZC,,6.4,1,20,2|3
56621_07-07-2026,KZC,CQA,,7.6,1,20,3|4
56621_07-07-2026,CQA,AAM,,8.4,1,20,4|5
56621_07-07-2026,AAM,PKQ,,12.6,1,20,5|6
56621_07-07-2026,PKQ,MLTR,,8.1,1,20,6|7
56621_07-07-2026,MLTR,TUV,,6.6,1,20,7|8
56621_07-07-2026,TUV,TDPM,,6.6,1,21,8|9
56621_07-07-2026,TDPM,VNB,,3.8,1,21,9|10
56621_07-07-2026,VNB,NIL,,23.8,1,21,10|11
56726_12-05-2026,RMM,PBM,,11.4,1,17,0|1
56726_12-05-2026,PBM,MMM,,33.4,1,17,1|2
56726_12-05-2026,MMM,MC,,2.8,1,18,2|3
56726_12-05-2026,MC,PPVL,,9.3,1,18,3|4
56726_12-05-2026,PPVL,UCP,,1.6,1,18,4|5
56726_12-05-2026,UCP,VTV,,10.5,1,18,5|6
56726_12-05-2026,VTV,RMD,,12.3,1,18,6|7
56726_12-05-2026,RMD,SQD,,13.1,1,18,7|8
56726_12-05-2026,SQD,PMK,,16.7,1,19,8|9
56726_12-05-2026,PMK,SUX,,15.1,1,19,9|10
56726_12-05-2026,SUX,MNM,,29.9,1,19,10|11
56726_12-05-2026,MNM,RAGM,,9.6,1,20,11|12
56726_12-05-2026,RAGM,TPC,,14.4,1,20,12|13
56726_12-05-2026,TPC,TVN,,9.0,1,20,13|14
56726_12-05-2026,TVN,ILA,,8.8,1,20,14|15
56726_12-05-2026,ILA,MES,,9.3,1,20,15|16
56726_12-05-2026,MES,MDU,,21.6,1,21,16|17
56736_16-03-2026,SCT,TSI,,12.4,0,15,0|1
56736_16-03-2026,TSI,KDNL,,22.3,0,16,1|2
56736_16-03-2026,KDNL,PBKS,,10.7,0,16,2|3
56736_16-03-2026,PBKS,SNKL,,12.0,0,16,3|4
56736_16-03-2026,SNKL,RJPM,,36.0,0,16,4|5
56736_16-03-2026,RJPM,SVPR,,9.7,0,17,5|6
56736_16-03-2026,SVPR,SVKS,,19.4,0,17,6|7
56736_16-03-2026,SVKS,TTL,,3.8,0,17,7|8
56736_16-03-2026,TTL,VPT,,25.4,0,18,8|9
56736_16-03-2026,VPT,KGD,,11.9,0,18,9|10
56736_16-03-2026,KGD,SVK,,11.2,0,18,10|11
56736_16-03-2026,SVK,TMQ,,10.6,0,18,11|12
56736_16-03-2026,TMQ,TDN,,8.5,0,19,12|13
56736_16-03-2026,TDN,MDU,,29.1,0,19,13|14
56860_24-05-2026,VM,MYP,,5.5,6,5,0|1
56860_24-05-2026,MYP,VVN,,4.7,6,5,1|2
56860_24-05-2026,VVN,PEI,,7.7,6,5,2|3
56860_24-05-2026,PEI,MTL,,6.7,6,5,3|4
56860_24-05-2026,MTL,TMV,,6.9,6,5,4|5
56860_24-05-2026,TMV,OLA,,11.7,6,5,5|6
56860_24-05-2026,OLA,KSGL,,4.6,6,5,6|7
56860_24-05-2026,KSGL,TZD,,3.9,6,5,7|8
56860_24-05-2026,TZD,ACK,,3.9,6,5,8|9
56860_24-05-2026,ACK,MLMR,,4.8,6,5,9|10
56860_24-05-2026,MLMR,MMK,,9.9,6,6,10|11
56860_24-05-2026,MMK,KGZ,,4.9,6,6,11|12
56860_24-05-2026,KGZ,PTM,,5.1,6,6,12|13
56860_24-05-2026,PTM,OV,,4.5,6,6,13|14
56860_24-05-2026,OV,CGL,,20.2,6,6,14|15
56860_24-05-2026,CGL,PWU,,6.9,6,6,15|16
56860_24-05-2026,PWU,SKL,,4.0,6,6,16|17
56860_24-05-2026,SKL,MMNK,,6.2,6,6,17|18
56860_24-05-2026,MMNK,CTM,,3.5,6,7,18|19
56860_24-05-2026,CTM,POTI,,2.0,6,7,19|20
56860_24-05-2026,POTI,GI,,11.1,6,7,20|21
56860_24-05-2026,GI,UPM,,12.0,6,7,21|22
56860_24-05-2026,UPM,VDR,,11.3,6,7,22|23
56860_24-05-2026,VDR,PRGL,,11.0,6,7,23|24
56860_24-05-2026,PRGL,TBM,,11.9,6,7,24|25
57140_13-12-2025,MUGR,AWM,,19.8,5,20,0|1
57140_13-12-2025,AWM,BDCR,,64.9,5,20,1|2
57140_13-12-2025,BDCR,BTPD,,26.7,5,21,2|3
57140_13-12-2025,BTPD,TPY,,8.6,5,22,3|4
57140_13-12-2025,TPY,CMW,,11.9,5,22,4|5
57140_13-12-2025,CMW,GHPU,,21.4,5,22,5|6
57140_13-12-2025,GHPU,KRA,,7.4,5,23,6|7
57140_13-12-2025,KRA,PCZ,,16.7,5,23,7|8
57140_13-12-2025,PCZ,DKJ,,20.0,5,23,8|9
57140_13-12-2025,DKJ,GLA,,27.5,5,23,9|10
57140_13-12-2025,GLA,GUU,,4.9,6,0,10|11
57140_13-12-2025,GUU,MABD,,6.7,6,0,11|12
57140_13-12-2025,MABD,TAA,,7.0,6,0,12|13
57140_13-12-2025,TAA,KDM,,4.3,6,0,13|14
57140_13-12-2025,KDM,INK,,8.4,6,0,14|15
57140_13-12-2025,INK,NKD,,12.7,6,0,15|16
57140_13-12-2025,NKD,YGL,,14.1,6,1,16|17
57140_13-12-2025,YGL,CLE,,9.8,6,1,17|18
57140_13-12-2025,CLE,WL,,17.2,6,1,18|19
57140_13-12-2025,WL,KZJ,,29.8,6,1,19|20
57140_13-12-2025,KZJ,PQL,,7.9,6,2,20|21
57140_13-12-2025,PQL,GNP,,9.4,6,2,21|22
57140_13-12-2025,GNP,RGP,,13.4,6,2,22|23
57140_13-12-2025,RGP,ZN,,8.6,6,2,23|24
57140_13-12-2025,ZN,PBP,,9.2,6,2,24|25
57140_13-12-2025,PBP,ALER,,13.1,6,2,25|26
57140_13-12-2025,ALER,WP,,12.6,6,3,26|27
57140_13-12-2025,WP,RAG,,7.8,6,3,27|28
57140_13-12-2025,RAG,BG,,9.0,6,3,28|29
57140_13-12-2025,BG,PGDP,,15.5,6,3,29|30
57140_13-12-2025,PGDP,BN,,3.4,6,3,30|31
57140_13-12-2025,BN,GT,,17.7,6,4,31|32
57140_13-12-2025,GT,CHZ,,17.1,6,4,32|33
57140_13-12-2025,CHZ,MLY,,7.7,6,4,33|34
57140_13-12-2025,MLY,SC,,7.4,6,4,34|35
57145_08-03-2026,DKJ,PCZ,,8.4,6,8,0|1
57145_08-03-2026,PCZ,KRA,,18.3,6,8,1|2
57145_08-03-2026,KRA,GHPU,,5.7,6,8,2|3
57145_08-03-2026,GHPU,CMW,,12.1,6,8,3|4
57145_08-03-2026,CMW,TPY,,7.5,6,8,4|5
57145_08-03-2026,TPY,BTPD,,14.3,6,8,5|6
57145_08-03-2026,BTPD,BDCR,,30.7,6,9,6|7
57241_06-06-2026,BTTR,SVPM,,3.7,5,4,0|1
57241_06-06-2026,SVPM,KVZ,,12.5,5,4,1|2
57241_06-06-2026,KVZ,TTU,,11.6,5,4,2|3
57241_06-06-2026,TTU,UPD,,14.3,5,4,3|4
57241_06-06-2026,UPD,SKM,,9.6,5,4,4|5
57241_06-06-2026,SKM,TNR,,9.4,5,4,5|6
57241_06-06-2026,TNR,SDM,,9.4,5,5,6|7
57241_06-06-2026,SDM,OGL,,13.9,5,5,7|8
57241_06-06-2026,OGL,KRV,,13.1,5,5,8|9
57241_06-06-2026,KRV,ANB,,6.7,5,5,9|10
57241_06-06-2026,ANB,UGD,,64.0,5,5,10|11
57241_06-06-2026,UGD,RPRL,,0.5,5,6,11|12
57241_06-06-2026,RPRL,CJM,,1.3,5,6,12|13
57241_06-06-2026,CJM,KVDU,,1.0,5,6,13|14
57241_06-06-2026,KVDU,KPLL,,1.7,5,6,14|15
57241_06-06-2026,KPLL,VTM,,2.3,5,6,15|16
57241_06-06-2026,VTM,JAQ,,2.5,5,7,16|17
57241_06-06-2026,JAQ,CLX,,11.7,5,7,17|18
57241_06-06-2026,CLX,IPPM,,10.2,5,7,18|19
57241_06-06-2026,IPPM,SPF,,2.1,5,7,19|20
57241_06-06-2026,SPF,IPPN,,2.5,5,7,20|21
57241_06-06-2026,IPPN,BPP,,23.1,5,7,21|22
57241_06-06-2026,BPP,APL,,5.4,5,7,22|23
57241_06-06-2026,APL,MCVM,,1.0,5,7,23|24
57241_06-06-2026,MCVM,NDO,,19.6,5,7,24|25
57241_06-06-2026,NDO,MDKU,,3.7,5,8,25|26
57241_06-06-2026,MDKU,TSR,,2.2,5,8,26|27
57241_06-06-2026,TSR,TEL,,19.7,5,8,27|28
57241_06-06-2026,TEL,KLX,,1.0,5,8,28|29
57241_06-06-2026,KLX,DIG,,3.4,5,8,29|30
57241_06-06-2026,DIG,CLVR,,3.5,5,8,30|31
57241_06-06-2026,CLVR,PVD,,3.3,5,8,31|32
57241_06-06-2026,PVD,KAQ,,3.5,5,8,32|33
57241_06-06-2026,KAQ,KCC,,6.6,5,8,33|34
57241_06-06-2026,KCC,BZA,,28.9,5,9,34|35
57286_08-08-2026,MCLA,RCA,,20.5,5,13,0|1
57286_08-08-2026,RCA,NDKD,,36.4,5,13,1|2
57456_14-09-2026,MBNR,DTP,,7.7,0,14,0|1
57456_14-09-2026,DTP,JCL,,8.4,0,14,1|2
57456_14-09-2026,JCL,GLY,,8.6,0,14,2|3
57456_14-09-2026,GLY,RJAP,,4.7,0,14,3|4
57456_14-09-2026,RJAP,RRGA,,5.4,0,14,4|5
57456_14-09-2026,RRGA,BABR,,7.2,0,14,5|6
57456_14-09-2026,BABR,SHNR,,15.1,0,15,6|7
57456_14-09-2026,SHNR,TMX,,17.3,0,15,7|8
57456_14-09-2026,TMX,UR,,26.3,0,15,8|9
57456_14-09-2026,UR,BDVL,,7.2,0,16,9|10
57456_14-09-2026,BDVL,NSVP,,3.8,0,16,10|11
57456_14-09-2026,NSVP,FM,,7.7,0,16,11|12
57456_14-09-2026,FM,HPG,,2.9,0,16,12|13
57456_14-09-2026,HPG,YKA,,2.9,0,16,13|14
57456_14-09-2026,YKA,DQR,,1.0,0,16,14|15
57456_14-09-2026,DQR,MXT,,2.0,0,16,15|16
57456_14-09-2026,MXT,KCG,,13.1,0,16,16|17
57504_18-07-2026,BDHN,GPBN,,1.7,5,19,0|1
57504_18-07-2026,GPBN,SKNR,,2.4,5,19,1|2
57504_18-07-2026,SKNR,YDP,,12.5,5,19,2|3
57504_18-07-2026,YDP,JKM,,15.8,5,20,3|4
57504_18-07-2026,JKM,NZB,,20.7,5,20,4|5
57539_14-05-2026,AK,SVW,,18.5,3,14,0|1
57539_14-05-2026,SVW,BSQ,,9.0,3,14,1|2
57539_14-05-2026,BSQ,LHD,,10.6,3,14,2|3
57539_14-05-2026,LHD,AMW,,10.8,3,15,3|4
57539_14-05-2026,AMW,JUK,,12.2,3,15,4|5
57539_14-05-2026,JUK,KXX,,14.2,3,15,5|6
57539_14-05-2026,KXX,WHM,,13.2,3,15,6|7
57539_14-05-2026,WHM,KKG,,10.5,3,15,7|8
57539_14-05-2026,KKG,PGG,,9.3,3,16,8|9
57539_14-05-2026,PGG,KNRG,,4.8,3,16,9|10
57539_14-05-2026,KNRG,MLSU,,31.7,3,16,10|11
57539_14-05-2026,MLSU,NVLN,,12.7,3,16,11|12
57539_14-05-2026,NVLN,HNL,,5.7,3,16,12|13
57539_14-05-2026,HNL,DNE,,8.5,3,17,13|14
57539_14-05-2026,DNE,NDPR,,12.7,3,17,14|15
57539_14-05-2026,NDPR,BLC,,7.8,3,17,15|16
57539_14-05-2026,BLC,SIF,,7.6,3,17,16|17
57539_14-05-2026,SIF,CWI,,18.2,3,17,17|18
57539_14-05-2026,CWI,BMF,,8.3,3,17,18|19
57539_14-05-2026,BMF,MRV,,18.8,3,18,19|20
57539_14-05-2026,MRV,PAU,,59.8,3,18,20|21
57539_14-05-2026,PAU,MQL,,17.7,3,19,21|22
57539_14-05-2026,MQL,PIZ,,9.1,3,19,22|23
57539_14-05-2026,PIZ,PBN,,43.0,3,19,23|24
57539_14-05-2026,PBN,SNGR,,15.0,3,20,24|25
57539_14-05-2026,SNGR,PKNS,,9.0,3,20,25|26
57539_14-05-2026,PKNS,DNDI,,4.4,3,21,26|27
57539_14-05-2026,DNDI,GNH,,19.1,3,21,27|28
57539_14-05-2026,GNH,VDGN,,24.3,3,21,28|29
57539_14-05-2026,VDGN,UKH,,14.5,3,21,29|30
57539_14-05-2026,UKH,PRLI,,55.5,3,22,30|31
58103_22-02-2026,TATA,ADTP,,9.9,6,17,0|1
58103_22-02-2026,ADTP,GMH,,7.7,6,17,1|2
58103_22-02-2026,GMH,BRBS,,8.8,6,17,2|3
58103_22-02-2026,BRBS,SINI,,5.9,6,17,3|4
58103_22-02-2026,SINI,MMV,,9.2,6,17,4|5
58103_22-02-2026,MMV,RKSN,,8.8,6,17,5|6
58103_22-02-2026,RKSN,PRSL,,22.0,6,17,6|7
58103_22-02-2026,PRSL,CBSA,,26.3,6,18,7|8
58103_22-02-2026,CBSA,SIPA,,19.0,6,18,8|9
58103_22-02-2026,SIPA,JNK,,9.7,6,19,9|10
58103_22-02-2026,JNK,TABU,,12.0,6,19,10|11
58103_22-02-2026,TABU,KNPS,,8.7,6,19,11|12
58103_22-02-2026,KNPS,MLKA,,14.8,6,19,12|13
58103_22-02-2026,MLKA,DPS,,9.7,6,19,13|14
58103_22-02-2026,DPS,PDPH,,13.0,6,19,14|15
58103_22-02-2026,PDPH,NOMD,,19.8,6,20,15|16
58103_22-02-2026,NOMD,BJMD,,23.6,6,20,16|17
58103_22-02-2026,BJMD,BBN,,47.3,6,20,17|18
58126_30-10-2025,SBP,SBPD,,4.9,3,19,0|1
58126_30-10-2025,SBPD,SSN,,7.7,3,19,1|2
58126_30-10-2025,SSN,RGL,,16.8,3,19,2|3
58126_30-10-2025,RGL,LPG,,8.7,3,19,3|4
58126_30-10-2025,LPG,BXQ,,9.3,3,19,4|5
58126_30-10-2025,BXQ,JSG,,30.4,3,20,5|6
58161_18-12-2025,HTE,BLRG,,8.2,3,11,0|1
58161_18-12-2025,BLRG,LOM,,11.2,3,12,1|2
58161_18-12-2025,LOM,KRRA,,15.2,3,12,2|3
58161_18-12-2025,KRRA,GBX,,11.2,3,12,3|4
58161_18-12-2025,GBX,BKPR,,17.3,3,12,4|5
58161_18-12-2025,BKPR,PKF,,9.8,3,13,5|6
58161_18-12-2025,PKF,PKC,,9.5,3,13,6|7
58161_18-12-2025,PKC,KRKR,,9.2,3,13,7|8
58161_18-12-2025,KRKR,MCZ,,11.5,3,13,8|9
58161_18-12-2025,MCZ,BANO,,15.0,3,13,9|10
58161_18-12-2025,BANO,KNRN,,15.1,3,13,10|11
58161_18-12-2025,KNRN,TATI,,21.5,3,14,11|12
58161_18-12-2025,TATI,PBB,,13.5,3,14,12|13
58161_18-12-2025,PBB,ORGA,,9.8,3,14,13|14
58161_18-12-2025,ORGA,NXN,,27.9,3,14,14|15
58161_18-12-2025,NXN,BGKA,,11.6,3,15,15|16
58161_18-12-2025,BGKA,BNDM,,17.9,3,15,16|17
58161_18-12-2025,BNDM,ROU,,23.8,3,15,17|18
58161_18-12-2025,ROU,PPO,,57.1,3,16,18|19
58161_18-12-2025,PPO,KLG,,8.1,3,17,19|20
58161_18-12-2025,KLG,KXN,,7.3,3,17,20|21
58161_18-12-2025,KXN,GP,,9.4,3,17,21|22
58161_18-12-2025,GP,SXN,,8.4,3,17,22|23
58161_18-12-2025,SXN,SOGR,,7.3,3,17,23|24
58161_18-12-2025,SOGR,GPH,,6.7,3,17,24|25
58161_18-12-2025,GPH,TGM,,8.4,3,18,25|26
58161_18-12-2025,TGM,BMB,,8.8,3,18,26|27
58161_18-12-2025,BMB,DIH,,9.8,3,18,27|28
58161_18-12-2025,DIH,BEH,,8.5,3,18,28|29
58161_18-12-2025,BEH,PNPL,,7.9,3,18,29|30
58161_18-12-2025,PNPL,DTV,,7.3,3,18,30|31
58161_18-12-2025,DTV,JSG,,28.1,3,18,31|32
58221_03-02-2026,CHRM,PRDL,,20.8,1,8,0|1
58221_03-02-2026,PRDL,MDGR,,28.8,1,8,1|2
58221_03-02-2026,MDGR,BRND,,20.4,1,9,2|3
58221_03-02-2026,BRND,BJRI,,18.6,1,9,3|4
58221_03-02-2026,BJRI,BATL,,15.8,1,10,4|5
58221_03-02-2026,BATL,KTMA,,10.9,1,10,5|6
58221_03-02-2026,KTMA,HRV,,9.8,1,10,6|7
58221_03-02-2026,HRV,DRSN,,12.0,1,10,7|8
58221_03-02-2026,DRSN,MZH,,7.6,1,10,8|9
58221_03-02-2026,MZH,APR,,16.7,1,10,9|10
58221_03-02-2026,APR,AAL,,14.9,1,11,10|11
58221_03-02-2026,AAL,BUH,,10.6,1,11,11|12
58221_03-02-2026,BUH,SNGP,,16.6,1,11,12|13
58221_03-02-2026,SNGP,SDL,,6.8,1,11,13|14
58221_03-02-2026,SDL,BDWA,,22.2,1,12,14|15
58221_03-02-2026,BDWA,GGT,,8.4,1,12,15|16
58221_03-02-2026,GGT,MDXR,,7.0,1,12,16|17
58221_03-02-2026,MDXR,BRS,,2.8,1,12,17|18
58221_03-02-2026,BRS,NRZB,,10.8,1,12,18|19
58221_03-02-2026,NRZB,KKI,,10.4,1,12,19|20
58221_03-02-2026,KKI,UMR,,13.5,1,13,20|21
58221_03-02-2026,UMR,LOA,,21.0,1,13,21|22
58221_03-02-2026,LOA,CHD,,16.0,1,13,22|23
58224_25-03-2026,ABKP,KLPG,,16.6,2,12,0|1
58224_25-03-2026,KLPG,BSPR,,6.2,2,13,1|2
58224_25-03-2026,BSPR,KJZ,,13.4,2,13,2|3
58224_25-03-2026,KJZ,SJQ,,11.3,2,13,3|4
58224_25-03-2026,SJQ,SPDR,,12.0,2,13,4|5
58224_25-03-2026,SPDR,KTO,,9.2,2,13,5|6
58224_25-03-2026,KTO,BRH,,19.3,2,14,6|7
58224_25-03-2026,BRH,NGE,,13.0,2,14,7|8
58224_25-03-2026,NGE,DTL,,10.5,2,14,8|9
58224_25-03-2026,DTL,NPRD,,8.8,2,14,9|10
58224_25-03-2026,NPRD,UKR,,14.4,2,14,10|11
58224_25-03-2026,UKR,BRND,,17.5,2,15,11|12
58224_25-03-2026,BRND,MDGR,,108.7,2,15,12|13
58416_10-06-2026,PURI,MLT,,10.4,2,8,0|1
58416_10-06-2026,MLT,JKDP,,6.6,2,8,1|2
58416_10-06-2026,JKDP,SIL,,5.8,2,8,2|3
58416_10-06-2026,SIL,BRST,,5.9,2,8,3|4
58416_10-06-2026,BRST,JPRD,,16.6,2,8,4|5
58416_10-06-2026,JPRD,DEG,,15.4,2,8,5|6
58416_10-06-2026,DEG,KASR,,3.4,2,9,6|7
58416_10-06-2026,KASR,MWQ,,3.5,2,9,7|8
58416_10-06-2026,MWQ,HPGM,,5.1,2,9,8|9
58416_10-06-2026,HPGM,KUR,,14.3,2,9,9|10
58416_10-06-2026,KUR,RTN,,24.0,2,9,10|11
58416_10-06-2026,RTN,LGTR,,10.2,2,10,11|12
58416_10-06-2026,LGTR,BBS,,9.5,2,10,12|13
58416_10-06-2026,BBS,BNBH,,6.6,2,10,13|14
58416_10-06-2026,BNBH,MCS,,6.0,2,10,14|15
58416_10-06-2026,MCS,PTAB,,4.2,2,10,15|16
58416_10-06-2026,PTAB,BRAG,,9.3,2,10,16|17
58416_10-06-2026,BRAG,GBK,,9.8,2,10,17|18
58416_10-06-2026,GBK,KTJI,,4.8,2,10,18|19
58416_10-06-2026,KTJI,CTC,,18.0,2,11,19|20
58607_10-08-2026,GMO,KHRI,,18.9,0,14,0|1
58607_10-08-2026,KHRI,MHQ,,11.4,0,15,1|2
58607_10-08-2026,MHQ,MLQ,,15.1,0,15,2|3
58607_10-08-2026,MLQ,TSAH,,8.3,0,15,3|4
58607_10-08-2026,TSAH,LYD,,6.1,0,15,4|5
58607_10-08-2026,LYD,KRKN,,6.3,0,15,5|6
58607_10-08-2026,KRKN,VAA,,11.5,0,16,6|7
58607_10-08-2026,VAA,JBO,,15.0,0,16,7|8
58607_10-08-2026,JBO,BCB,,7.2,0,16,8|9
58607_10-08-2026,BCB,SDMD,,7.3,0,16,9|10
58607_10-08-2026,SDMD,BJE,,25.9,0,16,10|11
58607_10-08-2026,BJE,SNTD,,10.7,0,17,11|12
58607_10-08-2026,SNTD,RUI,,25.6,0,17,12|13
58607_10-08-2026,RUI,SNKR,,5.2,0,17,13|14
58607_10-08-2026,SNKR,ADRA,,32.0,0,17,14|15
58607_10-08-2026,ADRA,GRB,,46.4,0,18,15|16
58607_10-08-2026,GRB,ANR,,6.3,0,19,16|17
58607_10-08-2026,ANR,BGA,,8.6,0,19,17|18
58607_10-08-2026,BGA,KSU,,6.1,0,19,18|19
58607_10-08-2026,KSU,CHRA,,3.8,0,19,19|20
58607_10-08-2026,CHRA,PRR,,9.4,0,19,20|21
58607_10-08-2026,PRR,TAO,,11.6,0,19,21|22
58607_10-08-2026,TAO,KTD,,6.5,0,19,22|23
58607_10-08-2026,KTD,URMA,,6.4,0,20,23|24
58607_10-08-2026,URMA,BBM,,6.7,0,20,24|25
58607_10-08-2026,BBM,BRMD,,8.9,0,20,25|26
58607_10-08-2026,BRMD,NIM,,7.2,0,20,26|27
58607_10-08-2026,NIM,CNI,,44.3,0,20,27|28
58607_10-08-2026,CNI,MIK,,12.3,0,21,28|29
58607_10-08-2026,MIK,KZU,,6.3,0,21,29|30
58607_10-08-2026,KZU,KND,,7.3,0,21,30|31
58607_10-08-2026,KND,SINI,,18.3,0,21,31|32
58607_10-08-2026,SINI,MMV,,9.1,0,22,32|33
58607_10-08-2026,MMV,RKSN,,9.4,0,22,33|34
58607_10-08-2026,RKSN,BRM,,8.3,0,22,34|35
58607_10-08-2026,BRM,CKP,,33.8,0,22,35|36
58662_23-10-2025,HTE,AOR,,9.0,3,4,0|1
58662_23-10-2025,AOR,RNC,,3.9,3,4,1|2
58662_23-10-2025,RNC,NKM,,13.4,3,4,2|3
58662_23-10-2025,NKM,TIS,,9.3,3,5,3|4
58662_23-10-2025,TIS,GAG,,10.6,3,5,4|5
58662_23-10-2025,GAG,GATD,,12.0,3,5,5|6
58662_23-10-2025,GATD,KITA,,18.3,3,5,6|7
58662_23-10-2025,KITA,SLF,,10.2,3,5,7|8
58662_23-10-2025,SLF,MURI,,11.4,3,6,8|9
58662_23-10-2025,MURI,THO,,12.5,3,6,9|10
58662_23-10-2025,THO,JAA,,21.1,3,6,10|11
58662_23-10-2025,JAA,KSX,,15.0,3,6,11|12
58662_23-10-2025,KSX,GUG,,6.1,3,7,12|13
58662_23-10-2025,GUG,CAS,,6.2,3,7,13|14
58662_23-10-2025,CAS,GTD,,3.3,3,7,14|15
58662_23-10-2025,GTD,PRR,,21.2,3,7,15|16
58662_23-10-2025,PRR,TAO,,9.3,3,7,16|17
58662_23-10-2025,TAO,KTD,,7.4,3,7,17|18
58662_23-10-2025,KTD,URMA,,7.2,3,8,18|19
58662_23-10-2025,URMA,BBM,,8.5,3,8,19|20
58662_23-10-2025,BBM,BRMD,,6.2,3,8,20|21
58662_23-10-2025,BRMD,NIM,,7.9,3,8,21|22
58662_23-10-2025,NIM,CNI,,20.4,3,8,22|23
58662_23-10-2025,CNI,MIK,,21.8,3,8,23|24
58662_23-10-2025,MIK,KZU,,5.6,3,9,24|25
58662_23-10-2025,KZU,KND,,8.7,3,9,25|26
58662_23-10-2025,KND,BIRP,,7.7,3,9,26|27
58662_23-10-2025,BIRP,GMH,,7.9,3,9,27|28
58662_23-10-2025,GMH,ADTP,,11.9,3,9,28|29
58662_23-10-2025,ADTP,TATA,,44.4,3,9,29|30
58702_15-10-2025,ABKP,KLPG,,7.2,2,7,0|1
58702_15-10-2025,KLPG,BSPR,,25.3,2,8,1|2
58702_15-10-2025,BSPR,KJZ,,11.2,2,8,2|3
58702_15-10-2025,KJZ,SJQ,,6.9,2,8,3|4
58702_15-10-2025,SJQ,SPDR,,10.2,2,8,4|5
58702_15-10-2025,SPDR,KTO,,8.4,2,8,5|6
58702_15-10-2025,KTO,BRH,,16.5,2,9,6|7
58702_15-10-2025,BRH,NGE,,12.7,2,9,7|8
58702_15-10-2025,NGE,DTL,,9.8,2,9,8|9
58702_15-10-2025,DTL,NPRD,,5.5,2,9,9|10
58702_15-10-2025,NPRD,UKR,,25.6,2,9,10|11
58702_15-10-2025,UKR,BRND,,25.9,2,10,11|12
58702_15-10-2025,BRND,BJRI,,17.9,2,10,12|13
58702_15-10-2025,BJRI,BATL,,16.1,2,10,13|14
58702_15-10-2025,BATL,KTMA,,9.3,2,11,14|15
58702_15-10-2025,KTMA,HRV,,8.1,2,11,15|16
58702_15-10-2025,HRV,DRSN,,7.8,2,11,16|17
58702_15-10-2025,DRSN,MZH,,7.6,2,11,17|18
58702_15-10-2025,MZH,APR,,18.5,2,11,18|19
58702_15-10-2025,APR,AAL,,13.9,2,12,19|20
58702_15-10-2025,AAL,BUH,,10.2,2,12,20|21
58702_15-10-2025,BUH,SNGP,,13.5,2,12,21|22
58702_15-10-2025,SNGP,SDL,,29.4,2,12,22|23
58809_05-07-2026,RTK,AMDI,,8.0,6,7,0|1
58809_05-07-2026,AMDI,DKU,,4.8,6,7,1|2
58809_05-07-2026,DKU,KNHN,,16.5,6,7,2|3
58809_05-07-2026,KNHN,KP,,8.6,6,8,3|4
58809_05-07-2026,KP,KAV,,13.6,6,8,4|5
58809_05-07-2026,KAV,ITR,,19.7,6,8,5|6
58876_07-05-2026,JBP,HBG,,3.2,3,15,0|1
58876_07-05-2026,HBG,GRG,,22.2,3,15,1|2
58876_07-05-2026,GRG,KDHI,,42.7,3,15,2|3
58876_07-05-2026,KDHI,BUQ,,3.4,3,16,3|4
58876_07-05-2026,BUQ,SOY,,25.9,3,16,4|5
58876_07-05-2026,SOY,SKY,,30.0,3,17,5|6
58876_07-05-2026,SKY,VNK,,30.3,3,17,6|7
58876_07-05-2026,VNK,GNS,,33.5,3,18,7|8
58876_07-05-2026,GNS,PDE,,109.2,3,18,8|9
58876_07-05-2026,PDE,NIR,,75.6,3,20,9|10
59092_07-07-2026,NDB,DWD,,7.7,1,2,0|1
59092_07-07-2026,DWD,KBH,,27.7,1,3,1|2
59092_07-07-2026,KBH,KHTG,,8.7,1,3,2|3
59092_07-07-2026,KHTG,CPD,,11.0,1,3,3|4
59092_07-07-2026,CPD,KFF,,8.9,1,3,4|5
59092_07-07-2026,KFF,NWU,,9.7,1,4,5|6
59092_07-07-2026,NWU,BBAI,,13.1,1,4,6|7
59092_07-07-2026,BBAI,LKKD,,8.9,1,4,7|8
59092_07-07-2026,LKKD,USD,,6.0,1,4,8|9
59092_07-07-2026,USD,DSD,,7.4,1,4,9|10
59092_07-07-2026,DSD,KKRD,,14.4,1,4,10|11
59092_07-07-2026,KKRD,VYA,,16.5,1,5,11|12
59092_07-07-2026,VYA,KRAI,,7.3,1,5,12|13
59092_07-07-2026,KRAI,MID,,2.7,1,5,13|14
59092_07-07-2026,MID,LTV,,4.0,1,5,14|15
59092_07-07-2026,LTV,MID,,3.3,1,5,15|16
59092_07-07-2026,MID,KRAI,,1.6,1,5,16|17
59092_07-07-2026,KRAI,MID,,13.2,1,5,17|18
59092_07-07-2026,MID,LTV,,11.5,1,5,18|19
59092_07-07-2026,LTV,MGRL,,1.7,1,6,19|20
59092_07-07-2026,MGRL,TBV,,5.9,1,6,20|21
59092_07-07-2026,TBV,BIY,,47.8,1,6,21|22
59092_07-07-2026,BIY,GGAR,,6.0,1,6,22|23
59092_07-07-2026,GGAR,BGMR,,3.7,1,7,23|24
59092_07-07-2026,BGMR,CHM,,4.1,1,7,24|25
59092_07-07-2026,CHM,NOL,,5.5,1,7,25|26
59092_07-07-2026,NOL,UDN,,23.7,1,7,26|27
59092_07-07-2026,UDN,ST,,15.3,1,7,27|28
59122_23-05-2026,BDE,JJW,,6.9,5,10,0|1
59122_23-05-2026,JJW,CCP,,8.2,5,10,1|2
59122_23-05-2026,CCP,SAK,,11.4,5,10,2|3
59122_23-05-2026,SAK,AMLP,,6.9,5,11,3|4
59122_23-05-2026,AMLP,VAN,,5.3,5,11,4|5
59122_23-05-2026,VAN,DB,,16.1,5,11,5|6
59122_23-05-2026,DB,TWV,,28.4,5,11,6|7
59122_23-05-2026,TWV,BILP,,9.4,5,12,7|8
59122_23-05-2026,BILP,KDHL,,29.4,5,12,8|9
59122_23-05-2026,KDHL,KEP,,3.6,5,12,9|10
59122_23-05-2026,KEP,PRTN,,16.5,5,12,10|11
59165_07-04-2026,ANND,SNA,,5.7,1,5,0|1
59165_07-04-2026,SNA,BAJ,,15.3,1,5,1|2
59165_07-04-2026,BAJ,OD,,7.4,1,5,2|3
59165_07-04-2026,OD,UMH,,23.8,1,5,3|4
59165_07-04-2026,UMH,DK,,17.8,1,6,4|5
59165_07-04-2026,DK,TAS,,11.1,1,6,5|6
59165_07-04-2026,TAS,AAV,,28.4,1,6,6|7
59165_07-04-2026,AAV,AGCI,,0.7,1,6,7|8
59165_07-04-2026,AGCI,SVL,,7.5,1,7,8|9
59165_07-04-2026,SVL,TBA,,4.6,1,7,9|10
59165_07-04-2026,TBA,TUWA,,8.8,1,7,10|11
59165_07-04-2026,TUWA,VKG,,18.0,1,7,11|12
59165_07-04-2026,VKG,GDA,,25.9,1,7,12|13
59211_13-12-2025,RJT,KHDI,,11.7,5,14,0|1
59211_13-12-2025,KHDI,PDH,,14.1,5,14,1|2
59211_13-12-2025,PDH,HM,,21.7,5,14,2|3
59211_13-12-2025,HM,JALD,,7.7,5,15,3|4
59211_13-12-2025,JALD,WTJ,,11.9,5,15,4|5
59211_13-12-2025,WTJ,ALB,,12.7,5,15,5|6
59211_13-12-2025,ALB,HAPA,,15.1,5,15,6|7
59211_13-12-2025,HAPA,JAM,,17.3,5,15,7|8
59211_13-12-2025,JAM,LKBL,,16.6,5,16,8|9
59211_13-12-2025,LKBL,PPLI,,16.3,5,16,9|10
59211_13-12-2025,PPLI,KNLS,,47.4,5,16,10|11
59211_13-12-2025,KNLS,LPJ,,40.4,5,17,11|12
59211_13-12-2025,LPJ,GOP,,20.5,5,18,12|13
59211_13-12-2025,GOP,BNVD,,20.6,5,18,13|14
59211_13-12-2025,BNVD,WSJ,,25.0,5,18,14|15
59211_13-12-2025,WSJ,SKR,,9.8,5,19,15|16
59211_13-12-2025,SKR,RNBD,,4.9,5,19,16|17
59211_13-12-2025,RNBD,RWO,,15.7,5,19,17|18
59211_13-12-2025,RWO,PBR,,26.7,5,19,18|19
59354_02-10-2025,UJN,NKI,,13.7,3,20,0|1
59354_02-10-2025,NKI,ASL,,13.6,3,20,1|2
59354_02-10-2025,ASL,PSO,,7.7,3,21,2|3
59354_02-10-2025,PSO,UNL,,8.8,3,21,3|4
59354_02-10-2025,UNL,PPG,,7.6,3,21,4|5
59354_02-10-2025,PPG,BTSD,,8.2,3,21,5|6
59354_02-10-2025,BTSD,NAD,,33.5,3,21,6|7
59357_18-10-2025,BXN,BAMA,,6.0,5,9,0|1
59357_18-10-2025,BAMA,BR,,7.8,5,9,1|2
59357_18-10-2025,BR,NGLT,,9.2,5,9,2|3
59357_18-10-2025,NGLT,BIQ,,10.8,5,9,3|4
59357_18-10-2025,BIQ,DXK,,11.5,5,9,4|5
59357_18-10-2025,DXK,RBS,,13.1,5,9,5|6
59357_18-10-2025,RBS,AED,,10.7,5,10,6|7
59357_18-10-2025,AED,FTS,,12.9,5,10,7|8
59357_18-10-2025,FTS,SNPR,,22.4,5,10,8|9
59357_18-10-2025,SNPR,KLB,,12.5,5,10,9|10
59357_18-10-2025,KLB,MIQ,,11.0,5,11,10|11
59357_18-10-2025,MIQ,PTLI,,10.1,5,11,11|12
59357_18-10-2025,PTLI,IDH,,18.1,5,11,12|13
59357_18-10-2025,IDH,AF,,15.3,5,11,13|14
59357_18-10-2025,AF,JAB,,29.6,5,12,14|15
59390_16-03-2026,BPL,BIH,,10.7,0,22,0|1
59390_16-03-2026,BIH,BQE,,10.9,0,23,1|2
59390_16-03-2026,BQE,PUD,,9.0,0,23,2|3
59390_16-03-2026,PUD,PNWN,,7.7,0,23,3|4
59390_16-03-2026,PNWN,SEH,,4.9,0,23,4|5
59390_16-03-2026,SEH,BKTL,,10.1,0,23,5|6
59390_16-03-2026,BKTL,PRB,,7.8,0,23,6|7
59390_16-03-2026,PRB,JBX,,6.9,0,23,7|8
59390_16-03-2026,JBX,KPP,,7.4,0,23,8|9
59390_16-03-2026,KPP,CKOD,,6.3,1,0,9|10
59390_16-03-2026,CKOD,SJP,,4.6,1,0,10|11
59390_16-03-2026,SJP,MQE,,8.1,1,0,11|12
59390_16-03-2026,MQE,AKD,,5.1,1,0,12|13
59390_16-03-2026,AKD,BLX,,9.8,1,0,13|14
59390_16-03-2026,BLX,KSH,,6.9,1,0,14|15
59390_16-03-2026,KSH,KONY,,10.7,1,0,15|16
59390_16-03-2026,KONY,BCH,,10.2,1,0,16|17
59390_16-03-2026,BCH,PUO,,14.6,1,1,17|18
59390_16-03-2026,PUO,MKC,,8.6,1,1,18|19
59390_16-03-2026,MKC,TAN,,8.6,1,1,19|20
59390_16-03-2026,TAN,SVT,,28.6,1,1,20|21
59390_16-03-2026,SVT,TJP,,13.6,1,2,21|22
59390_16-03-2026,TJP,PLW,,4.5,1,2,22|23
59390_16-03-2026,PLW,UJN,,12.8,1,2,23|24
59390_16-03-2026,UJN,VRG,,24.2,1,2,24|25
59390_16-03-2026,VRG,KDHA,,10.7,1,3,25|26
59390_16-03-2026,KDHA,UDM,,4.4,1,3,26|27
59390_16-03-2026,UDM,NRGR,,6.1,1,3,27|28
59390_16-03-2026,NRGR,DWX,,7.0,1,3,28|29
59390_16-03-2026,DWX,BLAX,,25.5,1,3,29|30
59390_16-03-2026,BLAX,MGG,,16.4,1,3,30|31
59390_16-03-2026,MGG,LMNR,,19.5,1,4,31|32
59390_16-03-2026,LMNR,INDB,,5.2,1,4,32|33
59478_01-11-2025,PTN,RUJ,,13.1,5,17,0|1
59478_01-11-2025,RUJ,MRD,,6.5,5,17,1|2
59478_01-11-2025,MRD,DHJ,,19.7,5,17,2|3
59478_01-11-2025,DHJ,PHC,,7.3,5,17,3|4
59478_01-11-2025,PHC,MSH,,13.7,5,17,4|5
59510_29-10-2025,VG,JKS,,10.8,2,6,0|1
59510_29-10-2025,JKS,BKD,,17.7,2,6,1|2
59510_29-10-2025,BKD,DTJ,,12.4,2,6,2|3
59510_29-10-2025,DTJ,GLD,,6.6,2,6,3|4
59510_29-10-2025,GLD,KTRD,,6.6,2,6,4|5
59510_29-10-2025,KTRD,BSKN,,24.7,2,7,5|6
59510_29-10-2025,BSKN,LCH,,9.6,2,7,6|7
59510_29-10-2025,LCH,MSH,,26.7,2,7,7|8
59511_09-02-2026,MSH,LCH,,23.4,0,19,0|1
59511_09-02-2026,LCH,BSKN,,8.0,0,19,1|2
59511_09-02-2026,BSKN,KTRD,,26.4,0,19,2|3
59511_09-02-2026,KTRD,GLD,,8.6,0,20,3|4
59511_09-02-2026,GLD,DTJ,,5.7,0,20,4|5
59511_09-02-2026,DTJ,BKD,,10.8,0,20,5|6
59511_09-02-2026,BKD,JKS,,10.8,0,20,6|7
59511_09-02-2026,JKS,VG,,22.9,0,21,7|8
63217_02-10-2025,MKA,MOR,,13.2,3,6,0|1
63217_02-10-2025,MOR,KNHP,,5.3,3,6,1|2
63217_02-10-2025,KNHP,MMKB,,2.6,3,6,2|3
63217_02-10-2025,MMKB,PHK,,3.1,3,6,3|4
63217_02-10-2025,PHK,BARH,,17.6,3,6,4|5
63217_02-10-2025,BARH,ATL,,10.4,3,6,5|6
63217_02-10-2025,ATL,BKP,,11.3,3,7,6|7
63217_02-10-2025,BKP,TKBG,,11.6,3,7,7|8
63217_02-10-2025,TKBG,KWO,,6.9,3,7,8|9
63217_02-10-2025,KWO,SMBH,,3.3,3,7,9|10
63217_02-10-2025,SMBH,KOO,,6.5,3,7,10|11
63217_02-10-2025,KOO,HDE,,10.0,3,7,11|12
63217_02-10-2025,HDE,FUT,,3.7,3,7,12|13
63217_02-10-2025,FUT,BKG,,7.9,3,7,13|14
63217_02-10-2025,BKG,PTG,,4.9,3,8,14|15
63217_02-10-2025,PTG,PNC,,7.8,3,8,15|16
63217_02-10-2025,PNC,GZH,,6.5,3,8,16|17
63217_02-10-2025,GZH,RJPB,,10.9,3,8,17|18
63217_02-10-2025,RJPB,PNBE,,9.9,3,8,18|19
63217_02-10-2025,PNBE,PWS,,32.0,3,8,19|20
63217_02-10-2025,PWS,DNR,,12.9,3,9,20|21
63543_24-02-2026,ASN,BCQ,,3.2,1,18,0|1
63543_24-02-2026,BCQ,STN,,6.1,1,18,1|2
63543_24-02-2026,STN,ULT,,3.6,1,18,2|3
63543_24-02-2026,ULT,BRR,,3.1,1,18,3|4
63543_24-02-2026,BRR,KMME,,2.8,1,18,4|5
63543_24-02-2026,KMME,MMU,,4.5,1,18,5|6
63543_24-02-2026,MMU,TNW,,6.6,1,18,6|7
63543_24-02-2026,TNW,KAO,,3.1,1,18,7|8
63543_24-02-2026,KAO,CAM,,11.5,1,18,8|9
63543_24-02-2026,CAM,PKA,,7.5,1,19,9|10
63543_24-02-2026,PKA,DHN,,12.6,1,19,10|11
63543_24-02-2026,DHN,BHN,,10.7,1,19,11|12
63543_24-02-2026,BHN,TET,,3.2,1,19,12|13
63543_24-02-2026,TET,NPJE,,10.4,1,19,13|14
63543_24-02-2026,NPJE,MRQ,,9.7,1,19,14|15
63543_24-02-2026,MRQ,GMO,,14.9,1,20,15|16
63550_29-11-2025,KQR,HRE,,6.2,5,7,0|1
63550_29-11-2025,HRE,SMND,,7.7,5,7,1|2
63550_29-11-2025,SMND,YDD,,5.5,5,7,2|3
63550_29-11-2025,YDD,PSB,,5.6,5,7,3|4
63550_29-11-2025,PSB,HZD,,6.2,5,7,4|5
63550_29-11-2025,HZD,CBH,,3.5,5,7,5|6
63550_29-11-2025,CBH,HZD,,21.1,5,8,6|7
63550_29-11-2025,HZD,CBH,,2.8,5,8,7|8
63550_29-11-2025,CBH,CCK,,6.9,5,8,8|9
63550_29-11-2025,CCK,CDB,,8.9,5,8,9|10
63550_29-11-2025,CDB,PNME,,8.4,5,8,10|11
63550_29-11-2025,PNME,NMG,,6.5,5,8,11|12
63550_29-11-2025,NMG,GMO,,19.7,5,8,12|13
63550_29-11-2025,GMO,MRQ,,6.5,5,9,13|14
63550_29-11-2025,MRQ,NPJE,,4.5,5,9,14|15
63550_29-11-2025,NPJE,TET,,13.7,5,9,15|16
63550_29-11-2025,TET,BHN,,7.8,5,9,16|17
63550_29-11-2025,BHN,DHN,,14.1,5,9,17|18
63569_13-05-2026,ASN,BCQ,,4.7,2,17,0|1
63569_13-05-2026,BCQ,STN,,6.2,2,17,1|2
63569_13-05-2026,STN,SLS,,5.3,2,17,2|3
63569_13-05-2026,SLS,RNPR,,6.0,2,17,3|4
63569_13-05-2026,RNPR,CRJ,,6.5,2,17,4|5
63569_13-05-2026,CRJ,JMT,,12.8,2,18,5|6
63569_13-05-2026,JMT,KEE,,8.1,2,18,6|7
63569_13-05-2026,KEE,VDS,,7.5,2,18,7|8
63569_13-05-2026,VDS,MNC,,8.6,2,18,8|9
63569_13-05-2026,MNC,JRW,,6.0,2,18,9|10
63569_13-05-2026,JRW,MDP,,9.8,2,18,10|11
63569_13-05-2026,MDP,MUW,,18.7,2,18,11|12
63569_13-05-2026,MUW,SNQ,,7.2,2,19,12|13
63569_13-05-2026,SNQ,KBQ,,8.1,2,19,13|14
63569_13-05-2026,KBQ,JSME,,19.0,2,19,14|15
64450_21-08-2026,NDLS,CSB,,4.5,4,18,0|1
64450_21-08-2026,CSB,TKJ,,2.6,4,18,1|2
64450_21-08-2026,TKJ,ANVR,,8.7,4,18,2|3
64450_21-08-2026,ANVR,ANVT,,0.4,4,18,3|4
64450_21-08-2026,ANVT,CNJ,,2.3,4,18,4|5
64450_21-08-2026,CNJ,SBB,,4.2,4,18,5|6
64450_21-08-2026,SBB,GZB,,15.4,4,18,6|7
70101_25-12-2025,MAO,BLLI,,13.4,3,19,0|1
70101_25-12-2025,BLLI,CNO,,17.1,3,19,1|2
70101_25-12-2025,CNO,AT,,16.9,3,19,2|3
70101_25-12-2025,AT,KAWR,,30.3,3,19,3|4
