station_code,station_name,latitude,longitude,zone,state
BDHL,Badhal,27.2520587,75.4516454,NWR,Rajasthan
XX-BECE,XX-BECE,,,,
XX-BSPY,XX-BSPY,,,,
YY-BPLC,YY-BPLC,,,,
KHH,KICHHA,28.913427000000002,79.519746,NER,Uttar Pradesh
SRKN,Sherekan,29.55519806064484,74.43499088287354,NWR,Rajasthan
BKKA,Bhukarka,29.238227312503696,74.75103096105158,NWR,Rajasthan
NHR,Nohar,29.192562738768984,74.77362781763077,NWR,Rajasthan
PRGD,Perungudi,12.975217,80.231363,SR,Tamil Nadu
KNNA,Khinaniyan,29.345637263205944,74.7179570607841,NWR,Haryana
JKR,JAULKHERA,21.838466,78.216684,,
BYS,BARSALI,21.909813,78.03136099999999,,
GW,GIRWAR,23.838185999999997,78.936311,,
DGD,DANGIDHAR,23.871771000000003,79.019912,,
DOD,DHODHAR,23.770740999999997,75.10354600000001,WR,Madhya Pradesh
GAJ,GANESHGANJ,23.895862,79.074633,,
JNM,Jayanagar Majilpur Halt,22.168635,88.415324,ER,West Bengal
NSD,NASIRABAD,26.294459999999997,74.71699100000001,NWR,Rajasthan
PHA,PATHARIA,23.905726,79.192899,,
NZB,NIZAMABAD,18.679164999999998,78.103238,SCR,Andhra Pradesh
RJO,RAJENDRA PUL,25.387446999999998,86.01054599999999,,
ADT,ADUTURAI,11.009165,79.478668,SR,Tamil Nadu
KMU,KUMBAKONAM,10.952962,79.388644,SR,Tamil Nadu
MNM,MANAMADURAI JN,9.681538999999999,78.45351,SR,Tamil Nadu
GKP,GORAKHPUR JN,26.759311,83.381499,,
BJUP,BJUP,,,,
VRM,VARNAMA,22.184274000000002,73.16928300000001,,
GKC,GORAKHPUR CANT,26.750649,83.416821,,
ITA,ITOLA,22.149889,73.156746,,
CIKA,CIKA,,,,
XX-CPHO,XX-CPHO,,,,
BTU,BARAUT,29.09692,77.273006,NR,Uttar Pradesh
MOGA,Moga,30.817296,75.16846699999999,NR,Punjab
SIOB,SAMAKHIALI JN,23.309819,70.503394,,
LLHW,LLHW,,,,
RDK,Rasheedpura Khori,27.713786000000002,75.087121,NWR,Rajasthan
PVD,PEDDAVADIAPUDI,16.414205000000003,80.612645,,
YLM,ELLAMANCHILI,17.553652000000003,82.85262,,
CHPT,Chatrappatti,10.476970999999999,77.655113,,
JLD,JARWAL ROAD,27.120389,81.540406,,
BRJN,BRAJRAJNAGAR,21.822718000000002,83.923653,,
CLJ,COLONELGANJ,27.137698,81.69417800000001,,
KTHL,KATHOLA,27.1465555756,81.8556626477,,
MND,MUNDERWA,26.776435,82.903373,,
SNSI,SAINAGAR SHIRDI,19.780792299999998,74.4806877,CR,Maharashtra
DLJ,DHOLA JN,21.822549000000002,71.738273,WR,Gujarat
PGW,PHAGWARA JN,31.217555749800002,75.7655019775,,
YY-BINP,YY-BINP,,,,
JUP,Jhunpa,28.777449,75.521553,?,Rajasthan
XX-JSGB,XX-JSGB,,,,
JSG,JHARSUGUDA JN,21.862274,84.017427,,
KYW,KARCHHUE,26.2311244405,84.20715351199999,,
MHRN,MAHENDRANATH,26.000739,84.509909,,
TKVR,TAPPA KHAJURIAY,25.807401000000002,84.688889,,
DPI,DODDAMPATTI,12.18134581,78.42225009,,
SREE,SREE,,,,
AQG,ASHAPURA GOMAT,26.950232,71.892665,NWR,Rajasthan
NEA,NEYKKARAPATTI,11.612765,78.09669699999999,,
GRL,GORAUL,25.931048999999998,85.318477,,
DKJC,DKJC,,,,
KHI,KURHANI,25.979631,85.339288,,
VNJ,TIRUPPUR VANJIPALAYAM,11.117790999999999,77.26580200000001,,
CBF,COIMBATORE NORTH,11.019937,76.954304,,
UMB,AMBALA CANT JN,30.338918,76.826966,,
SRO,SIRATHU,25.650642,81.31786,,
SJT,SHUJAATPUR,25.605607000000003,81.401934,,
BDNP,BIDANPUR,25.585017,81.44201699999999,,
MTPC,MOTIPURA CHAUKI,24.6093382288,77.04829951629999,WCR,Rajasthan
HTZ,HATHIDAH JN,25.367027,85.987826,,
TSKG,TINSUKIA GOODS,,,,
DDNI,DUDHNOI,26.001459,90.76188,NFR,Assam
RDE,RUNDHI,28.067751,77.350991,,
IJ,ITAUNJA,27.081066999999997,80.89123400000001,NER,Uttar Pradesh
RMX,Ramsar,25.722252,70.866078,NWR,Rajasthan
PBE,PILIBHIT JN,28.614977999999997,79.813946,NER,Uttar Pradesh
RMB,Rampura Beri,28.5301320576,75.64547982849999,NWR,Rajasthan
MGS,MUGHAL SARAI JN,25.278149,83.11925000000001,,
RSWT,Ramgarh Shekhawati,28.169397,74.993046,NWR,Rajasthan
BKNA,BAKAINA HALT,29.035800000000002,78.27473099999999,,
HBD,HOSHANGABAD,22.75274,77.715594,,
ANA,ASLANA,23.860522,79.319493,,
BNI,BUDNI,22.7871143,77.6812826,,
YY-IDHW,YY-IDHW,,,,
DMGN,DHAMALGAON,27.325566,94.85656900000001,NFR,Assam
LKPL,LAKDIKAPUL,17.404048000000003,78.463527,SCR,Andhra Pradesh
BRUD,BARUD,22.052142,76.814085,WCR,Madhya Pradesh
DVL,DEVLALI,19.897509,73.83729,,
JRTR,Jurtara,22.253004999999998,79.76127199999999,,
REWA,REWA,24.537122,81.250615,WCR,Madhya Pradesh
DOK,DHOLKA,22.731982,72.433842,WR,Gujarat
NDR,NANDESARI,22.418331636999998,73.0952734283,,
MYG,MIYAGAM KARJAN,22.050722,73.120353,,
MBA,MAHOBA,25.306914,79.849079,NCR,Uttar Pradesh
JGZ,Jamgaon,22.418426,80.198945,SECR,Madhya Pradesh
BHKH,BAGHOI KUSA,24.8399006513,84.46243313289999,,
NOLI,NOLI,28.746571,77.31077099999999,NR,Uttar Pradesh
SUJR,SUJRA,29.012729,77.26134099999999,NR,Uttar Pradesh
AMOD,Amod,21.990791167399735,72.86546467803419,WR,Gujarat
LKD,LAKODARA,21.991872,73.09899399999999,,
VKL,Vankal,21.439673931772646,73.23136643506587,WR,Gujarat
BY,BYCULLA,18.97695,72.833211,CR,Maharashtra
BNR,BHAGWANPUR,25.858316719999998,85.30109021000001,,
KTY,Kotturu,14.826788325296278,76.21354088187218,SWR,Tamil Nadu
BLMR,Bhalukmara,26.685532,94.143709,NFR,Assam
ANJ,Anjangaon,21.163199753077336,77.31896504759789,CR,Maharashtra
DEB,Debagram,23.685277,88.306807,ER,West Bengal
ELP,Achalpur,21.27760302246017,77.51926277764142,CR,Maharashtra
BTY,Bethuadahari,23.610275,88.384597,ER,West Bengal
WARUD,Warud,20.74690547756532,78.65141943097115,CR,Maharashtra
BVAC,BVAC,,,,
BVBC,BVBC,,,,
VLKN,Velankanni,10.686877168293023,79.84618068672717,?,Tamil Nadu
PCU,PUTLACHERUVU,16.484823,81.112395,SCR,Andhra Pradesh
BNPT,BENNIPATTI PIRAPUR,25.892949366,85.3090478906,,
JM,JALAMB JN,20.813007000000002,76.573236,,
GPJ,Gorapur,18.346936,82.79406,ECoR,Andhra Pradesh
ABEO,Pattaravakkam,13.114499981582952,80.16618146561086,SR,
SEG,SHEGAON,20.801724,76.690331,,
GDU,Gudru Halt,22.2718946035,80.1163395764,SECR,Madhya Pradesh
BGNA,Balgona,23.458049719226736,87.95045644976199,ER,West Bengal
KLNP,Kalinarayanpur,23.206506,88.573216,ER,West Bengal
NGZ,S K NAGJIHARI,20.761640999999997,76.755353,,
PS,PARAS,20.724519,76.815865,,
BRDB,Barda,22.15295838,88.08753041,SER,West Bengal
GAO,GAIGAON,20.720684,76.890093,,
RRL,REWRAL,21.261121,79.468096,,
KHAT,KHAT,21.242242,79.550792,,
BRD,BHANDARA ROAD,21.238512,79.64752299999999,,
KOKA,KOKA,21.263021,79.71240900000001,,
DAO,DAGHORA,21.857535000000002,83.678086,,
HGR,HEMAGIRI,21.876503999999997,83.742815,,
NIR,Nainpur Junction,22.425676,80.108853,SECR,Madhya Pradesh
NCH,NAKACHARI,26.7081333353,94.3939129431,NFR,Assam
APDJ,ALIPUR DUAR JN,26.523279,89.534048,NFR,West Bengal
BRE,BHARWARI,25.5591917,81.4918665,,
JTK,Jhitkia,25.626133,88.05297200000001,NFR,West Bengal
MNJ,MANOHARGANJ,25.524992,81.55907499999999,,
SYWN,SAIYID SARAWAN,25.494982,81.613788,,
MRE,MANAURI,25.470171,81.662491,,
BMU,BAMHRAULI,25.44494,81.741641,,
SFG,SUBEDARGANJ,25.439879,81.789897,,
KLX,KOLAKALUR,16.295185999999998,80.627521,,
CLVR,CHILUVUR,16.379558,80.61690800000001,,
KVR,KOVVUR,17.007084,81.726495,,
GVN,GODAVARI,17.007707,81.77083,,
KJKD,KANJIKODE,10.800919,76.75531600000001,,
SNKR,Sanka,23.52693,86.616164,SER,West Bengal
VNK,Binaiki,22.72003,79.902424,SECR,Madhya Pradesh
GCN,Gocharan,22.277738,88.45836999999999,ER,West Bengal
SEY,Seoni,22.075431,79.545769,SECR,Madhya Pradesh
SDMD,Sudamdih,23.654478,86.44032,SER,West Bengal
PCLS,PCLS,,,,
BJU,BARAUNI JN,25.461768000000003,85.988748,,
DMO,DAMOH,23.836693,79.432246,,
ADD,ADAS ROAD,22.486628078200003,73.0346944543,,
CLC,Chalala,21.4155588,71.16224249999999,WR,Gujarat
RNO,RANOLI,22.405252095399998,73.1122662115,,
HP,HARIPUR,26.012397,74.024928,NWR,Rajasthan
KUGT,Kumarghat,24.1506303119,92.0348331158,NFR,Tripura
AWB,AURANGABAD,19.859276,75.31064599999999,SCR,Maharashtra
BNL,BEVINAHALU,15.16697376,77.21298975,SCR,Andhra Pradesh
VMC,VMC,,,,
SMNH,SOMNATH,20.896131999999998,70.408254,WR,Gujarat
CUPJ,CUDDALORE PORT,11.715119,79.766287,SR,Tamil Nadu
PLJ,PALEJ,21.921578,73.072387,,
GOLE,GOLE,25.891938,72.00004,NWR,Rajasthan
BDX,BDX,,,,
TRO,TIRORA,21.415039,79.91803499999999,,
JMG,JAMGA,21.874971000000002,83.564842,,
JMSY,JMSY,,,,
AHLR,AHALYAPUR,26.468381,83.824844,,
TEL,TENALI JN,16.242409000000002,80.640413,,
TAT,Tummanamgutta,13.707414,78.37926300000001,SCR,Andhra Pradesh
CU,CHAGALLU,16.965076999999997,81.690558,,
PSDA,PASIVEDALA,16.99331,81.700939,,
MBGA,Marwar Bagra,25.208689,72.59376099999999,NWR,Rajasthan
JNE,JANIYANA,25.827638,72.336284,NWR,Rajasthan
SMR,SAMDHARI JN,25.837202,72.57300699999999,NWR,Rajasthan
SUT,SUTLANA,25.970783,72.951414,NWR,Rajasthan
PBR,PORBANDAR,21.643597999999997,69.615506,WR,Gujarat
CKVD,Chikkandawadi,14.137920273699999,76.2025684888,SWR,Karnataka
BHG,Bhaton Ki Gali,27.105646,75.712919,NWR,Rajasthan
HMO,Hanumangarh Town,29.574220545495677,74.33120188303292,NWR,Rajasthan
SANR,SARDARNAGAR,26.700858999999998,83.494054,,
GRD,Giridih,24.182255899999998,86.3146452,ER,Jharkhand
CC,CHAURI CHAURA,26.673882,83.545894,,
KMPT,KOMATIPALLI,18.023547297,79.5158922174,,
HSP,HASANPARTHI RD,18.078262,79.50184999999999,,
GGY,Gagariya,25.741083,70.734877,NWR,Rajasthan
NNPR,NONAPAR,26.353209,83.969786,,
MW,MAIRWA,26.240309,84.151979,,
KUY,TIRUPPUR KULIPALAYAM,11.1440279246,77.3893135876,,
PLL,PARLI,10.800415,76.559421,,
AGTL,Agartala,23.792417,91.278481,NFR,Tripura
MNY,MANKARAI,10.771526,76.500232,,
LDY,LAKKITI,10.753217,76.434467,,
PLPM,PALAPPURAM,10.7525187905,76.398385813,,
OTP,OTTAPPALAM,10.770046,76.377993,,
MNUR,MANNANUR,10.749322,76.323555,,
ZRDE,JIRADEI,26.220819,84.256142,,
SV,SIWAN JN,26.210724000000003,84.359267,,
PCK,PACHRUKHI,26.162627999999998,84.415667,,
DDA,DURAUNDHA JN,26.086973,84.45894600000001,,
CW,CHAINWA,26.022117,84.49649600000001,,
POK,POKRAN,26.930571,71.923129,NWR,Rajasthan
OCH,ODHANIYA CHACHA,26.972848,71.718687,NWR,Rajasthan
EKMA,EKMA,25.967099,84.53637,,
DDP,DAUDPUR,25.90709,84.591425,,
KPS,KOPA SAMHOTA,25.851866,84.65281399999999,,
BTHL,BITHAULI,25.817069,85.29179,,
GB,GAURI BAZAR,26.594934000000002,83.667801,,
BALR,BAITALPUR,26.5526634,83.7385572,,
DEOS,DEORIA SADAR,26.5076811676,83.7819590961,,
NRA,NUNKHAR,26.425483,83.880179,,
AGMN,Agomoni,26.225947,89.786242,,
BND,BHANDUP,19.14200998,72.93723505,,
ASR,AMRITSAR JN,31.631511999999997,74.858025,,
MUC,MULLURKARA,10.705843,76.271415,,
WKI,WADAKANCHERI,10.648956,76.237041,,
SOG,SURATGARH JN,29.324152,73.90724800000001,NWR,Rajasthan
SNV,Sondad,21.079845,80.094149,SECR,Maharashtra
QMRS,Kayamsar,28.125576,75.000562,NWR,Rajasthan
AYB,Aliyabad,16.878268000000002,75.758306,SWR,Karnataka
MBF,Munabao,25.742614,70.276543,NWR,Rajasthan
CLDR,Chilikidara,21.243022,85.827112,ECoR,Orissa
KLYT,Kolayat,27.835319,72.95507400000001,NWR,Rajasthan
CLD,CHALSA JN,26.882215,88.798213,NFR,West Bengal
CRX,CARRON,26.880279,88.9704,NFR,West Bengal
ETF,ITARSI F CABIN,22.61521,77.774856,,
CNPI,Chandanpahari,24.404224,86.953082,ER,Jharkhand
MIG,MIDGHAT,22.828141000000002,77.647526,,
BNU,BANDAKPUR,23.848205999999998,79.575956,,
COD,Chhota Gudha,27.293803,75.599508,NWR,Rajasthan
CHQ,CHOKA,22.864326000000002,77.638968,,
MB,MORADABAD,28.831621000000002,78.765801,,
IRA,ISRANA,29.291379,76.85285999999999,NR,Haryana
KRCA,KARACHIYA YARD,22.380046,73.132981,,
BJW,BAJVA,22.3662226,73.1431251,,
CLN,KOLLIDAM,11.332713,79.718347,SR,Tamil Nadu
OSHI,OSHI,,,,
CNA,CHANDERIYA,24.939557999999998,74.629979,WR,Rajasthan
CRC,CHARKHARI ROAD,25.307555999999998,79.74565299999999,NCR,Uttar Pradesh
BTT,BHATNI JN,26.381257,83.934035,,
CSZ,Cossimbazar,24.122264,88.266903,ER,West Bengal
VRE,VAREDIYA,21.85838,73.048979,,
NIU,NABIPUR,21.807541,73.030592,,
KTTY,KTTY,,,,
CVJ,CHAVAJ,21.753134000000003,73.010489,,
AKV,ANKLESHWAR JN,21.623889,73.000633,,
CNE,CHANDRANATHPUR,24.984962,92.71665800000001,NFR,Assam
PAO,PANOLI,21.535197,72.978371,,
CNL,CHANDAWAL,25.946542716,73.86881457700001,NWR,Rajasthan
BFY,BHESANA,25.82438,73.7180903,NWR,Rajasthan
HAT,HATHURAN,21.501091000000002,72.969512,,
COL,Coromandel,12.97518,78.257278,SWR,Karnataka
KDSD,KUDSAD,21.37682,72.91647999999999,,
SYN,SAYAN,21.317203,72.890287,,
MQP,Makrandpur,28.213407,79.290097,NER,Uttar Pradesh
GTX,GOTHANGAM,21.294043,72.880104,,
MGK,MULANGUNNATHUKAVU,10.596938999999999,76.207809,,
CNKP,CHANAKYAPURI,28.591905,77.172004,NR,Delhi NCT
URN,UTRAN,21.232602,72.85479600000001,,
ST,SURAT,21.206568,72.840793,,
UDN,UDHNA JN,21.171156,72.851461,,
VRU,VALIVERU,16.188934,80.605456,,
MRPL,MARAMPALLI,16.843925,81.63387399999999,,
NDD,NIDADAVOLU JN,16.898297,81.67550399999999,,
GDM,GUDMA,21.416128,80.287678,,
BEF,BHUPDEOPUR,21.975035039999998,83.25998102000001,,
RIG,RAIGARH,21.891288999999997,83.39067,,
KRL,KOTARLIA,21.883182,83.482238,,
CTND,Chettinad,10.160613,78.775924,SR,Tamil Nadu
SEPR,SHERPUR,28.919358,78.25287,NR,Uttar Pradesh
NVS,NAVSARI,20.946851,72.914294,WR,Gujarat
JBD,Jalalabad,30.60775,74.268446,NR,Punjab
DDM,DAM DIM,26.859243000000003,88.67133299999999,NFR,West Bengal
COE,CHITROD,23.417869,70.655356,WR,Gujarat
COM,Chomun Samod,27.158223,75.70272,NWR,Rajasthan
DKT,DHULKOT,30.395686,76.78753499999999,NR,Haryana
KUW,KANWAR,25.7036520692,81.21464405030001,,
CDMR,CHANDAULI MJHWR,25.261093,83.267724,,
IGPX,IGPX,,,,
KGA,KHAGA,25.761853,81.102658,,
KTCE,KATOGHAN,25.730035,81.16560600000001,,
ASCE,ATHSARAI,25.678728805000002,81.2620300824,,
CRLM,Carmelaram,12.907633,77.706014,SWR,Karnataka
CNR,CHANDAR,15.264834,74.047794,SWR,Goa
CMDP,Chimidipalli,18.262764,83.07686199999999,ECoR,Andhra Pradesh
BDL,VINDHYACHAL,25.160771699999998,82.5020212,,
TSA,TISUA,28.136577,79.58628900000001,,
TAS,Thasra,22.797769,73.221682,WR,Gujarat
GHT,GHAGHARA GHAT,27.1026834977,81.5033135022,,
BV,BABHNAN,26.938525000000002,82.500127,,
CLW,Chilwariya,27.487001000000003,81.69873199999999,NER,Uttar Pradesh
OKAC,OKAC,,,,
GAUR,GAUR,26.913411,82.56115799999999,,
TH,TINICH,26.882281000000003,82.639707,,
BHTR,BHATPAR RANI,26.3104766,84.03310139999999,,
TUR,TURKI,26.034431,85.354709,,
RD,RAM DAYALU NAGAR,26.097367,85.38359600000001,,
BTO,BHITAURA,28.469954,79.306506,,
PKRA,PARSA KHERA,28.433371,79.34185199999999,,
CHTI,CHANETI,28.3087958495,79.42916573,,
BLPU,BILPUR,28.083668,79.62578099999999,,
MK,MIRANPUR KATRA,28.03708,79.674809,,
MILA,MILAKPUR HALT,27.988261374,79.71796182739999,,
TLH,TILHAR,27.972984,79.741776,,
CQL,CHIRAKKAL,11.911049,75.353696,SR,Kerala
PNQ,PUNKUNNAM,10.535053999999999,76.20943,,
TCR,THRISUR,10.514790000000001,76.207919,,
CMNR,CHAMARAJANAGAR,11.934891,76.932807,SWR,Karnataka
CMJ,CHAMARAJAPURAM,12.29844,76.637861,SWR,Karnataka
BKA,BARKHERA,22.917359,77.649646,,
ODG,OBAIDULLA GANJ,22.994912,77.587299,,
ACL,ANCHELI,20.845167,72.944978,WR,Gujarat
CVR,CHORVAD ROAD,21.055196000000002,70.290734,WR,Gujarat
CTH,CHIKALTHANA,19.859565,75.402851,SCR,Maharashtra
BTKD,BHARATKUND,26.6360965,82.12739309999999,NR,Uttar Pradesh
DHW,Dhariwal,31.949113,75.32156499999999,NR,Punjab
SAI,SARAI,25.779962,85.27660900000001,,
CPE,Chandiposi,22.068676999999997,84.915988,SER,Orissa
CRU,CHUDAWA,19.1803282622,77.1169303369,SCR,Maharashtra
DBB,DHUBRI,26.023137000000002,89.977952,NFR,Assam
PNP,PANIPAT JN,29.388948,76.96379300000001,,
CPS,CHANDPUR SIAU HALT,29.13201,78.27585499999999,NR,Uttar Pradesh
CX,CHANOL,22.427916,70.53884199999999,WR,Gujarat
CSR,CHAK SIKANDAR,25.6767202377,85.365246145,ECR,Bihar
CRQ,Charpokhari Halt,25.3615157718,84.487603186,ECR,Bihar
VNA,VARANGAON,21.0097131944,75.9006577881,,
DAG,DHANG,26.7174,85.353298,ECR,Bihar
CRW,Charaud,29.0094584,75.6466632,NWR,Haryana
BTL,BORTALAO,21.218301,80.626207,,
KHS,KHARSIA,21.99178,83.102414,,
ROB,ROBERTSON,21.988744,83.182508,,
CPK,CHAPARMUKH JN,26.202272,92.511718,NFR,Assam
CTW,Chhintanwala,30.365958000000003,76.014229,NR,Punjab
CTA,Chitradurg,14.231154,76.386431,SWR,Karnataka
AAV,Ambav,,,WR,Gujarat
MDKU,MODUKURU,16.124988000000002,80.58380799999999,,
TSR,TSUNDURU,16.157497,80.58648699999999,,
NBM,NAVABPALEM,16.831606,81.606702,,
NMBR,N MAYURBHANJ ROAD,21.666901,87.038724,,
BTS,BASTA,21.7029241,87.0637831,,
CTD,Chhota Udepur,22.314788,74.014286,WR,Gujarat
DBY,Digboi,27.383483,95.61698200000001,NFR,Assam
CWI,CHONDI,19.430619765,77.1556666229,SCR,Maharashtra
CSDR,CHANNASANDRA,13.010940720799999,77.6629705685,SWR,Karnataka
PGT,PALAKKAD,10.802091,76.641926,,
MNHA,Mindha,27.112061,75.33241,NWR,Rajasthan
DBO,DABHODA,23.168331000000002,72.748038,WR,Gujarat
DABN,DHABAN,29.859997,74.54288000000001,NWR,Rajasthan
DBI,DABLI RATHAN,29.542416,74.19093000000001,NWR,Rajasthan
SID,SIDDHPUR,23.918067,72.367959,WR,Gujarat
ARGD,ARIGADA,23.643461000000002,85.466475,ECR,
CTJ,CHHATAINI,23.994088,81.287323,WCR,Madhya Pradesh
KTKD,KATANGI KHURD,23.7758696073,80.48673398129999,WCR,Madhya Pradesh
CRL,Choral,22.450677,75.94413499999999,WR,Madhya Pradesh
ABSA,Ambassa,23.930507,91.860783,NFR,Tripura
NVP,Navalpura,23.289155,73.19955399999999,,
DBKA,Dabka,21.361353,76.720809,SCR,Madhya Pradesh
CQR,Champapukur,22.656633999999997,88.80796000000001,ER,West Bengal
NDAZ,NAYA AZADPUR,28.714564,77.166876,,
ANDI,ADARSH NAGAR DELHI,28.714205,77.16670699999999,,
CUR,Churu,28.288281,74.966203,NWR,Rajasthan
BHD,BADLI,28.746799999999997,77.1377425,,
KHKN,KHERA KALAN,28.769717999999997,77.115838,,
HUK,HOLAMBI KALAN,28.801187,77.102334,,
NUR,NARELA,28.846886,77.085727,,
CWA,Chhindwara Junction,22.058201,78.953212,SECR,Madhya Pradesh
RDDE,RATHDHANA,28.904132,77.05914800000001,,
CTPE,Chandanattop Halt,8.932478000000001,76.64532,SR,Kerala
HNN,HARANA KALAN,28.945425,77.039135,,
SNP,SONIPAT,28.989423000000002,77.017343,,
SLKN,SANDAL KALAN,29.063432000000002,77.012589,,
RUG,RAJLU GARHI,29.090744,77.012109,,
GNU,GANAUR,29.130776,77.01074999999999,,
BDMJ,BHODWAL MAJRI,29.1852092,77.0082364,,
SMK,SAMALKHA,29.240172,77.003034,,
DWNA,DIWANA,29.318564,76.980194,,
BBDE,BABARPUR,29.449652,76.966178,,
KFU,KOHAND,29.494782,76.968758,,
GRA,GHARAUNDA,29.541636,76.96575000000001,,
BZJT,BAZIDA JATAN,29.613391,76.965812,,
KUN,KARNAL,29.694566000000002,76.969821,,
BZK,BHAINI KHURD,29.751544,76.95536200000001,,
TRR,TARAORI,29.797906,76.93858,,
NLKR,NILOKHERI,29.831492,76.925491,,
KKDE,KURUKSHETRA JN,29.969440000000002,76.852795,,
DAVM,DHANUVACHAPURAM,8.378802,77.124352,SR,Kerala
CTS,CHATTRIPUT,18.922722,82.590027,ECoR,Orissa
DAVJ,D.A.V.C.H. JALANDHAR,31.346977000000003,75.56132,NR,Punjab
DLPI,INDRAPURI,28.628342466499998,77.14358825779999,NR,Delhi NCT
GRG,Guwarighat,23.110295,79.92761300000001,SECR,Madhya Pradesh
DSJ,DELHI SAFDARJUNG,28.582121,77.186969,NR,Delhi NCT
DHRN,DHURANA,29.253606,76.803295,NR,Haryana
DUK,DUDIA,25.934458,72.902042,NWR,Rajasthan
DAJ,DUROJI,15.227107,76.70013,SWR,Karnataka
BTPH,CHAKIA THERMAL HALT,25.4012639369,86.01624276369999,,
JDDA,JATHA,22.0159803866,82.875333703,,
JDI,JHARRADIH,21.999876,83.050747,,
DKO,Devakottai Road,10.037610999999998,78.761747,SR,Tamil Nadu
DIB,DIBAI,28.19378,78.303084,NR,Uttar Pradesh
CNJO,JUHI OUTER CABIN,26.4531901925,80.3239098425,,
LMA,LAMBIYA,25.578333999999998,74.58561499999999,NWR,Rajasthan
DBLG,DBLG,,,,
DOHM,Devgarh Madriya,25.610206,73.855552,NWR,Rajasthan
NHLG,NHLG,,,,
DYE,DAYANAND NAGAR,17.456247,78.53134999999999,SCR,Andhra Pradesh
DBV,DABILPUR,17.674226,78.470315,SCR,Andhra Pradesh
JGLP,JGLP,,,,
BGZ,BAHADURGARH,28.700863000000002,76.930886,NR,Haryana
PNSR,PNSR,,,,
DME,DAMNAGAR,21.688346,71.509053,WR,Gujarat
AG,Aranghata,23.242037,88.613551,ER,West Bengal
RLG,RELANGI,16.709921,81.64411,SCR,Andhra Pradesh
CCAB,BMY C CABIN,21.209789,81.44306300000001,,
DNDI,DHONDI,19.106268,76.736112,SCR,Maharashtra
NDO,NIDUBROLU,16.067904,80.557243,,
FKA,Fazilka,30.408641,74.02541699999999,NR,Punjab
TDD,TADEPALLIGUDEM,16.809960999999998,81.526314,,
PTPU,PRATTIAPADU,16.820864999999998,81.581431,,
BDHT,Bardi Halt,21.621177,78.822411,SECR,Madhya Pradesh
DJL,Dodajala Lake,13.183156,77.652122,SWR,Karnataka
DIU,Dhing,26.453101,92.45086500000001,NFR,Assam
DGQ,Dugdol,24.631708,72.096828,NWR,Gujarat
DAU,Dagru,30.834858,75.047442,NR,Punjab
GWH,GHOSHAWAR,25.737421135399998,85.24335073670001,,
HJP,HAJIPUR JN,25.702909000000002,85.2155,,
ENBG,ENBG,,,,
PUK,PUDUKAD,10.420507,76.26070700000001,,
NYI,NELLAYI,10.392415000000002,76.275994,,
UKL,UTTUKULI,11.156494,77.448615,,
TUP,TIRUPPUR,11.108906,77.341247,,
SNO,SOMANUR,11.087247,77.18638,,
SUU,SULUR ROAD,11.049634,77.11729,,
IGU,IRUGUR,11.017199,77.06913399999999,,
SHI,SINGANALLUR,11.012921,77.03945900000001,,
PLMD,PILAMEDU,11.033241,76.999566,,
CBE,COIMBATORE JN,10.997639,76.966298,,
PTJ,PODANUR JN,10.965425,76.990125,,
MDKI,MADUKARAI,10.900858,76.94295000000001,,
IJK,IRINJALAKUDA,10.339456,76.280924,,
CKI,CHALAKUDI,10.3017975,76.3218076,,
DINR,DIVINE NAGAR,10.2853993721,76.3363143628,,
KRAN,KORATTI ANGADI,10.260123,76.355901,,
KUC,KARUKKUTTY,10.225757,76.373077,,
AFK,ANGAMALI,10.183676,76.37786,,
CWR,CHOVVARA,10.133064,76.37218899999999,,
DJ,Darjeeling,27.038151,88.263326,NFR,West Bengal
AWY,ALUVA,10.108163,76.356508,,
KLMR,KALAMASSERY,10.061818,76.32695600000001,,
IPL,EDAPPALLY,10.034338,76.298271,,
ERN,ERNAKULAM TOWN,9.991582000000001,76.2861,,
ETMD,ETTIMADAI,10.898788,76.89715500000001,,
WRA,WALAYAR,10.8471810329,76.8376135147,,
DBN,Dhablan,30.3379133215,76.276917865,NR,Punjab
DBF,Dabpal,18.927979999999998,81.488923,?,Chhattisgarh
DBZ,Dhing Bazar,26.455873,92.481039,NFR,Assam
CLMD,CHULLIMADA,10.837164999999999,76.801793,,
KTKU,KOTTEKAD,10.815731,76.693457,,
DLC,DALMERA,28.417832,73.65658,NWR,Rajasthan
TNU,TIRUNETTUR,9.933729,76.30765699999999,,
KUMM,KUMBALAM,9.906723,76.3116,,
AROR,AROOR HALT,9.8791031,76.30283299999999,,
EZP,EZHUPPUNNA,9.820288000000001,76.302391,,
TUVR,TURAVUR,9.772809,76.309979,,
ERSC,ERNAKULAM JN. C,9.978060000000001,76.28985899999999,,
DIR,DHANAPUR ORISSA,18.945173,82.50739300000001,ECoR,Orissa
DRN,DEORANIAN,28.64478,79.476473,NER,Uttar Pradesh
BGS,BEGU SARAI,25.425296,86.134476,ECR,Bihar
BQQ,BAKHLETA,23.846381,79.96972000000001,,
GBP,GULABPURA,25.9027951891,74.65595449829999,NWR,Rajasthan
REI,RITHI,23.904168,80.140267,,
MBWC,MORADABAD WEST,28.83865785,78.7596338837,,
HRH,HARTHALA,28.8719872056,78.73559542849999,,
GOA,GOHAD ROAD,26.480421000000003,78.439153,NCR,Madhya Pradesh
DHNR,DHANORA DECCAN,19.465517438899997,78.13275402709999,SCR,Maharashtra
ALD,ALLAHABAD JN,25.446241,81.828816,,
ETAH,Etah,27.571173,78.65391899999999,NCR,Uttar Pradesh
GG,GANDHIGRAM,23.02676,72.568831,WR,Gujarat
BSL,BHUSAVAL JN,21.0472812,75.78867170000001,,
KOPR,KOPAR ROAD,19.211345,73.077841,,
GGLE,GANGATIKURI,23.71822,88.087286,ER,West Bengal
KWD,KARWANDIA,24.953195,84.084599,,
GDD,Gadra Road,25.743851,70.64304,NWR,Rajasthan
SSM,SASARAM,24.955926,84.019423,,
DTAE,DHATRIGRAM,23.277796,88.31182199999999,ER,West Bengal
SLOR,SELOO ROAD,20.776649999999997,78.71490899999999,,
SNI,SINDI,20.816446,78.883342,,
DNUA,Dhansura,23.351916,73.19870999999999,WR,Gujarat
SGRD,SULGARE,22.019979,82.743775,,
BUA,BARADWAR,22.011725000000002,82.813724,,
SKT,SAKTI,22.011785000000003,82.956526,,
EDU,ERIODU,10.515627989999999,78.05712899000001,SR,Tamil Nadu
SUJ,SARJU,27.111885,81.648076,,
GDN,GANGAIKONDAN,8.830736,77.786203,SR,Tamil Nadu
LDR,LANDAURA,29.814493,77.941557,,
DUN,DUGANPUR,28.658317,79.13019,,
CBJ,CLUTTER BUCK GANJ,28.396895,79.371946,,
BE,BAREILLY,28.337154299999998,79.4108444,,
NHGJ,NHGJ,,,,
DTC,DITOKCHERRA,25.090538,92.798715,NFR,Assam
BPG,BADURPUR GHAT,24.872902,92.581099,NFR,Assam
GIW,Girdharpur,25.845508,76.794583,NCR,Rajasthan
RYS,RASURIYA,28.26396,79.47445900000001,,
NYO,NAYAGAON,25.763263,85.099366,,
PMU,PARMANANDPUR,25.741290999999997,85.133951,,
GIR,Gainsari Junction,27.526839296800002,82.5441789069,NER,Uttar Pradesh
BPP,BAPATLA,15.9086144,80.46842480000001,,
APL,APPIKATLA,15.970371,80.514466,,
MCVM,MACHAVARAM,16.025343,80.54154100000001,,
CEL,CHEBROL,16.819948,81.396533,,
GGH,Ghogardiha,26.282768,86.468503,ECR,Bihar
BPY,BADAMPUDI,16.828104,81.473751,,
ARD,AMARDA ROAD,21.734258,87.102374,,
PY,PERUNDURAI,11.25334,77.628672,,
FSR,FAQARSAR,30.189431000000003,74.57257200000001,NR,Punjab
CFG,CHAKITING,26.5616754046,94.0956546234,NFR,Assam
IGR,INGUR,11.22501,77.587299,,
VZ,VIJAYAMANGALAM,11.195525,77.522231,,
DLA,DOULTA,24.998509000000002,78.42932499999999,,
TBT,TALBAHAT,25.039255,78.414552,,
MZX,MATATILA,25.0851,78.40284000000001,,
BZY,BASAI,25.142923,78.394254,,
BAB,BABINA,25.237832,78.451748,,
KHJ,KHAJRAHA,25.304157999999997,78.478365,,
BJI,BIJAULI,25.3764678,78.51774610000001,,
JHSA,JHANSI A CABIN,25.41949,78.545787,,
JHS,JHANSI JN,25.443585,78.55298499999999,,
KRQ,KARARI,25.530800000000003,78.509084,,
DAA,DATIA,25.641070000000003,78.456356,,
SOR,SONAGIR,25.730668,78.409099,,
KTRA,KOTRA,25.811253999999998,78.381661,,
DBA,DABRA,25.881197,78.331015,,
SMTL,SIMARIATAL,25.9219956094,78.3042595734,,
AEH,ANANT PAITH,25.955389501299997,78.2761320917,,
FRH,Farhatnagar,27.081164,80.143212,NR,Uttar Pradesh
GATD,Gautamdhara,23.3498809788,85.6329945703,SER,Jharkhand
GEG,Gir Gadhara,20.906347,70.919246,WR,Gujarat
FLD,Phulad,25.623979,73.81311799999999,NWR,Rajasthan
GADM,Ganga Dham,27.20976,81.930509,NER,Uttar Pradesh
DTR,Dhamtari,20.714515000000002,81.550321,SECR,Chhattisgarh
DRW,DHAREWADA,23.960815999999998,72.378575,WR,Gujarat
KZQ,KHIMEL,25.300189,73.279577,NWR,Rajasthan
HDU,HARDUA,23.9150542164,80.2834127417,,
HDW,HALDWANI,29.215097,79.533732,NER,Uttarakhand
AKT,AKALTARA,22.029121,82.422049,,
HBU,Halbarga,17.988470000000003,77.298175,SCR,Karnataka
GNH,GANGAKHER,18.973377,76.755511,SCR,Maharashtra
NIA,NAILA,22.022963999999998,82.56458900000001,,
KMGE,KUMAHU,24.976944,83.946305,,
SSG,SHIU SAGAR ROAD,24.999464999999997,83.895453,,
CPH,CHAMPA,22.034731,82.665149,,
GPX,Gautampura Road,23.2008894,75.68198989999999,WR,Madhya Pradesh
RGQ,RAIGADH ROAD,23.596666,73.183592,NWR,Gujarat
GS,GODHANESHWAR,22.68118,72.36834,WR,Gujarat
GLH,Gulaothi,28.582962,77.801799,NR,Uttar Pradesh
HNB,Hasanabad,22.570155,88.912953,ER,West Bengal
PUA,PULLA,16.809911,81.324846,,
KKRM,KAIKORAM,16.815341,81.36421899999999,,
JER,JALESWAR,21.79749,87.22049100000001,,
FYZ,FAIZULLAPUR,25.869213,80.893347,,
ED,ERODE JN,11.327682,77.72593400000001,,
HR,Harpalu,28.569053803099997,75.4910470972,NWR,Rajasthan
RUB,RASULABAD,25.826999,80.977088,,
SNIE,SATH NARAINI,25.795325,81.03942,,
DUR,DESUR,15.754344,74.49801,SWR,Karnataka
CNC,CHINCHLI,16.571696999999997,74.855323,SWR,Karnataka
MTB,MATLABPUR,28.989821,78.656727,,
KNT,KANTH,29.059768000000002,78.621471,,
MWE,MEWA NAWADA,29.118385,78.613167,,
SEO,SEOHARA,29.204807000000002,78.580977,,
CAJ,CHAKRAJ MAL,29.249784000000002,78.536047,,
DPR,DHAMPUR,29.305446,78.501588,,
HBW,HABIBWALA,29.349034,78.47897300000001,,
GKD,GADHAKDA,21.237962,71.38171899999999,WR,Gujarat
PNI,PURAINI,29.388929,78.445574,,
NGG,NAGINA,29.437919,78.424119,,
BEK,BUNDKI,29.522577000000002,78.3932854,,
GYN,GYANPUR ROAD,25.280144010999997,82.4272883557,NER,Uttar Pradesh
MSDR,MURSHADPUR,29.57239523,78.3756456903,,
NBD,NAJIBABAD JN,29.603540000000002,78.335733,,
FZL,FAZALPUR,29.5937410175,78.27795372130001,,
CNK,CHANDOK,29.576786,78.152782,,
BLW,BALAWALI,29.6274345,78.1124328,,
RSI,RAISI,29.6928321018,78.0664335504,,
AAR,ADESAR,23.552978399500002,70.9720505023,WR,Gujarat
HRR,HARIHAR,14.515431,75.812314,SWR,Karnataka
GVA,Ganguwada,18.66763705,84.1072235,ECoR,Andhra Pradesh
GUX,Gurhi,21.629554,76.58074500000001,SCR,Madhya Pradesh
HMH,HANUMANGARH JN,29.614904,74.297633,NWR,Rajasthan
AAM,Angadippuram,10.979489000000001,76.20734300000001,SR,Kerala
PHR,PHILLAUR JN,31.016907,75.78576100000001,,
LDW,LADHOWAL,31.016957,75.78581100000001,,
LDH,LUDHIANA JN,30.912367,75.84787299999999,,
BHOI,DHANDARIKALAN BLOCK HUT,30.894741,75.87188,,
HKR,Kiwar Khed,21.186952,76.8767,SCR,Maharashtra
DDL,DHANDARI KALAN,30.874477,75.90949099999999,,
SNL,SANAHWAL,30.837436,75.9795,,
DOA,DORAHA,30.804137,76.04330300000001,,
JSPN,JASPALON,30.7847375851,76.0801522656,,
CHA,CHAWAPALL,30.7594625741,76.127464975,,
KNN,KHANNA,30.707973,76.22513400000001,,
GVG,GOVINDGARH,30.6694834261,76.2970739075,,
SIR,SIRHIND JN,30.624222,76.383194,,
SDY,SADHOO GARH,30.5828632034,76.44847259640001,,
SBJ,SARAI BANJARA,30.538386,76.515682,,
RPJ,RAJPURA JN,30.486458949,76.5940201901,,
SMU,SAMBHU,30.4290274715,76.684143667,,
CDL,CHODIALA,29.896397999999998,77.738546,,
IQB,IQBALPUR,29.875114,77.803799,,
RK,ROORKEE,29.851671,77.87417,,
DNRA,DHANDHERA,29.8434029837,77.9019227979,,
DSNI,DAUSNI,29.784745,77.979636,,
CPT,CHANNAPATNA,12.659673000000002,77.203824,SWR,Karnataka
KGF,KATHGHAR,28.826066,78.796689,,
DLP,DALPATPUR,28.820438,78.87718699999999,,
MPH,MUNDHA PANDE,28.800366999999998,78.939038,,
RMU,RAMPUR,28.778862999999998,79.023419,,
SAR,SHAHZAD NAGAR,28.750033000000002,79.05214699999999,,
DAM,DHAMORA,28.707129000000002,79.087745,,
AABH,AMBIKA BHAWANI HALT,25.751433665,84.9690033484,,
DGA,DIGHWARA,25.743938,85.003168,,
STLR,SITALPUR,25.768739999999998,85.03663800000001,,
JDR,JIWDHARA,26.581722,84.906874,ECR,Bihar
AWP,AGHWANPUR,28.939542,78.702865,,
KIA,KHARI AMRAPUR,23.390711,72.913948,WR,Gujarat
IMR,IBRAHIMPUR,16.802926,75.719362,SWR,Karnataka
JND,JUNAGADH JN,21.530606,70.457612,WR,Gujarat
JA,JALIYA,21.8163569109,71.6324910046,WR,Gujarat
IDP,INDUPALLI,16.479094,80.87706899999999,SCR,Andhra Pradesh
DBL,DODBELE,13.216441000000001,77.351193,SWR,Karnataka
KVD,KHURMABAD ROAD,25.021489000000003,83.848303,,
JBO,Jamadobu,23.715138999999997,86.410031,SER,Jharkhand
KTQ,KUDRA,25.048552,83.79337100000001,,
PSE,PUSAULI,25.097235,83.72151,,
STPT,SITAMPET,16.797409,81.211206,,
JHBN,JHAMATPUR BAHARAN,23.749987,88.098669,ER,West Bengal
UBC,AMBALA CITY,30.378497,76.763996,,
JIT,JIRAT,23.098255,88.461461,ER,West Bengal
BMD,BHIMADOLU,16.80848173,81.26109679,,
JDD,Jerthi Dadhia,27.731618001396782,75.2010774705559,NWR,Rajasthan
LXD,LAKSHANNATH ROAD,21.842011,87.25095300000001,,
JGJN,JUGIJAN,26.028001,92.81771,NFR,Assam
JMI,JAMGURI,26.3877071452,93.9604479663,NFR,Assam
CSM,CANSAULIM,15.344532000000001,73.897226,SWR,Goa
BPW,BURHPURA,25.211179,78.42955,,
IDM,Indemau,26.318344,80.767021,NR,Uttar Pradesh
KSR,KASTURI,27.139983,81.728838,,
MIR,MAIJAPUR,27.141734,81.773788,,
JNO,Junnor Deo,22.191279,78.592052,CR,Madhya Pradesh
GDK,GONDA KACHAHRI,27.1402272205,81.93402688110001,,
BRCK,BARUACHAK,27.122672,82.055181,,
JOL,Jogal,21.696442,86.88271399999999,?,Orissa
ICL,Ichauli,25.520955,80.178833,NCR,Uttar Pradesh
MOTG,MOTIGANJ,27.101387,82.103635,,
JLHI,JHILAHI,27.072604043299997,82.17287785639999,,
KAU,Kachna,25.6337383216,88.0246425354,NFR,West Bengal
BBHL,Bela Bela,26.137192374999998,81.2487596802,,
JOA,JANWAL,18.559639999999998,76.75514700000001,SCR,Maharashtra
JADR,Jadar,23.745814000000003,72.952369,WR,Gujarat
JJW,Jojwa,22.253213000000002,73.642431,WR,Gujarat
MUR,MANKAPUR JN,27.039058,82.227648,,
LKNR,LAKHPAT NAGAR,27.0276257858,82.2775887885,,
MSW,MASKANWA,27.0013792301,82.3597396039,,
ANU,ANANGUR,11.396939999999999,77.820053,,
POE,Pawapuri Road Halt,25.160225,85.512918,,
SNC,S NARAYAN CHPLA,26.9810021017,82.3961659851,,
HSB,Hasanbazar Halt,25.2665823122,84.34929577759999,ECR,Bihar
BNGY,BAHMAN JYOTIA,26.9662637829,82.4273550012,,
PATI,PARSA TEWARI,26.95565,82.45215499999999,,
JI,JHUSI,25.431145,81.91664399999999,NER,Uttar Pradesh
GOVR,GOVINDNAGAR,26.864223000000003,82.707468,,
BST,BASTI,26.815678,82.77005899999999,,
ORW,ORWARA,26.802388999999998,82.83031100000001,,
CRV,CHUREB,26.782155,82.97763599999999,,
MOW,MANANWALA,31.612827000000003,74.96656200000001,,
JNL,JANDIALA,31.589979,75.05441200000001,,
TRA,TANGRA,31.576425999999998,75.107232,,
JSH,Jaswantgarh,27.668988,74.44396800000001,NWR,Rajasthan
BTR,BUTARI,31.556444,75.183274,,
BBKR,BABA BAKALARAYA,31.541835000000003,75.238827,,
BEAS,BEAS,31.5193738,75.2908085,,
DIW,DHILWAN,31.498953,75.335011,,
RYM,RAMIDI HALT,31.4659508779,75.4078429907,,
JKI,Kauriaa Jungle,26.881072,83.29979800000001,?,Uttar Pradesh
HMR,HAMIRA,31.45628,75.432702,,
KRE,KARTARPUR,31.432388,75.492544,,
SRX,SURA NUSSI,31.380553,75.541964,,
POM,Punthottam,10.93262802,79.65731229,,
LOHA,Loha,28.006921,74.619424,NWR,Rajasthan
BBSL,BABA SODHAL NAGAR,31.3530203474,75.5648681348,,
JUC,JALANDHAR CITY,31.331665,75.591499,,
KBA,Kurabalakota,13.666284000000001,78.48584299999999,SCR,Andhra Pradesh
JRC,JALANDHAR CANT,31.306235,75.63210600000001,,
ABE,Ambikeshwar,26.368567,77.963828,NCR,Madhya Pradesh
CEU,CHIHERU,31.262694745,75.70669127869999,,
MLIH,MAULI HALT,31.175,75.769234,,
MAUL,MAULA ALI,31.17531,75.769544,,
GRY,GORAYA,31.129722,75.77419300000001,,
JTO,Jutogh,31.100734,77.122043,NR,Himachal Pradesh
JPS,Jamalpur Shaikhan,29.699949,75.857438,?,Punjab
BTTN,BHATIAN,31.071444,75.780007,,
PPDA,PANCHPATIA DEORIA HALT,25.768730655699997,84.9361293799,,
KHBV,KHARBAO,19.297247,72.983444,CR,Maharashtra
KEV,KELA DEVI,27.015612,77.329069,WCR,Rajasthan
KDE,KORADACHERI,10.771022,79.49003499999999,SR,Tamil Nadu
SHGN,SHRI GHASINAGAR,27.086514837299998,76.6268054126,,
QGT,KOLAGHAT,22.434330919300002,87.879653656,,
BW,BIWAI,27.110623039700002,76.6960924713,,
KHM,KUSMHI,26.72824,83.453837,,
NYN,NAINI,25.393138,81.86004199999999,,
CTHR,CHITAHRA,24.862627000000003,80.842854,WCR,Madhya Pradesh
STA,SATNA,24.568619,80.827717,WCR,Madhya Pradesh
KALS,KALAS HALT,15.08644671,75.3899776996,SWR,Karnataka
KLPM,KAILASAPURAM,8.847387005,77.9946102,SR,Tamil Nadu
KHNP,Khanapur Deccan,17.942175,77.382161,SCR,Karnataka
KBSH,Krishna Ballabh,24.255819,86.482965,ER,Jharkhand
KEMA,KUKMA,23.217031,69.766265,WR,Gujarat
KKDI,Karaikkudi Junction,10.068518,78.79331499999999,SR,Tamil Nadu
JXN,JIRONA,19.407451000000002,77.95139499999999,?,Maharashtra
KJZ,KARONJI,23.282475,82.923013,SECR,Chhattisgarh
KDZ,Kandaghat,30.965544,77.106996,NR,Himachal Pradesh
NPB,Nagapattinam Beach,10.764487,79.848443,SR,Tamil Nadu
MNU,MUNDIKOTA,21.372513,79.834833,,
JWN,Jiwa Arain,30.673761,74.355654,NR,Punjab
KWN,KACHEWANI,21.430310000000002,79.981657,,
AGN,AMGAON,21.361292855400002,80.3746491022,,
LNMA,LNMA,,,,
DURG,DURG,21.200326999999998,81.291837,,
KPNA,KAPAN,22.026018,82.494827,,
KDTR,KIRODIMALNAGAR,21.926994,83.33250699999999,,
MTGE,MUTHANI,25.173236999999997,83.61914300000001,,
SPF,STUARTPURAM,15.868003,80.406913,,
EE,ELURU,16.717816,81.11976200000001,,
DEL,DENDULURU,16.781406,81.18047200000001,,
AGV,ANGUA,21.892581999999997,87.26992299999999,,
DNT,DANTAN,21.930376,87.284055,,
KHTN,Khutauna,26.494365000000002,86.397414,ECR,Bihar
BBU,BHABUA ROAD,25.173007,83.618913,,
KJC,Kasganj City,27.814972,78.658063,NER,Uttar Pradesh
DGO,DURGAUTI,25.207897000000003,83.539684,,
MVPM,MAVELIPALAIYAM,11.4809140096,77.89921204650001,,
SGE,SANKARIDURG,11.445732,77.870439,,
DCX,DHANICHHA,25.2271654039,83.4908372314,,
KID,KHAIRAR JN,25.451955,80.236073,NCR,Uttar Pradesh
KHOH,KHOH,25.209491000000003,80.979976,NCR,Uttar Pradesh
KLI,Kauli,30.418387999999997,76.51987899999999,NR,Punjab
KLAR,KULPAHAR,25.29552,79.63751,NCR,Uttar Pradesh
KMS,KARAMNASA,25.239738,83.430892,,
KHBJ,KHANNA BANJARI,23.897087,80.822716,WCR,Madhya Pradesh
SYJ,SAIDRAJA,25.253531,83.35118,,
GAQ,GANJ KHAWAJA,25.273922000000002,83.18436299999999,,
FOCM,FLYOVER CABIN MUGHALSARAI,25.289358999999997,83.172391,,
KCT,Kirakat,25.645355,82.924798,NER,Uttar Pradesh
KLD,KHALILABAD,26.77453,83.055073,,
MHH,MAGHAR,26.750013,83.133741,,
SIPR,SIHAPAR,26.757903231,83.16487227660001,,
SWA,SAHJANWA,26.763075,83.2147,,
MWH,MALWAN,26.017246,80.685594,,
JTB,JAGATBELA,26.772224,83.278505,,
KJS,Krishnarajasagar,12.401425999999999,76.56702899999999,SWR,Karnataka
KLK,Kalka,30.837667,76.931759,NR,Haryana
PNS,PILLAMSHAT,,,,
KKS,KURASTI KALAN,25.955085,80.752455,,
FTP,FATEHPUR,25.917489,80.801869,,
DMG,DOMINGARH,26.765251,83.341993,,
BTK,BANKATA,26.265917,84.09492,,
KKL,KALA BAKRA,31.4751812122,75.63034779659999,NR,Punjab
BAGL,BARAGOPAL,25.765088,84.906765,,
ATNR,AWATAR NAGAR,25.764395999999998,84.956774,,
KHKT,KHOTKHOTI,25.952482999999997,93.754761,NFR,Assam
ARI,ANTRI,26.0352337224,78.2266994458,,
KDPS,KADIPUR SANI HA,27.862753,80.779037,NER,Uttar Pradesh
KITN,KHIRI TOWN,27.902943999999998,80.788481,NER,Uttar Pradesh
MNF,MANDA ROAD,25.162718,82.236678,,
MZP,MIRZAPUR,25.13435,82.56986900000001,,
JHG,JHINGURA,25.124474674400002,82.6513464526,,
PRE,PAHARA,25.1197842638,82.7247816913,,
DAP,DAGMAGPUR,25.098881000000002,82.800991,,
CAR,CHUNAR,25.103351,82.874703,,
KYT,KAILAHAT,25.155223,82.947581,,
ARW,AHRAURA ROAD,25.1965007241,83.0188834607,,
JEP,JEONATHPUR,25.2313981241,83.0618954504,,
NEWC,NEW WEST CABIN,25.273789999999998,83.10921,,
PRKD,POWERKHEDA,22.673479,77.747363,,
ITKL,ITAYAKALAN,23.049837,77.5462,,
KOZ,KOSMA,27.156663,78.837282,NCR,Uttar Pradesh
MDDP,MANDI DIP,23.093747,77.511077,,
KTM,KUTRALAM,11.069825000000002,79.557389,SR,Tamil Nadu
NGN,NANDGAON,20.307616,74.659526,,
KTX,KATAKHAL JN,24.83436,92.62706700000001,NFR,Assam
KRBA,Korba,22.337584,82.71301299999999,SECR,Chhattisgarh
ET,ITARSI JN,22.608258,77.767128,,
KSAR,KUDALA SANGAM,16.306774,75.891059,SWR,Karnataka
KIAT,KYATSANDRA,13.3161963923,77.1481127075,SWR,Karnataka
KSPR,KASHIPURA SARAR,22.120085999999997,73.145838,,
CNT,CONTAI ROAD,22.078584,87.33984000000001,,
KRMD,Kuarmunda,22.286675000000002,84.789851,SER,Orissa
GEA,GHATERA,23.8293873,79.6733909,,
KQD,KHAIRATABAD DCN,17.414221,78.46165,SCR,Andhra Pradesh
MHUL,Mehuwala Halt,29.411154,75.31496800000001,,
ORKI,ORKI,30.091597,73.891318,NR,Rajasthan
HYA,HADIAYA,30.337054,75.477006,NR,Punjab
MLQ,Malkera Junction,23.779733,86.29694900000001,SER,Jharkhand
KOHR,Kohir Deccan,17.608886,77.71197699999999,SCR,Andhra Pradesh
HMQ,HIMMATPURA,29.750497,75.860597,NR,Haryana
NBKH,NABA GRAM KANKU,23.661572,88.10026,ER,West Bengal
ABKA,AMBIKA KALNA,23.211377,88.353984,ER,West Bengal
KMAE,KHAMARGACHHI,23.054229,88.44421,ER,West Bengal
IPPM,IPURUPALEM,15.851913000000001,80.38512200000001,,
KNNK,Kanina Khas,28.321248999999998,76.300375,NWR,Haryana
NZD,NUZVID,16.649931,80.96152799999999,,
KNH,Konch,25.99510551,79.15770702,NCR,Uttar Pradesh
VAT,VATLUR,16.69451,81.044473,,
HOJ,HAMITONGANJ,26.688907,89.416841,NFR,West Bengal
IPRA,IPRA,,,,
KMKD,KHAMKHED,20.904161000000002,76.122339,,
NSI,NIKURSINI,22.004654000000002,87.30618600000001,,
KTKL,KOTLI KALAN,30.0411022365,75.297550556,NR,Punjab
JSRD,Jhankad Sarala Road,20.290186,86.304284,?,Orissa
DPT,Dalpat Singhpur,29.929458,73.524416,,
BLDA,BELDA,22.07144398,87.33691374,,
MAKR,MALKHERI,24.169924,78.223009,,
DC,MAGUDANCHAVADI,11.55092,77.987264,,
BJQ,BAGHORA,24.1358767,78.2603362,,
KYE,KHURAI,24.051525,78.33112799999999,,
SMRR,SUMRERI,24.006945,78.399411,,
KOY,KHEROL,23.310434,72.934133,WR,Gujarat
JLM,JALIYA MATH,23.227583000000003,72.877596,WR,Gujarat
JRK,JERUWA KHERA,23.973744999999997,78.478729,,
CV,KAVERI,11.351027,77.760945,,
ISH,ISARWARA,23.927214,78.548987,,
CPMR,CPMR,,,,
NOI,NARIAOLI,23.89567,78.604147,,
KSI,Kosli,28.411947,76.464704,NWR,Haryana
RTZ,RATONA,23.83539,78.685372,,
SGO,SAUGOR,23.84735,78.74292,,
KUV,Kundara,8.960373,76.67854899999999,SR,Kerala
DEC,DELHI CANTT,28.613534,77.116577,NR,Delhi NCT
MKRN,MAKRONIA,23.867050000000003,78.80807700000001,,
LDA,LIDHORA KHURD,23.852972,78.87232300000001,,
KYX,KARHIYA BHADELI,23.858463999999998,79.50456299999999,,
GTY,GOLA PATI,23.798776,79.738652,,
SAO,SAGONI,23.811896152499997,79.8114389709,,
SYA,SALAIA,23.8460764217,79.96911659119999,,
KMLR,Kamalur,18.854521000000002,81.276887,ECoR,Chhattisgarh
MJGP,MAJHGAWAN PHATA,23.883133289299998,80.3474740967,,
KMZ,KATNI MURWARA,23.8343563,80.4014844,,
KNPS,Kendposi,22.294845000000002,85.73248199999999,SER,Jharkhand
BKO,BINDKI ROAD,26.116562000000002,80.580557,,
KSQ,KANSPUR GUGAULI,26.074302,80.625838,,
NGTN,NAGOTHANE,18.539932,73.14076899999999,CR,Maharashtra
KNF,Khanudih,23.820217999999997,86.19215700000001,SER,Jharkhand
AGD,AGASOD,24.234023,78.216912,,
KOA,KARONDA,24.330273,78.265477,,
MXS,MOHASA,24.378687,78.2889,,
KORI,Khori,28.187268,76.498091,NWR,Haryana
DUA,DHAURA,24.44965,78.321791,,
JLN,JAKHALAUN,24.547359,78.341911,,
JRO,JIRON,24.608534000000002,78.361937,,
LAR,LALITPUR,24.688222,78.395791,,
DWA,DAILWARA,24.78059,78.392945,,
JHA,JAKHAURA,24.870821,78.400513,,
GKB,GHATAKA VARANA,25.506883,76.160353,,
LRD,LAR ROAD,26.21389,83.91018299999999,NER,Uttar Pradesh
LHM,LEHRA MUHABBAT,30.236037,75.162817,NR,Punjab
JL,JALGAON JN,21.018114999999998,75.56287499999999,,
ARE,ARNETHA,25.3897784806,76.01867416990001,,
LBG,LIMBGAON,19.176458097999998,77.2061342529,SCR,Maharashtra
KPTN,KESHORAI PATAN,25.324522,75.937733,,
GNCN,GURLA N CABIN,25.2972303873,75.9046559998,,
HPR,HIRAPUR,20.424540226700003,74.9366600031,,
GQLN,GURLA N,25.2936031538,75.90029863459999,,
MASK,MAISAR KHANA,30.099805,75.13917000000001,NR,Punjab
LKBL,LAKHABAWAL,22.409215,69.99951399999999,WR,Gujarat
GQLW,GURLA W,25.2903301845,75.8848308038,,
KZY,Kayalpattinam,8.566912,78.09973,SR,Tamil Nadu
GQL,GURLA,25.270233,75.88526800000001,,
SNJL,SANJALI,21.5758091157,72.98861337459999,,
XX-CLDO,XX-CLDO,,,,
DDYX,DDYX,,,,
KURO,Korari,26.48788,80.529002,NR,Uttar Pradesh
XX-SUNB,XX-SUNB,,,,
KSB,KOSAMBA JN,21.464052,72.95459799999999,,
KCCN,KCCN,25.239081,75.879265,,
MNVL,MNVL,,,,
KMNP,Kishan Manpura,27.299546000000003,75.504945,NWR,Rajasthan
STN,SITARAMPUR,23.723864,86.896472,,
TNW,THAPAR NAGAR,23.769198,86.70137,,
MAI,MEHSI,26.354898000000002,85.096319,ECR,Bihar
LMT,ALMATTI,16.3459,75.90050000000001,SWR,Karnataka
KXK,Kharkhauda,28.833444999999998,77.73904300000001,NR,Uttar Pradesh
LKDU,Lankalakoderu,16.534517,81.68124399999999,SCR,Andhra Pradesh
ABKP,AMBIKAPUR,23.137032,83.14510899999999,SECR,Chhattisgarh
LM,LIMBDI,22.566039999999997,71.789599,WR,Gujarat
LGO,LalgopalGanj,25.642195,81.630185,NR,Uttar Pradesh
CI,CHHAPRA KACHERI,25.785987000000002,84.74709499999999,,
GJH,GOLDINGANJ,25.754174,84.827254,,
KGWD,KAGWAD,,,,
LAP,Lohapur,24.302357,87.963719,ER,West Bengal
JAQ,JANDRAPETA,15.809517,80.333681,,
CLX,CHIRALA,15.830755,80.353602,,
VRVL,VIRAVALLI,16.615947,80.912201,,
KUP,KUP,30.6007316295,75.852845957,NR,Punjab
CRWL,CHAK RAKHWAL,,,,
LLJ,LalGanj,26.172392000000002,80.973175,NR,Uttar Pradesh
CKB,CHAUTH KA BARWARA,26.051333,76.14905300000001,,
CRKR,CHAURAKHERI,24.567234000000003,77.12201900000001,WCR,Rajasthan
DXD,DIGOD,25.196344,76.01539600000001,WCR,Rajasthan
KJME,KAJORAGRAM,23.615327,87.18466500000001,ER,West Bengal
MAE,Matheran,18.989244,73.270911,CR,Maharashtra
MADA,Maonda,27.809478,75.827673,NWR,Rajasthan
VRPD,VIRAPANDY ROAD,11.59699,78.07458100000001,,
KBN,KARBIGWAN,26.200502,80.502629,,
AUNG,AUNG,26.16423,80.544495,,
LNN,LONAND,18.040769,74.190477,CR,Maharashtra
SLV,SANDALPUR,26.113488,78.19639500000001,,
STLI,SITHOULI,26.145594,78.18700399999999,,
GWL,GWALIOR JN,26.216483,78.18229199999999,,
RRU,RAYARU,26.307454,78.12986400000001,,
BAO,BANMOR,26.355565,78.0989272,,
KXA,Kuanriya,25.130668,74.000153,NWR,Rajasthan
NUB,NURABAD,26.406043999999998,78.078092,,
SANK,SANK,26.430519999999998,78.059751,,
MRA,MORENA,26.500504,78.003442,,
HET,HETAMPUR,26.611148,77.942969,,
GHER,GHER,26.666953,77.950981,,
DHO,DHAULPUR,26.697592,77.90604900000001,,
KZB,Kurumbur,8.585754999999999,78.03964,SR,Tamil Nadu
NCU,Nallacheruvu,14.020565,78.17773399999999,SCR,Andhra Pradesh
MIA,MANIA,26.805806,77.91964999999999,,
JJ,JAJAU,26.934561,77.936725,,
BFP,BILOCHPURA AGRA,27.202619000000002,77.987169,,
LWS,LUKWASA,25.110195,77.590102,WCR,Madhya Pradesh
RNKA,RUNKUTA,27.22285,77.89793499999999,,
TKEC,TUGLAKABAD EAST CABIN,28.547701,77.276461,,
MALA,MALA,28.592851,79.916972,NER,Uttar Pradesh
MBO,Mairabari,26.450839000000002,92.421058,NFR,Assam
MAA,MAVAL,24.432277,72.70044,NWR,Rajasthan
KWI,KIVARLI,24.5405071601,72.8424186963,NWR,Rajasthan
SLBN,SALAI BANWA,24.421213361299998,83.00889543950001,,
DIWR,DIWR,,,,
CUKI,CUKI,,,,
NKJ,NEW KATNI JN,23.8136370394,80.4204539438,,
MMM,MANDAPAM,9.280516,79.157354,SR,Tamil Nadu
MJHL,MAJADA HALT,28.461762,78.74320900000001,NR,Uttar Pradesh
MLMG,MALLEMADUGU,17.3251381906,80.1605882117,SCR,Andhra Pradesh
RTGN,RATANGAON,23.8365760851,79.8925106329,,
PTHD,PATOHAN,23.914016508499998,80.1904672913,,
MLSU,MALSAILU,19.8680489165,77.1232376385,SCR,Maharashtra
XX-BDXO,XX-BDXO,,,,
ABS,ABOHAR,30.1393834225,74.19568617739999,NR,Punjab
MONJ,MONGLAJHORA,26.259236,89.963309,NFR,Assam
MHO,MAHPUR,25.605166,83.246984,NER,Uttar Pradesh
GSPR,GOSALPUR,23.381806,80.059225,WCR,Madhya Pradesh
MML,MADAN MAHAL,23.159475,79.920425,WCR,Madhya Pradesh
MLP,MALLAPUR,15.672447,75.610219,SWR,Karnataka
ABW,Abutara Halt,26.0707762,89.5868746,NFR,West Bengal
VGL,VAGHLI,20.522648999999998,75.074337,,
MGB,Mudigubba,14.349934000000001,77.994996,SCR,Andhra Pradesh
MKSR,Mokalsar,25.625350216,72.5180445245,NWR,Rajasthan
MYK,MAYAKONDA,14.284214,76.08138100000001,SWR,Karnataka
DKZ,DELHI KISHANGANJ,28.664731999999997,77.201256,NR,Delhi NCT
MORA,MORAIYA,22.946834,72.454814,WR,Gujarat
KRZ,KHARAWAR,28.83154,76.681044,NR,Haryana
MKDD,MUKUNDWADI HALT,19.859544,75.367553,SCR,Maharashtra
ABX,AMBARI,19.6893606972,78.2166847791,SCR,Maharashtra
BQT,BAKTAR NAGAR,23.589945,87.15689900000001,,
RNG,RANIGANJ,23.602851,87.11698,,
NMC,NIMCHA,23.626716,87.090288,,
KPK,KALIPAHARI,23.6652,87.01593,,
ASNE,ASANSOL EAST,23.686432,86.991176,,
ASN,ASANSOL JN,23.691441,86.975152,,
BCQ,BARACHAK,23.706726,86.92813299999999,,
MIAL,Milaoli,26.296423,78.120963,NCR,Madhya Pradesh
ZARP,ZARAP,15.94768,73.734105,KR,Maharashtra
MGI,Manigachi,26.213719,86.146605,ECR,Bihar
MHN,Mahanadi,26.882301000000002,88.318628,NFR,West Bengal
MKRD,Machhakunda,18.566875,82.666955,ECoR,Orissa
MHI,Manihari,25.343215469,87.6197250085,NFR,Bihar
HLG,Hillgrove,,,SR,Tamil Nadu
TOU,TELAPROLU,16.598822000000002,80.890556,,
MDKD,MADHUKUNDA,23.626630000000002,86.869091,SER,West Bengal
PMPR,PAMPORE,26.2451000771,80.4835424152,,
MRJ,MIRAJ JN,16.819946,74.638839,CR,Maharashtra
BHA,BHANDAI,27.06906445,77.96680748,,
MNWL,MANWAL,32.769105,75.13222499999999,NR,Jammu and Kashmir
AGC,AGRA CANTT,27.157992,77.990153,,
RKM,RAJA KI MANDI,27.193811,77.996613,,
KXM,KITHAM,27.253709,77.817054,,
FHT,FARAH TOWN,27.318183,77.75808599999999,,
MDVL,MANDAVALLI,16.518809308199998,81.1607440393,SCR,Andhra Pradesh
FAR,FARAH,27.334474,77.743659,,
CPLE,CHINPAI,23.839677000000002,87.46063699999999,ER,West Bengal
BAD,BAAD,27.3959406,77.68965184,,
VRBD,VRINDABAN ROAD,27.555461,77.622835,,
AJH,AJHAI,27.63615,77.55842299999999,,
CHJ,CHATA,27.711992000000002,77.502978,,
KSV,KOSI KALAN,27.788551,77.445999,,
BNCR,BANCHARI,27.953084999999998,77.362553,,
MJNL,MAJRI NANGAL,28.011996999999997,76.554869,NWR,Rajasthan
DSPT,DANISHPET,11.858919162400001,78.1382563446,,
SHLK,SHOLAKA,27.973644,77.360583,,
PWL,PALWAL,28.151841,77.34223200000001,,
AST,ASAOTI,28.250878,77.323569,,
PYLA,PIYALA BLOCK HUT,28.288129,77.317824,,
BVH,BALLABGARH,28.3408609239,77.312775968,,
TNT,TINNAPPATTI,11.812422,78.09880299999999,,
KPPR,KARUPPUR,11.724176,78.090379,,
FDN,FARIDABAD NEW TOWN,28.376247999999997,77.30936799999999,,
TKDC,TUGLAKABAD CABIN,28.458853,77.303032,,
TKD,TUGLAKABAD,28.511962999999998,77.294046,,
MIN,Mihinpurwa,28.0273441203,81.38446715209999,NER,Uttar Pradesh
MME,Mul Marora,20.053466,79.65827900000001,SECR,Maharashtra
MDPB,MADHOPUR PUNJAB,32.359168000000004,75.594728,NR,Punjab
GILA,GHIALA,32.151615,75.64393899999999,NR,Punjab
MEX,MUKERIAN,31.941873,75.61183799999999,NR,Punjab
MLC,MALKISAR,28.654232,73.862645,NWR,Rajasthan
KVJ,KESHAVGANJ,24.856164,73.07132899999999,NWR,Rajasthan
NEMA,Nema Halt,25.409592285400002,85.0722485132,?,Bihar
MV,MAYILADUTURAI JN,11.095237000000001,79.62868,SR,Tamil Nadu
NILE,NIMTITA,24.625338,88.00764,ER,West Bengal
BLRD,BALA ROAD,22.80462,71.703754,WR,Gujarat
MRTY,MURTI,18.681887,76.59157300000001,SCR,Maharashtra
MCJ,MANJATTIDAL,10.792057,78.731401,SR,Tamil Nadu
VG,VIRAMGAM JN,23.129098,72.052968,,
RHNE,ROHINI,20.3628714458,74.859800722,,
XSK,SOKALI,23.1031879212,72.09033854249999,,
JKA,JAKHVADA,23.0872076126,72.1353813153,,
VCN,VIROCHANNAGAR,23.0784842293,72.1961836121,,
TGR2,BLOCK AND CATCH SIDING CABINE NO.2,19.701406,73.499954,,
MZH,MAUHARI,23.118661000000003,81.769465,SECR,Madhya Pradesh
MVD,MULVAD,16.620372,75.746926,SWR,Karnataka
NDV,NIDVANDA,13.245141950999999,77.2731255127,SWR,Karnataka
CE,CHHARODI,23.049123517599998,72.2509186072,,
MRHA,Murahara,24.9133804384,86.9345261145,?,Bihar
WSE,VASAN IYAWA,23.026557611799998,72.3131250098,,
NANR,Naranpur,21.617209,85.63786800000001,ECoR,Orissa
SPBK,SPBK,,,,
SAU,SANAND,23.024215821600002,72.3847494653,,
GGM,GORA GHUMA,23.038847999999998,72.454405,,
ABD,AMBLI ROAD,23.05437,72.494044,,
CLDY,CHANDLODIYA,23.074516000000003,72.543606,,
NDH,Nindhar Benar,27.003881709799998,75.7290964111,NWR,Rajasthan
KOTA,KOTA JN,25.223553,75.8805,,
SBTF,SABARMATI F CABIN,23.085912,72.57010600000001,,
MTH,MATAUNDH,25.418978,80.148507,NCR,Uttar Pradesh
NAD,NAGDA JN,23.45592,75.41249099999999,,
KRSA,KHARSALIYA,22.7050879399,73.55448093439999,,
DRL,DEROL,22.630205,73.462158,,
NDY,Nandi Halt,13.384141999999999,77.71248600000001,SWR,Karnataka
BRC,VADODARA JN,22.310756,73.181065,,
BKRL,BAKROL,22.5881026822,73.4192042773,,
TNGR,THONGANUR,12.082270000000001,78.358665,,
BDY,BUDDIREDDIPPATI,12.044658609999999,78.3127518,,
BQI,BOMMIDI,11.984698435,78.2462805359,,
LCR,LOKUR,11.927787,78.174049,,
MZQ,MAJGAON ASSAM,26.430697,90.57413700000001,NFR,Assam
CPN,CHAMPANER RD JN,22.541916,73.393378,,
LAN,LOTANA,22.523268,73.363557,,
SMLA,SAMLAYA JN,22.483966,73.302104,,
AIR,ALINDRA ROAD,22.440575,73.239854,,
PIO,PILOL,22.39641,73.186675,,
MQX,MERALGRAM,24.19691,83.70963400000001,ECR,Jharkhand
CYI,CHHAYAPURI,22.388284,73.179698,,
MYE,Mandhali,31.204703000000002,75.831855,NR,Punjab
SRWN,SARASWATINAGAR,21.251382,81.603905,,
MWF,MAGARDAHA,24.388752999999998,82.905844,ECR,Uttar Pradesh
MFQ,MAHROI,23.951414,80.919501,WCR,Madhya Pradesh
LEK,LAKHAKHERA,23.7639,80.574139,WCR,Madhya Pradesh
NDM,NIDAMANURU,16.507237,80.730551,SCR,Andhra Pradesh
MTR,MOTIPUR,26.257038720999997,85.1681972229,ECR,Bihar
MRLI,Murli Halt,25.017163,87.77319899999999,ER,Jharkhand
MWRN,Madwarani,22.165407000000002,82.711553,SECR,Chhattisgarh
DDAC,DDAC,,,,
XX-ANK,XX-ANK,,,,
RXM,ROOMA,26.35704,80.43035699999999,,
NIRA,NIRA,18.1049649229,74.20908244200001,CR,Maharashtra
HALT,HALT,,,,
ULT,KULTI,23.737816,86.84886999999999,,
MTV,Matalkunta,17.768291,77.56294000000001,SCR,Andhra Pradesh
BRR,BARAKAR,23.7416829,86.818859,,
KMME,KUMARDUBI,23.747453,86.794065,,
MMU,MUGMA,23.751414,86.747614,,
KAO,KALUBATHAN,23.758149,86.661294,,
PKA,PRADHANKHUNTA,23.772589999999997,86.515977,,
MSTH,Misrikh Tirath,27.422483999999997,80.530303,NR,Uttar Pradesh
MRIJ,Murliganj,25.888506,87.000446,ECR,Bihar
DOKM,DOKRA HALT,23.782884,86.480808,,
DHN,DHANBAD JN,23.790966,86.428956,,
MGWN,MAHGAWAN HALT,25.817255999999997,82.69625099999999,NR,Uttar Pradesh
DDD,DHONDHA DIH,25.672848,83.79552,NER,Uttar Pradesh
KHED,KHED,17.712059,73.40881499999999,KR,Maharashtra
AT,ASNOTI,14.876286,74.147683,KR,Karnataka
MTM,Machilipatnam,16.171258,81.137763,SCR,Andhra Pradesh
JN,JHUND,23.1606089618,71.936146626,,
SADL,SADLA,23.134597,71.850678,,
BDI,BHADLI,21.0236632507,75.672912326,,
TRW,TARSOD,21.025557000000003,75.63321499999999,,
OSA,AUSA ROAD,18.3772296262,76.4079921729,CR,Maharashtra
KJ,KAJGAON,20.573753,75.140405,,
NMD,NOMODA,26.280074,76.57945000000001,WCR,Rajasthan
HDGR,HADGAON ROAD,19.332338999999997,77.722863,SCR,Maharashtra
PRJ,PRANTIJ,23.439324000000003,72.862688,WR,Gujarat
CSN,CHALISGAON JN,20.464109,74.999049,,
BRGZ,VADODARA E CABIN,22.363671,73.159395,,
NRV,NARIYAR,26.240375999999998,85.217642,ECR,Bihar
NRY,Nyoriya Husenpur,28.734528,79.88966099999999,NER,Uttar Pradesh
PPF,PIPLAJ,26.164809,74.377466,NWR,Rajasthan
APA,AMARPURA,26.110972999999998,74.249302,NWR,Rajasthan
NUQ,NAGAR UNTARI,24.285735,83.51416499999999,ECR,Jharkhand
KSE,KOSAD,21.255892,72.86573000000001,,
SBC,BANGALORE CITY JN,12.977595,77.56808299999999,SWR,Karnataka
TLD,TILDA,21.550734,81.794586,,
GED,GULEDAGUDDA RD,16.069516,75.69565899999999,SWR,Karnataka
NBL,NIMBAL,17.118384,75.859907,SWR,Karnataka
NVG,Nawagaon,22.088704,78.436386,CR,Madhya Pradesh
NIL,Nilambur Road,11.278805,76.254779,SR,Kerala
NOMD,Noamundi,22.15311,85.513684,SER,Jharkhand
ACH,Achalganj,26.444642,80.54541499999999,NR,Uttar Pradesh
OSRA,Osra,23.1782623,75.77929449999999,WR,Madhya Pradesh
PAGM,Pennada Agraharam,16.541296,81.577652,SCR,Andhra Pradesh
NLN,NAILALUNG,25.7743785055,93.3888097504,NFR,Assam
KDY,KETTANDAPATTI,12.626458,78.57149100000001,,
XX-GTLB,XX-GTLB,,,,
UGD,UPPUGUNDURU,15.650668,80.194463,,
XX-TNGC,XX-TNGC,,,,
XX-HPTB,XX-HPTB,,,,
CJM,CHINNA GANJAM,15.689502,80.236773,,
KVDU,KADAVAKUDURU,15.722540512,80.2572977045,,
OTN,OATING,26.429808896500003,93.9872737866,NFR,Assam
NZR,NAZIRA,26.905961,94.72847999999999,NFR,Assam
NMN,Namanasamudram,10.327487,78.777507,SR,Tamil Nadu
NPU,Nadiapur,24.385641000000003,92.204092,NFR,Tripura
NNX,NANAUTA,29.712202,77.442397,NR,Uttar Pradesh
MTJ,MATHURA JN,27.480145,77.67311699999999,,
ITRN,Itwari Jn (Ng),21.156859,79.118302,,
BTSR,BHUTESHWAR,27.501369999999998,77.66784,,
HDL,HODAL,27.886147,77.38869,,
OKA,OKHLA,28.559332,77.264825,,
OEL,OEL,27.819798,80.74816,NER,Uttar Pradesh
PD,PHARADAHAN,27.993457,80.631949,NER,Uttar Pradesh
MOLK,MOLAKARAMPATTI,12.466956,78.541815,,
KEY,KAGANKARAI,12.412541,78.510114,,
KNNT,KUNNATHUR,12.360518,78.49737599999999,,
SLY,SAMALPATTI,12.311594,78.484032,,
DST,DASAMPATTI,12.251026000000001,78.438356,,
MAP,MORAPPUR,12.124073000000001,78.393874,,
NSA,Nishangara,28.112457,81.311271,NER,Uttar Pradesh
OGM,Oorgaum,12.95409,78.259747,SWR,Karnataka
NYG,Nayagarh,21.839609,85.433342,?,Orissa
MHUR,Mohanpur,24.488460999999997,86.78564800000001,ER,Jharkhand
ONR,Coonoor,11.343714,76.791337,SR,Tamil Nadu
OBM,Obalapuram,15.009799000000001,76.836422,SWR,Andhra Pradesh
KPRR,KOTAPAR ROAD,19.041434,82.30895,ECoR,Chhattisgarh
INDRG,INDRG,,,,
GNSYM,GNSYM,,,,
JTX,JATPIPLI,23.076354329900003,71.7022163385,,
BAJN,BAJANA,23.10173524,71.77207677000001,,
VSV,VASADVA,23.0351625148,71.5952838086,,
DHG,DHRANGDHRA,22.9871651,71.4791076,,
SUK,SUKHPUR,23.014848,71.243815,,
HVD,HALVAD,23.0185158,71.1829095,,
DHNL,DHANALA,23.009171000000002,71.084085,,
DVY,DEVALIYA,23.02777493,71.01248185,,
KHXB,KHAKHRECHI,23.056445,70.90346000000001,,
WDHR,WADHARVA,23.07645,70.828521,,
MALB,MALIYA MIYANA,23.103166868099997,70.75488469119999,,
KATR,KATARIYA,23.289037,70.604533,,
VONB,VONDH,23.303951,70.399876,,
BCOB,BHACHAU BG,23.301391,70.34497200000001,,
CHIB,CHIRAI BG,23.208800999999998,70.242149,,
BMSB,BHIMASAR BG,23.186504,70.174975,,
GIMC,GANDHIDHAM CABIN,23.095023,70.150716,,
PIP,PIPLIA,24.203692999999998,75.007483,WR,Madhya Pradesh
PNF,PANGAON,18.634293,76.635315,SCR,Maharashtra
PNRA,PANIARA,25.902065,83.525851,NER,Uttar Pradesh
PRLI,PARLI VAIJNATH,18.853005,76.524424,SCR,Maharashtra
HRDR,HARSAR DEHRI,32.104872,76.03849100000001,NR,Himachal Pradesh
RKH,RAKHIYAL,23.260621,72.903803,WR,Gujarat
PLK,PALIA KALAN,28.426644,80.582392,NER,Uttar Pradesh
KVL,KIZHELUR,10.754287999999999,79.743134,SR,Tamil Nadu
SHU,SHOLINGHUR,13.013974,79.484589,,
PPA,PIPRA,26.489784,84.98573499999999,ECR,Bihar
SBT,SABARMATI JN,23.077545999999998,72.58928200000001,,
SBTA,SABARMATI A CABIN,23.050805,72.59293100000001,,
ANND,ANAND JN,22.561307,72.965733,,
VXD,VADOD,22.515278000000002,73.00645,,
VDA,VASAD JN,22.452351,73.05999100000001,,
VS,VISHVAMITRI,22.283932999999998,73.178656,,
MPR,MAKARPURA,22.232706,73.175422,,
BSCN,BHUSAWAL C CABIN,21.046545,75.821624,,
PDL,PENDEKALLU,15.374513,77.647361,SCR,Andhra Pradesh
OLR,THRISSUR OLLUR HALT,10.473341999999999,76.237184,,
BDRL,BYADARAHALLI,12.5019534049,76.7520832336,SWR,Karnataka
Y,YELIYUR,12.5106209267,76.82957502260001,SWR,Karnataka
ACG,ACHEGAON,20.976217,75.934247,,
CNBI,CHANDARI,26.428098,80.360645,,
RPRL,RAPARLA HALT,15.619244,80.16912099999999,,
KPLL,KOTTA PANDILA PALLI,15.761413999999998,80.281949,,
VTM,VETAPALEMU,15.783376,80.30065,,
IPPN,IPURUPALEM HALT,15.852303000000001,80.385512,,
PUU,Punalur,9.023336,76.916104,SR,Tamil Nadu
HJI,HOJAI,26.001794,92.851752,NFR,Assam
RHI,Rakhi,25.6871480115,72.5544692444,NWR,Rajasthan
MHBG,Mahadev Buzurg,27.451000999999998,82.87452,NER,Uttar Pradesh
PGC,Panchgachia,25.969294,86.59822100000001,ECR,Bihar
GDPT,GUDAPARTI,17.0281747457,82.13113915769999,,
SLO,SAMALKOT JN,17.044827,82.168724,,
PAP,PITHAPURAM,17.11087,82.257512,,
PGP,Panduranga Pura,17.718238,80.76459,SCR,Andhra Pradesh
GLP,GOLLAPROLU,17.1516644909,82.290817561,,
MVRM,MALLAVARAM,17.1810250515,82.3152851379,,
DGDG,DURGADA GATE,17.2124765738,82.3489940906,,
RVD,RAVIKAMPADU,17.230245,82.368151,,
ANV,ANNAVARAM,17.269633,82.41967700000001,,
PRTN,Pratapnagar,22.281143,73.210289,WR,Gujarat
TMPM,TIMMAPURAM,17.288936392500002,82.4504126416,,
RGT,RAJGHAT HALT,21.764461999999998,87.15507600000001,,
RRJ,RAMARAJU PALLI,15.041948,77.61736699999999,SCR,Andhra Pradesh
KVTA,KARUVATTA HALT,9.316791,76.431242,SR,Kerala
SMYD,SMYD,,,,
PLM,PANELI MOTI,21.874341,70.15264699999999,WR,Gujarat
RTGH,Ratangarh Junction,28.0665867073,74.6236025668,NWR,Rajasthan
SBI,SABARMATI JN,23.072985,72.587162,,
PMH,Parao Mahna,30.811762,75.272772,NR,Punjab
GI,GUDUVANCHERI,12.844886,80.057147,,
UPM,URAPPAKKAM,12.867247,80.07175099999999,,
VDR,VANDALUR,12.89128,80.08439299999999,,
PRGL,PERUNGULATTUR,12.905451,80.095486,,
PLSN,Palsana,27.484876,75.38008,NWR,Rajasthan
RNW,Renwal,27.149463,75.356234,NWR,Rajasthan
CTT,CHITRASANI,24.267557999999998,72.488653,NWR,Gujarat
IQG,IQBAL GADH,24.3460328561,72.5337815405,NWR,Gujarat
SZA,SAROTRA ROAD,24.377144,72.592045,NWR,Gujarat
NANA,NANA,24.925895,73.110095,NWR,Rajasthan
BBQ,BASIN BRIDGE JN,13.102361,80.27122100000001,,
TMVL,TIRUMULLAIVAYIL,13.1155489623,80.13704246809999,,
KBT,KADAMBATTUR,13.099513,79.862172,,
TO,TIRUVALANGADU,13.090096,79.763145,,
EL,ELAMANUR,10.879069,78.57336000000001,SR,Tamil Nadu
SUBL,HUBLI SOUTH,15.332581,75.17639000000001,,
RR,RICHHA ROAD,28.717268999999998,79.488904,NER,Uttar Pradesh
RGH,RAMGARHWA,26.873842826500002,84.7971486487,ECR,Bihar
SES,SEMARI,24.07001,73.841822,NWR,Rajasthan
PUC,PUDUCHATIRAM,11.5405299099,79.7303939545,SR,Tamil Nadu
RHA,Ranaghat Junction,23.173344,88.568184,ER,West Bengal
PVL,PASUPATIKOVIL,10.884228,79.19204,SR,Tamil Nadu
RPZ,Ranapratapnagar,24.582417,73.72805600000001,NWR,Rajasthan
RAGM,RAJAGAMBIRAM,9.725053,78.409255,SR,Tamil Nadu
CVD,CHAVADIPALAIYAM,11.255404,77.800933,SR,Tamil Nadu
RCRA,Ramchaura,26.9979518998,83.26840578,NER,Uttar Pradesh
RJAK,RAJNAGAR,24.903476070500002,79.8769002625,NCR,Madhya Pradesh
DPL,DANAULI PHLWRIA,25.420471,86.24940600000001,ECR,Bihar
SFE,Sanodiya,27.011243999999998,75.279108,NWR,Rajasthan
BH,BHARUCH JN,21.706907,72.997689,,
BDWD,BODWAD,20.9035827,76.017046,,
KLHD,KOLHADI,20.900243,76.058938,,
DMD,DHARMADAM,11.778949,75.46377,SR,Kerala
QLD,QUILANDI,11.446139,75.693924,SR,Kerala
SK,SAKHUN,26.7380786343,75.0911894116,NWR,Rajasthan
HNHL,Harnahalli,14.04849031,75.45828601,SWR,Karnataka
AJJ,ARAKKONAM,13.081512,79.667991,,
AVN,ANAVARDIKHANPET,13.05050406,79.56735042999999,,
RMV,RAMAVARAPPADU,16.5262013806,80.67971387700001,SCR,Andhra Pradesh
GOY,GOVINDPURI,26.454423,80.313203,,
JTJ,JOLARPETTAI,12.560851999999999,78.57781999999999,,
CPNL,KANPUR C PANEL,26.453654999999998,80.31806900000001,,
DEOR,DIYODAR,24.113489,71.770888,WR,Gujarat
PFL,PIPRALA,23.652483999999998,71.097619,WR,Gujarat
GMC,KANPUR GOODS MARSHAL,26.452292,80.33955999999999,,
RMP,RAHIMATPUR,17.612152,74.17217,CR,Maharashtra
RRP,Rairangpur,22.440956,86.16420749999999,SER,Orissa
RJY,RAJAMUNDRY,16.984159000000002,81.783901,,
PTPR,Pratabpur,28.4764188903,79.8145455212,NER,Uttar Pradesh
RSNR,Rai Singh Nagar,29.535956,73.450472,NWR,Rajasthan
RNB,Ranpura,26.579427,77.44262,NCR,Rajasthan
RSA,Risama,21.058881000000003,81.324776,SECR,Chhattisgarh
TI,TIRUNINRAVUR,13.123744,80.026949,,
RLX,Ramanujampalli,14.440531,77.87191,SCR,Andhra Pradesh
VEU,VEPPAMPATTU,13.123937,79.998727,,
PLMG,PULIYAMANGALAM,13.0834968254,79.6862378271,,
KSVM,KESAVARAM,16.930994,81.879858,,
DWP,DWARAPUDI,16.927556,81.922661,,
AWR,ALWAR,27.559273,76.62126500000001,NWR,Rajasthan
APT,ANAPARTI,16.935817,81.953181,,
BVL,BIKKAVOLU,16.9693168335,82.031148067,,
PBD,PEDABRAMADVAM,16.990821,82.078986,,
MPU,MEDAPADU,17.005091,82.096133,,
CRPM,CHANDRAMPALEM,17.085409527899998,82.2231096558,,
HVM,HAMSAVARAM,17.309946999999998,82.484867,,
TUNI,TUNI,17.361079999999998,82.542462,,
GLU,GULLIPADU,17.409805,82.63345,,
NRP,NARSIPATNAM RD,17.452852,82.724605,,
REG,REGUPALEM,17.505201,82.790267,,
BVM,BAYYAVARAM,17.660147,82.930592,,
KSK,KASIMKOTA,17.673315,82.963751,,
AKP,ANAKAPALLE,17.695503,83.00885099999999,,
THY,THADI,17.686438000000003,83.06429200000001,,
DVD,DUVVADA,17.703843,83.152059,,
ROL,Rajuli,20.171116,79.703505,SECR,Maharashtra
MRB,MUNIRABAD,15.308524,76.335537,SWR,Karnataka
RTK,Ramtek,21.400715,79.326499,SECR,Maharashtra
RIM,Rajim,20.969475,81.867426,SECR,Chhattisgarh
SJNP,SUJANPUR,32.31198,75.61346499999999,NR,Punjab
SGRA,SANGARIA,29.792507999999998,74.466053,NWR,Rajasthan
TBM,TAMBARAM,12.926035689399999,80.1191573807,,
TBMS,TAMBARAM SANATORIUM,12.937978000000001,80.131614,,
CMP,CHROMEPET,12.951627,80.141157,,
PV,PALLAVARAM,12.968273,80.152451,,
JSR,JASRA,25.280002,81.774617,NCR,Uttar Pradesh
SBHR,Subrahmanya Road,12.7312724613,75.5576150342,SWR,Karnataka
SCL,SILCHAR,24.830337999999998,92.786795,NFR,Assam
SHM,KOLKATA SHALIMAR,22.555508,88.315615,SER,West Bengal
SCO,SATUNA,19.494861,76.34805200000001,SCR,Maharashtra
SAPT,Sugapahari,24.278919666,86.5687357202,ER,Jharkhand
XX-TNAB,XX-TNAB,,,,
SAF,SALKHAPUR,25.655084,82.680471,NR,Uttar Pradesh
NGP,NAGPUR,21.153567,79.089004,,
SKS,SALEKASA,21.30163,80.493224,,
SOD,SOJAT ROAD,25.862203,73.75567199999999,NWR,Rajasthan
SMV,Sumaoli,26.372988907099998,77.9154615387,NCR,Madhya Pradesh
SGRL,SINGRAULI,24.204257000000002,82.642735,ECR,Madhya Pradesh
SKW,Sheikhupur,28.003861999999998,79.10472999999999,NER,Uttar Pradesh
SAK,Sak Bahadurpur,22.178375,73.559848,WR,Gujarat
SAHI,SATHI,27.015884999999997,84.503862,ECR,Bihar
SFA,SANHERA HALT,28.903375,77.28233900000001,NR,Uttar Pradesh
SFDE,SAFIDON,29.39793,76.66142400000001,NR,Haryana
SD,SIDHAULI,27.281001999999997,80.837587,NER,Uttar Pradesh
MDVE,MAHENDRA VADI,13.022630999999999,79.51785100000001,,
AMG,ALAMNAGAR,26.84708,80.86031200000001,,
SDG,SAHADAI BUZURG,25.6614908641,85.4550875531,ECR,Bihar
SGDP,Sagadapata,21.244692,85.909396,ECoR,Orissa
PNK,PANKI,26.459172000000002,80.236441,,
SLGR,SIMALUGURI JN,26.917281,94.756816,NFR,Assam
SG,SHAHGARH,28.559235,80.043015,NER,Uttar Pradesh
MNI,MANGAON,18.247286000000003,73.275679,KR,Maharashtra
KXJ,Karimganj Junction,24.860717,92.373769,NFR,Assam
HAA,HARWADA,14.740761999999998,74.259657,KR,Karnataka
ANKL,ANKOLA,14.645347,74.332936,KR,Karnataka
SDC,SAIDABAD,25.379137,82.12019500000001,NER,Uttar Pradesh
MS,CHENNAI EGMORE,13.077677999999999,80.260193,,
KRV,KARAVADI,15.553014,80.11315599999999,,
ANB,AMMANABROLU,15.596402,80.148353,,
KAQ,KOLANUKONDA,16.448173,80.604782,,
KCC,KRISHNA CANAL,16.477152,80.604553,,
SPRM,Sitapuram Halt,18.814443,83.982854,ECoR,Orissa
SLPM,Shivalingapuram,18.196655,83.066187,ECoR,Andhra Pradesh
BZA,VIJAYAWADA JN,16.518262,80.61864800000001,,
RYC,Rayakkottai,12.514891,78.027508,SWR,Tamil Nadu
GALA,GUNADALA,16.537426,80.667911,,
SBW,Shewbabudih,23.659482,86.390668,SER,Jharkhand
MBD,MUSTABADA,16.546882,80.73176799999999,,
GWM,GANNAVARAM,16.555839,80.795715,,
PAVP,PEDDA AVUTAPALE,16.562545,80.839432,,
SDI,Sagardighi,24.287789,88.105398,ER,West Bengal
SDNR,Seydunganallur,8.639358,77.834992,SR,Tamil Nadu
RUT,RATNAL,23.186898,69.897403,WR,Gujarat
ERS,ERNAKULAM JN,9.969541999999999,76.290672,,
DK,Dakor,22.747203,73.15859180000001,WR,
MGLI,Mangli,20.643535999999997,79.666123,,
SVH,Sonadanga,23.636393,88.354092,ER,West Bengal
SMBX,SAMBA,32.528358000000004,75.120256,NR,Jammu and Kashmir
SEX,Seroni Road,25.943966000000003,76.88447099999999,NCR,Madhya Pradesh
SOS,SOMESAR,25.520225999999997,73.450999,NWR,Rajasthan
SUKU,Suku,18.714329,82.726061,ECoR,Orissa
PWU,PARANUR,12.730200000000002,79.98366,,
SKL,SINGAPERUMAL KOIL,12.7624604323,80.0010589618,,
MMNK,MARAIMALAM NAGAR,12.796619999999999,80.019875,,
CTM,KATTANGULATTUR,12.805715,80.026118,,
POTI,POTHERI HALT,12.820867999999999,80.03693,,
TLM,TRISULAM,12.98064,80.166111,,
MN,MINAMBAKKAM,12.98432,80.174625,,
PZA,PALAVANTHANGAL,12.990115000000001,80.186651,,
STM,ST THOMAS MOUNT,12.994906,80.199392,,
GDY,GUINDY,13.007672000000001,80.211922,,
SP,SAIDAPET,13.02415,80.224183,,
MBM,MAMBALAM,13.038154,80.228164,,
MKK,KODAMBAKAM,13.052565999999999,80.231305,,
NBK,NUNGAMBAKKAM,13.065363,80.232742,,
MSC,CHENNAI CHETPAT,13.074663000000001,80.24337,,
SQF,SUKRITIPUR,24.913078000000002,92.582849,NFR,Assam
SXR,SERNDANUR,11.869105000000001,79.518251,SR,Tamil Nadu
PRAR,PAROR,32.08098,76.460155,NR,Himachal Pradesh
HNH,HANUMANAHALLI,14.3589476214,75.9987814502,SWR,Karnataka
SPGR,SAMPIGE ROAD,13.270203,76.760983,SWR,Karnataka
SPX,SAPATGRAM,26.334709,90.10955799999999,NFR,Assam
SSZ,SADDA SINGHWALA,30.0282558081,75.32479556150001,NR,Punjab
CWLE,CHOWRIGACHA,23.942472,88.18645099999999,ER,West Bengal
LRU,LALPUR UMRI,26.429998,76.680536,WCR,Rajasthan
MXL,MOKHOLI,26.160967,76.460845,WCR,Rajasthan
TNGL,TORANAGALLU,15.203137,76.66392400000001,SWR,Karnataka
SVHE,SISVINHALLI,15.4300360491,75.3193615509,SWR,Karnataka
LKX,LAKSHMIPUR,23.502512000000003,88.302374,ER,West Bengal
MYGL,MIYAGAM KARJAN JUNCTION NG,22.050131999999998,73.119763,,
SWC,SHIVRAMPUR,25.219375000000003,80.82678299999999,NCR,Uttar Pradesh
SPDM,SINGHPUR DUMRA,25.065781416,79.8964954901,NCR,Madhya Pradesh
DMLE,DUMURDAHA,23.040053,88.43266200000001,ER,West Bengal
SRZ,SARDARGARH,29.364244000000003,73.740791,NWR,Rajasthan
DL,DALADI,22.585067,71.069304,WR,Gujarat
BRGY,VADODARA D CABIN,22.344458,73.159087,,
CSTM,MUMBAI CST,18.944481,72.836903,CR,Maharashtra
KNHN,KANTHAN JN,21.225502000000002,79.238908,,
MLD,MALIHABAD,26.930598,80.71503200000001,,
G,GONDIA JN,21.462435,80.190842,,
SYF,Semai,26.282698,77.516308,NCR,Madhya Pradesh
SRTE,Soorothee,26.657818,77.70277399999999,NCR,Rajasthan
DBEC,DEVBALODA CHARODA,21.21335,81.45049,,
SRR,SHORANUR JN,10.758854999999999,76.27219600000001,,
LATI,LATIA CABIN,22.027897,82.402106,,
BPH,BELPAHAR,21.827212300000003,83.84907630000001,,
DNGD,Dungarda,,,WR,Gujarat
PHVP,PHVP,,,,
SSI,Shirsai,18.314695999999998,74.578044,CR,Maharashtra
BSBP,BIR SHIBPUR,22.473359000000002,88.053112,,
MRGM,MAURIGRAM,22.5801540304,88.25607790219999,,
SPV,Sivapur,13.647065,75.939298,SWR,Karnataka
SRF,Sagar Jambagaru,14.142728,75.15471199999999,SWR,Karnataka
SMPA,Shampura,25.222941000000002,75.233108,WCR,Rajasthan
DXK,DHANA KHERLI,26.950169,77.53577899999999,NCR,Uttar Pradesh
RBS,RUPBAS,26.9903803821,77.5909632294,NCR,Rajasthan
FTS,FATEHPUR SIKRI,27.093989,77.670597,NCR,Uttar Pradesh
PTLI,PATHAULI,27.1568431942,77.924593761,NCR,Uttar Pradesh
TNR,TANGUTURU,15.337535,80.033546,,
OGL,ONGOLE,15.498064000000001,80.057404,,
RMW,ROSHAN MAU,26.479318,79.984729,,
MTO,MAITHA,26.476492,80.025181,,
MAO,MADGAON,15.267911000000002,73.97072399999999,KR,Goa
SXB,SAMBRE,15.891067999999999,74.593121,SWR,Karnataka
SNE,SHENOLI,17.200729,74.252881,CR,Maharashtra
SW,SEHRAMAU,28.360763,80.296582,NER,Uttar Pradesh
NKB,NAGRAKOTA,26.885533,88.917581,NFR,West Bengal
GRU,GAROPARA,26.6574376742,89.48526169979999,NFR,West Bengal
SMLG,Shimiliaguda,18.303639999999998,82.95710500000001,ECoR,Andhra Pradesh
THP,Taherpur,23.259379000000003,88.54311899999999,ER,West Bengal
VJM,VYASARPADI JEEVA,13.108338,80.256873,,
PER,PERAMBUR,13.10702,80.24453299999999,,
ADH,ANDHERI,19.1174289,72.84685300000001,WR,Maharashtra
SYE,Sindewahi,20.2955,79.668805,SECR,Maharashtra
SSKL,Suskal,22.316377000000003,73.806077,?,Gujarat
SUP,Srungavarapukota,18.116239,83.132531,ECoR,Andhra Pradesh
CGL,CHENGALPATTU,12.692863999999998,79.981519,,
CNP,CNP,,,,
GOT,GOT,28.870965,78.82300099999999,NER,Uttar Pradesh
TKHA,TAKHA,27.135742999999998,78.76725900000001,NCR,Uttar Pradesh
DMP,Dharampur Himachal,30.900491,77.023914,NR,Himachal Pradesh
TVL,TADWAL,17.393190999999998,75.975729,SWR,Maharashtra
UDZ,UDAIPUR CITY,24.566862,73.699632,NWR,Rajasthan
UMRA,UMRA,24.522588,73.771734,NWR,Rajasthan
TT,TITTE,10.844904,79.1834,SR,Tamil Nadu
TGB,Tangarbasuli,23.3740319962,85.0638054443,SER,Jharkhand
KGMR,KANGRA MANDIR,32.09448999999999,76.276521,NR,Himachal Pradesh
TOM,TONDAMANPATTI,10.786552,78.823761,SR,Tamil Nadu
KTSH,KOTMI SONAN HLT,22.024158,82.360215,,
TRB,TIRUVERUMBUR,10.787167,78.776419,SR,Tamil Nadu
PPI,PIPARIYA,22.753941,78.354538,WCR,Madhya Pradesh
XX-BSBC,XX-BSBC,,,,
MWA,MANDWA,21.517291,76.389861,CR,Madhya Pradesh
NPNR,NEPANAGAR,21.463933,76.397032,CR,Madhya Pradesh
UA,UPLETA,21.746916,70.282434,WR,Gujarat
SAV,SAVDA,21.111116,75.91065900000001,CR,Maharashtra
HSD,HOSDURGA ROAD,13.8632737545,76.1332331232,SWR,Karnataka
TKU,Tanakallu,13.922427,78.201224,SCR,Andhra Pradesh
SKM,SINGARAYAKONDA,15.253117999999999,80.027126,,
AAP,AMBIAPUR,26.515363999999998,79.826878,,
TPT,TIRUPATTUR JN,12.497951,78.561419,,
VLD,Vayalpad,13.634506,78.624967,SCR,Andhra Pradesh
CAM,CHHOTA AMBANA,23.762753179999997,86.57461305,,
PKL,PAPINAYAKNAHALI,15.236108999999999,76.490876,SWR,Karnataka
LTI,LATTERI,12.966994,79.06525500000001,,
TPQ,Topokal,19.007080000000002,81.878645,ECoR,Chhattisgarh
KVN,KAVANUR,12.948577,78.96927299999999,,
CLE,CHINTALPALLI,17.914855999999997,79.701487,SCR,Andhra Pradesh
GYM,GUDIYATTAM,12.937470999999999,78.916157,,
JJK,JHINJHAK,26.554994,79.734225,,
VLT,VALATHOOR,12.889517,78.839324,,
UHP,UDHAMPUR,32.92664,75.154881,NR,Jammu and Kashmir
MPI,MELPATTI,12.859507,78.797049,,
AB,AMBUR,12.782934,78.721266,,
VGM,VINNAMANGALAM,12.728899,78.67871600000001,,
VN,VANIYAMBADI,12.678487,78.621651,,
TAZ,TARGAON,17.514242,74.155817,CR,Maharashtra
TLR,Tulsipur,27.531769928899998,82.4114096783,NER,Uttar Pradesh
SAN,SANDILA,27.059455,80.517354,,
YY-DKJC,YY-DKJC,,,,
TLE,Talgaria,23.681625999999998,86.335511,SER,Jharkhand
RBD,RAHIMABAD,26.9993432467,80.600638797,,
KFD,KARANJADI,17.998115,73.404252,KR,Maharashtra
MEH,MELALATHUR,12.917803000000001,78.875384,,
TII,Tingrai,27.464468,95.535143,NFR,Assam
UM,UMARDASHI,24.1003209724,72.4205625555,WR,Gujarat
VJ,VIRINCHIPURAM,12.961297,79.024717,,
GIMB,GANDHIDHAM BG,23.069086,70.14775399999999,,
MAS,CHENNAI CENTRAL,13.0847613,80.27485630000001,,
PEW,PERAMBUR LOCOMOTIVE WORKS,13.107826,80.225105,,
SPAM,SENJI PANAMBAKKAM,13.093945,79.83276000000001,,
THBN,THANA BHAWAN,29.592663211399998,77.4104337677,NR,Uttar Pradesh
TEP,Tempa,20.678242,79.60522300000001,SECR,Maharashtra
MUQ,MARUDUR,10.914737,78.45029299999999,SR,Tamil Nadu
VMD,Vadlamannadu,16.300176,81.098875,SCR,Andhra Pradesh
UNDI,UNDI,16.580375476,81.46418718439999,SCR,Andhra Pradesh
EKH,EKSARI HALT,25.134973,85.889325,ECR,Bihar
TLS,Bettahalsoor,13.166875999999998,77.60618600000001,SWR,Karnataka
TPY,Tadakalpudi,17.530163,80.532205,SCR,Andhra Pradesh
UDGR,Udgir,18.3906018255,77.1099430353,SCR,Maharashtra
KZT,KULITTHURAI,8.302348,77.218817,SR,Tamil Nadu
PTM,PADALAM,12.590197,79.95084399999999,,
OV,OTIVAKKAM,12.623128,79.97565300000001,,
TRX,TIRUMANI,12.670639,79.988514,,
UKH,UKHALI,18.912675,76.60581400000001,SCR,Maharashtra
VAA,Bhaga Junction,23.723330999999998,86.405555,SER,Jharkhand
SAE,SIMARIA,25.410723,86.013734,,
KZJT,KAZIPET TOWN,17.983151,79.517705,,
KZJE,KAZIPET E CABIN,17.975697,79.561183,,
VLR,VELLORE CANT,12.910718,79.127493,SR,Tamil Nadu
UGP,UGARPUR,27.351481,79.511652,NCR,Uttar Pradesh
VAN,Vadhvana,22.152185,73.487264,WR,Gujarat
VDL,VITHISVARANKOL,11.195825000000001,79.703785,SR,Tamil Nadu
AO,AONLA,28.296051,79.16915,NR,Uttar Pradesh
DBR,DABHAURA,25.11793,81.30312500000001,NCR,Uttar Pradesh
NU,NARSINGHPUR,22.943112,79.214385,WCR,Madhya Pradesh
GAR,GADARWARA,22.899459,78.79173399999999,WCR,Madhya Pradesh
JUH,JUJHARPUR,22.604976999999998,77.75641,,
KMNN,KHAMANON,30.775754,76.48869499999999,,
AMLO,AMLO,23.768893,85.98023400000001,ECR,
AMSA,AMMASANDRA,13.264571,76.71148570000001,SWR,Karnataka
GRJA,GORINJA,22.1759911277,69.0411941809,WR,Gujarat
GTW,GATORA,22.053427000000003,82.22767,,
VEI,VELLIYANI,10.841,78.114795,SR,Tamil Nadu
DLQ,DALELNAGAR,27.118537,80.419624,,
VID,VILAVADE,16.785593,73.619321,KR,Maharashtra
KT,KUMTA,14.436871,74.420652,KR,Karnataka
PHD,PHAPHUND,26.632118317699998,79.5542552124,,
KNS,KANCHAUSI,26.59792371,79.6354260596,,
VTE,Venkatagiri Kote Halt,13.32831,77.73159,SWR,Karnataka
AGI,AMGURI,26.812601,94.524011,NFR,Assam
APB,ANUPPAMBATTU,13.304293,80.23076900000001,,
PON,PONNERI,13.332319,80.19879900000001,,
KVP,KAVARAIPPETTAI,13.36347,80.146879,,
GPD,GUMMIDIPUNDI,13.409631,80.123431,,
ELR,ELAVUR,13.458350999999999,80.11617799999999,,
AKM,ARAMBAKKAM,13.532686,80.074371,,
TADA,TADA,13.587948,80.035435,,
AP,ASHOKAPURAM,12.273762000000001,76.635315,SWR,Karnataka
AKAT,AKKAMPET,13.6491060718,80.0188634064,,
SPE,SULLURUPETA,13.696463,80.018161,,
PEL,POLIREDDIPALEM,13.7594908008,79.9800264775,,
ALY,ALLAHABAD CITY,25.442410000000002,81.829736,NER,Uttar Pradesh
DVR,DORAVARI CHATRAM,13.814297,79.951308,,
VRB,VISHRAMBAG,16.850569999999998,74.602231,CR,Maharashtra
NYP,NAYADUPETA,13.908321,79.900898,,
UWNR,Udwant Nagar Halt,25.496532000000002,84.61131300000001,ECR,Bihar
PYA,PEDAPARIYA,14.021481,79.875372,,
ODUR,ODUR,14.072185000000001,79.855368,,
GDR,GUDUR JN,14.148227,79.845121,,
MBL,MANUBOLU,14.226551,79.87707,,
KMLP,KOMMARAPUDI,14.257776999999999,79.893501,,
DIG,DUGGIRALA,16.327559,80.62356999999999,,
URR,Umred,20.850672,79.330741,SECR,Maharashtra
TYM,Tirumayam,10.246016,78.759423,SR,Tamil Nadu
UCR,Unchahar Junction,25.902315,81.30014299999999,NR,Uttar Pradesh
GBHA,GAROBIGHA HALT,24.826792,85.46715300000001,?,
AMX,Amlakhurd,21.510235,76.65068500000001,SCR,Madhya Pradesh
TVNL,TIRVNLNLUR ROAD,11.798583,79.380205,,
KDMD,KANDAMBAKKAM,11.811502,79.386975,,
VM,VILLUPURAM JN,11.942971,79.500101,,
MYP,MUNDILYAMPAKKAM,11.995680489400002,79.5116865137,,
VVN,VIKRAVANDI,12.037928,79.538038,,
PEI,PERANI,12.104212,79.552577,,
NMO,NEDI MOLLYANUR,12.128075,79.56707,,
MTL,MAILAM,12.160501,79.60220000000001,,
TMV,TINDIVANAM,12.229410999999999,79.65133499999999,,
PCLM,PANCHALAM,12.275612,79.691931,,
OLA,OLAKUR,12.306462999999999,79.72191900000001,,
KSGL,KARASANGAL,12.333838,79.749958,,
TZD,TOZHUPPEDU,12.367080999999999,79.783575,,
ACK,ACHARAPAKKAM,12.406776,79.821722,,
MLMR,MELMARUVATTUR,12.429554,79.83380100000001,,
VPH,Vachaspati Nagar,26.400204,86.325158,ECR,Bihar
PQM,PAKKAM,12.465125,79.850569,,
VTL,Vadtal Swaminarayan,22.591636,72.876748,WR,Gujarat
MMK,MADURANTAKAM,12.50442,79.89308700000001,,
GMN,GOREGAON,19.164447,72.849389,WR,Maharashtra
WDA,WADRENGDISA,25.263973,93.177527,NFR,Assam
BAF,Bap,27.2881821763,72.32740791990001,?,Rajasthan
AHH,AHMADGARH,30.683642000000003,75.829518,NR,Punjab
AGE,Angai,26.606593,77.46692,NCR,Rajasthan
AHI,ASHTI,17.8447367757,75.4030697949,CR,Maharashtra
ALP,ALAPAKAM,11.6178033436,79.7272273724,SR,Tamil Nadu
BANL,BHATANGLI,18.446006999999998,76.678145,?,Maharashtra
AMW,AMAN VADI,20.300507,77.065281,SCR,Maharashtra
AYM,ADIYAKKAMANGALAM,10.756748,79.68058,SR,Tamil Nadu
ASV,ASARVA JN,23.043981000000002,72.612937,WR,Gujarat
AMT,AMMAPET,10.779506,79.31573800000001,SR,Tamil Nadu
ATT,ATARI,31.594934000000002,74.607241,NR,Punjab
JJA,JAJAN PATTI,27.354893999999998,77.573854,WCR,Rajasthan
ARS,ARASUR,11.270467,79.72470399999999,SR,Tamil Nadu
KNDP,KHANDIP,26.641030999999998,76.911821,WCR,Rajasthan
YDM,Yedamangala,12.714668,75.44308500000001,SWR,Karnataka
NNW,NARAYANPUR TATWAR,26.344258999999997,76.635578,WCR,Rajasthan
BA,BANDRA,19.05445443,72.84045439,WR,Maharashtra
AEJ,ARNEJ,22.582088000000002,72.268322,WR,Gujarat
NPKM,NANDIYAMPAKKAM,13.268080999999999,80.2758,,
DDCE,DUNDI,23.557854000000003,80.21665700000001,WCR,Madhya Pradesh
GRO,GURRA,22.632067,77.86729,WCR,Madhya Pradesh
KVZ,KAVALI,14.915993,79.988271,,
TTU,TETTU,15.042824,80.00582100000001,,
UPD,ULAVAPADU,15.167112,80.01336400000001,,
KTZ,KHUTWANSA,22.545189,77.602425,WCR,Madhya Pradesh
KKN,KHIRKIYA,22.166444000000002,76.85944699999999,WCR,Madhya Pradesh
BALI,Bhaili,22.266245011489417,73.1319768447429,WR,Gujarat
ATQ,Arantangi,10.164469056963739,78.99684813804924,SR,Tamil Nadu
AGAE,AGRADWIP,23.58096,88.22611699999999,ER,West Bengal
DSNR,DASHNAGAR,22.5986336217,88.3078029926,,
TPKR,TIKIAPARA,22.599036,88.324322,,
PFMA,PFMA,,,,
AMLP,Amalpur,22.161144,73.508313,WR,Gujarat
AUS,Anupshahr,28.947951113517377,75.21122979931533,NWR,Rajasthan
ARVI,Arvi,,,CR,Maharashtra
ARX,Areli,,,NER,Uttar Pradesh
ASM,Asarma,,,WR,Gujarat
ATB,Alattambadi,,,SR,Tamil Nadu
ATDA,Atladara,,,WR,Gujarat
ATX,Alinagar Tola,,,ECR,Bihar
ASLU,Aslu,28.368987999999998,75.07484199999999,NWR,Rajasthan
AYI,Ayingudi,,,SR,Tamil Nadu
GHSR,GHASARA HALT,26.72284,79.360808,,
ULD,ACHALDA,26.701949,79.404392,,
AEL,Ateli,28.100118,76.25310499999999,NWR,Haryana
WTR,WATHAR,17.89054,74.135767,CR,Maharashtra
WLH,VALHA,18.1836347437,74.1605539337,CR,Maharashtra
BAAR,Bandar P.H.,22.052122,88.086816,?,West Bengal
AE,Amreli,21.607831,71.228012,WR,Gujarat
MST,MASIT,27.269928999999998,80.257914,,
BGH,BAGHAULI,27.228081,80.296314,,
TPND,TALOJA PANCHAND,19.078901,73.087316,CR,Maharashtra
ADVI,ADAVALI,16.921753,73.592514,KR,Maharashtra
AGL,AMARGOL,15.4117921224,75.09820837459999,SWR,Karnataka
AS,ARJANSAR,28.933796,73.87196899999999,NWR,Rajasthan
BAKT,Barhara Kothi,25.776942,87.09631900000001,ECR,Bihar
CM,Campierganj,27.05777,83.267384,NER,Uttar Pradesh
DB,Dabhoi Junction,22.137755,73.415466,WR,Gujarat
ULU,ULUNDURPET,11.702177,79.317787,,
AGZ,AMAGURA,19.068103,82.147342,ECoR,Chhattisgarh
AGB,AMBAGAON,19.062527,82.239507,ECoR,Chhattisgarh
MYKR,MATYAKHERI HALT,24.309449,74.951915,,
BBLK,B L DASPURI,27.316999355900002,79.36351860779999,NCR,Uttar Pradesh
ARV,ARNI ROAD,12.630801,79.209033,SR,Tamil Nadu
BARI,Bari,26.65005846,77.61817468,NCR,Rajasthan
BAT,Batala Junction,31.8214816,75.1944316,NR,Punjab
BBV,BABHULGOAN,17.778326000000003,75.383427,CR,Maharashtra
ASI,Arseni,27.243104,80.39386,NR,Uttar Pradesh
APE,ANDANAPPETTAI,10.758823,79.84409600000001,SR,Tamil Nadu
BEHR,BEOHARI,24.0002687,81.3797154,WCR,Madhya Pradesh
ARNH,Arjunahalli,12.512857,76.391729,SWR,Karnataka
BFG,Bagthar,26.79623183,77.52218902999999,NCR,Uttar Pradesh
BBAR,BARA,24.001215,81.21186200000001,WCR,Madhya Pradesh
BDYP,Bidyadharpur,22.425122,88.452872,ER,West Bengal
AKL,Anakhol,,,WR,Gujarat
ASAN,ASAN,29.40129,76.882594,NR,Haryana
ATUL,ATUL,20.544593354,72.9271335858,WR,Gujarat
AONI,Amoni,26.448121,92.91960900000001,NFR,Assam
BASA,Banosa,,,CR,Maharashtra
BATS,Bhatsar,,,WR,Gujarat
HRI,HARDOI,27.399414,80.147877,,
BBE,BAGHI BARDIHA,24.953077,85.623332,ECR,Bihar
BFX,BAGHI GHAUSPUR,25.051952,85.684033,ECR,Bihar
BCF,Bankapasi,,,ER,West Bengal
BDV,BADANAVALU,12.075565500000002,76.74904447,SWR,Karnataka
BCHR,Bachar,,,WR,Gujarat
BCM,Buranpudi,,,ECR,Bihar
BDKE,Bhadsivni,,,CR,Maharashtra
PGU,PADUGUPADU,14.496976,79.989954,,
KJJ,KODAVALURU,14.564331,79.99490800000001,,
TMC,TALAMANCHI,14.607124,79.998171,,
AXR,ALLURU ROAD,14.710541,79.989036,,
BTTR,BITRAGUNTA,14.768584800000001,79.98314599999999,,
SVPM,S VENKTESWRPALM,14.806671,79.982262,,
KPO,KARANPURA,27.1230467855,76.7783649164,,
BUDA,BHUDA,27.1289860174,76.8145379749,,
MURD,MANDAWAR MAHUA RD,27.1560976594,76.8508226947,,
ANDN,Anand Nagar,27.103714,83.270698,NER,Uttar Pradesh
GOS,GHOSRANA,27.179904,76.90338,,
DTF,DANTLA,27.1971512117,76.9610701135,,
BDRN,Bhadran,,,WR,Gujarat
KL,KHERLI,27.2002567722,77.0364244739,,
ARK,Arakku,18.333991,82.86256,ECoR,Andhra Pradesh
TBL,TARCHERRA BRLRM,27.205008000000003,77.104134,,
BF,Bagetar,,,NFR,Assam
NBI,NADBAI,27.213674308399998,77.2080875122,,
PPEA,PAPRERA,27.226004,77.308829,,
HK,HELAK,27.234442,77.378757,,
BTE,BHARATPUR JN,27.237106999999998,77.488613,,
ATR,Attar,21.998734000000002,76.204918,WR,Madhya Pradesh
NHB,NOH BACHHAMDI,27.223368999999998,77.546395,,
IK,IKRAN,27.211065,77.608741,,
CIK,CHIKSANA,27.199896,77.663925,,
ANY,Arumuganeri,8.579144,78.091842,SR,Tamil Nadu
BAKA,Banka,24.8659010332,86.91169348999999,?,Bihar
AH,ACHHNERA JN,27.1817602284,77.7578389026,,
TDL,TUNDLA JN,27.207747,78.233285,,
BAW,CHIK BANAVAR,13.073539,77.50634099999999,SWR,Karnataka
PVN,PAVUNUR,11.600544,79.31580600000001,,
BFN,Bugana,29.258822195,75.8278150574,NR,Haryana
ANF,Anandapuram,14.073324,75.209164,SWR,Karnataka
BBN,Barbil,22.104577,85.36905800000001,SER,Odisha
HNG,HIRANGAON,27.175703000000002,78.31461900000001,,
FZD,FIROZABAD,27.147415,78.386691,,
MNR,MAKKHANPUR,27.119485,78.4715,,
SKB,SHIKOHABAD JN,27.085686,78.57495499999999,,
KAA,KAURARA,27.029,78.664813,,
BDN,BHADAN,26.9793918,78.73749459999999,,
BBL,BALRAI,26.9205023929,78.8237102228,,
JGR,JASWANTNAGAR,26.872978000000003,78.893731,,
SB,SARAI BHOPAT,26.837847,78.94470899999999,,
ETW,ETAWAH,26.785970000000002,79.021502,,
EKL,EKDIL,26.76628,79.116455,,
BNT,BHARTHANA,26.7502248,79.2163612,,
DBM,DABOLIM,15.389334,73.849937,SWR,Goa
AUWA,AUWA,25.665207000000002,73.564613,NWR,Rajasthan
JP,JAIPUR,26.920203,75.786923,,
BEB,Beldanga,23.9320594,88.2429681,ER,West Bengal
BHLI,BOHALI,17.5887732682,75.27417043950001,CR,Maharashtra
BASN,BHAINSWAN,29.094392,76.680769,NR,Haryana
BHNA,Bhayna,23.31226134,88.64165885999999,ER,West Bengal
BHME,BHANDARIDAH,23.7566729304,86.05509864230001,ECR,
BCU,BHUCHCHU,30.209881999999997,75.0951862,NR,Punjab
BHL,BHILWARA,25.3435508,74.63077340000001,NWR,Rajasthan
KVA,KAVAS,25.867466,71.538716,NWR,Rajasthan
BDW,BANDANWARA,26.1253008,74.6913786,NWR,Rajasthan
BJV,Bijauria,28.574785,79.65527399999999,NER,Uttar Pradesh
BHJ,Barhaj Bazar,26.283912,83.731497,NER,Uttar Pradesh
DRD,DAHANU ROAD,19.991217,72.74336799999999,WR,Maharashtra
BJRA,BHAJERA,27.100774588100002,76.6568744922,,
BDXT,BASAI DHANKOT,28.464735,76.983187,NR,Haryana
BCHN,Bochasan Junction,22.402073,72.847673,WR,Gujarat
BHT,Bhattu,29.387323,75.34013,NWR,Haryana
SHR,SIHORA ROAD,23.467136,80.110265,WCR,Madhya Pradesh
SGBJ,SURGAON BANJARI,21.946109,76.544215,WCR,Madhya Pradesh
BADR,Bhader,21.36507,70.928979,WR,Gujarat
TLA,TITVALA,19.296504000000002,73.202714,,
BJUD,BAJUD,21.736131,71.82792500000001,WR,Gujarat
KON,KUDALNAGAR,9.944876,78.108666,,
BDSW,Budhsinghwala,29.831708406844584,74.22266067937016,NWR,Rajasthan
BER,BEAWAR,26.1089078,74.3149711,NWR,Rajasthan
BGDA,Bogada,20.2787142311,86.5881717944,?,Orissa
AWG,Awa Garh,27.464247,78.47340000000001,NCR,Uttar Pradesh
SBK,SHAHBAZ KULI,25.632101000000002,83.67465299999999,NER,Uttar Pradesh
ENR,ENNORE,13.218195717099999,80.32212448269999,,
NLS,NELLORE SOUTH,14.444474999999999,79.983464,,
AVL,AMRITVEL,21.077372,71.679671,WR,Gujarat
NLR,NELLORE,14.460592,79.989383,,
BGR,Bhagdara,,,CR,Maharashtra
BGA,BAGALIA,23.44693617,86.51904643,SER,West Bengal
BERO,BERO,23.548271,86.72660900000001,SER,West Bengal
XX-MEJB,XX-MEJB,,,,
BHHT,Barhara,,,?,Bihar
DVBH,MAKUDAN VIRAPANDI BLOCK HUT,11.580796,78.037941,,
AVT,Avati,13.299092,77.72667899999999,SWR,Karnataka
XX-KJMB,XX-KJMB,,,,
BHOJ,Bhoj Padra,,,WR,Gujarat
BIV,Bamhani Banjur,22.438916000000003,80.324566,SECR,Madhya Pradesh
BGB,Budge Budge,22.49310248,88.19469228000001,ER,West Bengal
BHRD,Baghara Road,,,SER,
DDBC,DDBC,,,,
UMNR,UMESHNAGAR,25.461085,86.431195,ECR,Bihar
BHWR,Bhitiharwa Ashram,,,ECR,Bihar
BDBP,BASUDEBPUR,24.6355270351,87.98253549799999,ER,Bihar
MOL,MULI ROAD,22.676562,71.43486,WR,Gujarat
AZA,AZARA,26.099339999999998,91.613927,NFR,Assam
BAHI,Balenahalli,14.250321000000001,76.56637599999999,SWR,Karnataka
BDHP,BHUDPUR,29.218093878,77.29116829590001,NR,Uttar Pradesh
SHW,SAMHON,26.734186,79.320694,,
PATA,PATA,26.6666191003,79.4794183441,,
PJY,PARA JANI HALT,26.596933,79.634896,,
RURA,RURA,26.485377,79.908216,,
BPU,BHAUPUR,26.46811536,80.12429014,,
CNB,KANPUR CENTRAL,26.454240000000002,80.350966,,
CHK,CHAKERI,26.381159999999998,80.40654599999999,,
SSL,SIRSAUL,26.297301,80.462852,,
RAMA,RAMVA,25.8911534211,80.8532993597,,
BKF,Bhikhna Thori,27.333596,84.61057,ECR,Bihar
BGJT,Bagha Jatin,22.482615000000003,88.387421,ER,West Bengal
BGPL,Baghuapal,21.042219,86.013166,ECoR,Orissa
BEHS,Bihar Sharif,25.206116,85.5390747,ECR,Bihar
BHRB,Bhairabi,24.19545969,92.54106045,?,Mizoram
BDWL,BIRADHWAL,29.1741168151,73.896516228,NWR,Rajasthan
BANE,BASNI,26.222963,73.010639,NWR,Rajasthan
BHZ,BIHARA,24.9628178,92.689054,NFR,Assam
BHI,BAHERI,28.777391,79.5003221,NER,Uttar Pradesh
BHB,BADLA GHAT,25.553762900000002,86.5871439,ECR,Bihar
BJNR,BIJAINAGAR,25.931003,74.65305889999999,NWR,Rajasthan
BGHI,BAGAHAI ROAD,24.555903,81.018663,WCR,Madhya Pradesh
BDDR,BADODAR,21.361072999999998,70.295846,WR,Gujarat
BIJ,Birnagar,23.2358754,88.55125199999999,ER,West Bengal
BJO,BIJNOR,29.3856298,78.14680469999999,NR,Uttar Pradesh
BHLA,BEHULA,23.181967399999998,88.4287921,ER,West Bengal
BLQR,BILASPUR ROAD,28.865600999999998,79.254263,NER,Uttar Pradesh
BHLE,Barahat,24.9206004744,87.0100837976,ER,Bihar
BGAE,BALAGARH,23.1215453,88.4525522,ER,West Bengal
BJRI,BIJURI,23.250338600000003,82.1189461,SECR,Madhya Pradesh
BHTA,BHATIYA,22.0881542,69.2803623,WR,Gujarat
BKRO,BOKARO THERMAL,23.7851503,85.87557819999999,ECR,
CHCR,CHACHER,21.241422,79.354918,,
DNL,DHANOLI,21.3221098696,80.42759080629999,,
LLP,Lalitgram,26.35666473117378,87.01226592063904,ECR,Bihar
NI,NAYDONGRI,20.3484309504,74.8366330817,,
HJN,HOWRAH JN. CABIN,22.583533,88.342811,,
PKE,PIMPAR KHED,20.307455334,74.7559997266,,
PJN,PANJHAN,20.275504,74.606561,,
HSL,HISVAHAL,20.283239000000002,74.57099,,
PNV,PANEVADI,20.26527,74.494903,,
MMR,MANMAD JN,20.249887,74.438305,,
TGR3,BLOCK AND CATCH SIDING CABINE NO.3,19.674468,73.485951,,
BDGP,BADANAGUPPE,11.990316,76.861228,SWR,Karnataka
KYN,KALYAN JN,19.234716000000002,73.12974,,
PMR,PITAMBARPUR,28.200105,79.538072,,
BIQ,BANSI PAHARPUR,26.93277,77.457241,NCR,Rajasthan
CTTP,CHITRAPUR HALT,14.036147999999999,74.536566,KR,Karnataka
BMDI,Brahmanwada,,,WR,Gujarat
BFD,BORHAT,27.164263,95.277512,NFR,Assam
BGM,BELGAUM,15.8492433,74.5095639,SWR,Karnataka
BGU,BAIRGANIA,26.738281999999998,85.27333399999999,ECR,Bihar
BGRM,Biggabas Ramsara,28.04769242,74.20154742999999,NWR,Rajasthan
BEML,BEML Nagar,12.9786413,78.24197815000001,SWR,Karnataka
BKT,BAKSHI KA TALAB,26.983452,80.922331,NER,Uttar Pradesh
BFPA,Bhopatpur,28.375464097400002,79.8051375,NER,Uttar Pradesh
BJP,BIJAPUR,16.8310603,75.7400012,SWR,Karnataka
BILA,Bheslana,27.065209000000003,75.304187,NWR,Rajasthan
VJA,VEJANDLA,16.237226,80.519729,SCR,Andhra Pradesh
SJL,SANGAM JAGARLAMUDI,16.246589,80.570521,SCR,Andhra Pradesh
BDE,Bodeli,22.2701906,73.71657979999999,WR,Gujarat
GCAB,GCAB,21.204607999999997,81.431558,,
BIA,BHILAI,21.202598300000002,81.4217238,,
BPHB,BHILAI POWER HOUSE,21.208119,81.375901,,
BQR,BHILAI NAGAR,21.2013382,81.33434510000001,,
BADK,BARKA,29.0725646906,77.2733021582,NR,Uttar Pradesh
BDKT,Badakhandita,20.365448699999998,86.08383554000001,ECoR,Orissa
BELA,Bela,24.97843,84.981353,ECR,Bihar
VDE,VEDAYAPALEM,14.404478,79.957106,,
TRL,TIRUVALLUR,13.115764,79.913105,,
BIDR,Bidar,17.9116836,77.5137793,SCR,Karnataka
WCN,WIMCO NAGAR,13.180491,80.305807,,
KAVM,KATHIVAKKAM,13.204343999999999,80.31674199999999,,
VKT,VENKATACHALAM,14.327256,79.92732000000001,,
BHM,Bahram,31.197575,75.894193,NR,Punjab
BGPA,Bageshapura,13.143803441600001,76.2293551874,SWR,Karnataka
BHRJ,Becharji,23.516602,72.02941299999999,WR,Gujarat
SDM,SURAREDDIPALEM,15.407571,80.045682,,
PRH,POWERPET,16.713189,81.106602,,
VGT,UNGUTURU,16.824498,81.42356000000001,,
BMGM,BRAHMANAGUDEM,16.930258209999998,81.67527695,,
KYM,KADIYAN,16.914337999999997,81.832674,,
BBPM,BALABHADRAPURAM,16.96580143,82.00037565999999,,
NASP,NARASINGAPALLI,17.606751,82.891038,,
GPT,GOPALAPATNAM,17.748818,83.214877,,
VKD,BAKHRABAD,22.118541,87.36345,,
NYA,NARAYANGARH,22.174233,87.380456,,
BPE,BENAPUR,22.271352309999997,87.37624084000001,,
HIJ,HIJILLI,22.319921,87.32016899999999,,
BKL,BONA KALU,17.031591000000002,80.261499,SCR,Andhra Pradesh
BLO,BHULON,24.635909,76.968812,WCR,Rajasthan
BMHR,BAMANHERI,29.514761999999997,77.70639,NR,Uttar Pradesh
BME,BARMER,25.744521900000002,71.397067,NWR,Rajasthan
BLC,BOLDA,19.5520321,77.2735908,SCR,Maharashtra
BKWA,BAKAYANWALA,30.143292,73.98581800000001,NR,Rajasthan
BLDI,BHILDI,24.194251,72.008187,WR,Gujarat
BJ,BAHJOI,28.401499599999998,78.6315064,NR,Uttar Pradesh
ADIJ,AHMEDABAD JN,23.025715,72.60171600000001,,
BMSR,Bhimasar,23.533660939738297,70.88691945187747,WR,Gujarat
BLWR,BILESHWAR,22.382129,70.830427,WR,Gujarat
BKDE,BUDHAKHERA,29.378719,76.557193,NR,Haryana
HCAB,BMY H CABIN,21.220990999999998,81.46489100000001,,
KOK,KORUKKUPET JN,13.120489801700002,80.27837727340001,,
BHY,BHAYAVADAR,21.8478371804,70.23614485659999,WR,Gujarat
BL,VALSAD,20.6085595,72.9335291,WR,Gujarat
TNP,TONDIARPETTAI,13.1262400028,80.28092114379999,,
BNSP,BANSAPAHAR,25.055505,81.050022,WCR,Uttar Pradesh
ULB,ULUBARIA,22.472428,88.093209,,
BLP,Balrampur,27.4158206073,82.16066989870001,NER,Uttar Pradesh
VOC,V.O.C. NAGAR,13.140301627300001,80.28745678409999,,
CTRE,CHITTERI,13.068171999999999,79.597909,,
TUG,THALANGAI,13.003678,79.42612799999999,,
APH,ANUPGARH,29.1968977,73.2045643,NWR,Rajasthan
WJR,WALAJAH ROAD JN,12.970676,79.360511,,
BJMR,BAIJNATH MANDIR,32.052625660000004,76.65152893999999,NR,Himachal Pradesh
MCN,MUKUNDARAYAPURM,12.977678,79.289067,,
TVT,TIRUVOTTIYUR,13.160025,80.296454,,
BOTR,Bhavdhari,,,NWR,Haryana
BOX,Bhojasar,,,NWR,Rajasthan
BMR,BIKRAMPUR,23.082226,79.586316,WCR,Madhya Pradesh
BPAH,Benipur Halt,,,ECR,Bihar
BKH,BANKHEDI,22.7748819,78.5379969,WCR,Madhya Pradesh
AKRA,Akra,22.514668,88.249021,ER,West Bengal
BPF,BANAPURA,22.4703575471,77.4807316095,WCR,Madhya Pradesh
BLKR,BALLEKERE HALT,13.502322000000001,76.023514,SWR,Karnataka
SUCH,SUCHINDRAM,8.149479,77.466792,SR,Tamil Nadu
BJWS,Bojawas,28.312786,76.25286799999999,NWR,Haryana
BLGA,Belagula,12.385698676899999,76.5887032642,SWR,Karnataka
BLLI,BALLI,15.151725800000001,74.0209756,KR,Goa
BJMD,Bara Jamda,22.1665327,85.41239200000001,SER,Jharkhand
BMP,Bramhapuri,20.603943,79.867537,SECR,Maharashtra
BIC,Bichia,28.1830705,81.2720808,NER,Uttar Pradesh
BILK,Bilkha,21.443078399999997,70.6004021,WR,Gujarat
BMPR,Badampahar,22.2640234,86.18081819999999,SER,Orissa
BMGR,Bamangram,25.622139865799998,88.1912832245,NFR,West Bengal
BPN,Banpur,23.45186861,88.76185515,ER,West Bengal
BMLL,Bamla,28.832463999999998,76.244079,NWR,Haryana
BMW,Bamhni,20.922361,79.364152,SECR,Maharashtra
KOTR,KORATTUR,13.113345,80.184062,,
PCW,PERAMBUR CARRIAGE WORKS,13.107240000000001,80.23865900000001,,
VLK,VILLIVAKKAM,13.110062,80.209621,,
BNHL,Bellenahalli,14.243859,76.554391,SWR,Karnataka
PVM,PATTARAVKKAM,13.114872,80.166656,,
ABU,AMBATTUR,13.114305980800001,80.1525249074,,
ANNR,ANNANUR,13.116018,80.126743,,
KMSI,Kumsi,14.051954,75.402042,,
AVD,AVADI,13.118247,80.10051800000001,,
HC,HINDU COLLEGE,13.118538,80.074903,,
PAB,PATTABIRAM,13.11926,80.06542400000001,,
NEC,NEMILICHERRY HALT,13.121643,80.045378,,
SVR,SEVVAPET ROAD,13.124996999999999,79.96668799999999,,
PTLR,PUTLUR HALT,13.122922,79.93709999999999,,
EGT,EGATTUR HALT,13.106198,79.88406,,
BJE,Bhojudih Junction,23.642174999999998,86.4469993,SER,Jharkhand
MAF,MANUR,13.096025,79.801508,,
MSU,MOSUR,13.0857348949,79.7188409808,,
MLPM,MELPAKKAM,13.080671,79.659245,,
MRLM,MARUDALAM,12.99726,79.399298,,
BPZ,BAZPUR,29.1578998,79.1463827,NER,Uttarakhand
BRY,BAREILLY,28.3372843,79.4109744,NER,Uttar Pradesh
BQZ,BALLALPUR,24.747459000000003,87.91224299999999,ER,West Bengal
BNN,BARNALA,30.370396799999998,75.5492466,NR,Punjab
BNJL,BINJHOL HALT,29.344605,76.92378099999999,NR,Haryana
KAV,KALAMNA,21.168195,79.140955,,
BNH,BHIMNATH,22.245963,71.92503,WR,Gujarat
BNVD,BHANVAD,21.9330444,69.79885780000001,WR,Gujarat
BRGM,Baraigram Junction,24.684059,92.344106,NFR,Assam
BSPR,BISHRAMPUR,23.179178,82.98289000000001,SECR,Chhattisgarh
BRH,BAIKUNTHPUR RD,23.317286,82.5298836,SECR,Chhattisgarh
SAL,SALWA,21.236542,79.292976,,
BTKL,Bhatkal,13.987012001486875,74.56730199046433,KR,Karnataka
TAR,THARSA,21.256602,79.41467,,
TMR,TUMSAR ROAD,21.342437,79.75141900000001,,
GJ,GANGAJHARI,21.443153,80.058885,,
BNSR,BHAGWANSAR,29.343806,73.859791,NWR,Rajasthan
PJB,PANIAJOB,21.183732000000003,80.693768,,
THL,TIRUVALAM,12.974779,79.245745,,
BQH,Bhanohad Punjab,30.85173825,75.70970576,NR,Punjab
SVUR,SEVUR,12.971785,79.189821,,
KPD,KATPADI JN,12.972734,79.13534100000001,,
BPRA,BARIPURA,25.340728000000002,79.943488,NCR,Uttar Pradesh
PCKM,PACHACHAKUPAM,12.822656,78.757365,,
BRPM,Baripur Mandala,,,WR,Gujarat
BRTL,Bharthali,,,WR,Gujarat
DGG,DONGARGARH,21.185492,80.759857,,
BPO,Baripada,21.9227408,86.73709000000001,SER,Orissa
BO,Borsad,22.401548000000002,72.909158,WR,Gujarat
JTR,JATKANHAR,21.1798,80.821965,,
BS,Banisar,28.067563416,73.8954879211,NWR,Rajasthan
ATH,ANTAH,25.1611771,76.3072684,WCR,Rajasthan
BON,BHONRA,25.171061136400002,76.1976736633,WCR,Rajasthan
BOV,Bhatgaon,21.171626,81.71272400000001,SECR,Chhattisgarh
MUA,MUSRA,21.152966,80.879372,,
BNCE,BANGALORE EAST,13.001479999999999,77.6184701,SWR,Karnataka
KNDV,KNDV,,,,
BRP,Baruipur Junction,22.366657999999997,88.431647,ER,West Bengal
AAH,ITEHAR,26.562635,78.683783,NCR,Madhya Pradesh
RYT,RAYAT PURA,26.456937,78.38188099999999,NCR,Madhya Pradesh
BBY,BHADROLI,26.30595,78.181356,NCR,Madhya Pradesh
BAKL,BAKAL,21.123637,80.940946,,
BTKB,Bathna Krittibas Halt,23.236313600000003,88.48266943,ER,West Bengal
GD,GONDA JN,27.154613,81.97815200000001,,
AKZ,Akashi,23.385124400800002,84.8877858557,SER,Jharkhand
BR,BANDH BARETA,26.910367,77.364108,NCR,Rajasthan
DAN,DHANETA,28.512293999999997,79.264748,,
CKYD,CHAKRA ROAD,26.001213,83.672178,NER,Uttar Pradesh
MUP,MURHIPAR,21.183141,81.14815399999999,,
BOKE,BHOKE,17.0490546,73.3810615,KR,Maharashtra
RSM,RASMARA,21.204118,81.2164,,
PHQ,PARDHANDE,20.7292951895,75.3769414349,,
PC,PACHORA JN,20.668385,75.34831,,
BSKH,Basukinath,24.388941000000003,87.045099,ER,Jharkhand
BSKN,Bhesana Manknaj,23.4987569498,72.3312086395,WR,Gujarat
GAA,GALAN,20.6095998065,75.27700034419999,,
NGD,NAGARDEVLA,20.6030016547,75.1981061108,,
AV,ASVALI,19.817370999999998,73.751085,,
PI,PADLI,19.783928,73.66573299999999,,
GO,GHOTI,19.722911,73.63594400000001,,
IGP,IGATPURI,19.694053,73.56237899999999,,
SHAD,SHAHAD,19.244702,73.158611,,
ASE,ASAUDAH,28.73653776,76.85877285,NR,Haryana
ABO,ASTHAL BOHAR,28.857765,76.629155,NR,Haryana
KZH,KILA ZAFARGARH,29.0805810005,76.4289531995,NR,Haryana
BNQL,BHANKALA HALT,29.845590837699998,77.4743493237,NR,Uttar Pradesh
BQA,BANKURA,23.224387099999998,87.07468750000001,SER,West Bengal
BRLI,Barauli,26.552056,77.424988,NCR,Uttar Pradesh
BPRH,Balpur Halt,22.115136,82.694138,SECR,Chhattisgarh
BNKI,Banmankhi Junction,25.885092,87.193664,ECR,Bihar
AIP,ATTIPPATTU,13.2611631708,80.2889459058,,
MJR,MINJUR,13.281979,80.26019199999999,,
BRJ,Brace Bridge,22.517861,88.301496,ER,West Bengal
BZGT,Bazurghat,24.607593,92.38341799999999,NFR,Assam
ALGP,Algapur,24.754753,92.59591800000001,?,Assam
TAN,TARANA ROAD,23.264582,76.06701699999999,,
DWO,DOIWALA,30.175451000000002,78.12218,NR,Uttarakhand
BRSQ,BRAR SQUARE,28.613526,77.14079000000001,NR,Delhi NCT
KAT,KHATAULI,29.273712,77.736988,NR,Uttar Pradesh
BUB,Bissau,28.2401014,75.0612084,NWR,Rajasthan
PQY,PABLI KHAS,29.05601,77.698335,NR,Uttar Pradesh
GUH,GULDHAR,28.703751999999998,77.455792,NR,Uttar Pradesh
BRRD,BORDI ROAD,20.122424,72.766138,WR,Gujarat
BRU,BHAIROGANJ,27.151418149999998,84.24239742,ECR,Bihar
BTH,BETTIAH,26.8058847,84.5229561,ECR,Bihar
MKU,MALKAPUR,20.891974,76.202946,,
BSDL,BHARSENDI,24.036488,82.06039,WCR,Madhya Pradesh
BSC,Bulandshahr,28.3919187,77.8482415,NR,Uttar Pradesh
BTPG,Betheria Ghola,22.350122,88.573321,ER,West Bengal
BTPD,Bethampurdi,17.543986,80.573657,SCR,Andhra Pradesh
BTG,BASHARATGANJ,28.288009,79.2851956,NR,Uttar Pradesh
BTIC,BHATINDA CANTT,30.19088,74.954044,NR,Punjab
ALL,ALAL,30.377724999999998,75.72074952000001,NR,Punjab
WADO,WADODA,20.8885446711,76.279846955,,
KJL,KHUMGAON BURTI,20.866943,76.401107,,
NN,NANDURA,20.838889,76.46015799999999,,
BTD,BOTAD JN,22.182870599999998,71.6655966,WR,Gujarat
BU,BASWA,27.149686000000003,76.575644,NWR,Haryana
AK,AKOLA JN,20.723084,77.005497,,
DKS,DAREKASA,21.271299000000003,80.580751,,
BUGL,Buglanwali,29.79175066957987,74.23897337168455,NWR,Rajasthan
BSX,BASAR,18.86512,77.938506,SCR,Andhra Pradesh
BWZ,Baddowal,30.862116999999998,75.742678,NR,Punjab
BSQ,BARSI TAKLI,20.576054000000003,77.060902,SCR,Maharashtra
PARH,PARAKHEDA,25.705583,77.642772,WCR,Madhya Pradesh
BLNR,BIRLANAGAR,26.237555,78.1953108,,
BUQ,Bargi,22.995932999999997,79.875125,SECR,Madhya Pradesh
SIKD,SIKRODA KWANRI,26.569564,77.96285300000001,,
BSJ,Bhupalsagar,24.8477620899,74.2116131934,NWR,Rajasthan
BRPK,Bisharpara Kodaliya,22.676284,88.434731,ER,West Bengal
TY,TULUKAPATI,9.467438999999999,77.936903,SR,Tamil Nadu
BYSA,Basulyasutahata,22.12030128,88.13056325,SER,West Bengal
BRG,BARGARH,25.164270416300003,81.4500584753,NCR,Uttar Pradesh
KSRA,KASARA,19.647159,73.472003,,
OMB,OOMBERMALI,19.628026000000002,73.422651,,
MH,Marahra,25.100178,85.446664,CR,
KE,KHARDI,19.579952,73.393442,,
THS,THANSIT,19.549981,73.35181299999999,,
BSGR,Bhagsar,30.452385,74.40197699999999,NR,Punjab
ATG,ATGAON,19.5031813038,73.3276912396,,
ASO,ASANGAON,19.439277999999998,73.307859,,
VSD,VASIND,19.406422,73.26768899999999,,
KDV,KHADAVLI,19.35621892,73.21871043,,
ABY,AMBIVLI,19.267587,73.17171,,
DIVA,DIVA,19.188394,73.041905,,
SNRD,MUMBAI SANDHURST ROAD,18.962311,72.839733,CR,Maharashtra
BXB,Banga,31.177139,75.999562,NR,Punjab
TNA,THANE,19.185757000000002,72.97541700000001,,
BVW,Bahminiwala,30.548939999999998,74.19313199999999,NR,Punjab
MLND,MULUND,19.172355,72.956933,,
KUF,KAURHA,27.462683,80.102675,,
KAR,KARNA,27.32161,80.19623499999999,,
NHU,NAHUR,19.154646,72.946683,,
BTQ,Betnoti,21.741339999999997,86.8435187,SER,Orissa
BSN,BANASANDRA,13.265332,76.659317,SWR,Karnataka
MOI,MORI BERA,25.035574999999998,73.136306,NWR,Rajasthan
BRLY,BIROLIYA,25.170546,73.192517,NWR,Rajasthan
RT,ROHAT,25.921475609399998,73.0953188199,NWR,Rajasthan
BSRX,BAGEVADI RD,16.47986853,75.82814753,SWR,Karnataka
AIPP,ATTIPPATTU PUDU NAGAR,13.249326,80.299606,,
BZG,Bilga,31.058267,75.66684099999999,NR,Punjab
LMC,LAKHAMANCHI,22.5718124104,71.14841382110001,WR,Gujarat
BDME,Baidyanathdham Deoghar,24.4892623,86.6920701,ER,Jharkhand
BTW,BARSI TOWN,18.240993,75.718169,CR,Maharashtra
BWW,Barwaha,22.255445899999998,76.0302621,WR,Madhya Pradesh
JWLS,JAWAN WALA SHEHAR,32.14165,76.003772,NR,Himachal Pradesh
KIM,KIM,21.399697,72.926702,,
CDLD,Chandlodiya,,,WR,Gujarat
CDMA,Chandeshwarsthan,,,ECR,Bihar
SER,SAMAYANALLUR,9.981546,78.035087,,
CDD,Chandod,21.99195697308774,73.45218163914979,WR,Gujarat
DPH,DADHAPARA,22.028156,82.123182,,
JRMG,JAIRAMNAGAR,22.034344,82.29651100000001,,
UGN,UGAON,20.122591999999997,74.136829,,
BXT,Bamanhat,26.076284459879247,89.62797752581537,NFR,West Bengal
BXK,BANDARKHAL,25.069785,92.80071699999999,NFR,Assam
BWX,BAHMAN DIWANA,30.225526,74.849153,NR,Punjab
BYHA,BARYA RAM,25.566931,82.22659200000001,NR,Uttar Pradesh
CRK,CHARKHERA,22.367273,77.171177,WCR,Madhya Pradesh
BUTA,BHADUTALA,22.485657,87.3208,SER,West Bengal
CDGR,CHANDRAKONA RD,22.739076,87.340588,SER,West Bengal
BZO,BARSOLA,29.394379,76.231711,NR,Haryana
DG,DINDIGUL JN,10.35381,77.985472,,
VO,VELLODU,10.317775999999999,77.951415,,
ABI,AMBATURAI,10.272226,77.924468,,
KQN,KODAIKANAL ROAD,10.179613000000002,77.909593,,
VDP,VADIPPATTI,10.086114,77.945674,,
CDQ,CHADOTAR,24.18394723,72.37251094,WR,Gujarat
BWL,BAWAL,28.070281,76.572402,NWR,Haryana
BVRT,BHIMAVARAM TOWN,16.547348,81.516853,SCR,Andhra Pradesh
BQN,BAGRI NAGAR,25.895725000000002,73.787801,NWR,Rajasthan
KYR,KARUPPATTI,10.044464999999999,77.94839300000001,,
SDN,SHOLAVANDAN,10.02227,77.96508200000001,,
CIO,Chikhli Road,,,WR,Gujarat
BUG,BAGAHA,27.130045000000003,84.066991,ECR,Bihar
CAI,CHANPATIA,26.94163,84.53063900000001,ECR,Bihar
CAA,CHAKIA,26.417182,85.04636,ECR,Bihar
CKNA,Chikna,,,ECR,
BXM,BELRAYAN,28.379381,80.915268,NER,Uttar Pradesh
BVQ,BHILAVDI,17.008048,74.51678100000001,CR,Maharashtra
ANR,ANARA,23.481082,86.559763,SER,West Bengal
BWPL,Balwant Pura Chelasi,27.9104715,75.44328689999999,NWR,Rajasthan
CATD,Chataud,21.015051,81.73716,SECR,
CID,Chiraidongri,22.411417999999998,80.287402,SECR,Madhya Pradesh
KGFR,KATHGHAR RIGHT BANK,28.832108335,78.8082265295,,
KGFE,KATHGHAR EAST,28.832685,78.8095,,
BHGJ,Bihariganj,25.732598999999997,86.992655,ECR,Bihar
HTGR,HATHIGADH,21.620099999999997,71.444628,WR,Gujarat
CHBN,Chandkhira Bagn,24.515852,92.287381,NFR,Assam
YY-MMRX,YY-MMRX,,,,
MKY,MEKKUDI,10.87109,78.628737,SR,Tamil Nadu
MIL,MILAK,28.612475,79.16411699999999,,
NRS,NAGARIA SADAT,28.550179,79.205555,,
BXC,Barwala,29.367534,75.88703100000001,NR,Haryana
BLM,BALAMU JN,27.167362999999998,80.352497,,
UTA,UMAR TALI,27.086986,80.473465,,
CBG,Charbhuja Road,25.352227999999997,73.946241,NWR,Rajasthan
HNA,HONNAVAR,14.316931,74.433196,KR,Karnataka
SEN,SENAPURA,13.717680182199999,74.6840119482,KR,Karnataka
CGX,Chargola,24.845883999999998,92.416794,NFR,Assam
TMP,TAMARAIPADI,10.4023417558,78.0445917407,,
VDM,VADAMADURA,10.4363355768,78.1021599634,,
AYR,AYYALUR,10.483391,78.157049,,
KFC,KALPATTICHATRAM,10.518065672899999,78.2343675623,,
VPJ,VALYAMPATTI,10.544055019,78.3098143988,,
CII,CHETTIYAPATTI,10.575644554,78.3662318384,,
BYR,BHAYANDAR,19.311766,72.85303900000001,WR,Maharashtra
BHU,BHANDU MOTIDAU,23.709061000000002,72.38933899999999,WR,Gujarat
CG,Canning,22.313264,88.667458,ER,West Bengal
CGLA,Changotola,22.2299461588,80.11878948120001,?,
CHKB,CHAKKI BANK,32.259653,75.636651,NR,Punjab
JAR,Junair Halt,25.273607371900003,85.2506963452,,
CH,CHANDAUSI JN,28.458626000000002,78.780268,NR,Uttar Pradesh
BSLX,BSLX,,,,
DGI,DUNGRI,20.687336000000002,72.949119,WR,Gujarat
BIS,BISWA BRIDGE,20.885157149999998,76.33919345,,
YAD,YEULKHED,20.724559000000003,77.07497000000001,,
KKT,Kath Kuiyan,26.8568018382,84.0478709076,,
BGN,BORGAON,20.7290593,77.1796502,,
DDY,DUDWINDI,31.237553,75.258143,NR,Punjab
KTP,KATEPURNA,20.723777,77.25938099999999,,
SUM,SUMMIT,20.2117506011,74.3431299774,,
LS,LASALGAON,20.154847999999998,74.22597599999999,,
DDN,DEHRADUN,30.3140377,78.0336011,NR,Uttarakhand
MZR,MURTAJAPUR,20.736468000000002,77.35482499999999,,
CDSL,CHANDRESAL,25.212948,75.943986,WCR,Rajasthan
CDG,CHANDIGARH,30.7019773,76.82208,NR,Chandigarh
MANA,MANA,20.761491,77.469063,,
MNDA,MANDURA,20.78015,77.52258400000001,,
CPJ,KAPTANGANJ JN,26.926388,83.69990700000001,NER,Uttar Pradesh
AWS,ASWANI HALT,27.15958,84.051843,ECR,Bihar
KUM,KURAM,20.808396000000002,77.58733000000001,,
TKI,TAKLI,20.833253,77.65695,,
KKJ,KAKORI,26.885454000000003,80.79835,,
LNWT,LUCKNOW WEST (ALH),26.829443,80.909614,,
DES,DESARI,25.6683593565,85.4087656586,ECR,Bihar
NR,NIPHAD,20.096584,74.079481,,
BD,BADNERA JN,20.8567925,77.73231969999999,,
BKJ,BARKUR,13.477458799999999,74.75968040000001,KR,Karnataka
BFR,BEKAL FORT,12.385524,75.04278599999999,SR,Kerala
DMK,Dilmili,18.987443,81.737851,ECoR,Chhattisgarh
DGHR,Deoghar,24.51178242,86.69712126,ER,Jharkhand
ALUR,Alur Halt,12.98251226,75.99049337,SWR,Karnataka
TMT,TIMTALA,20.812496,77.79476000000001,,
MLR,MALKHED,20.821793,77.862831,,
CND,CHANDUR,20.8045192,77.9821558,,
DIP,DIPORE,20.79317,78.040981,,
DMN,DHAMANGAON,20.784674000000003,78.138054,,
TLN,TALNI,20.754248,78.230026,,
PLO,PULGAON JN,20.726734,78.318111,,
KAOT,KAOTHA,20.737041,78.376203,,
DAE,DAHEGAON,20.729315,78.463093,,
WR,WARDHA JN,20.732777,78.594157,,
SEGM,SEVAGRAM,20.739076,78.619225,,
VADR,WARUD,20.7471655405,78.65067138549999,,
TGP,TULJAPUR,20.800701,78.808237,,
BOK,BORKHEDI,20.860176040000002,78.97444766000001,,
BTBR,BUTI BORI,20.91847276,79.01362896,,
CBX,CHAND BHAN,30.445148,74.88002100000001,NR,Punjab
GMG,GUMGAON,20.993595999999997,79.030314,,
DEV,DEVARAYI,15.44947863,74.57136412999999,SWR,Karnataka
KRI,KHAPTI,21.049338,79.048839,,
AJNI,AJNI,21.1268588122,79.0825197485,,
KP,KAMPTEE,21.21172,79.197947,,
CGA,CHENGEL,22.486845,88.13891000000001,,
DGBZ,Dongri Buzurg,21.573844,79.676645,SECR,Maharashtra
BVA,BAURIA JN,22.5035911202,88.1635216052,,
NALR,NALPUR,22.529208,88.185699,,
DEEG,Deeg,27.48655053,77.32451142,NCR,Rajasthan
ABB,ABADA,22.547877,88.19939199999999,,
SEL,SANKRALL,22.5613094942,88.2090743463,,
ADL,ANDUL,22.575169,88.239643,,
SRC,SANTRAGACHI JN,22.58393,88.284011,,
RMJ,RAMRAJATALA,22.587778,88.295438,,
DGNR,Durganagar,22.650758,88.419,ER,West Bengal
MPA,MANAPARAI,10.6075620105,78.4177652356,,
BHGN,BHILGAON,26.354394000000003,93.926117,NFR,Assam
SMDM,SAMUDRAM,10.652687,78.493545,,
KLS,KOLATUR,10.700678,78.547696,,
CHB,CHABUA,27.481420709000002,95.1720581342,NFR,Assam
DEO,DEOKALI,27.977317000000003,80.705156,NER,Uttar Pradesh
CHNR,CHHAN ARORIAN,32.46131096,75.35904533,NR,Jammu and Kashmir
BDHY,BUDHI,32.440429,75.432931,NR,Jammu and Kashmir
CKKN,CHAK KALAN,32.083103,75.623498,NR,Punjab
BNGL,BHANGALA,32.0195148161,75.61231335209999,NR,Punjab
CDH,Chakdaha,23.078406,88.529672,ER,West Bengal
CGH,CHOLANG,31.617259999999998,75.639894,NR,Punjab
DIC,DAHISAR,19.250166,72.859587,WR,Maharashtra
CHN,Chhina,31.902255,75.271993,NR,Punjab
MLYA,Maliya,22.831668,88.136281,ER,West Bengal
DMU,Dhamua,22.290179,88.392178,ER,West Bengal
DON,DERAWAN HALT,23.230256999999998,76.104438,SER,Jharkhand
BSP,BILASPUR JN,22.057473,82.167585,,
DMJ,Dharmaj,,,WR,Gujarat
DLB,DAULATABAD,19.916367,75.210494,SCR,Maharashtra
DHT,DHAMARA GHAT,25.590821,86.599522,ECR,Bihar
DLGN,DHALGAON,17.120967200000003,74.9887134,CR,Maharashtra
DKY,DHOKI,18.353216,76.10298900000001,CR,Maharashtra
DLSR,DALHOGI ROAD,32.289064,75.75084299999999,?,
DRBR,Deoraha Baba Road,26.283979000000002,83.87109099999999,NER,
DLR,DULLAHAPUR,25.799898,83.423264,NER,Uttar Pradesh
DCAB,DCAB,21.226612,81.477969,,
DKE,DIHAKHO,25.427907,93.126587,NFR,Assam
CABN,BHILAI CABIN,21.236052,81.499084,,
DNEA,DANEA,23.799131,85.658334,ECR,
DPLN,Diplana,29.182572629698868,74.88112287595868,NWR,Rajasthan
KMI,KUMHARI,21.243782,81.516054,,
DOW,Davol,22.39911,72.953112,WR,
DHR,DHARNAODA,24.592205,77.09925299999999,WCR,Rajasthan
SZB,SARONA CABIN,21.2532719083,81.5736163281,,
DHPR,DAPPAR,30.5176409515,76.8075098584,NR,Punjab
R,RAIPUR JN,21.256462000000003,81.629328,,
WRC,W R S COLONY PH,21.277967999999998,81.639183,,
URK,URKURA,21.289034,81.644569,,
DUMR,Dumra,26.576993,85.533639,ECR,Bihar
DISA,DISA,24.237125199999998,72.1796003,WR,Gujarat
CKV,CHERUKUVADA,16.58967159,81.42156278,SCR,Andhra Pradesh
LKO,LUCKNOW,26.830675,80.925291,,
DLI,OLD DELHI,28.661815999999998,77.228356,NR,Delhi NCT
DOLK,Dholikua,,,WR,Gujarat
MDH,MANDHAR,21.33807,81.704606,,
SLH,SILIARI,21.426336000000003,81.755534,,
BKTH,BAIKUNTH,21.4976724,81.7800294,,
CHV,CHARVATTUR,12.213321,75.15435,SR,Kerala
CDRA,CHANDERA,12.179818,75.168292,SR,Kerala
BYL,BELHA,21.961973,82.077189,,
PUG,PUNGGUDI,10.748083000000001,78.620151,,
TPJ,TIRUCHIRAPPALLI,10.794067,78.685355,,
CHBT,CHAKARBHATHA,22.003082,82.112168,,
DTRD,Diyatara Road,27.733596247399998,72.8399187915,?,Rajasthan
IB,IB,21.815777,83.94878100000001,,
DSNB,Darsana Border,,,?,Bangladesh
KGP,KHARAGPUR JN,22.341431999999998,87.32845599999999,,
FLR,PHULESWAR,22.4778756365,88.11604889590001,,
DHH,Dinhata,26.0707762,89.5868746,NFR,West Bengal
DKDP,Dakshin Durgapur,22.308871,88.399338,ER,West Bengal
DJRZ,To Darjeeling,26.8521353,88.3332302,NFR,West Bengal
DJG,DULIAJAN,27.367712,95.30695200000001,NFR,Assam
DKM,DIKOM,27.4642265659,95.0806742816,NFR,Assam
DHNA,Dhachna,25.6464732123,87.9869386938,NFR,Bihar
JTIN,Jethian,24.929548151899997,85.3141277319,,
DURP,Durgapuri,,,NCR,Madhya Pradesh
DMR,Dharmanagar,24.366946,92.16824700000001,NFR,Tripura
DPDP,Dhapdhapi,22.315994,88.459855,ER,West Bengal
ENB,Ellenabad,29.44410399265112,74.6579341054894,NWR,Rajasthan
DLCR,Dullabcherra,24.505297000000002,92.477671,NFR,Assam
DVH,Devi Halt,21.706411,78.86207,SECR,Madhya Pradesh
DGX,Dagaon,26.444446,92.61368900000001,NFR,Assam
DKWA,Dokwa,28.579787000000003,75.32336400000001,NWR,Rajasthan
DUH,Dudda,13.08842214,76.2042468,SWR,Karnataka
DHI,Dhule,20.887752,74.768847,CR,Maharashtra
DHU,Dhubulia,23.483546,88.441145,ER,West Bengal
DOGL,Donigal,12.9040478098,75.73412167570001,SWR,Karnataka
DSM,DARASURAM,10.944384000000001,79.35638399999999,SR,Tamil Nadu
DWX,DEWAS,22.977556,76.051191,WR,Madhya Pradesh
DOR,DUNDARA,25.895799,72.796892,NWR,Rajasthan
DMH,Dauram Madhepura,25.908513,86.782638,ECR,Bihar
DPK,Dholipal,29.76082671390587,74.25159995444119,NWR,Rajasthan
AHO,ADARSHNAGAR,26.411579930800002,74.653432493,NWR,Rajasthan
DNN,Dina Nagar,32.134789,75.467351,NR,Punjab
DPC,Darliput,18.365186,82.74651899999999,ECoR,Orissa
DWK,DWARKA,22.251023,68.980434,WR,Gujarat
RJN,RAJ NANDGAON,21.101186000000002,81.039019,,
DWM,Darwha Moti Bagh Junction,,,CR,Maharashtra
DOZ,DAURAI,26.395604000000002,74.619546,NWR,Rajasthan
PMS,PARMALKASA,21.140859000000003,81.09869,,
DOC,Daun Kalan,30.3792190643,76.4585689563,NR,Punjab
MXA,MARAUDA,21.15958,81.35973,SECR,Chhattisgarh
ER08,Kalinagar,,,ER,West Bengal
BQF,BARAHMUAFI,25.039892,81.009932,WCR,Uttar Pradesh
DOE,DEORI,23.298434999999998,80.009808,WCR,Madhya Pradesh
DRHI,DAGARHKERI,22.0812732116,76.8264017633,WCR,Madhya Pradesh
DGN,DONGARGAON,21.641314,76.36406699999999,CR,Madhya Pradesh
KBSN,KASBE-SUKENE,20.072296,74.02714900000001,,
KW,KHERVADI,20.046948,73.973978,,
ODHA,ODHA,20.01601,73.910456,,
NK,NASIK ROAD,19.947627,73.841897,,
LT,LAHAVIT,19.852905,73.815119,,
KJMG,KANJUR MARG,19.128181,72.928041,,
GC,GHATKOPAR,19.085984999999997,72.908591,,
LTT,LOKMANYA TILAK TERM,19.070320000000002,72.89173899999999,,
DRB,Debari,24.606987,73.805352,NWR,Rajasthan
FAP,FAKHARPUR HALT,28.846965,77.293521,NR,Uttar Pradesh
DSA,DELHI SHAHDARA,28.673098,77.293154,NR,Delhi NCT
GZT,GHAZIPUR GHAT,25.600279999999998,83.60480199999999,NER,Uttar Pradesh
PGN,PERUGAMANI,10.889271,78.54751,SR,Tamil Nadu
DMV,DIMAPUR,25.905701999999998,93.72781599999999,NFR,Nagaland
DWF,DUDH SAGAR WATER FALLS,15.31333714,74.31403358,SWR,Karnataka
FSG,PHURSUNGI,18.455828999999998,74.026016,CR,Maharashtra
FLU,Phulia,23.229896999999998,88.49634,ER,West Bengal
DPS,Dangoaposi,22.167964,85.59273,SER,Jharkhand
DZKT,Durga Chak Town,22.066831,88.136032,SER,West Bengal
EPR,Mumbai Elphinstone Road,19.00694,72.835426,WR,Maharashtra
ELL,Eraligu,24.665398,92.33263099999999,NFR,Assam
DLN,DILDARNAGAR JN,25.419424,83.668324,,
DNWH,Daniyawan Bazar Halt,25.4345036206,85.2908951074,?,Bihar
AHM,AHIMANPUR,25.252404,82.511544,NER,Uttar Pradesh
FA,FALNA,25.235808,73.23495299999999,NWR,Rajasthan
DODH,Dodh,30.841607,74.52193700000001,NR,Punjab
DRGJ,DARAGANJ,25.44265,81.87998999999999,NER,Uttar Pradesh
DQN,Dhanera,24.506528,72.032364,NWR,Gujarat
DUMK,Dumka,24.289527,87.254975,ER,Jharkhand
SRGM,SRIRANGAM,10.857918,78.696348,,
GOC,PONMALAI GOLDEN ROCK,10.791837,78.709755,,
DZK,Durgachak,22.082011,88.15527399999999,SER,West Bengal
TPTN,TIRUCHIRAPALI TOWN,10.829084,78.702834,,
UKV,UTTAMARKOVIL,10.877948,78.702346,,
BXS,PICHCHANDARKOVL,10.881112,78.720236,,
VLDE,VALADI,10.872869000000001,78.757917,,
MAND,MANDURAI,10.873068,78.78619599999999,,
LLI,LALGUDI,10.875733,78.813672,,
KTTR,KATTUR,10.895833999999999,78.855173,,
PMB,PULLAMBADI,10.940214,78.91757299999999,,
KKPM,KALLAKKUDI PLGH,10.966118999999999,78.948759,,
KLGM,KALLAGAM,11.0256145326,79.00542629819999,,
SLTH,SILLAKKUDI,11.095633418,79.0368619916,,
ALU,ARIYALUR,11.150035,79.06831799999999,,
OTK,OTTAKOVIL,11.222726000000002,79.109674,,
VER,VELLUR HALT,11.242453000000001,79.13844999999999,,
SNDI,SENDURAI,11.256462,79.168778,,
MTUR,MATHUR,11.318107,79.20580299999999,,
ICG,ICHCHANGADU,11.371003803499999,79.2197551199,,
PNDM,PENNADAM,11.397962999999999,79.219978,,
TLNR,TALANALLUR,11.436374,79.24125000000001,,
VRT,VRIDDHACHALM TN,11.482273000000001,79.279462,,
DPD,DOSAPADU,16.468807,80.938771,SCR,Andhra Pradesh
GAMI,Gogameri,29.160244032368652,75.03507563844323,NWR,Rajasthan
GANI,GHARNI,18.476969999999998,76.758368,?,Maharashtra
DVN,DEVTHANA,19.274562,77.689981,SCR,Maharashtra
DXH,DUHAI,28.730283,77.480363,NR,Uttar Pradesh
DWLE,Dhauni,25.010329682000002,86.9930409827,ER,Bihar
DUI,DHURI JN,30.372740999999998,75.86660300000001,NR,Punjab
FPS,Fatehpur Shekhawati,28.000728000000002,74.971043,NWR,Rajasthan
DWJ,DWARKAGANJ,26.316418,82.109076,NR,Uttar Pradesh
DI,DOMBIVILI,19.218218,73.0869,,
VK,VIKHROLI,19.11196,72.928312,,
VVH,VIDYAVIHAR,19.079258,72.897181,,
VGN,VANGAON,19.882845,72.76318500000001,WR,Maharashtra
GALG,GoldingGanj,,,?,Bihar
EKR,Ekangarsarai,25.2224815,85.2322638,ECR,Bihar
GGN,GURGAON,28.489165,77.010739,NR,Haryana
DTW,DATEWAS,29.893255,75.616682,NR,Punjab
NAI,Nangi,22.500255999999997,88.223984,ER,West Bengal
FN,Farukhnagar,28.467066,76.828486,NR,Haryana
GDL,GONDAL,21.972471,70.79558800000001,WR,Gujarat
GAH,Gawnaha,27.269838999999997,84.52017599999999,ECR,Bihar
GAL,GHATLA,27.731813000000002,76.628452,NWR,Rajasthan
AI,ADIPUR,23.077052700000003,70.0786586,WR,Gujarat
CHG,MUMBAI CHINCHPOKLI,18.986789,72.832659,CR,Maharashtra
DWZ,Dantewara,18.907733,81.35453600000001,ECoR,Chhattisgarh
DXR,DIGSAR,22.712403000000002,71.499375,WR,Gujarat
FTD,Fatehabad Chowk Junction,23.009106,75.673338,WR,Madhya Pradesh
DZB,Dahina Zainabad,28.291078574500002,76.39169434200001,NWR,Haryana
TMLP,TIRUMALPUR,12.956333,79.67348799999999,SR,Tamil Nadu
CJE,KANCHIPURAM EAST,12.841137186300001,79.7120436792,SR,Tamil Nadu
DUJ,DUBRAJPUR,23.803358,87.378973,ER,West Bengal
DGU,DIGARU,26.173306,91.977861,NFR,Assam
BRHU,BARAHU,26.1204333815,92.1395124182,NFR,Assam
DML,DHARAMTUL,26.189127,92.36716,NFR,Assam
BHGP,Bhagirathpur,27.326628,83.38771,NER,Uttar Pradesh
DHRY,DHALPUKHURI,25.981050999999997,92.880626,NFR,Assam
BRLF,BAR LANGFER S,25.755626,93.225136,NFR,Assam
SLX,SELENG HAT,26.783438032899998,94.4827626898,NFR,Assam
DBRG,DIBRUGARH,27.463606565899997,94.93525791020001,NFR,Assam
DIL,DILAWARNAGAR,26.9601891,80.6674744,,
NDJ,NANDGANJ,25.54457,83.396867,NER,Uttar Pradesh
DYU,DIYURI,28.603253,79.87601000000001,NER,Uttar Pradesh
JAT,JAMMU TAWI,32.706975,74.880117,NR,Jammu and Kashmir
KNDI,KANDRORI,32.184403,75.668807,NR,Himachal Pradesh
DYP,Daryapur,26.182799,81.248588,NR,Uttar Pradesh
BMK,BIRANG KHERA,29.9125697133,74.63586428650001,NWR,Punjab
DHRR,DHIRERA,28.363519,73.616355,NWR,Rajasthan
CBN,CHIT BARAGAON,25.744108999999998,84.00154,NER,Uttar Pradesh
CPR,CHHAPRA,25.788320000000002,84.725004,,
DRI,DUMRI JUARA,25.748425,84.869395,,
SEE,SONPUR JN,25.696849,85.16685100000001,,
FRDH,Faridaha Halt,25.557959,83.12602199999999,NER,Uttar Pradesh
KLL,KALOL JN,23.244576000000002,72.50363,WR,Gujarat
DNW,DANGARWA,23.401485,72.44125299999999,WR,Gujarat
CHP,CHHAPI,24.034518000000002,72.40022099999999,WR,Gujarat
SOH,SIROHI ROAD,24.791042,73.039834,NWR,Rajasthan
TN,TUTICORIN,8.806109000000001,78.15535899999999,SR,Tamil Nadu
GBA,GARHBETA,22.844562,87.320972,SER,West Bengal
ELM,ELIMALA,12.0686868024,75.2308476031,SR,Kerala
GARA,Garha,26.426289,85.52096599999999,ECR,Bihar
GJN,Gajner,27.9358522,73.0615538,NWR,Rajasthan
GIA,Garia,22.465958999999998,88.404673,ER,West Bengal
ERL,ERANIEL,8.212549,77.308161,SR,Tamil Nadu
VRI,VRIDHACHALAM JN,11.534965,79.316073,,
MPLY,MEPPULIYUR,11.676385,79.30663799999999,,
PRKL,PARIKKAL,11.778527,79.370923,,
KGZ,KARUNGUZHI,12.531918999999998,79.91149,,
PNDP,PANDILLAPALLI,17.171933,80.17023400000001,SCR,Andhra Pradesh
GLV,GULVANCHI,17.172707,75.05678,CR,Maharashtra
GHH,GARHI HARSARU,28.43755,76.929697,NR,Haryana
GOP,GOP JAM,22.0539696502,69.90809078,WR,Gujarat
GDZ,Gundardehi,20.948836,81.302351,SECR,Chhattisgarh
GDB,GIDDARBAHA,30.201319,74.663342,NR,Punjab
GJW,Gajuwala,29.585509000000002,75.871735,NR,Punjab
GMIA,GUMIA,23.802650999999997,85.82892199999999,ECR,
GDHA,GODHA,28.005897,78.141225,NR,Uttar Pradesh
GHUM,Ghoom,27.008643,88.254223,NFR,West Bengal
GNPT,Ganpatpura,,,WR,Gujarat
LRJ,LAKSAR JN,29.754037999999998,78.019628,,
GSDH,GARSANDA HALT,25.142617,86.011307,ECR,Jharkhand
GELA,Ghadela Halt,21.714043999999998,78.888017,SECR,Madhya Pradesh
GHQ,GARHWA,24.1751953,83.8132154,ECR,Jharkhand
GDV,GUDIVADA JN,16.429888,80.987594,SCR,Andhra Pradesh
GNDI,GONDWALI,24.217437999999998,82.519981,WCR,Madhya Pradesh
KEI,KASHI,25.326563999999998,83.031939,,
BBRM,BABA BHAGWAN RAM HALT,25.315887671800002,83.0384061804,,
VYN,VYASNAGAR,25.29701,83.071351,,
GNK,Garhnokha,25.09724423,84.12283778,ECR,Bihar
BHBV,BLOCK HUT B,25.274869,83.102203,,
BSB,VARANASI JN,25.327281,82.986468,,
DKI,DHARMKUNDI,22.5120383739,77.5510144354,WCR,Madhya Pradesh
NGL,NANGAL,29.832554,77.62227,NR,Uttar Pradesh
MOZ,MUZAFFARNAGAR,29.468689,77.707807,NR,Uttar Pradesh
DRLA,DAURALA,29.114015000000002,77.70616000000001,NR,Uttar Pradesh
MDNR,MODINAGAR,28.827907,77.571716,NR,Uttar Pradesh
BRI,BHIRINGI,22.227752,76.941024,WCR,Madhya Pradesh
GEDE,Gede,23.491197,88.786737,ER,West Bengal
THK,THAKRULI,19.225768000000002,73.09767799999999,,
GHE,GHEVRA,28.691982000000003,76.99853599999999,NR,Delhi NCT
GHA,GOLEHWALA,30.789872,74.70440599999999,NR,Punjab
GAW,Gainjahwa,27.4546557588,82.24506478820001,NER,Uttar Pradesh
GNZ,Gahndran Halt,31.117935,75.424279,NR,Punjab
MGSO,MGSO,,,,
GH,GHUGHULI,27.0539516142,83.7137745453,NER,Uttar Pradesh
DLWS,DLWS,,,,
SJGH,SARAI JAGDISH,25.30009,82.365134,NER,Uttar Pradesh
KARD,KAMAN ROAD,19.33655,72.919123,CR,Maharashtra
GOV,Govindpuri,,,NCR,Uttar Pradesh
AML,AMALSAD,20.811373000000003,72.956092,WR,Gujarat
GPLG,Gopalpurgram,,,ER,West Bengal
GQD,Gourdaha Halt,,,ER,West Bengal
GTQ,Gumtali Halt,31.065852,75.636453,NR,Punjab
GLD,Ghelda,23.3616934176,72.20310172849999,WR,Gujarat
LRJC,LAKSAR NORTH CABIN,29.767009,78.00175999999999,,
GCT,GHAZIPUR CITY,25.583144,83.568045,NER,Uttar Pradesh
GIS,Garhi Sandra,26.668256,77.76513,NCR,Rajasthan
GUV,GURUVAYUR,10.596896,76.045457,SR,Kerala
EOCM,EOCM,25.315812,83.196038,,
KCA,KUCHMAN,25.318877999999998,83.21503,,
SLD,SAKALDIHA,25.331472,83.289193,,
TLAM,TULSI ASHRAM,25.3422743391,83.35123571720001,,
DHA,DHEENA,25.354392,83.423069,,
DTVL,DATIVLI,19.187012,73.059049,CR,Maharashtra
KLMG,KALAMBOLI GOODS,19.035116,73.11494900000001,CR,Maharashtra
BHCL,BAHORA CHANDIL,25.364918,83.489726,,
ZNA,ZAMANIA,25.373856,83.54365,,
DRV,DARAULI,25.393753,83.60180199999999,,
USK,USIA KHAS,25.434324,83.706967,,
PEN,PEN,18.735604455900003,73.0867978516,CR,Maharashtra
GKA,Gokhula,27.069813,84.53976300000001,ECR,Bihar
CMC,CHEMANCHERI,11.405279,75.720039,SR,Kerala
ETR,ELATTUR,11.346337,75.741119,SR,Kerala
GPBN,Gandhi Park Halt,18.652065999999998,77.893393,?,
CLT,KOZHIKODE,11.246234,75.780407,SR,Kerala
FK,FEROK,11.174972200000001,75.8302845,SR,Kerala
PGI,PARPANANGADI,11.045910000000001,75.861006,SR,Kerala
BPZA,BHARATHAPUZHA H,10.758913999999999,76.290829,,
VTK,VALLATHOL NAGAR,10.731563,76.280933,,
BWH,BHADAURA,25.4504253,83.738354,,
GIO,Goriyan,27.547928,75.26559,NWR,Rajasthan
GLA,GARLA,17.487076,80.139236,SCR,Andhra Pradesh
GOD,GIDARPINDI,31.152633,75.12451399999999,NR,Punjab
GVH,Govind Garh,27.499556,76.98805800000001,NCR,Rajasthan
GRB,GARHDHRUBESWAR,23.509341,86.617006,SER,West Bengal
GNW,Gangiwara,22.097988,78.846139,CR,Madhya Pradesh
PHLG,PHLG,,,,
GRI,GURIYA,25.998261,73.955291,NWR,Rajasthan
HBE,Habibpur,23.211966999999998,88.538423,ER,West Bengal
GWV,GOWDAVALLI,17.609541,78.46819099999999,SCR,Andhra Pradesh
GLGT,Golaghat,26.508626,93.9611898,NFR,Assam
MDRR,MADHAVNAGAR ROA,23.7866102083,80.3948243298,WCR,Madhya Pradesh
GMD,GURAMKHEDI,22.682206476,78.0778207251,WCR,Madhya Pradesh
HGA,Hogla,22.255044,88.452384,ER,West Bengal
BGTA,BAGRA TAWA,22.6307113,77.9937073,WCR,Madhya Pradesh
AIA,AJARAKA,27.959391,76.56420899999999,NWR,Rajasthan
GNJ,GUNJI,15.5431155625,74.47936741759999,SWR,Karnataka
H,Venkatagiri Kote Halt,,,SWR,Karnataka
GPB,GHATPRABHA,16.240718896,74.7598229541,SWR,Karnataka
GTRA,GOTRA HALT,28.807889,77.30096,NR,Uttar Pradesh
GLTA,GAHLOTA,26.6723715203,74.967556543,NWR,Rajasthan
GNA,GONEANA,30.318715,74.90948,NR,Punjab
GJS,Gajsinghpur,29.658053,73.436739,NWR,Rajasthan
GJUT,GANGSAR JAITU,30.445082000000003,74.87951100000001,NR,Punjab
GUS,GHUMASAN,23.378698999999997,72.449853,WR,Gujarat
GSD,Ghosunda,24.871222,74.53452700000001,NWR,Rajasthan
HBP,HARPAR BOCHAHA,25.6034373373,85.75716073,ECR,Bihar
MRLA,MARIYAL GANGAVA,,,,
GLE,Gajulaguden,17.609727,80.657904,SCR,Andhra Pradesh
GOPG,Gopalganj,26.454202,84.43554700000001,NER,Bihar
GOK,GOKARNA ROAD,14.582791,74.36719699999999,KR,Karnataka
CS,KANNUR SOUTH,11.866899,75.400253,SR,Kerala
GNL,Gongle,21.222011000000002,80.147349,SECR,Maharashtra
ETK,ETAKKOT,11.806194999999999,75.44379699999999,SR,Kerala
GQN,Garhani,25.4118931462,84.5696156628,ECR,Bihar
GNC,Gandhinagar Capital,23.233379,72.62916200000001,WR,Gujarat
HJO,Harangajao,,,NFR,Assam
GUA,Gua,22.218519,85.381896,SER,Jharkhand
HKH,Haranya Kheri,22.583661,75.776745,WR,Madhya Pradesh
GVL,Gudlavalleru,16.348371,81.046037,SCR,Andhra Pradesh
GWYR,Greenways Road,13.0202759,80.25171539,SR,Tamil Nadu
GSP,Gurdaspur,32.044111,75.420769,NR,Punjab
HKD,Hailakandi,24.680276000000003,92.56789,?,Assam
GNPR,Gunupur,19.069058897799998,83.8099599005,ECoR,Orissa
GULR,GULER,32.004278,76.151266,NR,Himachal Pradesh
GSW,GURSAR SHNEWALA,30.138926513900003,74.8861198969,NWR,Punjab
HRD,Harsud,,,WCR,Madhya Pradesh
HAPA,HAPA,22.468974,70.11814,WR,Gujarat
GZN,NEW GHAZIABAD,28.674404,77.43800800000001,NR,Uttar Pradesh
HSWS,Hansiawas,,,NWR,Rajasthan
HPT,HOSPET JN,15.286807,76.38578,SWR,Karnataka
HLZ,Haldia,22.045284,88.06589,SER,West Bengal
HEM,HIMAYATNAGAR,19.416708999999997,77.868855,SCR,Maharashtra
HTD,HATUNDI,26.354279161199997,74.6445661014,NWR,Rajasthan
HLAR,HOLE ALUR,15.81959,75.64646099999999,SWR,Karnataka
HPP,HARPALPUR,25.290501,79.33546100000001,NCR,Madhya Pradesh
GSL,GODAPIASAL,22.530677,87.320806,SER,West Bengal
HLDR,HALDAUR,29.290081553100002,78.275060462,NR,Uttar Pradesh
GVD,GHOLVAD,20.08688,72.73799100000001,WR,Maharashtra
HSA,HASIMARA,26.72689,89.347661,NFR,West Bengal
GTT,GOMTA,21.873814999999997,70.72970199999999,WR,Gujarat
GTF,GUMTHAL,28.484002,78.757645,NR,Uttar Pradesh
HSI,HARSAULI,27.864848000000002,76.615189,NWR,Rajasthan
HRSR,Harish Nagar Halt,23.469777,88.77798899999999,ER,West Bengal
GSO,GHASO,29.531288,76.14336899999999,NR,Haryana
HNK,HANAKERE,12.565639000000001,76.979837,SWR,Karnataka
AII,AJMER JN,26.456612,74.63746400000001,NWR,Rajasthan
HIL,Hilsa,25.317354,85.277079,ECR,Bihar
GXG,Geong,29.8223584375,76.466397041,NR,Haryana
HBN,Haibargaon,26.355638,92.672506,NFR,Assam
HLW,Hirnawali,29.710120646310926,74.27241649478674,NWR,Rajasthan
HRT,Harnaut,25.371762836200002,85.5407224109,ECR,Bihar
HBF,Hadobhangi Halt,18.8219370968,83.94176085389999,ECoR,Orissa
HRF,Hathras Kila,27.594876304064115,78.05801798589528,NCR,Uttar Pradesh
GRPA,Garhpura,25.65472,86.209037,ECR,Bihar
HSR,Hisar,29.152341,75.724305,NWR,Haryana
GTM,Ghatampur,26.151304,80.174712,NCR,Uttar Pradesh
GRMA,Ghormara,24.442298,86.86392,ER,Jharkhand
PCV,Palakkodu,12.297417999999999,78.072073,SWR,Tamil Nadu
HAH,Hosa Agrahara,12.570459617700001,76.3618194318,SWR,Karnataka
HPI,Harapatti,25.881401999999998,87.092628,?,Bihar
IDR,INDI ROAD,17.211288999999997,75.919616,SWR,Karnataka
HLDD,HALDI ROAD,29.039597,79.45967900000001,NER,Uttarakhand
IZN,IZZATNAGAR,28.388265999999998,79.421171,NER,Uttar Pradesh
HSQ,HUSAINPUR,31.301125,75.320851,NR,Punjab
HNM,HINAUTARAMBAN,24.575192,80.94306200000001,WCR,Madhya Pradesh
HLX,HILARA,24.951767,92.62051100000001,NFR,Assam
INDR,Indira Nagar,,,SR,Tamil Nadu
HYB,HYDERABAD DECCAN,17.393362999999997,78.467377,SCR,Andhra Pradesh
JCU,JAICHOLI,27.131193,77.397778,WCR,Rajasthan
HTK,HATKANAGALE,16.748424,74.42206700000001,CR,Maharashtra
HMT,HIMMATNAGAR,23.591655,72.960358,WR,Gujarat
JAM,JAMNAGAR,22.493992,70.053879,WR,Gujarat
HGJ,HARDUAGANJ,27.9904756211,78.1280258472,NCR,Uttar Pradesh
HMI,HIMMATANA,30.458736,75.867119,NR,Punjab
HRNG,HARPUR NAG HALT,26.386419,85.07713600000001,ECR,Bihar
HW,HARIDWAR JN,29.947787,78.15489899999999,NR,Uttarakhand
INDM,Indore Junction MG,22.717139,75.868072,WR,Madhya Pradesh
IHP,INCHHAPURI,28.319499,76.7189807,NR,Haryana
HWX,HABAIPUR,25.871926,92.98586300000001,NFR,Assam
HMRR,HAMARAPUR,18.81964,73.086161,CR,Maharashtra
HIND,HIND,29.530388830099998,77.3634743811,NR,Uttar Pradesh
HTNL,HITNAL,15.335637,76.291469,SWR,Karnataka
HJL,HEJJALA,12.8482854964,77.4184168683,SWR,Karnataka
JGNR,Jogendranagar,23.812162,91.310464,NFR,Tripura
HVR,HAVERI,14.7943,75.410686,SWR,Karnataka
JDL,JAGDEVWALA,28.3108582783,73.455749812,NWR,Rajasthan
HEI,HEGGERE HALT,13.341342,77.048296,SWR,Karnataka
HHL,HIREHALI,13.2815759392,77.1887639459,SWR,Karnataka
JDP,Jadabpur,22.495442,88.37469700000001,ER,West Bengal
JHD,Jehanabad,25.224705,84.989964,ECR,Bihar
HRM,Hadmadiya,20.934947,70.841154,WR,Gujarat
HDM,Hirdamali,21.342807,80.197137,SECR,Maharashtra
JJPR,Jhanjharpur Bazar Halt,,,?,Bihar
JARI,Jari,24.587316,72.061232,NWR,Gujarat
HTW,Hathua,26.3689018769,84.3402527405,NER,Bihar
HLV,Haliyuru,14.222474,76.336804,SWR,Karnataka
BETI,Bhetasi,22.421623999999998,73.03223700000001,WR,
KMNR,Kamalnagar,18.240644,77.178835,SCR,Karnataka
JKL,Jalal Khali,23.347507999999998,88.513628,?,West Bengal
HPLE,Hatpuraini,25.1558255368,86.9850695752,ER,Bihar
JGN,Jagraon,30.801197,75.47275900000001,NR,Punjab
HPA,Hampapura,12.479685,76.39466399999999,SWR,Karnataka
IAM,Mai Halt,25.156632436000002,84.9878194543,?,
JHDC,Jehanabad Court,25.2011434752,84.98415622680001,ECR,Bihar
JOR,Jalor,25.35418,72.63429,NWR,Rajasthan
JBP,JABALPUR,23.164636,79.950919,WCR,Madhya Pradesh
IRN,Irgaon,23.421550999999997,84.78325099999999,SER,Jharkhand
JHK,JETHUKE,30.288215,75.318381,NR,Punjab
JNA,JULANA,29.120124,76.396508,NR,Haryana
IDJ,IDALHOND,15.7079285213,74.51814539669999,SWR,Karnataka
IDL,INDALVAI,18.548665,78.244351,SCR,Andhra Pradesh
JJR,JEJURI,18.286557,74.171451,CR,Maharashtra
JRBM,JIRIBAM,24.79884918,93.12437581,NFR,Assam
JRNA,Jirania,23.827373,91.43198600000001,NFR,Tripura
JCY,JIND CITY,29.309693,76.317477,NR,Haryana
JDNX,JOGINDER NAGAR,31.988433,76.788887,NR,Himachal Pradesh
IGL,IRINGAL,11.548117000000001,75.608869,SR,Kerala
AILM,AILAM,29.2719947091,77.2915349414,NR,Uttar Pradesh
JONR,Jeonara Ph,22.467657,80.073534,SECR,Madhya Pradesh
JAK,Jakanur,15.845019,75.650291,SWR,Karnataka
IBL,INDRABIL,23.445293999999997,86.78164699999999,SER,West Bengal
JOS,JOGESHWARI,19.136550999999997,72.84906600000001,WR,Maharashtra
JDN,JAGUDAN,23.521841,72.40164899999999,WR,Gujarat
PBS,Purab Sarai,,,ER,Bihar
JGG,JANGIGANJ,25.3053173094,82.35067155089999,NER,Uttar Pradesh
JMNR,Jamner,20.80642760713478,75.77482301741838,CR,Maharashtra
JTG,Jatinga,25.132585153047003,93.00795843824744,NFR,Assam
JMB,Jambusar Junction,,,WR,Gujarat
JMBC,Jambusar City,,,WR,Gujarat
JTP,Jetpur,21.735312999999998,70.615184,WR,Gujarat
JMRA,Jamira,24.307199,92.527405,?,Assam
JONA,Jonha,,,SER,Jharkhand
JPAH,Jagdishpur Halt,,,ECR,Bihar
JBB,Jambur,21.032797000000002,70.593046,WR,Gujarat
ITKY,Itky,23.3522113974,85.1270959845,SER,Jharkhand
JJN,Jhunjhunun,28.106884063857194,75.39017865434289,NWR,Rajasthan
JBU,Jabugam,22.28593,73.76050000000001,WR,Gujarat
JTTN,Jorhat Town,26.750692,94.217106,NFR,Assam
JBW,Jhabelwali,30.510447,74.602033,NR,Punjab
JSA,Jasai,25.716785,71.24586000000001,?,Rajasthan
IDAR,Idar,23.835435,73.01088,WR,Gujarat
JLLO,Jhilo,27.850784,75.890113,NWR,Rajasthan
HZR,Hafizpur,28.671653,77.785833,NR,Uttar Pradesh
JK,Jakolari,32.218706,75.545676,NR,Punjab
JPO,Jora Alapur,26.344599,77.802358,NCR,Madhya Pradesh
JPV,Jamtara Paraswara,23.091963999999997,79.960351,SECR,Madhya Pradesh
JRJ,JARGAON,28.560472,78.768653,NR,Uttar Pradesh
JTRD,JATH ROAD,17.2166,75.110555,CR,Maharashtra
KCB,KUSLAMB,18.274834000000002,75.777193,CR,Maharashtra
KCNR,KACHNARA ROAD,23.829547,75.101751,WR,Madhya Pradesh
JWO,JAWAD ROAD,24.557577000000002,74.764389,WR,Rajasthan
JYM,JAI SAMAND ROAD,24.22064,73.86827000000001,NWR,Rajasthan
KEG,KARENGI,28.346844,79.041353,NR,Uttar Pradesh
JSM,JAISALMER,26.91655,70.92823899999999,NWR,Rajasthan
JID,JAGI ROAD,26.126113999999998,92.197461,NFR,Assam
JKN,JAKHANIAN,25.740942,83.369563,NER,Uttar Pradesh
KEQ,KACHHPURA,23.168783,79.903128,WCR,Madhya Pradesh
JRS,JORAVASAN,20.729778,72.96576,WR,Gujarat
JLR,JETALSAR JN,21.729374,70.57391,WR,Gujarat
JHT,JUNEHTA,22.78247,78.596143,WCR,Madhya Pradesh
KB,KHAIRATABAD,27.521338,80.740844,NER,Uttar Pradesh
JIR,JIRA ROAD,21.450312,71.345267,WR,Gujarat
JJT,JAI JAI WANTI,29.16948,76.36926500000001,NR,Haryana
JKP,JHAREKAPUR,27.680642,80.728934,NER,Uttar Pradesh
JSB,Yamuna South Bank,25.902334,80.226651,NCR,Uttar Pradesh
JPH,JHANTIPAHARI,23.353362999999998,86.904491,?,West Bengal
JNKR,Janakinagar,25.881604,87.116949,ECR,Bihar
KAGR,KAGANGARH,29.839460000000003,75.739115,NR,Punjab
KFP,Kukra Khapa,21.825569,78.897525,SECR,Madhya Pradesh
KALD,Kalanad,,,SR,Kerala
KALN,Kalana,,,NWR,Rajasthan
KAPM,Kottapalem,,,ECoR,Andhra Pradesh
KBGN,Khubagaon,,,CR,Maharashtra
JYP,JEYPORE,18.896375,82.55467900000001,?,Orissa
JKHI,Jakhod Khera,29.209394,75.57373,NWR,Haryana
KCO,Kachhia Bridge,27.944171,78.863805,NER,Uttar Pradesh
KAVI,Kavi,22.47229104660886,88.39808402583003,WR,Gujarat
JNK,Jhinkpani,22.4200106276,85.77066197879999,SER,Jharkhand
KAI,KAIRLA,25.8474354519,73.1955095032,NWR,Rajasthan
JPM,JIYAPURAM,10.873546000000001,78.606343,?,Tamil Nadu
KCY,Kaichar,,,ER,West Bengal
KDRA,Kadampura,,,ECR,Bihar
JRG,Jugpura,21.668795,86.912796,?,Orissa
JOH,Juharpura,28.199319000000003,74.84733,NWR,Rajasthan
JOK,Jodhka,29.493381999999997,75.218369,?,Haryana
JTDM,Jatdumri Halt,25.474492932500002,85.0950627991,?,
VI,Villianur,11.919269000000002,79.757506,SR,Puducherry
JKS,Jaksi,23.222302523099998,72.1076480029,WR,Gujarat
KBGH,Karea Kadambagachhi,22.705299,88.534887,ER,West Bengal
JRL,Jharili,28.50653,76.374648,NWR,Haryana
JHWR,Jhawar,32.002349,75.377777,NR,Punjab
KAJ,Kaliyaganj,25.6393,88.330404,NFR,West Bengal
KBE,KUREBHAR,26.409469,82.111598,NR,Uttar Pradesh
KGM,KATHGODAM,29.266583,79.54633,NER,Uttarakhand
KDGI,KUDGI,16.530215,75.811482,SWR,Karnataka
KHHJ,Khatkar Kalan,31.166967,76.02555000000001,NR,Punjab
KDLG,KUNDALGARH,24.02828,73.81051,NWR,Rajasthan
KCF,KALCHINI,26.687507,89.447487,NFR,West Bengal
JVA,JAVALE,17.298963,75.157805,CR,Maharashtra
JUA,JARAUNA,25.557129999999997,82.399136,NR,Uttar Pradesh
JSP,JAYASINGPUR,16.791339,74.551613,CR,Maharashtra
KBI,KAMBRGANVI,15.459597,74.875061,SWR,Karnataka
KDMR,KODIYAR MANDIR,21.739200999999998,72.00460199999999,WR,Gujarat
KIQ,Khai Phemeki,30.901616999999998,74.55121799999999,NR,Punjab
JWP,JWALAPUR,29.928457,78.120775,NR,Uttarakhand
KBR,KABRAI,25.385191218099997,80.0382402954,NCR,Uttar Pradesh
KCR,KHONKER,25.316453,77.578988,WCR,Madhya Pradesh
KGW,KARIGANURU,15.251727,76.43343,SWR,Karnataka
KBL,KOPPAL,15.353868,76.14395900000001,SWR,Karnataka
KGI,KENGERI,12.918047,77.48431,SWR,Karnataka
KBU,KASU BEGU,30.856795,74.671641,NR,Punjab
KGX,KANGINHAL,15.447816999999999,75.719041,SWR,Karnataka
KHAR,KHAR,19.069166,72.840078,WR,Maharashtra
KILE,KANDIVLI,19.204551,72.852098,WR,Maharashtra
JTY,JETHI,24.291967,72.507154,NWR,Gujarat
JSD,Jaisingder,25.755537,70.35885900000001,?,Rajasthan
KIE,Khiria Khurd,,,NER,Uttar Pradesh
KKGT,Kalkalighat,24.5804202061,92.2952717633,NFR,Assam
BOMN,Bommagundanakere,14.591669999999999,76.68023,SWR,Karnataka
KAY,Karaimadai,11.238610999999999,76.957617,SR,Tamil Nadu
KKK,Khakharia,21.653052,70.932064,WR,Gujarat
KALI,Kaili,28.785394,77.75277,NR,Uttar Pradesh
KKAE,Kaikala,22.83998676,88.09337895,ER,West Bengal
JTH,Jhoktahal Singh,30.80909,74.495544,NR,Punjab
JRX,Juriagaon,26.441079000000002,92.644475,NFR,Assam
KGKD,Kang Khurd,31.126338,75.213236,NR,Punjab
KARH,Kakraha Rest House,27.998447,81.420529,NER,Uttar Pradesh
KLCR,Katlicherra,24.453018,92.547042,?,Assam
KHGR,Kashinagar Halt,21.90539421,88.20132346,ER,West Bengal
KCHV,Kachchanvilai,8.579343999999999,78.022519,SR,Tamil Nadu
KDBM,Khed Brahma,24.029405999999998,73.041259,WR,Gujarat
JTS,Jatusana,28.331448,76.52110400000001,NWR,Haryana
KHNM,Kunda Harnamganj,25.714175,81.509547,NR,Uttar Pradesh
KI,KONDAPALLI,16.623242,80.54669299999999,SCR,Andhra Pradesh
KII,KILLE,11.43755,79.722552,SR,Tamil Nadu
KLPG,KAMALPURGRAM,23.166227,83.080298,SECR,Chhattisgarh
KFA,KOPARIA,25.661041,86.59816,ECR,Bihar
KHDI,KHANDERI,22.361075999999997,70.716676,WR,Gujarat
KHC,KHORANA,22.39349,70.82999099999999,WR,Gujarat
KDU,KADAMBUR,9.002019,77.86363300000001,SR,Tamil Nadu
KDN,KUDATINI,15.215160000000001,76.76356899999999,SWR,Karnataka
KKB,KARAK BEL,22.992315,79.34125900000001,WCR,Madhya Pradesh
KJG,KARAJGI,14.851426,75.407636,SWR,Karnataka
KEB,KARAMBELI,20.316435,72.90153400000001,WR,Gujarat
KEZ,Kelzar,19.98294,79.56394,SECR,Maharashtra
KEP,Kelanpur,22.233139,73.277017,WR,Gujarat
KDHL,Kundhela,22.227958,73.28142,WR,Gujarat
KESR,Kesri Singhpur,29.950588999999997,73.61854,NWR,Rajasthan
KLMC,KALAMBOLI,19.035625,73.11480900000001,CR,Maharashtra
KGQ,KASARAGOD,12.491175,74.987652,SR,Kerala
KLRD,KALI ROAD,23.097473,72.57787300000001,WR,Gujarat
KNGT,KARNAWAS,28.130539000000002,76.590073,NWR,Haryana
PSL,PARISAL,27.669476,76.61526599999999,NWR,Rajasthan
AJE,ANJAR,23.1194723,70.0366109,WR,Gujarat
KHA,Khaigaon,22.011786,76.48125700000001,WCR,Madhya Pradesh
KHLL,KETOHALLI,12.758925999999999,77.335544,SWR,Karnataka
KLNA,KOLHANA HALT,24.810754,85.188728,?,Bihar
KJP,Khojeepura,25.918097,76.851134,NCR,Madhya Pradesh
KMB,Kalv Amba,,,WR,Gujarat
KLKR,Kalikapur,22.412606,88.47502999999999,ER,West Bengal
KNDR,Kandari,,,WR,Gujarat
KNGM,Kangam,,,WR,Gujarat
KLW,Kalwan Halt,22.076525,88.256019,ER,West Bengal
KDRI,Kendri,21.131542,81.729967,SECR,Chhattisgarh
KKNA,Khunkhuna,27.277760999999998,74.49286000000001,NWR,Rajasthan
KNBR,Kanaibazar,24.638740000000002,92.326722,NFR,Assam
KHRA,Khachera,27.530759924999998,75.6489122412,NWR,Rajasthan
KLOD,Kelod,21.470222,78.891017,SECR,Maharashtra
KHTU,Khatu,27.116118,74.331631,NWR,Rajasthan
KFV,Kundara East,8.969608,76.691337,SR,Kerala
KLZ,Keolari,22.374838,79.90885,SECR,Madhya Pradesh
KLE,Kaithal,29.792735,76.397796,NR,Haryana
KKNH,Karukhirharnagar Halt,25.891166,86.61649100000001,ECR,
SLHP,SULAH HIMACHAL PRADESH,32.070953,76.475805,NR,Himachal Pradesh
KKZ,Kottarakara,9.000279,76.765986,SR,Kerala
KIY,Kalayat,29.679483800099998,76.2281810498,NR,Haryana
KIJ,Kuldiha,22.3331028,86.27664089999999,SER,Orissa
KMRD,KALAMB ROAD,18.371892000000003,76.04934,CR,Maharashtra
KMC,KAMAREDDI,18.32586,78.335858,SCR,Andhra Pradesh
KLB,KIRAOLI,27.133898,77.78581199999999,NCR,Uttar Pradesh
KNVT,KINWAT,19.618502,78.20243500000001,SCR,Maharashtra
KJLU,KHARI JHALU,29.331864,78.21890400000001,NR,Uttar Pradesh
KHV,KARAINTHI,29.0138203113,76.4817815491,NR,Haryana
KIU,KINANA,29.227482,76.336659,NR,Haryana
KLWN,KALWAN,29.701333,75.952638,NR,Haryana
KKP,KOT KAPURA,30.578495999999998,74.818173,NR,Punjab
KLT,KULITALAI,10.932727,78.42089299999999,SR,Tamil Nadu
KKET,KAMRUP KHETRI,26.1271784614,92.08187667179999,NFR,Assam
KM,KALEEM,15.293341,74.18884299999999,SWR,Goa
KNP,KHANAPUR,15.6379344079,74.49975681459999,SWR,Karnataka
PRSR,Paharsar,28.764429948734062,75.41038356721401,NWR,Rajasthan
KMLI,KAMLI,23.863182,72.375949,WR,Gujarat
SHIV,SHINDAWANE,18.434555000000003,74.163601,CR,Maharashtra
KKW,KANKAVALI,16.2587773,73.71987089999999,KR,Maharashtra
KMQ,KUMBLA,12.590263,74.943503,SR,Kerala
KNPL,Kandanur Puduvayal,,,SR,Tamil Nadu
KORA,Kora,,,WR,Gujarat
KORL,Kural,,,WR,Gujarat
KLQ,Kilikollur,8.9182952655,76.6327939999,SR,Kerala
KQV,Kinkhed,,,CR,Maharashtra
KR,Kevdi,,,WR,Gujarat
KNDL,Khandel,26.9529472159,75.2798777728,NWR,Rajasthan
KHRK,Kharak,28.83755,76.308694,NWR,Haryana
KPKD,Khapri Kheda,21.279557,79.11366699999999,SECR,Maharashtra
KOTI,Koti,30.852821,76.994519,NR,Himachal Pradesh
KKTA,Kollikhutaha,25.18966,86.987831,ER,Bihar
KKRL,Kakrala,30.367614999999997,76.074534,NR,Punjab
KJY,Khurja City,28.252454,77.84116100000001,NR,Uttar Pradesh
KQI,KALACHAND,25.339050999999998,93.13311999999999,NFR,Assam
KPV,KASHIPUR,29.204978,78.96071,NER,Uttarakhand
KNKT,KANAKOT,22.488122,70.876238,WR,Gujarat
KODI,KODI,19.710119,76.00525300000001,SCR,Maharashtra
KNO,KUNDGOL,15.258352,75.250168,SWR,Karnataka
KTHU,KATHUA,32.397897,75.551922,NR,Jammu and Kashmir
KTF,KOT FATTEH,30.120715999999998,75.087931,NR,Punjab
KRH,KHAIRTHAL,27.797324415,76.64170412169999,NWR,Rajasthan
KODR,Kodinar,20.797371000000002,70.695807,WR,Gujarat
KQS,Kailaras,26.3046614487,77.62065939360001,NCR,Madhya Pradesh
KRJN,Karanjali Halt,,,ER,West Bengal
KRJT,Karanja Town,,,CR,Maharashtra
KUG,KUSUGALI,15.392095,75.233643,SWR,Karnataka
KSG,KISHANGARH,26.588968,74.855553,NWR,Rajasthan
KRJR,KARJARA,24.808297,85.151844,ECR,Bihar
KRTR,KAROTA PATRI HALT,25.152408658800002,86.0377370813,?,
KOL,KOLAD,18.392294,73.223871,KR,Maharashtra
KRMI,KARMALI,15.490212900000001,73.9246644,KR,Goa
KRMG,Kumaramangalam,10.696433,78.724107,SR,Tamil Nadu
KSAI,Kosadi Halt,,,WR,Gujarat
KSBG,Khusta Buzurg,,,CR,Maharashtra
KPQ,KANNAPURAM,11.984076,75.31381,SR,Kerala
KRHR,Kharar,30.726293624427043,76.6360420268029,NR,Punjab
KRJA,Karanja,20.491825750710376,77.48152183368802,CR,Maharashtra
KRON,Karona Halt,25.263396537800002,85.00541057619999,?,
KTGM,Kayasthagram,24.721172,92.353216,NFR,Assam
KNGR,Kashinagar Halt,18.8568644473,83.87569620789999,ECoR,Orissa
KRBO,Karaboh,22.054579999999998,79.26235799999999,SECR,Madhya Pradesh
KPA,Kanchrapara,22.946024,88.451231,ER,West Bengal
KTNI,Kapustalni,,,CR,Maharashtra
KTNR,Kirtyanand Nagar,,,ECR,Bihar
KRXM,Krishnamohan Halt,22.330258,88.449759,ER,West Bengal
KRX,Kurud,20.833165,81.696451,SECR,
KRDH,Koradih,21.249152,79.10140100000001,SECR,Maharashtra
KTPM,Kotturpuram,13.013835,80.24820899999999,SR,Tamil Nadu
KRP,Krishnapur,24.406330999999998,88.25613200000001,ER,West Bengal
KUTL,Kuwanthal,25.498041,73.918994,NWR,Rajasthan
KRKN,Karkend,23.765615,86.369799,SER,West Bengal
KTBR,Kasturba Nagar,13.005609,80.248086,SR,Tamil Nadu
KNAD,Kanad,21.649251036200003,71.9263402661,WR,Gujarat
KRC,Kiroda,26.991165000000002,74.311248,NWR,Rajasthan
KRO,KURAWAN,22.191568,76.888706,WCR,Madhya Pradesh
KSAE,KOSAI,19.6395023854,78.334546145,SCR,Maharashtra
KTLA,KATKOLA JN,21.8521799207,69.8841357111,WR,Gujarat
KRGA,KURANGA,22.061244,69.171715,WR,Gujarat
KRCD,KHARWA CHANDA,24.417762999999997,73.794095,NWR,Rajasthan
VR,VIRAR,19.454407,72.811737,WR,Maharashtra
KTI,KANTI,26.198944,85.285092,ECR,Bihar
KSU,KUSHTAUR,23.430415999999997,86.498336,SER,West Bengal
KTGD,KOTH GANGAD,22.6282749467,72.3016887134,WR,Gujarat
KTO,KATORA,23.3115927105,82.7112187811,SECR,Chhattisgarh
KV,Kayavarohan,,,WR,Gujarat
KVO,Kevdi Road,,,WR,Gujarat
KSD,KESHOD,21.297662,70.252274,WR,Gujarat
KSA,KHASA,31.610411,74.714584,NR,Punjab
KQY,KHARIKATIA,26.615923,94.248092,NFR,Assam
KS,KHETA SARAI,25.965774583199998,82.6886636169,NR,Uttar Pradesh
KTR,KOTHAR,24.980982,73.123647,NWR,Rajasthan
KWDP,Kakdwip,21.8796,88.19387900000001,ER,West Bengal
NMT,NAMTIALI,26.851588,94.619336,NFR,Assam
KRKP,KYARKOP,15.442249,74.96794799999999,SWR,Karnataka
KUD,KUDACHI,16.62608,74.85868699999999,SWR,Karnataka
KRG,KOREGAON,17.690976,74.147622,CR,Maharashtra
KQK,KOTIKULAM,12.423507,75.024008,SR,Kerala
KTKR,Kumtha Khurd,18.4218389359,77.0092961456,SCR,Maharashtra
KTU,KUTTIPPURAM,10.845723999999999,76.03339700000001,SR,Kerala
KRNI,KRISHNAI,26.070884,90.68256799999999,NFR,Assam
KUHI,Kuhi,21.007558,79.35072000000001,SECR,Maharashtra
KXD,Kokalda,,,CR,Maharashtra
KZPB,Kazipara Barasat,,,ER,West Bengal
KTAL,Kathalal,22.899659,72.986389,WR,Gujarat
KUTR,Kulathur,10.57217515,78.79207688,SR,Tamil Nadu
LAT,Lathi,21.73935,71.386531,WR,Gujarat
KWF,Katwa,23.639805,88.123575,ER,West Bengal
KYH,Khairah,25.861013,84.760114,NER,Bihar
KYP,Kalyanpur,22.343456,88.414597,ER,West Bengal
KTNA,Kathana,22.235720999999998,72.752631,WR,Gujarat
KRUR,Keeranur,10.576654999999999,78.787292,SR,Tamil Nadu
KTWS,Kathuwas,28.1331067668,76.3437941406,NWR,Haryana
KRY,Kadiri,14.114788,78.165591,SCR,Andhra Pradesh
KUMB,KUMARBAGH,26.874522000000002,84.51158,ECR,Bihar
LAK,LAKHO,25.416359999999997,86.205004,ECR,Bihar
KVK,KAVATHE MAHANKL,17.007517,74.94491099999999,CR,Maharashtra
KXO,KUDIKADU,10.775636,79.241642,SR,Tamil Nadu
LKPR,Lakshmikantpur,22.110055,88.321958,ER,West Bengal
LAL,LUSHALA,21.3918244015,70.32629040219999,WR,Gujarat
KWJ,KHOJEWALA,31.359247,75.47495599999999,NR,Punjab
KXH,KAPURTHALA,31.366846,75.38272400000001,NR,Punjab
LING,Ling,25.290391816004586,87.3615834955126,CR,Maharashtra
KZS,KUAKHERA HALT,28.546470999999997,78.76651700000001,NR,Uttar Pradesh
KVE,KAVALANDE,12.033304,76.799272,SWR,Karnataka
KWM,KAMPUR,26.1606011328,92.6577872687,NFR,Assam
KZW,KATAR SINGHWALA,30.154130000000002,75.01084399999999,NR,Punjab
KZTW,KULITTURAI WEST,8.323734,77.209792,SR,Tamil Nadu
LNH,Lachhmangarh Sikar,27.832586,75.034114,NWR,Rajasthan
KUTI,Khumtai,26.626403999999997,93.86427300000001,NFR,Assam
LDE,Lokdhikhera,21.582533,78.855877,SECR,Madhya Pradesh
LDD,Ladkhed,,,CR,Maharashtra
KZC,Kulukkalur,10.868287,76.23944300000001,SR,Kerala
LDM,Ledarmer,25.055439,72.34701899999999,NWR,Rajasthan
LFG,Lower Haflong,,,NFR,Assam
LGN,Lehgaon,,,CR,Maharashtra
LKKA,Lal Kuan,,,NER,Uttarakhand
LMB,Limbara,,,WR,Gujarat
KYI,Kalyani,22.969219,88.467499,ER,West Bengal
KUDN,Kudni,29.777708816700002,75.8447011951,NR,Punjab
KXT,Ketti,11.381409,76.736915,SR,Tamil Nadu
LIR,Lachmipur,27.25415,83.379037,NER,
LIG,Linga,21.963575000000002,78.936403,SECR,Madhya Pradesh
LDK,Ladhuka,30.49849,74.119614,NR,Punjab
KYBR,Khairatiya Bandh Road,28.272292,81.081765,NER,Uttar Pradesh
LEDO,Ledo,27.288435,95.725374,NFR,Assam
LBO,Latabor,20.789828,81.26577,SECR,Chhattisgarh
KYY,Kariha,31.146278,76.068043,NR,Punjab
KYS,Kusumkasa,20.637273,81.087812,SECR,Chhattisgarh
KTYR,Kottaiyur,10.112077,78.786317,SR,Tamil Nadu
LGL,Lalgola,24.421152,88.257513,ER,West Bengal
KVH,Khambhel,23.610866,72.042973,WR,Gujarat
LKN,LAKHMINIA,25.426072,86.309269,ECR,Bihar
LNP,LANGARPETH,17.084723,74.96712500000001,CR,Maharashtra
LMNR,LAKSHMIBAI NAGAR,22.742296,75.858526,WR,Madhya Pradesh
LHBK,LOTHAL BHURKI,22.55299,72.222393,WR,Gujarat
LPNR,LAJPAT NAGAR,28.57927,77.244136,NR,Delhi NCT
MCPK,Chepauk,13.061372,80.28015,SR,Tamil Nadu
LSR,LASUR,19.926081,75.01148900000001,SCR,Maharashtra
LNA,LAMANA,26.244934,74.46563,NWR,Rajasthan
LOG,LOHGARA,25.250449999999997,81.73019000000001,NCR,Uttar Pradesh
DTRA,DANTRA,26.772568999999997,75.149207,,
LBTL,Lebutala,22.666791,88.640107,ER,West Bengal
LTD,LATHIDAD,22.090056,71.702802,WR,Gujarat
LLU,LALRU,30.479756,76.7941,NR,Punjab
LPJ,LALPUR JAM,22.194537580600002,69.9524202618,WR,Gujarat
LPU,Lakhpuri,,,CR,Maharashtra
LSN,Lasina,,,CR,Maharashtra
LTA,Lamta,22.1390377316,80.1244293225,SECR,Madhya Pradesh
LHA,LEHRA GAGA,29.937832,75.810079,NR,Punjab
RRME,RANCHI ROAD,23.665992000000003,85.51160300000001,ECR,
LKSH,LAKSHMINARAYANAPURAM,16.600703,81.592567,SCR,Andhra Pradesh
MARD,Mavur Road,,,SR,Tamil Nadu
MAX,Mangudi,,,SR,Tamil Nadu
LWR,ALNAVAR JN,15.424244,74.738116,SWR,Karnataka
MBH,Mobha Road,,,WR,Gujarat
LKZ,LAKADIYA,23.339664,70.58674500000001,WR,Gujarat
LTR,LAKHTAR,22.873403,71.77672700000001,WR,Gujarat
LPR,LILAPUR ROAD,22.954447,71.862567,WR,Gujarat
LMO,LILIYA MOTA,21.540317,71.372863,WR,Gujarat
LMN,Lachhmanpur,26.050472,81.25726300000001,NR,Uttar Pradesh
LPN,LAOPANI,26.2003076494,92.59598917299999,NFR,Assam
LKA,LANKA,25.914426,92.958001,NFR,Assam
MCPT,Chintadripet,13.07406,80.274188,SR,Tamil Nadu
LKG,LAMSAKHANG,25.796536,93.046846,NFR,Assam
LCT,LANGCHOLIET,25.759322935,93.3046356757,NFR,Assam
LPTA,LONGPATIA,27.0797307213,95.0953363135,NFR,Assam
LHL,LAHOAL,27.4525,94.999525,NFR,Assam
MANU,Manu,23.9881925448,91.9989317505,NFR,Tripura
MAK,Mallikpur,22.396985,88.43331500000001,ER,West Bengal
LKW,Lakhewali,30.447834,74.341781,NR,Punjab
LNO,Lohna Road,26.220882,86.229057,ECR,Bihar
LHW,Loharwara,27.19839,75.67687000000001,NWR,Rajasthan
LTK,Lathikata,22.131808,84.89496100000001,SER,Orissa
LRI,Lihuri Halt,18.913242,83.849833,ECoR,Andhra Pradesh
LHLL,Lahli,28.854316999999998,76.44533799999999,NWR,Haryana
MAAR,Malhar,27.2041163361,72.37553642820001,?,Rajasthan
LCH,Linch,23.526717930500002,72.3554837085,WR,Gujarat
MDR,MADHIRA,16.921826,80.366849,SCR,Andhra Pradesh
MDB,MANDOR,26.350708,73.042126,NWR,Rajasthan
TUY,THIRUTHURAIYUR,11.823788,79.534813,SR,Tamil Nadu
MDL,MANDAL,25.439631738299997,74.59395891049999,NWR,Rajasthan
MDPR,MODPUR,22.2625878623,69.81170376339999,WR,Gujarat
MDRA,MEDRA,23.13609,72.712778,WR,Gujarat
MFR,Mandla Fort,22.586017,80.355908,SECR,Madhya Pradesh
MDHA,Madhada,21.608000903100002,71.90539757810001,WR,Gujarat
MDNP,Madanpur Halt,,,ER,Jharkhand
MAUR,MAUR,30.062745999999997,75.22772,NR,Punjab
MDF,MURADI,23.593092000000002,86.80929,SER,West Bengal
MDLA,MUNDLANA,29.212025,76.757452,NR,Haryana
VU,VAGHPURA,23.781878,71.34996600000001,,
MEM,MAU AIMMA,25.698324,81.91377,NR,Uttar Pradesh
MEQ,MALETHU KANAK,26.60377,82.124891,NR,Uttar Pradesh
MBS,MADHOSINGH,25.249931,82.552278,NER,Uttar Pradesh
MDVB,Mandar Vidyapith Halt,24.8344029798,87.0202584961,ER,Bihar
MCF,Manik Chauree Halt,21.004164000000003,81.783198,SECR,Chhattisgarh
MCU,Mulacalacheruvu,13.802188000000001,78.26482899999999,SCR,Andhra Pradesh
MD,MADAR,26.465014,74.68722700000001,NWR,Rajasthan
MBNL,Marwar Bhinmal,25.000632999999997,72.275398,NWR,Rajasthan
MADR,MADURE,15.812975,73.80896700000001,KR,Maharashtra
MANK,MANKI,14.1744388792,74.4932361584,KR,Karnataka
MGR,Munger,,,ER,Bihar
MAJN,MANGALORE JN,12.866193,74.88006,SR,Karnataka
MBY,MANDI DABWALI,29.966227,74.700155,NWR,Haryana
MGX,Mailongdisa,,,NFR,Assam
MAHE,MAHE,11.699226999999999,75.546967,SR,Puducherry
MDD,MALAD,19.187089,72.84917,WR,Maharashtra
MGKM,Mungiakami,23.8838302513,91.7101089758,NFR,Tripura
MDLE,Mandar Hill,24.8060780645,87.02615830570001,ER,Bihar
AJL,Ajitwal,30.807611,75.33981800000001,NR,Punjab
MDBP,Madhabpur,22.119207,88.347323,ER,West Bengal
AJN,Ajnod,22.931326000000002,75.738947,WR,Madhya Pradesh
MDCR,Masaudhi Court Halt,25.366289184800003,85.0439060474,?,Bihar
MDGR,Manendragarh,23.219746999999998,82.197734,SECR,Madhya Pradesh
MG,Modelgram,30.891527,75.83618299999999,NR,Punjab
MEE,Methai,25.907006000000003,86.72458900000001,ECR,
MEW,Marhaura,25.969081,84.850984,NER,Bihar
LYD,Layabad,23.773417,86.351907,SER,Jharkhand
MIJ,Majhdia,23.414561999999997,88.719031,ER,West Bengal
MBW,Malwara,24.7994691685,72.26700809939999,NWR,Rajasthan
MHC,Masrakh,26.1022287466,84.8085433154,NER,Bihar
MGVK,Malegaon Vyenku,21.37586,78.956134,SECR,Maharashtra
MFM,MAHALAM,31.018428,74.706748,NR,Punjab
MET,MALERKOTLA,30.529403,75.87169200000001,NR,Punjab
MHOW,Mhow,22.55518,75.771097,WR,Madhya Pradesh
MINA,MIYANA,24.85653,77.472164,WCR,Madhya Pradesh
MIQ,MIRHAKUR,27.151203539700003,77.8660122473,NCR,Uttar Pradesh
MLSR,Malsar,21.88940753391553,73.31641039811075,WR,Gujarat
MKP,MANIKPUR JN,25.063492,81.09365700000001,NCR,Uttar Pradesh
MES,MADURAI EAST,9.908505,78.134188,SR,Tamil Nadu
MHRL,Mahrail,26.294081000000002,86.284783,ECR,Bihar
MGLE,MANIGRAM,24.3428549076,88.107881626,ER,West Bengal
MLH,MANAKLAO,26.485986,73.003204,NWR,Rajasthan
VV,VALIVADE,16.703574,74.298965,CR,Maharashtra
MKI,BAPUDHAM MOTIHARI,26.655520000000003,84.90525,ECR,Bihar
MHL,MAHWAL,26.301858406599997,85.12631435489999,ECR,Bihar
MHMB,MAHIMBA,19.419884999999997,78.076322,SCR,Maharashtra
AJP,AJJAMPUR,13.7283327,76.0097415,SWR,Karnataka
MHDP,Mahadevpara,23.677025,72.949202,WR,Gujarat
MIRA,MIRA ROAD,19.280299,72.856072,WR,Maharashtra
MJO,MAJORDA,15.314045,73.922408,KR,Goa
MGRR,MAGARPUR,25.322705000000003,78.858785,NCR,Uttar Pradesh
MJE,MUJNAL,26.693327999999998,89.191957,NFR,West Bengal
MKRL,Moti Koral,,,WR,Gujarat
MIH,MIHRAWAN,25.871178,82.694333,NR,Uttar Pradesh
MM,MUMBAI MAHIM JN,19.040547,72.84687600000001,WR,Maharashtra
MOAR,Manipur Bagan,24.400845,92.54072000000001,?,Assam
MJS,MANJESHWAR,12.724197,74.887582,SR,Kerala
MGAE,Morgram,24.304919,88.018413,ER,West Bengal
MNGT,MYSORE NEW GOOD,12.338553999999998,76.642542,SWR,Karnataka
MHU,Manheru,28.701227,76.203117,NWR,Haryana
MJN,Makum Junction,27.485742,95.440958,NFR,Assam
MLHS,Light House,13.044645999999998,80.276539,SR,Tamil Nadu
MGM,Muragacha,23.529636,88.421243,ER,West Bengal
MNGV,Mota Miya Mangrol,,,WR,Gujarat
MNLI,Manali Halt,,,SR,Tamil Nadu
MNDY,Mandaveli,13.027861000000001,80.260507,SR,Tamil Nadu
MHAD,Mohadi Pragane Laling,20.863002,74.77978399999999,CR,Maharashtra
MIW,Mighauna,28.24322,79.826515,NER,Uttar Pradesh
MIO,Molisar,28.13104,74.739025,NWR,Rajasthan
MHUA,Mahudha,22.817129,72.946947,WR,Gujarat
MLKH,Mulewal Khaihra,31.102966,75.29969399999999,NR,Punjab
MNME,Manamadurai East,9.697777,78.45434999999999,SR,Tamil Nadu
MNCR,Monacherra,24.611951,92.550058,?,
MJV,Manjhagarh,26.417226,84.504257,NER,Bihar
MOTC,MOTICHUR,29.981150000000003,78.177678,NR,Uttarakhand
MLHA,MALIYA HATINA,21.15957,70.29970100000001,WR,Gujarat
MLB,MODNIMB,17.9165477096,75.4055439008,CR,Maharashtra
MNL,MINCHNAL,16.971395,75.822432,SWR,Karnataka
MKH,MALAKHERA,27.390236,76.618982,NWR,Rajasthan
MLG,MALHARGARH,24.265618,74.972666,WR,Madhya Pradesh
MKD,MARKUNDI,25.017393,80.947114,WCR,Madhya Pradesh
MUE,MUDKHED,19.148087,77.509661,SCR,Maharashtra
MNDR,MANDI DHANAURA,28.953119,78.26149799999999,NR,Uttar Pradesh
MLGT,MALLAPPA GATE,15.225027,77.387152,SCR,Andhra Pradesh
MNQ,MAINPURI,27.216507,79.034774,NCR,Uttar Pradesh
MLSA,MALLASANDRA,13.335173,77.015018,SWR,Karnataka
MKS,Muktsar,30.47821,74.514271,NR,Punjab
MQW,Mallannagar,,,NER,Uttar Pradesh
MRD,Manund,,,WR,Gujarat
MPLR,MAHIPAL ROAD,24.2875453877,88.1911711557,ER,West Bengal
MKLI,MAKRAULI,28.946971,76.62755,NR,Haryana
MNO,MEHNAR ROAD,25.654307800700003,85.504477691,ECR,Bihar
MRU,MUMBAI MATUNGA ROAD,19.028606,72.847143,WR,Maharashtra
MMC,MAHAMANDIR,26.3087448868,73.037935174,NWR,Rajasthan
MMY,MARWAR MATHANYA,26.532173,72.978778,NWR,Rajasthan
MTHP,MITHAPUR,22.411601,69.00869499999999,WR,Gujarat
MON,Modran,25.187428,72.447631,NWR,Rajasthan
MNZ,MANANI,29.884915,77.498609,NR,Uttar Pradesh
AJRE,AUJARI,26.1446457224,92.266800144,NFR,Assam
MLN,MAILANI,28.284349000000002,80.347318,NER,Uttar Pradesh
MNS,Manshahi,25.4756828749,87.5881226697,NFR,Bihar
MRJD,Marajdwa,27.043053,84.60191599999999,ECR,Bihar
MLX,Mullanpur,30.83811,75.66501600000001,NR,Punjab
MPUR,New Madanpur,24.312218,87.226329,?,
MSQ,Marwar Ratanpur,24.67822,72.142853,NWR,Gujarat
MMG,Madhyamgram,22.693938,88.45225400000001,ER,West Bengal
MPML,Mohapani Mal,21.812143,78.910005,SECR,Madhya Pradesh
MLTR,Melattur,11.06543,76.272805,SR,Kerala
MQQ,Markahandi U Halt,22.049857000000003,79.191328,SECR,Madhya Pradesh
MQS,Malsian Shahkot,31.110293,75.354756,NR,Punjab
MKDN,Morkadhana,22.11073,78.501566,CR,Madhya Pradesh
MSZ,MANSA,29.989694999999998,75.402584,NR,Punjab
MPLE,MAHIPAL,24.30631,88.162107,ER,West Bengal
MQL,MIRKHAL,19.2036411097,76.9150573724,SCR,Maharashtra
MTJR,MOTERJHAR,26.133968,89.864509,NFR,Assam
MSOD,MASODHA,26.709217000000002,82.12533900000001,NR,
MTJL,Motijheel,26.249743000000002,78.142209,NCR,Madhya Pradesh
MSDH,MASNADIH,26.958112,84.832613,ECR,
MSP,MANSURPUR,29.355377,77.719182,NR,Uttar Pradesh
MVJ,MAVLI JN,24.794585,73.973721,NWR,Rajasthan
NBA,Nabha,30.363819,76.14639600000001,NR,Punjab
MUT,MEERUT CANT,29.015997000000002,77.686937,NR,Uttar Pradesh
MWT,MARWAR LOHWAT,26.981256000000002,72.58927,NWR,Rajasthan
MTC,MEERUT CITY,28.977610000000002,77.675106,NR,Uttar Pradesh
MUD,MURADNAGAR,28.759017,77.506774,NR,Uttar Pradesh
MSRP,MURHESI RAMPUR,27.412426,77.62741799999999,WCR,Uttar Pradesh
MTFA,MERTALA PHALEYA,23.479665999999998,88.319686,ER,West Bengal
MRL,MAROLI,21.019949,72.88999799999999,WR,Gujarat
MQ,Mannargudi,10.674541000000001,79.455639,SR,Tamil Nadu
MP,MELAPPALAIYAM,8.7067184087,77.7018564789,SR,Tamil Nadu
MSD,BOMBAY MASJID,18.952385,72.838561,CR,Maharashtra
MTAP,Matania Anantpur,,,ER,West Bengal
MWW,MAHWA,27.483719999999998,76.60887100000001,NWR,Rajasthan
MX,Mumbai Mahalakshmi,18.982103,72.823908,WR,Maharashtra
MTT,Mutupet,,,SR,Tamil Nadu
MYA,MANDYA,12.529176,76.897256,SWR,Karnataka
MULK,MULKI,13.068517,74.804962,KR,Karnataka
MTMY,Thirumayilai,13.03497,80.267038,SR,Tamil Nadu
MRTL,MIRTHAL,32.112895,75.608482,NR,Punjab
MXO,MORTHALA,24.502604961899998,72.8034186484,NWR,Rajasthan
MT,Matera,27.784934,81.55344699999999,NER,Uttar Pradesh
MOBD,Moabund,26.66857,94.071748,NFR,Assam
MSDL,Mahisadal,22.176298999999997,88.010799,SER,West Bengal
MRG,Margherita,27.289315000000002,95.6726,NFR,Assam
MOM,Maman,28.330372,77.86108700000001,NR,Uttar Pradesh
MTCN,Triplicane,13.054862,80.28020599999999,SR,Tamil Nadu
MUPA,MUPA,25.368686,93.122747,NFR,Assam
NNKR,Nanaksar,30.803353,75.419984,NR,Punjab
MZRT,Murtajapur Town,,,CR,Maharashtra
MPUE,MAINPURI KACHRI,27.227142,79.06563200000001,NCR,Uttar Pradesh
MUZ,MOHIUDDINPUR,28.885405000000002,77.621531,NR,Uttar Pradesh
NADA,Nada,,,WR,Gujarat
NBGH,Nowbagh,,,CR,Maharashtra
NEI,NEOLI,18.387703000000002,76.303949,CR,Maharashtra
NKRA,Nokhra,27.607994992800002,72.6654016473,?,Rajasthan
MWM,MALLESWARAM,13.001289,77.56320699999999,SWR,Karnataka
NGLT,NAGLATULA,26.92382,77.421273,NCR,Rajasthan
NDLH,Nandlalee Halt,,,?,
MVO,MANWATH ROAD,19.358161,76.534516,SCR,Maharashtra
NGE,NAGAR,23.315091,82.459164,SECR,Chhattisgarh
MXH,MAKHU,31.105935,74.983505,NR,Punjab
NCR,Nagore,10.818430000000001,79.846188,SR,Tamil Nadu
MZL,MIRZAPALI,18.017962999999998,78.41529899999999,SCR,Andhra Pradesh
KKG,KEKATUMAR,20.012339,77.10081100000001,SCR,Maharashtra
MWX,MALLANWALA KHAS,31.0470049078,74.8134271344,NR,Punjab
MXY,MAHUARIYA,24.227740021099997,83.3105186481,ECR,Uttar Pradesh
MZHL,MAJHAOLI,24.136642000000002,82.37057999999999,WCR,Madhya Pradesh
MYL,MALLIYALA,15.397805,77.77675500000001,SCR,Andhra Pradesh
NGR,ANNIGERI,15.432164,75.43085099999999,SWR,Karnataka
MWJ,MARWASGRAM,24.098212,81.836685,WCR,Madhya Pradesh
NDNI,Nidhani,22.576568,80.008415,SECR,Madhya Pradesh
MZW,MANJHWE,24.814294,85.306631,ECR,Bihar
MYU,MAYANOOR,10.954704000000001,78.23651100000001,SR,Tamil Nadu
NGA,NINGALA JN,22.0252,71.70935200000001,WR,Gujarat
NIG,NAIGAON,19.350875,72.845954,WR,Maharashtra
NAN,NANDGAON ROAD,16.387453999999998,73.73056000000001,KR,Maharashtra
MXN,MARIANI JN,26.652434999999997,94.30820299999999,NFR,Assam
MUGN,MAHUTGAON,26.962757,94.79288199999999,NFR,Assam
NAM,NAMRUP,27.19627,95.313642,NFR,Assam
MVG,MALIGURA,18.953174999999998,82.638614,ECoR,Orissa
NGX,Nigan,,,ER,West Bengal
MUH,Murthiha,28.030462,81.37814700000001,NER,Uttar Pradesh
MTP,Mettupalayam,11.299729,76.934533,SR,Tamil Nadu
NCP,Nishchindapur,21.973426,88.214325,ER,West Bengal
NERH,Ner Halt,25.017219,84.97536099999999,?,
MYHT,Mayurhat,23.363017,88.661013,ER,West Bengal
NAL,Nal Halt,28.038590055100002,73.21761215939999,?,Rajasthan
NKL,Nalikul,22.829712999999998,88.16622600000001,ER,West Bengal
MVC,Mavinkere,12.816193,76.201872,SWR,Karnataka
NHY,NAGANAHALLI,12.380243,76.651081,SWR,Karnataka
NDAE,NABADWIP DHAM,23.396593,88.356472,ER,West Bengal
NPRD,NAGPUR ROAD,23.279379000000002,82.349049,SECR,Chhattisgarh
NPM,NELLAIKUPPAM,11.775944,79.66476800000001,SR,Tamil Nadu
NGNT,NEW GUNTUR,16.3100404,80.4582228,SCR,Andhra Pradesh
NLRD,NECKLACE ROAD,17.423337999999998,78.46287099999999,SCR,Andhra Pradesh
NBE,New Barrackpore,22.687235,88.444755,ER,West Bengal
NAS,Nasrala,31.497981000000003,75.84640800000001,NR,Punjab
NGRT,NAGROTA,32.108728,76.38879399999999,NR,Himachal Pradesh
AJTM,AJITGILL MATTA,30.483469,74.863795,NR,Punjab
NID,NIDUR,11.127231,79.645074,SR,Tamil Nadu
NED,HUZUR SAHIB NANDED,19.160522,77.31047799999999,SCR,Maharashtra
NDE,NANDRE,16.964028561899998,74.5590299896,CR,Maharashtra
NGT,NAGAPPATTINAM,10.759221,79.845998,SR,Tamil Nadu
NPK,NORTH PANAKUDI,8.315971,77.582174,SR,Tamil Nadu
AKE,AKANAPET,18.110863,78.39630899999999,SCR,Andhra Pradesh
NPV,Narpatganj,,,ECR,Bihar
NRKE,Nari Khetri,,,NWR,Rajasthan
NDPR,NANDAPUR,19.5948820434,77.2376282849,SCR,Maharashtra
NMZ,NEW MAL JN,26.87368,88.724837,NFR,West Bengal
NHM,NANDOL DEHEGAM,23.17417,72.815845,WR,Gujarat
NEM,NEMEM,8.455233,77.009693,SR,Kerala
NDU,Nadauj,25.296538788200003,85.0173352112,ECR,Bihar
RJU,Rajula City,21.046574999999997,71.45597599999999,WR,Gujarat
NMKA,Namkhana,21.772235000000002,88.239558,ER,West Bengal
NRM,Nurmahal,31.081588999999997,75.601431,NR,Punjab
NBPH,New Balarampur Halt,24.051233,88.24737400000001,ER,West Bengal
PALI,Pali,28.177004,76.450856,NWR,Rajasthan
NWA,Nagarwara,22.210719843299998,80.12340101560001,SECR,Madhya Pradesh
NYM,Neyamatpur,24.937206,84.988344,ECR,
ARNG,Arunnagar,20.7084913199,79.9789721362,,
NNL,Narnaul,28.044396,76.123133,NWR,Haryana
NGAN,Nagaon,26.356211990000002,92.67253075,NFR,Assam
NRPM,Narayanpur Murli Halt,,,ECR,Bihar
NVC,NAGALWANCHA,17.07433,80.228517,SCR,Andhra Pradesh
NRUR,Nareshwar Road,,,WR,Gujarat
NRWI,Narwasi,,,NWR,Rajasthan
NRGR,NARANJIPUR,23.047142090399998,76.00915947140001,WR,Madhya Pradesh
NSP,NALLA SOPARA,19.418238000000002,72.819464,WR,Maharashtra
NUPR,NURPUR ROAD,32.281043,75.852903,NR,Punjab
NUIH,Neuri Halt,,,ECR,Bihar
NXR,Nagsar,,,ECR,Uttar Pradesh
PAPM,PALAT POTARAM,17.7900915824,78.4544374475,SCR,Andhra Pradesh
NPT,NARASINGAMPET,11.034797000000001,79.511398,SR,Tamil Nadu
NSU,NISUI,28.290931,79.236446,NR,Uttar Pradesh
NZH,Nidaghatta,,,?,Karnataka
P,,,,?,
NKE,NARKATIAGANJ JN,27.105035,84.464045,ECR,Bihar
NMGT,NIMSHIRGAON TAMDALGE,16.769023999999998,74.486113,CR,Maharashtra
NNO,NANGLOI,28.686261000000002,77.05696599999999,NR,Delhi NCT
NSL,NAGARSOL,20.102455,74.541646,SCR,Maharashtra
NRW,NARWANA JN,29.588632,76.109286,NR,Haryana
NMJ,NIDAMANGALAM,10.773563999999999,79.412736,SR,Tamil Nadu
NLH,NAULTHA,29.318787999999998,76.889707,NR,Haryana
NWB,NIWAS ROAD,24.053618,82.013256,WCR,Madhya Pradesh
NPX,NARINDARPURA,29.951767,75.476271,NR,Punjab
NTG,NURSRATABAD KHARKHAR,28.775277,77.307785,NR,Uttar Pradesh
PASG,Panisagar,24.27276,92.149035,NFR,Tripura
NLSF,NIYALISH PARA,24.156525000000002,88.246367,ER,West Bengal
PDE,Pindrai,22.511799793599998,80.0462042108,SECR,Madhya Pradesh
NNN,NANGUNERI,8.4891,77.66259199999999,SR,Tamil Nadu
ODM,ONDAGRAM,23.147973999999998,87.202275,SER,West Bengal
NYH,NAYANDAHALLI,12.941162,77.520696,SWR,Karnataka
NNGE,NARANGI,26.182961000000002,91.83577600000001,NFR,Assam
NTSK,NEW TINSUKIA JN,27.479748,95.334128,NFR,Assam
AKI,ADARKI,17.918333,74.189651,CR,Maharashtra
NMA,Nirmali,26.305325,86.57461500000001,ECR,Bihar
NS,Narasapur,16.445891,81.699909,SCR,Andhra Pradesh
NLD,Nalanda,25.122359,85.46277400000001,ECR,Bihar
SSC,Shahi,28.588172999999998,79.69100300000001,NER,Uttar Pradesh
NKX,NAKTISEMRA,19.062273,82.07392999999999,ECoR,Chhattisgarh
OTD,Ootwar,27.626063,76.73256,NCR,Rajasthan
PDRA,Padra,22.237238915003488,73.09017872437835,WR,Gujarat
OD,Od,22.65471,73.07946299999999,WR,Gujarat
NUA,Nua,28.058125832368518,75.28570594266057,NWR,Rajasthan
TUV,Tuvvur,11.120495,76.282913,SR,Kerala
NSF,Nasibpur,22.804834999999997,88.262036,ER,West Bengal
NRPR,Narendrapur Halt,22.453419999999998,88.41769,ER,West Bengal
NJA,Nagjua,23.3782939954,84.9668384277,SER,Jharkhand
NNU,Nangal Mundi,28.250468,76.499193,NWR,Haryana
BHJA,Bheja,18.47264914,82.68546380999999,ECoR,Orissa
NTA,Netra,22.208105,88.25409499999999,ER,West Bengal
NZP,Niyazipur Halt,25.143791455699997,84.98843942260001,?,
PDPK,PADMAPUKAR,22.5683088157,88.3062197015,SER,West Bengal
PCP,PALSAP,18.357557,76.191169,CR,Maharashtra
PDNR,PADNUR,17.3223703821,75.9846818945,SWR,Karnataka
PARD,PATHRAD,19.18427,77.39203,SCR,Maharashtra
PALR,PALUR,12.766651,79.90699699999999,SR,Tamil Nadu
PKRD,PAKARA ROAD,24.0512,80.505599,WCR,Madhya Pradesh
PGR,PUGALUR,11.051701999999999,77.99070900000001,SR,Tamil Nadu
NWR,NIWAR,23.7204627184,80.3695901074,WCR,Madhya Pradesh
OKHA,OKHA,22.470959999999998,69.073775,WR,Gujarat
OKD,OKHA MADHI,22.0956416097,69.1038005835,WR,Gujarat
NRO,Nakodar Junction,31.111697,75.47560800000001,NR,Punjab
NTR,NITTUR,13.3016546778,76.8558716895,SWR,Karnataka
PGK,PILI BANGAN,29.483825,74.079282,NWR,Rajasthan
PEE,Paterhi,25.923565,84.80548800000001,NER,Bihar
NTZ,NATHWANA,28.563319,73.813703,NWR,Rajasthan
NUD,NAVAGADH,21.764344,70.61672100000001,WR,Gujarat
PKZ,PIPLI PAKHI KALAN,30.732663,74.732879,NR,Punjab
PIH,Parhihara,27.926801,74.559809,NWR,Rajasthan
NVRD,NAVADE ROAD,19.052388999999998,73.102716,CR,Maharashtra
OND,Aunlajori Junction,22.440956,86.16420749999999,SER,Orissa
NAND,NANDIKUR,13.133125,74.806474,,
NTW,NANJANGUD TOWN,12.12211,76.68442999999999,SWR,Karnataka
PL,Mumbai Lower Parel,18.994919,72.82961999999999,WR,Maharashtra
NVL,Neyveli,11.538814,79.47622299999999,SR,Tamil Nadu
OBR,OBRA DAM,24.438661,82.975949,ECR,Uttar Pradesh
PCX,Pagla Chandi,23.743195,88.303969,ER,West Bengal
PDKT,Pudukkottai,10.372456999999999,78.801946,SR,Tamil Nadu
PED,Pipardahi,22.052145,79.41266,SECR,Madhya Pradesh
NZT,Nazareth,8.563997,77.976271,SR,Tamil Nadu
PHU,Pahur,,,CR,Maharashtra
PIJ,Pij,,,WR,Gujarat
PKP,Pallikkara,,,SR,Kerala
PCC,Prachi Road Junction,20.988298,70.68701800000001,WR,Gujarat
PKT,Pattukottai,,,SR,Tamil Nadu
AKK,Akkihebbalu,12.62489,76.37759799999999,SWR,Karnataka
PEC,Pencharthal,24.196225,92.10823,NFR,Tripura
NSS,Nawanshahr Doaba Junction,31.1213,76.108571,NR,Punjab
KRSW,Kohar Singhwala,30.76024,74.44582399999999,NR,Punjab
PKGM,Phakhoagram,24.641534,92.342438,NFR,Assam
PJLE,Panjwara Road,24.8770456448,87.0136837024,ER,Bihar
PHS,Ferozeshah,30.887454,74.78411,NR,Punjab
PHX,PATHAKPUR,28.369685,78.580494,NR,Uttar Pradesh
PRDP,Paradip,20.280364,86.62014099999999,ECoR,Orissa
PCR,PANCHRA,23.771990000000002,87.330151,ER,West Bengal
PMYA,PARMINIYA HALT,25.826562590800002,86.59504241879999,ECR,Bihar
PDH,PADADHARI,22.429596,70.60534299999999,WR,Gujarat
PMI,PAIMAR,24.806929,85.112409,ECR,Bihar
PG,PERGAON,19.294984,76.67346400000001,SCR,Maharashtra
PIZ,PINGLI,19.21840134,76.8577266418,SCR,Maharashtra
KRSH,KARAMGARH SDRGH,30.213009,74.748627,,
PDQ,PADLA,24.306134999999998,73.778291,NWR,Rajasthan
PCT,PANCHTALAVDA ROAD,21.662813,71.474264,WR,Gujarat
PGL,PAGDHAL,22.42054,77.351451,WCR,Madhya Pradesh
PHI,PANIKHAITI,26.2119648863,91.8757005432,NFR,Assam
PIRO,Piro,25.321358352999997,84.4205444342,ECR,Bihar
PML,PAPANASAM,10.922767,79.26854200000001,SR,Tamil Nadu
PMM,PARSEHRA MAL,27.729917,80.72917899999999,NER,Uttar Pradesh
PNYA,PANIAHWA,27.167486,83.933839,NER,
PMK,PARAMAKKUDI,9.539071,78.591131,SR,Tamil Nadu
PR,MUMBAI PAREL,19.009045,72.83750400000001,CR,Maharashtra
PBA,PIARDOBA,22.956881,87.322164,SER,West Bengal
PGTN,PALGHAT TOWN,10.7753892,76.65216699999999,SR,Kerala
PNVL,PANVEL,18.990918999999998,73.121756,CR,Maharashtra
PAZ,PAYANGADI,12.021507999999999,75.2596,SR,Kerala
PEU,PERSSANNUR,10.840824,76.065488,SR,Kerala
PFT,Pothahi,25.486605,85.098643,ECR,Bihar
PNUG,Punpun Ghat Halt,25.5255878987,85.1099123547,?,
PMGN,Pimpalgaon,,,CR,Maharashtra
POHE,Pohe,,,CR,Maharashtra
PPV,Pratapganj,,,ECR,Bihar
PLF,Piali,22.388254,88.51744099999999,ER,West Bengal
PRGT,Pargothan,,,CR,Maharashtra
PRKA,Parikha,,,WR,Gujarat
PRNC,Purnia Court,,,ECR,Bihar
PIL,Piler,13.662347,78.927499,SCR,Andhra Pradesh
PIT,Palitana,21.538300999999997,71.82319700000001,WR,Gujarat
PNCB,Pancheberia,23.221017,88.599435,ER,West Bengal
PLC,Phalodi Junction,27.124794,72.366743,NWR,Rajasthan
PAVI,Pavi,22.342282,73.840166,WR,Gujarat
PHWR,Pehowa Road,29.88477778,76.6204606189,NR,Haryana
PPB,Partabpura,31.052119,75.71438400000001,NR,Punjab
PLH,Parlakhemundi,18.786579,84.08063800000001,ECoR,Orissa
PDX,Payradanga,23.128660999999997,88.545481,ER,West Bengal
PDS,Pindarsi,29.9189828048,76.70440469360001,NR,Haryana
PCO,Palayankottai,8.709862,77.738083,SR,Tamil Nadu
PMO,Pandoli,24.866567,74.39939700000001,NWR,Rajasthan
PQE,Pawapuri Road,25.159209999999998,85.511715,ECR,Bihar
PNGM,PANCHGRAM,24.864358,92.598318,NFR,Assam
PLS,PIPALSANA,28.952153,78.83533,NER,Uttar Pradesh
PJR,PANGRI,18.283703174,75.86677300480001,CR,Maharashtra
PLMX,PALAMPUR HIMACHAL,32.069052,76.54001000000001,NR,Himachal Pradesh
PRU,PARLU,25.823775,72.4319,NWR,Rajasthan
PJH,Pirjhalar,23.2603976,75.5313135,WR,Madhya Pradesh
PPLI,PIPLI,22.345082,69.934426,WR,Gujarat
PRTP,PARTAPUR,28.925112000000002,77.648699,NR,Uttar Pradesh
PYM,PANDIYAPURAM,8.855091,77.971557,SR,Tamil Nadu
PJA,PAJIAN,31.264295,75.288498,NR,Punjab
RAMP,Rampuri,22.410159,80.259304,SECR,Madhya Pradesh
PNGR,PINGORA,27.087305999999998,77.37130900000001,WCR,Rajasthan
PUE,Palari,22.301904,79.815973,SECR,Madhya Pradesh
PUF,Pauta,28.4516032684,79.8118731085,NER,Uttar Pradesh
PKDE,PILU KHERA,29.354607,76.49388,NR,Haryana
PLWR,Phulwaria,26.4688026951,84.255615343,NER,Uttar Pradesh
PNJ,Padriganj,22.3172086118,80.11383797849999,SECR,Madhya Pradesh
RAU,Rau,22.633145,75.80494999999999,WR,Madhya Pradesh
TIK,Tik,29.8508008993,76.52731516850001,NR,
PRDL,Paradol,23.25057,82.188481,SECR,Madhya Pradesh
TUA,TIRUNNAVAYA,10.874721,75.985675,SR,Kerala
PNPR,PUNNAPURA,9.449651,76.333771,SR,Kerala
PUPR,PUNNAPRA,9.423187,76.342348,SR,Kerala
PLP,PHULPUR,25.552533999999998,82.091535,NR,Uttar Pradesh
PRG,PRAYAG,25.467939,81.867081,NR,Uttar Pradesh
PMY,PALI MARWAR,25.790692,73.327309,NWR,Rajasthan
PRNG,Pritam Nagar,,,WR,Madhya Pradesh
PTG,Patna Ghat,,,ECR,Bihar
PTRT,Pathrot,,,CR,Maharashtra
PRTL,Pirtala,24.359325000000002,88.28058300000001,ER,West Bengal
PMQ,Parna Nand,32.169809,75.49578699999999,NR,Punjab
PVI,Peravurani,,,SR,Tamil Nadu
RAS,Ras,,,WR,Gujarat
PKO,Palakollu,16.522244,81.717145,SCR,Andhra Pradesh
POA,Palikona,16.061989,80.80435100000001,SCR,Andhra Pradesh
PSK,Paradsinga Halt,21.541244,78.854197,SECR,Madhya Pradesh
PTKD,Patharkandi,24.604506,92.31911,NFR,Assam
PKBS,Peeplee-ka-bas,26.909188999999998,75.268809,NWR,Rajasthan
PNSA,Punsia,24.9531673111,87.0037506653,ER,Bihar
KRSL,Krishnashilla,24.1550254,82.7684964,ECR,Uttar Pradesh
PTE,Patiala Cantt.,30.341138,76.379064,NR,Punjab
PLT,Pirthala Llauda,29.628831,75.866432,NR,Haryana
RHW,ROHIRA GHALUGHRA,30.6369312333,75.8416662744,NR,Punjab
PRKH,PARKANHATTI,16.140169,74.695447,SWR,Karnataka
RAKL,RETHORAKALAN,26.397857000000002,78.240156,NCR,Madhya Pradesh
RDI,KARDI,13.2673774949,76.5736995709,SWR,Karnataka
RKR,RANIKUND RARAH,27.324191,77.55550000000001,WCR,Rajasthan
RMGJ,RAMGANJ,26.049173999999997,82.020731,NR,Uttar Pradesh
PT,PATLI,28.399583000000003,76.85347200000001,NR,Haryana
POR,PIPALDA ROAD,24.956611,76.616541,WCR,Rajasthan
PTRD,PATAUDI ROAD,28.350738,76.755565,NR,Haryana
PSD,PARSODA,19.953696573000002,74.8751352301,SCR,Maharashtra
POZ,POTUL,19.918567,75.12177700000001,SCR,Maharashtra
PRKE,PURUA KHERA,28.38702,78.94859100000001,NR,Uttar Pradesh
RBK,REOTI BAHORA KHERA,28.318709,79.107047,NR,Uttar Pradesh
VMU,Vemuru,16.178119,80.743187,SCR,Andhra Pradesh
RDY,REDIPALAYAM,12.736973,79.94717999999999,SR,Tamil Nadu
PPKD,PAPRAKUND,24.42109,82.93171099999999,ECR,Uttar Pradesh
RAJP,RAJAPUR ROAD,16.635175,73.626565,KR,Maharashtra
RANI,RANI,25.347582,73.31039,NWR,Rajasthan
PPNS,PAPPINISSERY,11.941779,75.347422,SR,Kerala
PRZ,Parsa,27.435147999999998,82.908499,NER,Uttar Pradesh
PSLI,Parsoli,25.113462000000002,74.875358,WCR,Rajasthan
RAL,Repalle,16.019794,80.828736,SCR,Andhra Pradesh
RJQ,Rajendranagar,22.670031,75.82954600000001,WR,Madhya Pradesh
RHU,Rahon,31.059323805951863,76.10892366617918,NR,Punjab
RAHA,Raha,26.225359,92.522244,NFR,Assam
PRES,Pattabiram East,13.145847999999999,80.068704,SR,Tamil Nadu
RCTC,Raghunathpur,20.351679,86.14960500000001,ECoR,Orissa
PRBZ,Parsa Bazar,25.550023,85.11887899999999,ECR,Bihar
RGV,Rathopur,,,ECR,Bihar
PRNR,Porjanpur,21.789139000000002,85.521374,?,Orissa
PPCK,Pipalwali Chowk,26.266253,77.470826,NCR,Madhya Pradesh
RNIR,Rajnarainpur,28.313863,80.418359,NER,Uttar Pradesh
PPN,Punpun,25.488229642500002,85.09876768800001,ECR,Bihar
RBN,Raghubans Nagar,25.756709,87.060056,ECR,Bihar
RMO,Ramakona,21.684348999999997,78.826509,SECR,Madhya Pradesh
RAH,Ramgarh,27.576612,76.811256,NCR,Rajasthan
TNRI,Teneri Halt,25.3146062619,85.02551828,?,
PTRJ,PATTI RAJPURA HALT,32.068766000000004,76.53987000000001,NR,Himachal Pradesh
PTWA,PATWARA,23.9143072844,80.4137045734,WCR,Madhya Pradesh
PUY,Phulaguri,26.270537,92.592784,NFR,Assam
RENH,RENHAT,25.979937999999997,77.83368499999999,WCR,Madhya Pradesh
RE,REWARI,28.202779000000003,76.609414,NWR,Haryana
RHG,RAJGARH,27.240827,76.607541,NWR,Rajasthan
RMH,RANGMAHAL,29.405815999999998,73.974734,NWR,Rajasthan
RA,RAMPARDA,22.634966,71.352035,WR,Gujarat
RGLI,RANGAULI,25.150233,79.887282,NCR,Uttar Pradesh
RMR,RAMNAGAR,29.390223,79.12223900000001,NER,Uttarakhand
RKI,RAMKANALI JN,23.579891,86.76233599999999,SER,West Bengal
QLM,KULEM,15.334036,74.24423,SWR,Goa
RRE,Rahul Road,25.274192601499998,85.5309343896,ECR,Bihar
RMSR,RAMSINGHPUR,29.185337,73.39886600000001,NWR,Rajasthan
PYOL,PAYYOLI,11.516715999999999,75.617595,SR,Kerala
RPB,Rupasibari,24.855344,92.529502,NFR,Assam
PUM,PALLIPPURAM,10.8413738184,76.1123604352,SR,Kerala
RGD,Rajgir,25.033068999999998,85.41469699999999,ECR,Bihar
RGS,Ringas Junction,27.373379,75.56360400000001,NWR,Rajasthan
RTBR,Ratabari,24.572086000000002,92.416927,NFR,Assam
RGJI,RANGJULI,25.988405,90.95595800000001,NFR,Assam
RPLY,Rupauli,25.879328,87.057937,ECR,Bihar
PW,Pirwa,27.235415,74.46727399999999,NWR,Rajasthan
RDG,Rayadurg,14.705815,76.856828,SWR,Andhra Pradesh
RPP,Ranu Pipri,,,WR,Gujarat
RSMN,Ramgovindsingh Mahuli Halt,25.5318741843,85.11323059809999,?,
RJR,Rajaldesar,28.033672,74.47771200000001,NWR,Rajasthan
RPV,Rajapatti,26.1808149265,84.80838331540001,NER,Bihar
PUQ,Puranigudam,26.36319,92.78676899999999,NFR,Assam
PTRE,Patara,26.232167999999998,80.203446,NCR,Uttar Pradesh
RGJ,RaiGanj,25.619125,88.127696,NFR,West Bengal
TUD,Talodhi Road,20.454247000000002,79.736073,SECR,Maharashtra
RM,Rajmane,20.643085,74.941672,CR,Maharashtra
RMN,Raman,29.959833999999997,74.96208800000001,NWR,Punjab
RPHR,Raipur Hariyana Junction,29.158401,75.772834,NR,Haryana
QTP,Quatabpur,29.763968,76.349742,NR,Haryana
RBJ,Raibojha,27.971208999999998,81.471651,NER,Uttar Pradesh
RWH,Rowriah Sdg,26.721887,94.17244099999999,NFR,Assam
RWL,RAIWALA,30.032143,78.209877,NR,Uttarakhand
RPI,RUPAHELI,25.771723,74.635807,NWR,Rajasthan
RNA,ROHANA KALAN,29.575725,77.68575799999999,NR,Uttar Pradesh
RKD,RUKADI,16.724871999999998,74.356715,CR,Maharashtra
RNE,RANJANI,19.646129,76.107028,SCR,Maharashtra
RXRX,RANGAPAHAR CRS,25.868228,93.715179,NFR,Nagaland
SAG,SANGRUR,30.2437913998,75.8305174701,NR,Punjab
SAH,SAPHALE,19.576592,72.82182599999999,WR,Maharashtra
RUJ,RANUJ,23.75937,72.21524,WR,Gujarat
RNR,RANIBENNUR,14.625461,75.635054,SWR,Karnataka
RRB,BIRUR JN,13.591101,75.974749,SWR,Karnataka
RIGA,RIGA,26.644544,85.425711,ECR,Bihar
VMP,VALLAMPADUGAI,11.350091,79.708219,SR,Tamil Nadu
RMM,RAMESWARAM,9.280973,79.306787,SR,Tamil Nadu
SAZ,Samni,21.852581313966382,72.92457042261958,WR,Gujarat
RPMN,RAMPURMANI HARA,29.8055980689,77.4598714294,NR,Uttar Pradesh
SASN,SAS NAGAR MOHALI,30.666125,76.739952,NR,Punjab
RNBD,RANA BORDI,21.714732,69.79191399999999,WR,Gujarat
RKX,RUKHI,29.090127000000003,76.679535,NR,Haryana
RXW,Ratangarh West,28.072785335054363,74.61020425893366,NWR,Rajasthan
RNQ,RENUKUT,24.203558,83.039896,ECR,Uttar Pradesh
ROHA,ROHA,18.44649043,73.12357712000001,CR,Maharashtra
ROK,ROHTAK JN,28.890904,76.57955000000001,NR,Haryana
RLS,ROMANA ALBEL SINGH,30.510636,74.850048,NR,Punjab
RRS,Raghuraj Singh,26.255836,80.87966899999999,NR,Uttar Pradesh
RUR,RANPUR,22.359871000000002,71.717303,WR,Gujarat
RVT,Revelganj Ghat,,,NER,Bihar
RW,Rankua,,,WR,Gujarat
SAHA,Sarahula,,,ECR,Uttar Pradesh
SAD,Sonada,26.960337,88.273323,NFR,West Bengal
RJ,Rawat Ganj,26.9578306035,83.2858752405,NER,Uttar Pradesh
RGX,Raghunathbari,22.353228,87.797247,SER,West Bengal
RNJ,Runija,23.06077,75.3768327,WR,Madhya Pradesh
SAKA,Simariya Kajanwada,22.439466000000003,80.325116,SECR,Madhya Pradesh
SBGR,Subhas Gram,22.413546,88.433753,ER,West Bengal
RNV,Raniwara,24.750455,72.204293,NWR,Rajasthan
RRW,Roranwala,30.444112,74.25620300000001,NR,Punjab
RXN,Ramsan,24.405870999999998,72.035777,NWR,Gujarat
SCA,SALCHAPRA,24.827278,92.671939,NFR,Assam
RSJ,RAYSER,24.915225999999997,77.549884,WCR,Madhya Pradesh
SDPR,SARDAR PATEL ROAD,28.595813,77.167107,NR,Delhi NCT
SBD,SLEEMANABAD RD,23.614369,80.285208,WCR,Madhya Pradesh
SBM,SONBARSA KACHERI,25.7938081327,86.59565906430001,ECR,Bihar
RY,RAYAKA,22.413052999999998,72.023569,WR,Gujarat
SCN,SONDHA ROAD,26.498827,78.484558,NCR,Madhya Pradesh
BMPL,BRAHMANPALLI,17.832927985,78.4501792358,SCR,Andhra Pradesh
RUPC,RUDRAPUR CITY,28.969281,79.379212,NER,Uttarakhand
SALE,SALAR,23.774579,88.111097,ER,West Bengal
SELU,SELU,19.448059999999998,76.43326400000001,SCR,Maharashtra
SDGM,SARDARGRAM,23.070758,72.641987,WR,Gujarat
SHBA,SAHEBTALA,23.591585,88.200996,ER,West Bengal
SHRD,SAIJ SERTHA RD,23.2126,72.520002,WR,Gujarat
SINR,Sinor,21.91134392138467,73.33612949587405,WR,Gujarat
SAHR,SAHERI,25.559103213,83.44911521,NER,Uttar Pradesh
SIU,Singur,22.814558,88.228712,ER,West Bengal
RSYI,RASAYANI,18.894001999999997,73.151919,CR,Maharashtra
SED,SHEDBAL,16.720293,74.752769,SWR,Karnataka
SDRN,Shendurni,,,CR,Maharashtra
RSG,RAMSAGAR,23.106248,87.277063,SER,West Bengal
RZJ,RAZAGANJ,27.994397,80.632889,NER,Uttar Pradesh
SGBA,Sir Gurudas Banerjee Halt,,,ER,West Bengal
AHMP,ADARSH MANPUR,25.1344757598,85.91106267820001,,
SHKY,Saharsa Kutchery Halt,,,ECR,Bihar
SHRG,Sri Ramgarh Halt,,,NWR,Rajasthan
SDMK,Sidmukh,28.893890064746117,75.290472144261,NWR,Rajasthan
SALI,SALI,26.705766999999998,75.031546,NWR,Rajasthan
SBNM,Subarnamrigi,24.27321,88.292124,ER,West Bengal
SHZ,Summer Hill,31.107469,77.138165,NR,Himachal Pradesh
RTR,RAMNATHPUR,25.412362,82.017775,NER,Uttar Pradesh
SIPA,Singhookharia,22.498243000000002,85.795126,SER,Jharkhand
RUSD,Runnisaidpur,26.410576,85.519694,ECR,Bihar
SDZ,Sindhar,31.110308,75.241169,NR,Punjab
SDF,Sudsar,28.012356,73.785795,NWR,Rajasthan
SIRD,Sird,27.5544208128,72.5964046204,?,Rajasthan
SDLP,Sadulpur Junction,28.631138,75.386989,NWR,Rajasthan
SFNR,Saifinagar Halt,22.698715,75.85342399999999,WR,Madhya Pradesh
SAWN,Sohansra,28.4076088967,75.8605782111,NWR,Haryana
SJM,Sajuma,29.726968,76.296444,NR,Andhra Pradesh
SEW,SEHAL,28.918565,78.822659,NER,Uttar Pradesh
SGRE,SULGARE,16.914611,74.909935,CR,Maharashtra
SJS,SHAMLAJI ROAD,23.621619,73.335655,NWR,Gujarat
SGP,SOHAGPUR,22.693813,78.194338,WCR,Madhya Pradesh
SEQ,SEKHA,30.380452,75.643764,NR,Punjab
SMC,Samnapur,21.9419101772,80.1564133228,SECR,Madhya Pradesh
MNHL,MAJHAIRAN HIMACHAL,32.046378,76.60279299999999,NR,Himachal Pradesh
SGLM,SENGULAM,8.607001,77.682861,SR,Tamil Nadu
DUB,DABTARA,28.368424,78.991164,NR,Uttar Pradesh
SHBL,SHIBLUN,23.692561,88.082999,ER,West Bengal
SIZ,Shrikhanda,,,ER,West Bengal
SJTR,Sojitra,,,WR,Gujarat
SKHK,Sukhasan Kothi,25.841387,87.15210099999999,ECR,Bihar
SEJ,SARKHEJ,22.981944000000002,72.497486,WR,Gujarat
SHC,SAHARSA JN,25.875207999999997,86.594953,ECR,Bihar
SHTT,Silghat Town,26.608902,92.929931,NFR,Assam
SGUT,SILIGURU TOWN,26.7073,88.42960699999999,NFR,West Bengal
SGUJ,SILIGURI JN,26.723204,88.413663,NFR,West Bengal
SJSM,Salemgarhmasani,29.550109363942525,74.46238562464714,NWR,Rajasthan
SCH,SACHIN,21.077673,72.874083,WR,Gujarat
SCPD,SUCHIPIND,31.343172,75.621561,NR,Punjab
SEV,SITHALAVAI,10.958125,78.27389099999999,SR,Tamil Nadu
SGR,SANGMESHWAR,17.201998999999997,73.546234,KR,Maharashtra
SGD,SONGADH,21.728936,71.886759,WR,Gujarat
SHK,SHEIKPURA,25.132088,85.854024,ECR,Bihar
SMDR,Simodara,,,WR,Gujarat
SMTN,Somthan,,,CR,Maharashtra
SMSR,Samaswara,22.048501,79.334804,SECR,Madhya Pradesh
SIKR,Sikar Junction,27.616275,75.15337799999999,NWR,Rajasthan
SHF,Shirud,20.735376,74.876271,CR,Maharashtra
SGS,Shoghi,31.038759000000002,77.12423700000001,NR,Himachal Pradesh
SHN,Suchan Kotli,29.515832999999997,75.170322,NWR,Haryana
SJPR,Surjyapur,22.293128,88.466557,ER,West Bengal
SMKR,Sham Kauria,26.035816445600002,84.8330358765,NER,Bihar
SGA,Shergarh,30.080230999999998,74.947251,NWR,Punjab
SLGE,SULERJAVALGE,17.45892,75.974841,SWR,Karnataka
AKVD,AKIVIDU,16.582653999999998,81.36905499999999,SCR,Andhra Pradesh
SQR,SULTANPUR LODI,31.211713,75.203016,NR,Punjab
SIF,SIRLI,19.5087818977,77.21222487729999,SCR,Maharashtra
SKF,SAKHOTI TANDA,29.192626,77.71804900000001,NR,Uttar Pradesh
SMQL,SHAMLI,29.444596999999998,77.316231,NR,Uttar Pradesh
SMBJ,SHRI MAHABIRJI,26.684155,76.96766400000001,WCR,Rajasthan
SLU,SASALU,14.226683,76.108388,SWR,Karnataka
SQK,Shankar,28.560827504028268,77.1402539871633,NR,Punjab
SMM,SALIYAMANGALAM,10.77933,79.275262,SR,Tamil Nadu
SKR,SAKHPUR,21.748997,69.833241,WR,Gujarat
SONW,SONWARSA HALT,25.043599999999998,85.669157,?,
SLR,Salogra,30.934311,77.130516,NR,Himachal Pradesh
SOQ,SOMPUR ROAD,15.421498999999999,75.87207,SWR,Karnataka
SJN,SANJAN,20.19165,72.820594,WR,Gujarat
SKND,Sukinda Road,20.971268,86.05375,ECoR,Orissa
SKVL,SANKVAL,15.370790999999999,73.86771300000001,SWR,Goa
SL,SURATHKAL,12.989191,74.80617699999999,KR,Karnataka
SJDA,SANJUJE DA AREY,15.437494047800001,75.5962538599,SWR,Goa
SKNR,Shakar Nagar,18.659388000000003,77.905991,SCR,Andhra Pradesh
SOF,Saota,,,ER,West Bengal
SLI,SANGLI,16.858669000000003,74.588939,CR,Maharashtra
SIW,SHIRRAVDE,17.3606825795,74.1573548438,CR,Maharashtra
SLP,SALPA,17.963070994400002,74.17178775389999,CR,Maharashtra
SOI,Sonaripur,28.4746409298,80.7274215704,NER,Uttar Pradesh
SNBD,Sunderabad,,,WR,Madhya Pradesh
SPS,Shripat Shrikhand,,,ER,West Bengal
SQW,Sidhwalia,26.333838,84.666995,NER,Bihar
SNKX,Sankra,20.747436,81.591856,SECR,
SME,Shimoga,13.927613,75.592671,SWR,Karnataka
SONH,Seonan Halt,25.285709039300002,85.01186038569999,?,
SNU,Sangrampur,22.224929,88.32876,ER,West Bengal
SJJ,Sanjha,25.0658316907,87.0008507605,ER,Bihar
SLON,Salona,26.503912999999997,92.990043,NFR,Assam
SJPA,Sujalpur,21.763167000000003,87.65749699999999,?,West Bengal
SILO,Silao,25.078598999999997,85.434638,ECR,Bihar
SOW,Suhsarai,25.273946,85.530032,ECR,Bihar
BLND,Bolinna Doaba,31.342859999999998,75.656972,NR,Punjab
SKTN,Shakti Nagar,24.122899,82.704734,ECR,Uttar Pradesh
SOY,Sukrimangela,22.90699,79.834297,SECR,Madhya Pradesh
SQJ,Saila Khurd,31.292873999999998,76.07770599999999,NR,Punjab
SNB,Satnaur Badesron,31.257426,76.110741,NR,Punjab
SONR,Saoner Junction,21.387489000000002,78.925046,SECR,Maharashtra
SOJ,SAROJINI NAGAR,28.581210000000002,77.196287,NR,Delhi NCT
SPD,SUPEDI,21.758513999399998,70.3763963708,WR,Gujarat
SNX,SANEH ROAD,29.689652272500002,78.4494025903,NR,Uttar Pradesh
SRA,SEMRA,26.711946963,84.8136981409,ECR,Bihar
SRSI,Sarsi,25.86331602863504,87.28521798737347,ECR,Bihar
SNPR,SINGARPUR,27.116202,77.72370699999999,NCR,Rajasthan
SNYN,SONIYANA,25.123246,74.62566,NWR,Rajasthan
SRJ,SHANKARGARH,25.1813005966,81.6190324237,NCR,Madhya Pradesh
STF,Sikta,27.024365,84.680541,ECR,Bihar
SRGH,Surajgarh,28.30168415387253,75.73429978452623,NWR,Rajasthan
SQE,SAMRLA,18.921849,77.793105,SCR,Maharashtra
SRK,SAMRAU,26.8662,72.721146,NWR,Rajasthan
SOHL,Sohal,31.974211,75.348341,NR,Punjab
SRNK,Soron,27.883353999999997,78.748458,NER,Uttar Pradesh
SNSN,SONASAN,23.491604000000002,72.895784,WR,Gujarat
SRID,SHRIDHAM,23.033843,79.484397,WCR,Madhya Pradesh
SQL,SONTALAI,22.613017999999997,77.94977499999999,WCR,Madhya Pradesh
SPZ,SAMPLA,28.781933000000002,76.773299,NR,Haryana
SNHR,SANKHAI,23.796393,72.177296,WR,Gujarat
SPK,SAPEKHATI,27.110416,95.160918,NFR,Assam
SPRA,Sillipur,26.081657,77.031581,NCR,Rajasthan
STC,SANTA CRUZ,19.082018,72.84133899999999,WR,Maharashtra
SSV,SASVAD ROAD,18.4732023111,73.9546461121,CR,Maharashtra
SOU,Supaul,26.117556999999998,86.603023,ECR,Bihar
SOJN,SIHOR GUJARAT,21.724798000000003,71.957197,WR,Gujarat
KRNG,Kargaon Halt,20.800933,79.41302,,
SNDY,SANDAI,28.572634,79.990982,NER,Uttar Pradesh
SNDD,SINDHUDURG,16.111322,73.67934,KR,Maharashtra
SPGL,Sarai Gopal,25.548656,81.822277,NR,Uttar Pradesh
STH,Sethal,28.543189,79.56736599999999,NER,Uttar Pradesh
SRMN,Semraon,25.395161271299997,84.52704197999999,ECR,Bihar
STPM,S NARAYANAPURAM,16.525488,80.647908,SCR,Andhra Pradesh
SSP,Santoshpur,22.524414,88.272502,ER,West Bengal
SNDT,Sindri Town,23.660992,86.47988299999999,?,Jharkhand
SRN,Soron,27.883694,78.748798,NER,Uttar Pradesh
SNA,Sadanapura,22.602487999999997,73.01247500000001,WR,Gujarat
WW,Wanabar,25.006278000000002,84.97751000000001,?,
SSRD,Shasan Road,22.346539999999997,88.434523,ER,West Bengal
SMTG,Saheed Matangini,22.301973999999998,87.90811500000001,SER,West Bengal
SOE,Sheopur Kalan,25.675538,76.70038600000001,NCR,Madhya Pradesh
SMNN,Shri Makri Nath Nagar,28.179883999999998,74.824623,NWR,Rajasthan
AKU,ANGALAKUDURU,16.245325,80.609091,SCR,Andhra Pradesh
GTI,GHUTAI,25.289429766,79.4413220264,NCR,Uttar Pradesh
SWAR,SEWAR,27.177901,77.425499,WCR,Rajasthan
STSN,SHAITAN SINGH NAGAR,27.052218,72.468139,NWR,Rajasthan
MHTR,MALIHATI TALIBPUR ROAD,23.79372,88.126194,ER,West Bengal
SRRG,SURERGOTH,27.18282,76.605353,NWR,Rajasthan
SVKD,SAVAR KUNDLA,21.335082,71.31266699999999,WR,Gujarat
SSKA,SISARKA,28.431279,78.846279,NR,Uttar Pradesh
SSR,SARERI,25.697556000000002,74.624105,NWR,Rajasthan
SRNT,SARNATH,25.375998,83.032634,NER,Uttar Pradesh
SVW,SHIVNI SHIVAPUR,20.674328,77.048971,SCR,Maharashtra
SRVX,SURAVALI,15.291947,73.939328,KR,Goa
SXS,SHOBHASAN,23.542306999999997,72.394212,WR,Gujarat
STBJ,Sitabanji,21.500203,85.79053,ECoR,Orissa
SVM,SANVERDAM CHUCH,15.264064,74.10866,SWR,Goa
SUL,SULADHAL,16.001728105999998,74.67814298520001,SWR,Karnataka
SURR,Surera,,,NWR,Rajasthan
SVQ,SIVOK,26.880144,88.468742,NFR,West Bengal
VMLD,VEMULURIPADU,16.309801,80.294121,,
SWQ,Sangwi,,,CR,Maharashtra
SWG,Sidhwan,31.095558,75.54695000000001,NR,Punjab
SRY,SIRARI,25.132853,85.952587,ECR,Bihar
SWX,Saidanwala,30.917223,74.679664,NR,Punjab
SVGA,Sivaganga,9.852970000000001,78.49906899999999,SR,Tamil Nadu
SSA,Sirsa,29.539153,75.034944,NWR,Haryana
MQA,Matoda,24.11526,73.00914999999999,,
SVB,Savni,20.994517,70.471495,WR,Gujarat
SVC,Siwan Kachari,26.226705,84.34871700000001,NER,Bihar
SVV,Srivaikuntam,8.622475999999999,77.906323,SR,Tamil Nadu
SVDC,Sivadevunichkla,16.535628999999997,81.65894399999999,SCR,Andhra Pradesh
STNL,Satnali,28.382338,75.966232,NWR,Haryana
AEP,Amreli Para,21.6079811042,71.2281676154,WR,Gujarat
SSF,Sirsuphal,18.306268,74.572957,CR,Maharashtra
SWD,Sanawad,22.17581,76.074567,WR,Madhya Pradesh
SXE,SILA KHERI HALT,29.389883,76.612939,NR,Haryana
TAM,Tilaivilagam,,,SR,Tamil Nadu
TKF,Taki Road,22.587179,88.915553,ER,West Bengal
TNLR,Thondaimanallur,10.623543,78.746072,SR,Tamil Nadu
TER,THAIR,18.352916,76.15003700000001,CR,Maharashtra
TCT,Tiruchitrambalam,,,SR,Tamil Nadu
SY,SIRKAZHI,11.240305,79.726353,SR,Tamil Nadu
TNX,Tarak Nagar,23.38018,88.680184,ER,West Bengal
TAPA,TAPA,30.302839,75.366053,NR,Punjab
SYC,SARAI CHANDI,25.5394209652,81.97958463810001,NR,Uttar Pradesh
THZI,Takazhi,,,SR,Kerala
TJNR,Taj Nagar,,,NR,Haryana
SXP,SANKOPARA,24.7176851264,87.9344515665,ER,West Bengal
TBN,TIMARNI,22.375860000000003,77.2294,WCR,Madhya Pradesh
SYQ,SINHAN,22.2346247943,69.7297354559,WR,Gujarat
TIBI,Tibi,29.54286582323833,74.50160639360547,NWR,Rajasthan
TAY,TALAIYUTHU,8.7841938937,77.72944226749999,SR,Tamil Nadu
TEN,TIRUNELVELI,8.73636,77.707979,SR,Tamil Nadu
SYH,SAIYEDPUR BHTRI,25.539724,83.23297400000001,NER,Uttar Pradesh
THN,TOLAHUNSE,14.399208,75.964562,SWR,Karnataka
SZR,SARUPATHAR,26.195595,93.862021,NFR,Assam
SYL,SALPURA,24.773701,76.733005,WCR,Rajasthan
TIW,TIVARI,26.554730000000003,72.889577,NWR,Rajasthan
TA,TANUR,10.97954,75.880597,SR,Kerala
TLI,Tulwara Jhil,,,NWR,Rajasthan
TABU,Talaburu,22.358169,85.75594199999999,SER,Jharkhand
TNK,Tirunellikaval,,,SR,Tamil Nadu
KGBS,Kishangarh Balawas,28.262787,76.571554,NWR,Haryana
TBX,Tilbhum,24.465833,92.245466,NFR,Tripura
AL,ATTILI,16.680149999999998,81.61636,SCR,Andhra Pradesh
TLX,Taldi,22.343647,88.60875899999999,ER,West Bengal
TKO,TAKKOLAM,13.023783,79.677055,SR,Tamil Nadu
TEA,Taregna,25.3552301906,85.038112915,ECR,Bihar
TLMR,Teliamura,23.861247,91.617734,NFR,Tripura
TELY,Telia,24.8058876,87.0262456,?,Bihar
SZ,SALAWAS,26.139957444700002,73.01452424259999,NWR,Rajasthan
TB,Tharbitia,26.218533,86.657383,ECR,Bihar
TNGI,Tungi Halt,25.171993,85.52720500000001,?,Bihar
TCN,Tiruchendur,8.501774,78.117118,SR,Tamil Nadu
TRG,Tarighat,25.571721452321867,83.60210496000946,ECR,Uttar Pradesh
TKYR,TIKARIA,24.99538,80.86436,WCR,Madhya Pradesh
TLV,TALVADYA,21.9272990641,76.4437843848,WCR,Madhya Pradesh
TSD,Tahsil Bhadra,29.101436164956112,75.16145411878824,NWR,Rajasthan
BLNK,BELANKI,16.84890756,74.86933565,CR,Maharashtra
TR,TARU,20.06888,74.590775,SCR,Maharashtra
THJ,TALHERI BUZURG,29.766916000000002,77.64430899999999,NR,Uttar Pradesh
TIA,TILAYA,24.821998,85.401101,ECR,Bihar
TTR,TIPTUR,13.256152,76.475987,SWR,Karnataka
TK,TUMKUR,13.333033,77.10243899999999,SWR,Karnataka
TUN,TOHANA,29.7266,75.904581,NR,Haryana
TKC,THAKURKUCHI,26.234006114,91.9222836917,NFR,Assam
TME,TUTI MELUR,8.808373999999999,78.145808,SR,Tamil Nadu
TTB,TITABAR,26.602048,94.199758,NFR,Assam
TKR,TAKARI,17.129756,74.36337599999999,CR,Maharashtra
TPE,TIRUCHIRAPPALLI PALAKKARAI,10.80725953,78.69366422,SR,Tamil Nadu
TPN,Tapona,,,CR,Maharashtra
TKLE,Tikani,25.108394454899997,86.9932459985,ER,Bihar
TTP,Tiruturaipudi Junction,,,SR,Tamil Nadu
SRPR,SARUPSAR JN,29.353194,73.694891,NWR,Rajasthan
AYRN,AKSHAYWAT RAI NAGAR,25.688767621,85.31541102290001,ECR,Bihar
TLGP,Talguppa,14.214011,74.914093,SWR,Karnataka
TWB,Talwandi,30.861364000000002,74.92363399999999,NR,Punjab
TQL,Theh Qalandar,30.463401,74.086947,NR,Punjab
TGU,TARIGOPPULA,16.485676,80.836307,SCR,Andhra Pradesh
THVM,THIVIM,15.62955,73.87610400000001,KR,Goa
TKE,Tarikere Junction,13.710886,75.812209,SWR,Karnataka
TOK,THOKUR,12.963579000000001,74.829167,KR,Karnataka
TKOT,TOKKOTTU,12.818211,74.858222,SR,Karnataka
TLY,THALASSERY,11.75314,75.492987,SR,Kerala
TIR,TIRUR,10.917757,75.92186500000001,SR,Kerala
TRMN,Taramani,12.978438,80.24008199999999,SR,Tamil Nadu
TGRL,Tangiriapal,21.164083,85.925812,ECoR,Orissa
THE,Thawe Junction,26.438991,84.394398,NER,Bihar
TNDE,Thanesar City,29.966374000000002,76.824336,NR,Haryana
TTW,Titwa,21.9959060669,80.13844220089999,SECR,Madhya Pradesh
TMZ,Tamluk,22.275813,87.91914399999999,SER,West Bengal
TLC,Talchhapar,27.824805,74.487037,NWR,Rajasthan
THR,Thara,26.3568878952,77.8507402155,NCR,Madhya Pradesh
THEA,Thalera,25.3152769684,75.73774364929999,WCR,Rajasthan
ALJ,ALAI,29.143805999999998,78.932709,NER,Uttarakhand
UDM,UNDASA MADHAWPU,23.087044000000002,75.97927499999999,WR,Madhya Pradesh
TZR,TURKI ROAD,24.548879000000003,81.11757300000001,WCR,Madhya Pradesh
UPI,UPLAI,18.184369,75.642724,CR,Maharashtra
TOD,TALOD,23.351347999999998,72.94796099999999,WR,Gujarat
BNWC,Bhiwani City,28.825698499999998,76.1442991,NWR,Haryana
TVR,THIRUVARUR JN,10.764347,79.63389799999999,SR,Tamil Nadu
TPZ,TAPRI JN,29.915727999999998,77.58327200000001,NR,Uttar Pradesh
UBR,UMBARGAM ROAD,20.153499,72.79082100000001,WR,Gujarat
TZTB,Tezpore,26.617781357717547,92.78774656355381,NFR,Assam
UTL,UTARLAI,25.788344000000002,71.44363799999999,NWR,Rajasthan
TYMR,Tiruvanmiyur,12.989302,80.25119000000001,SR,Tamil Nadu
TPK,TIPKAI,26.295354,90.047264,NFR,Assam
TNM,TIRUVANNAMALAI,12.238103,79.077782,SR,Tamil Nadu
TVN,TIRUPPUVANAM,9.821456999999999,78.258693,SR,Tamil Nadu
TVI,Taradevi,31.0758,77.139253,NR,Himachal Pradesh
TQN,TIKUNIA,28.378823,80.981217,NER,Uttar Pradesh
TYAE,TENYA,23.822157,88.148864,ER,West Bengal
UMPD,Umarpada,,,WR,Gujarat
UNI,Unai Vansada Road,,,WR,Gujarat
AJU,Arjuni,20.8165878335,80.022581618,SECR,Maharashtra
TPC,TIRUPPACHETTI,9.773153933800002,78.344217489,SR,Tamil Nadu
TRN,TARAON,25.526193,83.311179,NER,Uttar Pradesh
TTZ,Tukaithad,21.427444,76.670581,SCR,Maharashtra
VB,VILLIYAMBAKKAM,12.754406,79.929175,SR,Tamil Nadu
UCB,UNCHI BASSI,31.860857,75.643654,NR,Punjab
UJ,UJALVAV,21.905096,71.705115,WR,Gujarat
TNKU,TANUKU,16.752035,81.674075,SCR,Andhra Pradesh
TNRU,TENNERU,16.488886,80.813991,SCR,Andhra Pradesh
TRBE,Tarabari,26.436293,92.68336699999999,NFR,Assam
TTLA,TETELIA,26.135912,92.00541,NFR,Assam
UIH,Umaria Ispa Halt,22.055305150200002,79.08496134640001,SECR,Madhya Pradesh
ULA,Umra Nala,21.874783,78.879298,SECR,Madhya Pradesh
TXM,TANDAVAPURA,12.168831,76.678489,SWR,Karnataka
TSL,Taksal,30.845271,76.954267,NR,Himachal Pradesh
TWV,Thuwavi,22.153761,73.381517,WR,Gujarat
TSK,Tinsukia Junction,27.4864,95.356367,NFR,Assam
KDRP,Kandarpur,20.396528,86.017399,ECoR,Orissa
UB,Uska Bazar,27.189993,83.12594999999999,NER,Uttar Pradesh
UAM,Udagamandalam,11.404584999999999,76.694727,SR,Tamil Nadu
TPP,Toppur,11.931538000000002,78.070201,SWR,Tamil Nadu
VDV,Vadiya Devli,21.689791,70.853196,WR,Gujarat
UKA,UKHRA,23.653692,87.232537,ER,West Bengal
UPR,USMANPUR,19.532217,76.27447,SCR,Maharashtra
UCP,UCHIPPULI,9.30813,79.01509300000001,SR,Tamil Nadu
UHR,UNCHHERA,24.38137,80.79457,WCR,Madhya Pradesh
UMD,USMANABAD,18.248154,76.022663,CR,Maharashtra
WGA,WAGHODA,21.255951999999997,76.08875499999999,CR,Madhya Pradesh
UGR,UGAR KHURD,16.669705,74.822126,SWR,Karnataka
VAE,Vadali,23.948406000000002,73.04360399999999,WR,Gujarat
VASO,Vaso,,,WR,Gujarat
VDGN,VADGAON NILA,18.929472999999998,76.64117200000001,SCR,Maharashtra
VDNP,Baijnath Andoli,,,ECR,Bihar
WHM,WASHIM,20.103101,77.147986,SCR,Maharashtra
VEP,Velpuru Road,,,SCR,Andhra Pradesh
UOI,UMROLI,19.754447000000003,72.76033699999999,WR,Maharashtra
VLP,VILE PARLE,19.099273999999998,72.84363,WR,Maharashtra
VLC,Velachha,,,WR,Gujarat
VLN,Vilegaon,,,CR,Maharashtra
VMM,Valaramanikkam,,,SR,Tamil Nadu
VRX,VARAHI,23.800674,71.43129599999999,WR,Gujarat
VOL,Virol,,,WR,Gujarat
VAPI,VAPI,20.374337999999998,72.90912700000001,WR,Gujarat
KRNH,Karanahalli,13.667160999999998,75.934385,SWR,Karnataka
UVD,UDVADA,20.461236,72.918698,WR,Gujarat
UD,UDUPI,13.336341000000001,74.771733,KR,Karnataka
VLCY,Velachery,12.967092000000001,80.21921699999999,SR,Tamil Nadu
VNN,BHANAUR,25.573159999999998,82.530022,NR,Uttar Pradesh
VDH,VEDCHHA,20.874651,72.93641500000001,WR,Gujarat
VAL,VADAL,21.611243,70.492663,WR,Gujarat
VKA,Verka Junction,31.665699,74.931669,NR,Punjab
UKN,Uklana,29.498980000000003,75.883133,NR,Haryana
VPN,VIDYAPATINAGAR,25.601974857400002,85.80234268800001,ECR,Bihar
UPL,UPPALUR,16.492803000000002,80.780125,SCR,Andhra Pradesh
UNK,UNKAL,15.377158999999999,75.12425499999999,SWR,Karnataka
ULL,ULLAL,12.791319999999999,74.85477900000001,SR,Karnataka
VTJ,VARTEJ,21.746198,72.05519899999999,WR,Gujarat
UTN,Uttar Radhanagar Halt,22.269458,88.383365,ER,West Bengal
VDKS,Vadanam Kurussi Halt,10.788139,76.252871,SR,Kerala
UNA,Una,20.819025,71.036053,WR,Gujarat
UHL,Una Himachal,31.478782000000002,76.27566,NR,Himachal Pradesh
UMH,Umreth,22.693375999999997,73.119782,WR,Gujarat
UGU,Ugu,26.804337999999998,80.299391,NR,Uttar Pradesh
VRH,VIRBHADRA,30.074509,78.251864,NR,Uttarakhand
VSPR,BISHNUPRIYA,23.413186,88.3552,ER,West Bengal
VRJ,Vadaj,,,WR,Gujarat
VRKD,Varkhedi,,,CR,Maharashtra
VSI,Vishvamitri,,,WR,Gujarat
VEL,Vellanur,10.46709,78.796975,SR,Tamil Nadu
YSI,YEDESHI,18.317377999999998,75.97657,CR,Maharashtra
VUL,Virul,,,CR,Maharashtra
VLY,VALLIYUR,8.376159999999999,77.61399,SR,Tamil Nadu
VT,VELLORE TOWN,12.923646999999999,79.125213,SR,Tamil Nadu
VKG,Vavadi Khurd,22.79511,73.502962,WR,Gujarat
WDR,WADIARAM,17.972607,78.455417,SCR,Andhra Pradesh
VKP,VARAKALPATTU,11.765793,79.704026,SR,Tamil Nadu
VTV,VALANTARAVAL,9.337064,78.911814,SR,Tamil Nadu
VQD,VIRAMDAD,22.197917,69.575526,WR,Gujarat
ABLE,AMBALE,18.398719,74.171511,CR,Maharashtra
WRD,Warudkhed,,,CR,Maharashtra
VTN,VAITARNA,19.517672,72.849578,WR,Maharashtra
XBAC,Bachharpur Halt,,,ECR,Bihar
VNR,DEVANUR,13.439281999999999,76.08846,SWR,Karnataka
VKNR,VALMIKINAGAR RD,27.195058000000003,84.034555,ECR,Bihar
WH,WEST HILL,11.28603,75.765232,SR,Kerala
VVV,VAVERA,21.062395000000002,71.441677,WR,Gujarat
VLA,BAVLA,22.833389,72.36512300000001,WR,Gujarat
CAPE,KANYAKUMARI,8.088028,77.542504,SR,Tamil Nadu
XSAD,SADIPUR HALT,24.932654,85.596052,?,
VNB,Vaniyambalam,11.188459,76.260513,SR,Kerala
VSU,BISHNUPUR,23.065499000000003,87.30107100000001,SER,West Bengal
VLL,VELLAYIL,11.264509,75.77461,SR,Kerala
VJK,VEJALKA,22.416769,71.719118,WR,Gujarat
VRQ,VIRARAKKIYAM,10.939107,78.165859,SR,Tamil Nadu
ABR,ABU ROAD,24.470775,72.775695,NWR,Rajasthan
ZKV,Zankhvav,21.45148506222334,73.31783892586827,WR,Gujarat
YTL,Yavatmal,20.387302241829445,78.11973326839507,CR,Maharashtra
VPZ,Vailapuzha,10.842075999999999,76.252495,SR,Kerala
VLDR,Valadar,20.967861000000003,70.724646,WR,Gujarat
BXA,Balod,20.740984,81.205261,SECR,Chhattisgarh
YDK,Yedekumeri,12.823403,75.622206,SWR,Karnataka
VVM,Viravasaram,16.542123999999998,81.63254,SCR,Andhra Pradesh
VVD,Vavdi,21.714204,70.793468,WR,Gujarat
YP,ERRUPALEM,16.825374,80.471049,SCR,Andhra Pradesh
AHD,AHERWADI,17.504915,75.99559,SWR,Karnataka
YGL,YELGUR,17.860901,79.74703099999999,SCR,Andhra Pradesh
ALMR,ALAMPUR,21.944012999999998,71.699156,WR,Gujarat
WNG,WANEGAON,19.1668082025,77.2501103802,SCR,Maharashtra
WANI,WANI,20.06638,78.962635,CR,Maharashtra
BDM,BADAMI,15.958918,75.6767002,SWR,Karnataka
BGK,BAGALKOT,16.1787931,75.7002383,SWR,Karnataka
AFR,ASAFPUR,28.405553,78.905957,NR,Uttar Pradesh
WJ,WALAJABAD,12.797321,79.81836999999999,SR,Tamil Nadu
WSA,Wadsa,20.624198,79.96351299999999,SECR,Maharashtra
BHTN,BHITONI,23.142728299999998,79.6740109,WCR,Madhya Pradesh
AMA,ATAMANDA,28.58606,79.468143,NER,Uttar Pradesh
ZPI,Zampini,16.199033,80.71400799999999,SCR,Andhra Pradesh
AMVA,AMARAVILA HALT,8.397108999999999,77.10036199999999,SR,Kerala
ACLE,AZIMGANJ CITY,24.237941,88.25887100000001,ER,West Bengal
WSJ,WANSJALIYA,21.799383000000002,69.873569,WR,Gujarat
AHU,Ahirauli,27.30686,83.03422499999999,NER,Uttar Pradesh
BAY,BELLARY JN,15.145135,76.921995,SWR,Karnataka
ALB,ALIA BADA,22.44677,70.210367,WR,Gujarat
ATRU,ATRU,24.8821354,76.6702185,WCR,Rajasthan
WZJ,WAZERGANJ,24.813122,85.225637,ECR,Bihar
BIX,BHIND,26.588904900000003,78.77743530000001,NCR,Madhya Pradesh
WKRC,WANKANER CITY,22.611810000000002,70.956182,WR,Gujarat
BBMN,BARI BRAHMAN,32.63896,74.916171,NR,Jammu and Kashmir
WENA,Wena,25.3266239799,85.5319560193,ECR,Bihar
WAB,BALWA,21.895867000000003,69.961069,WR,Gujarat
BLCA,BLOCK HUT BEAS,32.101414,75.61447700000001,,
ZB,Zahirabad,17.674958,77.61021299999999,SCR,Andhra Pradesh
ZP,Zarpur Pali,28.281073000000003,76.14827000000001,NWR,Haryana
BJN,Bejnal,24.983198,73.914959,NWR,Rajasthan
BGKT,BHAGAT KI KOTHI,26.2484972,73.0133366,NWR,Rajasthan
KRNN,Karnauti Halt,25.396291565400002,85.54704889770001,,
VXM,Vellipalayam,10.775837000000001,79.843856,SR,Tamil Nadu
AMDI,Amdi Halt,21.352410000000003,79.31875600000001,SECR,Maharashtra
BISH,Bishengarh,25.448874,72.5752165,NWR,Rajasthan
YDV,Yadvendranagar,25.756558,82.75140999999999,NER,Uttar Pradesh
YDP,Yedapalli,18.678662,77.952866,SCR,Andhra Pradesh
YEAM,Yogendra Dham Halt,27.454598,81.728543,NER,Uttar Pradesh
AKW,Akora,25.613687,80.139995,NCR,Uttar Pradesh
ALV,Anklav,22.392856,72.999264,WR,Gujarat
BSS,BAHADUR SINGH WALA,30.319025,75.858906,NR,Punjab
AZ,AZIMGANJ JN,24.219053,88.256764,ER,West Bengal
ARAG,ARAG,16.823628,74.79116400000001,CR,Maharashtra
BEU,Bisheshwarganj,27.341282,81.833817,NER,Uttar Pradesh
BSI,BASBARI,26.184354000000003,89.900353,NFR,Assam
BPR,BHOJIPURA JN,28.4939826,79.44724,NER,Uttar Pradesh
APD,Alipur Duar,26.479307000000002,89.520667,NFR,West Bengal
BHX,BULLUANA,30.217553000000002,74.78304,NR,Punjab
BIM,BILIMORA JN,20.763319,72.970474,WR,Gujarat
BKC,BHIKAMKOR,26.80763,72.78720299999999,NWR,Rajasthan
BMO,BOLARUM,17.5335493,78.5154167,SCR,Andhra Pradesh
BLZ,BUDHLADA,29.9217422,75.5496866,NR,Punjab
BHLK,Bhalki,18.047011100000002,77.228081,SCR,Karnataka
BDU,BADNAPUR,19.873979,75.722483,SCR,Maharashtra
BMQ,BHIMARLAI,25.89293086,71.88173556,NWR,Rajasthan
BNP,BHANAPUR,15.38694828,76.036416,SWR,Karnataka
BLT,BALOTRA JN,25.830070999999997,72.248683,NWR,Rajasthan
BFV,BAHELIA BUZURG,28.046924,80.512537,NER,Uttar Pradesh
BHBR,Bathua Bazar,26.4968303633,84.2321793958,NER,Uttar Pradesh
BTKP,BHARAT KUP,25.217166,80.76767899999999,NCR,Uttar Pradesh
BIK,BHIRA KHERI,28.334799,80.486132,NER,Uttar Pradesh
BAOL,BAOLI,29.140457035199997,77.278015354,NR,Uttar Pradesh
BTX,BELA TAL,25.2767862477,79.55448188960001,NCR,Uttar Pradesh
BOM,BOMADRA,25.78029392,73.43942509,NWR,Rajasthan
BSPX,Banspani,22.00024281,85.42341227,SER,Orissa
BIB,Birpur,26.155568000000002,77.174223,NCR,Rajasthan
ARU,Arasalu,13.999308999999998,75.314466,SWR,Karnataka
MPC,Muttampatti,11.984107,78.152895,SWR,Tamil Nadu
BAJ,Bhalej,22.633029999999998,73.034499,WR,Gujarat
AWM,Aswapuram,17.821267000000002,80.80126,SCR,Andhra Pradesh
AVP,Abhanpur Junction,21.052203000000002,81.74489899999999,SECR,Chhattisgarh
BDXX,Bade Arapur,19.011494000000003,81.837917,ECoR,Chhattisgarh
BGRD,Beliaghata Road,22.674548,88.607005,ER,West Bengal
ANI,Ajanti,21.893954,76.285956,WR,Madhya Pradesh
BUT,BAYTU,25.897537999999997,71.76868,NWR,Rajasthan
BMGA,BHIMGARA,23.73804814,87.28427905,ER,West Bengal
BLTR,BELTHARA ROAD,26.121418,83.841719,NER,Uttar Pradesh
BKNG,BHAKTI NAGAR,22.282963,70.792278,WR,Gujarat
DEP,Depalsar,28.2368573,74.92033749999999,NWR,Rajasthan
BKD,Bhankoda,23.270810878299997,72.1277773999,WR,Gujarat
DHJ,DHINOJ,23.6710024,72.2818798,WR,Gujarat
BCY,VARANASI CITY,25.3341176,83.0141142,NER,Uttar Pradesh
BNE,BOHANI,22.9137476381,78.9159773981,WCR,Madhya Pradesh
DDR,MUMBAI DADAR WEST,19.019731,72.84346500000001,WR,Maharashtra
BNC,BANGALORE CANT,12.9936735,77.59932690000001,SWR,Karnataka
BSPH,BISHANPUR HARYANA,29.274012000000003,76.323906,NR,Haryana
BQY,BELERHAT,23.51930706,88.28291748000001,ER,West Bengal
DGW,DHIGAWARA,27.296265000000002,76.613599,NWR,Rajasthan
BXJ,BOKAJAN,26.018425999999998,93.779466,NFR,Assam
BOJ,BHOJO,27.0635982,95.03240600000001,NFR,Assam
BDTS,MUMBAI BANDRA TERMINUS,19.061911,72.840535,WR,Maharashtra
BLPR,Badulipar,26.646825,93.87912899999999,NFR,Assam
BBC,Bhachhbar,25.73181,71.044404,NWR,Rajasthan
BNKJ,BANKE GANJ,28.158478000000002,80.416286,NER,Uttar Pradesh
DIA,Didwana,27.406108,74.55765600000001,NWR,Rajasthan
BNV,BINNAGURI,26.747088299999998,89.05239089999999,NFR,West Bengal
DLO,DALGAON,26.715384,89.136244,NFR,West Bengal
BOKO,BOKO,25.999791,91.219674,NFR,Assam
DKX,Dudhwakhara,28.4587,75.16531499999999,NWR,Rajasthan
BRW,Bariwala,30.532580000000003,74.65895300000001,NR,Punjab
BRAM,BALARAMAPURAM,8.430107451,77.05132087999999,SR,Kerala
CBU,Chinna Babu Samudram,11.919465,79.686417,SR,Tamil Nadu
DKBJ,Dahar Ka Balaji,26.944321,75.765669,NWR,Rajasthan
CAF,Chanda Fort,19.9400612,79.3122585,SECR,Maharashtra
BRMP,Biramitrapur,22.3971312,84.7369583,SER,Orissa
BJY,Bangalbaree,25.626454,88.22942499999999,NFR,West Bengal
DMW,Dalmau Junction,26.075249999999997,81.05365,NR,Uttar Pradesh
BRDT,BERIA DAULAT,29.13221,79.210042,NER,Uttarakhand
DUM,DHAURMUI JAGHNA,27.292281,77.53653800000001,WCR,Rajasthan
ALK,ALAKKUDI,10.77766297,79.0537095,SR,Tamil Nadu
BHNS,Bhansi,18.77690197,81.26535758,ECoR,Chhattisgarh
DY,DUMARIYA,26.864673,77.234121,WCR,Rajasthan
GLNA,GULANA,27.10333,76.564974,NWR,Rajasthan
BWR,BARWA SAGAR,25.351848,78.731628,NCR,Uttar Pradesh
CDI,CHANDNI,21.427163999999998,76.350657,CR,Madhya Pradesh
BUBT,BURAHA BHARTHA,27.108219,78.67032900000001,NCR,Uttar Pradesh
GHG,GHAGGHAR,30.6111449411,76.84804777400001,NR,Punjab
GGR,GANGRAR,25.061279000000003,74.624757,NWR,Rajasthan
DJA,DAOTUHAJA,25.227501,93.162162,NFR,Assam
DHP,DICHPALLI,18.613288,78.194667,SCR,Andhra Pradesh
DMA,DAMODAR JUNCTION,23.651021,86.908517,SER,West Bengal
BYD,BYADGI,14.6997230018,75.4900954675,SWR,Karnataka
ARCL,ARUNACHAL,24.855593,92.742995,NFR,Assam
BZ,BHARUR,30.165006839,75.8156104224,NR,Punjab
GIN,GINIGERA,15.348226,76.247613,SWR,Karnataka
BVR,BANAVAR,13.395698823,76.1400537476,SWR,Karnataka
DPRA,DHUP DHARA,25.979779,91.066009,NFR,Assam
DWR,DHARWAR,15.440386,75.004552,SWR,Karnataka
DNPR,Dhanpura,23.453415,72.212366,WR,Gujarat
FKG,FURKATING JN,26.465652000000002,94.00269200000001,NFR,Assam
BWB,BAGWALI,30.033151999999998,74.772519,NWR,Punjab
BVP,BHAVANAGAR PARA,21.770889999999998,72.11868199999999,WR,Gujarat
BVC,BHAVNAGAR TERMINUS,21.781668,72.141059,WR,Gujarat
DOY,Dornahalli,12.433086000000001,76.42625,SWR,Karnataka
BXY,Bordhal,21.997011,78.348164,CR,Madhya Pradesh
DGHA,Digha Flag Station,21.622377,87.507655,?,West Bengal
KRNR,Krishnarajanagara,12.4454105,76.38862689999999,SWR,Karnataka
GTP,Ghatpuri,28.125245999999997,79.20593600000001,NER,Uttar Pradesh
DLX,Dalimgaon,25.640548000000003,88.38629999999999,NFR,West Bengal
BSLA,Bhasila,22.665494000000002,88.65854499999999,ER,West Bengal
DJKR,Dolaji Ka Khera,25.537166,73.882498,NWR,Rajasthan
GUU,GUNDRATIMADUGU,17.532281,80.079953,SCR,Andhra Pradesh
FSP,FATEH SINGHPURA,26.8216101334,77.1469610779,WCR,Rajasthan
DRA,DULARIA,22.575660999999997,77.654362,WCR,Madhya Pradesh
SKDM,SIKRODA MINA,26.722854,77.002212,,
GNR,GADIGANURU,15.219036000000001,76.599178,SWR,Karnataka
DRSN,DHURWASIN,23.129052,81.845641,SECR,Madhya Pradesh
GUP,GAURIPUR,26.078321,89.952056,NFR,Assam
GALE,GANKAR,24.404804119599998,88.07289439819999,ER,West Bengal
HKL,HARKIA KHAL,24.363234000000002,74.91966500000001,WR,Rajasthan
GDPL,GUNDLA POCHAMPALLI,17.568097,78.488371,SCR,Andhra Pradesh
FLM,Falimari,26.0707762,89.5868746,NFR,West Bengal
J,JALNA,19.830781,75.893142,SCR,Maharashtra
JGD,Jagadishpur,24.273027000000003,86.525172,ER,Jharkhand
GTWD,Ghatwad,20.92654,70.74961099999999,WR,Gujarat
GNB,JNANA BHARTI HALT,12.935329000000001,77.511242,SWR,Karnataka
GHNA,GOHANA,29.140297,76.68937799999999,NR,Haryana
DWI,DINGWAHI,25.416805,80.414159,NCR,Uttar Pradesh
GLBN,GUJRAN BALWA,29.4068014069,77.301364624,NR,Uttar Pradesh
DSR,DHANSIRI,25.810836,93.613598,NFR,Nagaland
GK,GOLA GOKARANATH,28.084651,80.475468,NER,Uttar Pradesh
DZA,DASUYA,31.80853,75.657932,NR,Punjab
SRPJ,SWARUPGANJ,24.6581702628,72.9319259351,NWR,Rajasthan
HNS,Hansi,29.088276999999998,75.94724099999999,NWR,Haryana
HYL,Hadyal,28.526882999999998,75.26504100000001,NWR,Rajasthan
GDO,Goverdhan,27.520546,77.46164300000001,NCR,Uttar Pradesh
JBS,Jadoli Ka Bas,27.539231,76.880759,NCR,Rajasthan
FZP,Firozpur City,30.962007,74.600792,NR,Punjab
EKN,Ezhukone,8.979142999999999,76.715068,SR,Kerala
GSR,Garhshankar,31.21799,76.14241700000001,NR,Punjab
GOPA,Ghosipura,26.215133,78.150553,NCR,Madhya Pradesh
URGA,Urga,22.265791999999998,82.736062,SECR,Chhattisgarh
GGV,Ghovarash Ghona,22.651678,88.78289199999999,ER,West Bengal
GRMR,Garhi Manikpur,25.786329,81.40315299999999,NR,Uttar Pradesh
DTQ,Dantarda Kalan,25.763299999999997,76.71403099999999,NCR,Madhya Pradesh
JLQ,JALPUR,29.012363999999998,78.870355,?,Uttar Pradesh
HRV,HARRAD,23.161136,81.90404000000001,SECR,Madhya Pradesh
HRNR,HIRA NAGAR,32.487007000000006,75.268733,NR,Jammu and Kashmir
JKM,JANKAMPET JN,18.70264,78.05386,SCR,Andhra Pradesh
JOC,JOYCHANDI PAHAR,23.516393,86.68033899999999,SER,West Bengal
HIR,HARINAGAR,27.156647,84.324507,ECR,Bihar
JCNR,JUCHANDRA,19.35986171,72.87245142,CR,Maharashtra
JKNI,Jharkhandi,27.4330507545,82.17975597290001,NER,Uttar Pradesh
HAD,HARIPPAD,9.279602,76.46222900000001,SR,Kerala
HMPR,HURMUJPUR HALT,25.721525,83.35227499999999,CR,Maharashtra
JIL,JALILA ROAD,22.23946,71.820315,WR,Gujarat
ITE,Intiyathok,27.275552861799998,82.0254415802,NER,Uttar Pradesh
JALD,JALIYA DEVANI,22.420182999999998,70.399597,WR,Gujarat
KDQ,KADIPUR,25.44872,83.09130300000001,NER,Uttar Pradesh
IDGJ,IRADATGANJ,25.317889,81.81928099999999,NCR,Uttar Pradesh
HM,HADMATIYA JN,22.4279053359,70.47043762019999,WR,Gujarat
JGE,JAGANNATH TEMPLE GATE,11.737975,75.507837,SR,Kerala
HATI,HATI,24.68924,80.843299,WCR,Madhya Pradesh
HLK,HOLALKERE,14.038157957300001,76.1300544724,SWR,Karnataka
JSV,JARANDESHWAR,17.7507667858,74.0773198273,CR,Maharashtra
KCI,Kallkiri,13.643625,78.801131,SCR,Andhra Pradesh
KRNU,KONANUR,12.025333999999999,76.809835,SWR,Karnataka
KEX,KHEKRA,28.871499999999997,77.288916,NR,Uttar Pradesh
SWNI,Siwani,28.9148353709,75.6040669287,NWR,Rajasthan
JRT,JARTI,18.890456,82.66510099999999,?,Orissa
HDK,HANDIA KHAS,25.357472,82.18941,NER,Uttar Pradesh
JJP,Jhanjharpur,26.228493,86.267833,?,Bihar
JRKN,Jorkian,29.8325238,74.2221512,NWR,Rajasthan
KCV,Krishnachandrapur,21.824613,86.82005,SER,Orissa
JSC,Jalesar City,27.459871,78.30634,NCR,Uttar Pradesh
HRO,Harua Road,22.661628,88.689994,ER,West Bengal
ASTG,Astegaon,21.296402,77.927221,,
IKR,Iklehra,22.207929,78.711385,CR,Madhya Pradesh
JKZ,Jitakheri,29.0117786412,75.9873709528,?,Haryana
HHT,Habanghata,13.226848573,76.2495220447,SWR,Karnataka
KLM,KADLIMATTI,16.236489,75.796092,SWR,Karnataka
KDHA,KARCHHA,23.1048189579,75.9098425183,WR,Madhya Pradesh
KDF,KHUNDAUR,26.020077,82.01505399999999,NR,Uttar Pradesh
KJU,KUNTIGHAT,23.016799000000002,88.413149,ER,West Bengal
KTPK,KOTHA PAKKI,30.143767,73.966186,NR,Rajasthan
KLWL,KILANWALI PUNJAB,30.137221,74.11242,NR,Punjab
KHRS,KHARESHWAR ROAD,23.0627851439,71.9804719385,WR,Gujarat
KCP,Kalgupur,18.163878,77.19175,SCR,Karnataka
KJTW,KAJGAON TERHWAN,25.685669,82.70545000000001,NR,Uttar Pradesh
KIP,KHALILPUR,28.274856,76.67836199999999,NR,Haryana
KHU,KHURHAND,25.352584,80.49498,NCR,Uttar Pradesh
KAW,KHAJRI,25.563233999999998,77.617075,WCR,Madhya Pradesh
KOV,KIRLOSKARVADI,17.084152,74.41635799999999,CR,Maharashtra
KDJR,Kendujhargarh,21.66029,85.62690500000001,ECoR,Orissa
TKRA,Tikra Ph,21.664080000000002,87.531081,?,West Bengal
KHMA,Khatima,28.915440999999998,79.969431,NER,Uttarakhand
KRW,KHARWA,26.204383999999997,74.42653,NWR,Rajasthan
KMDR,KARIMUDDIN PUR,25.700369000000002,83.860581,NER,Uttar Pradesh
KRD,KARAD,17.310011,74.215686,CR,Maharashtra
KMAH,KAMATHE,17.477292,73.515552,KR,Maharashtra
KLDI,KALDHARI,16.837853,81.678046,SCR,Andhra Pradesh
KMP,KAMLAPUR,27.378437,80.822278,NER,Uttar Pradesh
KN,KADALUNDI,11.133481,75.82803299999999,SR,Kerala
KFK,KATKA,25.250251,82.634249,NER,Uttar Pradesh
KKLU,Kaklur,18.883305,81.619792,ECoR,Chhattisgarh
JVL,Jamwala,20.971057,70.772358,WR,Gujarat
KOF,Marwar Kori,24.9119408017,72.2738395703,NWR,Rajasthan
JTV,Jetalvad,21.35276,70.82471799999999,WR,Gujarat
KLSX,Kaulseri,30.369503,75.941435,NR,Punjab
KNJ,Krishnanagar City Junction,23.388714,88.493636,ER,West Bengal
KTK,KYATANEAKERI RD,17.05336,75.821206,SWR,Karnataka
LNK,LOHIAN KHAS JN,31.165462,75.196445,NR,Punjab
LSD,LUSADIYA,23.685409999999997,73.421111,NWR,Gujarat
SPPR,SHUDNIPUR,25.626255,82.64049800000001,NR,Uttar Pradesh
LGT,LANGTING,25.49759,93.110265,NFR,Assam
KRR,KARUR,10.965642,78.085087,SR,Tamil Nadu
KWMD,KUMBHAWAS MUNDA,28.255391,76.660871,NR,Haryana
KU,KULIKARAI,10.766395,79.579324,SR,Tamil Nadu
KRTL,Kartauli,28.3110435,79.42761829999999,NER,Uttar Pradesh
KUND,Kund,28.145183762800002,76.39848079709999,NWR,Haryana
MCQ,MIRCHADHORI,24.291847,82.793413,ECR,Madhya Pradesh
BDO,Bahalda Road,,,SER,Orissa
KSNR,KHUSHAL NAGAR,26.9877753343,83.6983925134,NER,Uttar Pradesh
KYNT,KALYANKOT,29.298804999999998,73.637024,NWR,Rajasthan
LXR,LUNSERIYA,22.585491,71.036258,WR,Gujarat
LP,LALAPET,10.95132,78.339233,SR,Tamil Nadu
KQL,KANDHLA,29.324701,77.293239,NR,Uttar Pradesh
KZI,KHANDRAWALI,29.382584655000002,77.2938848779,NR,Uttar Pradesh
KXL,KAMARBANDHA ALI,26.529561,94.056352,NFR,Assam
LGH,LALGARH JN,28.043638,73.313909,NWR,Rajasthan
LH,LAHING,26.7412013647,94.4371491022,NFR,Assam
KRKD,KARAKKAD,10.782804,76.227856,SR,Kerala
LMP,LAKHIMPUR,27.947414,80.777625,NER,Uttar Pradesh
MBB,Murshidabad,24.176963999999998,88.281598,ER,West Bengal
KUX,Khirsadoh Junction,22.140449999999998,78.798394,CR,Madhya Pradesh
KWGN,Kawargaon,18.896086,81.53352199999999,ECoR,Chhattisgarh
LBW,Laiburwa Halt,27.5260420401,82.4683445782,NER,Uttar Pradesh
MLGH,Mandalgarh,25.194176,75.08094,WCR,Rajasthan
LAU,Ladnun,27.64255,74.4056,NWR,Rajasthan
MLKA,Maluka,22.202912,85.672936,SER,Jharkhand
MLZ,MALARNA,26.231078,76.534634,WCR,Rajasthan
MPJ,Madanpur,23.005927999999997,88.489717,ER,West Bengal
MPT,Mangalampeta,13.568344,79.074022,SCR,Andhra Pradesh
MCV,MACHARYA,28.772575,78.80370199999999,NR,Uttar Pradesh
MDSA,Modasa,23.451923,73.304944,WR,Gujarat
MFJ,Muftiganj,25.700913,82.827774,NER,Uttar Pradesh
MOMU,Molakalmuru,14.709669,76.74572699999999,SWR,Karnataka
MOT,MALOUT,30.184671,74.49550799999999,NR,Punjab
MMP,MAMBALAPPATTU JN,11.95223333,79.37390499,SR,Tamil Nadu
MFX,MADARAHA,25.273637,81.764284,NCR,Uttar Pradesh
MJHR,MAJHIARI,25.1789843066,81.5188330261,NCR,Uttar Pradesh
MJG,MAJHAGAWAN,24.913389000000002,80.811656,WCR,Madhya Pradesh
MQZ,MOTA JADRA,21.082538000000003,71.704462,WR,Gujarat
MNKN,MANIKALAN HALT,25.917549,82.691157,NR,Uttar Pradesh
MOG,MOHIUDDINNAGAR,25.606296391399997,85.70332322690001,ECR,Bihar
MGC,MUGAT,19.17485,77.427262,SCR,Maharashtra
MVI,MORBI,22.825342,70.829277,WR,Gujarat
MOB,MANOHARABAD,17.75573,78.45439599999999,SCR,Andhra Pradesh
MLW,Mallanwan,27.0362379616,80.1583349207,NR,Uttar Pradesh
MPN,Madhyampur,22.619981,88.896007,ER,West Bengal
MDLL,MUDDALINGAHALLI,13.2391442032,77.3047403595,SWR,Karnataka
MAQ,MANGALORE CNTL,12.862325,74.844068,SR,Karnataka
MBP,MOHIBULLAPUR,26.909235,80.938923,NER,Uttar Pradesh
MANW,MANWA,27.218852,80.849604,NER,Uttar Pradesh
MGLP,MANGOLPURI,28.6832457826,77.0905744531,NR,Delhi NCT
MLAR,MALANPUR,26.413117999999997,78.27281099999999,NCR,Madhya Pradesh
MHF,Mohari Junction,26.70055271,77.55378492,NCR,Rajasthan
MEJ,VANCHIMANIYACHI,8.882102999999999,77.890651,SR,Tamil Nadu
MTPR,Raimehatpur,31.405746999999998,76.32431100000001,NR,Himachal Pradesh
MNSR,MANAKSAR,29.680074,74.383621,NWR,Rajasthan
MRZA,MIRZA,26.0727512878,91.51740114900001,NFR,Assam
MJ,MARWAR JN,25.720478999999997,73.609301,NWR,Rajasthan
MRDD,Mordar,21.74264,76.44924400000001,SCR,Madhya Pradesh
MWK,Mordad Tanda,20.688190000000002,74.904782,CR,Maharashtra
MHRG,Mahendragarh,28.281433000000003,76.14863000000001,NWR,Haryana
MUV,MANDUADIH,25.300001,82.972079,NER,Uttar Pradesh
MKT,Mukhtiar Balwar,22.398362,75.973751,WR,Madhya Pradesh
MEKM,Melakkonnakkulam,9.724592999999999,78.46655700000001,SR,Tamil Nadu
MJZ,Majhola Pakarya,28.831681000000003,79.899341,NER,Uttarakhand
MGWD,Mahngarwal Doaba,31.325405,76.088969,NR,Punjab
MKM,Marikuppam,12.918968,78.263789,SWR,Karnataka
MVW,Mallividu,17.971931,83.17285799999999,ECoR,Andhra Pradesh
MYD,MANDERDISA,25.707319,93.123109,NFR,Assam
NKD,NEKONDA,17.794877999999997,79.80459300000001,SCR,Andhra Pradesh
NRNR,Nurnagar,28.915414000000002,77.71298900000001,NR,Uttar Pradesh
PBW,PANTNAGAR,29.017708,79.51778,NER,Uttarakhand
NDBT,NANDPUR BHATAULI,32.013177,76.115499,NR,Himachal Pradesh
NRVR,NARAINA VIHAR,28.6376790996,77.1415966599,NR,Delhi NCT
MXR,MAHUR,25.187996,93.126299,NFR,Assam
MZGI,MANZURGARHI,27.964290000000002,78.10663,NCR,Uttar Pradesh
SURI,SIURI,23.890185,87.5327,ER,West Bengal
MTA,MATHELA,21.8802561555,76.38997105099999,WCR,Madhya Pradesh
NLI,NAMLI,23.455521,75.067161,WR,Madhya Pradesh
NBH,NIMBAHERA,24.623252,74.694312,WR,Rajasthan
NNE,NONERA,26.437569,78.333363,NCR,Madhya Pradesh
NCJ,NAGERCOIL JN,8.17385,77.44347,SR,Tamil Nadu
NB,NIMBHORA,21.160781,75.975186,CR,Maharashtra
NEW,NIVARI,25.328061,78.82007,NCR,Uttar Pradesh
RSWN,RAMESHWAR NAGAR,26.980403000000003,84.520106,,
NVF,NAGAVANGALA,13.661093,75.98716300000001,SWR,Karnataka
MZA,MEZENGA S,26.884475000000002,94.679344,NFR,Assam
NWH,Nawalgarh,27.844017432134876,75.24608317762613,NWR,Rajasthan
NHK,NAHARKATIYA,27.289403,95.32977500000001,NFR,Assam
NDW,Nadwan,25.3966869286,85.0656737195,ECR,Bihar
MUGR,Manuguru,17.925272,80.799034,SCR,Andhra Pradesh
NNNL,NANDANI LAGUNIA,25.6254080511,85.6313754486,ECR,Bihar
MTNL,MUTTARASANALLUR,10.865860000000001,78.648401,SR,Tamil Nadu
NRI,NARAINA,26.796463999999997,75.193029,NWR,Rajasthan
NIDI,NIDI,18.472247,73.106567,CR,Maharashtra
NTU,NIGATPUR,25.251216000000003,82.758511,NER,Uttar Pradesh
NIV,NIVASAR,16.946588000000002,73.454552,KR,Maharashtra
PDD,PADUBIDRI,13.197027,74.76816500000001,KR,Karnataka
NBU,NARASAMBUDHI,12.104692,76.70180500000001,SWR,Karnataka
NAG,NAGARGALI,15.424554374700001,74.6213530695,SWR,Karnataka
NGW,Nauganwan,23.414388,75.1892654,WR,Madhya Pradesh
NUH,Naugarh,27.275029999999997,83.08829899999999,NER,Uttar Pradesh
PDPH,Padapahar Junction,22.156554999999997,85.545961,SER,Jharkhand
NIP,Nizampur,27.9667684942,76.0107869,NWR,Rajasthan
PPY,PAPATAPALLI,17.373688,80.175744,SCR,Andhra Pradesh
PHRH,PANCH RUKHI,32.056252,76.564492,NR,Himachal Pradesh
PUL,RAMPURA PHUL,30.269357000000003,75.23737999999999,NR,Punjab
RBGJ,ROBERTS GANJ,24.683136,83.077822,NCR,Uttar Pradesh
POKL,PEOKOL,26.340803,83.930204,NER,Uttar Pradesh
RDD,RIKHABDEV ROAD,23.997173,73.74805500000001,NWR,Rajasthan
PPC,PIPRAICH,26.828307,83.535848,NER,Uttar Pradesh
RGO,ROTEGAON,19.956132,74.75787,SCR,Maharashtra
RMJK,RAM NAGAR J K,32.863528,75.14542599999999,NR,Jammu and Kashmir
PRL,POLUR,12.511327000000001,79.13055800000001,SR,Tamil Nadu
PMKT,PIMPALKHUTI,19.829473,78.581025,CR,Maharashtra
PRT,PANRUTI,11.773239,79.555153,SR,Tamil Nadu
PAD,PARDI,20.513153,72.92431099999999,WR,Gujarat
PFM,PHAPHAMAU JN,25.524255999999998,81.866406,NR,Uttar Pradesh
PDV,PANDARAVADAI,10.913696,79.242126,SR,Tamil Nadu
PNHI,PANHAI,25.081679,81.189495,NCR,Uttar Pradesh
NWMS,NOAPARA MAHISHA,24.323279,88.13727399999999,ER,West Bengal
PNB,PANBARI,26.226727,91.951417,NFR,Assam
ODB,OODLABARI,26.866793,88.624639,NFR,West Bengal
PNU,PALANPUR JN,24.174433,72.430172,WR,Gujarat
PLSG,Palasingi,19.014074,83.805056,ECoR,Andhra Pradesh
PUX,Parasia,22.193186,78.76432,CR,Madhya Pradesh
PKQ,Pattikkad,11.020627,76.23179499999999,SR,Kerala
PDSN,Peddasana,18.593147,84.18448500000001,ECoR,Andhra Pradesh
PTD,Petlad Junction,22.5452909,72.9294731,WR,Gujarat
PCLI,Palachauri,22.201012,78.659087,CR,Madhya Pradesh
PLA,Palia,22.829589000000002,75.79984999999999,WR,Madhya Pradesh
SB04,Mana,21.21457,81.689931,?,Chhattisgarh
RHN,ROSHANPUR,29.046556,78.887727,NER,Uttar Pradesh
RNT,RANTHAMBHORE,26.093062999999997,76.41000100000001,WCR,Rajasthan
SAGM,SAGMA,24.622107,80.828347,WCR,Madhya Pradesh
RUI,Rukni,23.551806,86.548025,SER,West Bengal
RV,RAVER,21.222201,76.044594,CR,Maharashtra
SBV,SIMRI BHAKHTIYARPUR,25.7208597875,86.5973840167,ECR,Bihar
RJW,RAJEVADI,18.384143186099998,74.1551290765,CR,Maharashtra
KMM,KANNAMANGALAM,12.753547405299999,79.1611348285,,
SDHR,Sandhanidhar,20.942193,70.713698,WR,Gujarat
SAHP,SAHIJPUR,23.061366,72.631634,WR,Gujarat
RMRB,Ramnagar Bengal,21.677450999999998,87.55405,?,West Bengal
SGF,SANGAT,30.088059,74.83253,NWR,Punjab
SAC,SANICHARA,26.363371,78.198369,NCR,Madhya Pradesh
RORA,RORA,25.293896,79.236769,NCR,Uttar Pradesh
SAPE,SAPE WAMNE,18.085549,73.356471,KR,Maharashtra
RJS,RAJIYASAR,29.0674933054,73.8421637408,NWR,Rajasthan
SET,SETTIHALLY,12.6442282946,77.1419178821,SWR,Karnataka
RMF,RAMNA,24.239748,83.605713,ECR,Jharkhand
SGKM,Srungavruksham,16.543756,81.601906,SCR,Andhra Pradesh
RGA,Rajgoda,22.324313,87.866472,SER,West Bengal
RVK,RAJA BHAT KHAWA,26.6201438112,89.528605351,NFR,West Bengal
RTB,RAJA TALAB,25.2639068026,82.8507290414,NER,Uttar Pradesh
PYD,PALLIYADI,8.26515,77.259683,SR,Tamil Nadu
SASG,Sasan Gir,21.168995000000002,70.602443,WR,Gujarat
SGV,Sargachhi,24.01772,88.244037,ER,West Bengal
RJL,Rajmahal,25.052535,87.831451,ER,Jharkhand
RS,Risia,27.688822,81.605514,NER,Uttar Pradesh
RCA,Rentachintala,16.545258999999998,79.549492,SCR,Andhra Pradesh
RAK,Ramkot,27.534312,80.59740799999999,NR,Uttar Pradesh
PXR,Palpara,23.059458,88.520722,ER,West Bengal
SDGH,Sri Dungargarh,28.070311,74.008011,NWR,Rajasthan
SCE,Senchoa Junction,26.3116130653,92.6424819141,NFR,Assam
SBL,Sabalgarh,26.2512745542,77.4087421698,NCR,Madhya Pradesh
SKJ,SAHIBPUR KAMAL JN,25.4270372397,86.4001292639,ECR,Bihar
SRM,Sarna,32.252678,75.57852799999999,NR,Punjab
SRW,Shri Karanpur,29.844419000000002,73.458716,NWR,Rajasthan
SKX,SARKARA,29.166922000000003,79.083308,NER,Uttarakhand
SMP,SHAMBHUPURA,24.771439,74.641918,WR,Rajasthan
SUX,SUDIYUR,9.602939000000001,78.48234500000001,SR,Tamil Nadu
SNRR,SANSARPUR,23.6789703455,80.3473074512,WCR,Madhya Pradesh
SVD,SARWARI,19.764637,75.93969899999999,SCR,Maharashtra
SZK,SUR KHAND KA KHEDA,24.118095,73.879823,NWR,Rajasthan
STZ,Satraon,26.283587,83.82137900000001,NER,Uttar Pradesh
SPLE,SUJNIPARA,24.571584,88.03679699999999,ER,West Bengal
CHOK,Chowk,18.902861,73.239613,,
SRT,SATUR,9.357545,77.92156999999999,SR,Tamil Nadu
APRH,Alehpur Halt,26.2094647257,84.78898557980001,,
SOAE,SOMRA BAZAR,23.13916,88.433032,ER,West Bengal
SJQ,SURAJPUR ROAD,23.289233,82.880146,SECR,Chhattisgarh
SR,SABLI ROAD,23.0348065663,71.9526427954,WR,Gujarat
SOL,Solan,30.907937,77.097531,NR,Himachal Pradesh
SGRR,SANGAR,32.80617,75.044078,NR,Jammu and Kashmir
SMF,SAMAR GOPALPUR,28.9608890803,76.51864460750001,NR,Haryana
STP,SITAPUR,27.558728,80.697762,NER,Uttar Pradesh
STDR,Satadhar,21.283915999999998,70.721182,WR,Gujarat
SJF,SAJANVAR ROAD,21.07527,71.60840800000001,WR,Gujarat
SHH,SHAPUR JN,21.478281,70.37105700000001,WR,Gujarat
SMX,Simurali,23.041337,88.51016399999999,ER,West Bengal
SNAR,Srinagar Rajasthan,25.3640471585,75.5690913623,WCR,Rajasthan
SMNE,SOMTANE,18.952233,73.145524,CR,Maharashtra
SRGT,SURENDRANAGAR GATE,22.734565,71.636053,WR,Gujarat
SWV,SAWANTWADI ROAD,15.866512,73.785308,KR,Maharashtra
SIM,SHRI AMIRGADH,24.405948,72.643675,NWR,Rajasthan
SLHA,SALHANA,23.820462097900002,80.65672125239999,WCR,Madhya Pradesh
SRMT,Sirmuttra,26.518904,77.375168,NCR,Rajasthan
SLM,Somalapuram,14.914015000000001,76.86885600000001,SWR,Andhra Pradesh
SNMY,Sindri Marshalling Yard,23.667035000000002,86.46617599999999,ECR,Jharkhand
SRSL,Sirsala,28.4266753002,75.1294882373,NWR,Rajasthan
SGPA,Sugapahari,24.2790237518,86.57804878910001,ER,Jharkhand
SVO,Sanvrad,27.521887,74.518574,NWR,Rajasthan
SJV,Sanjhauli Halt,25.1438922456,84.191033988,ECR,Bihar
SNZ,Sherganj,28.380488999999997,79.804862,NER,Uttar Pradesh
SMET,Shimoga Town,13.943036999999999,75.583174,SWR,Karnataka
SSNR,Satsang Nagar Halt,24.49030743,86.68168063,ER,Jharkhand
SKSO,Sikosa,20.868216,81.285568,SECR,Chhattisgarh
TIL,TILRATH,25.441178999999998,86.06853100000001,ECR,Bihar
UMM,UMRAM,19.661586179100002,78.4373421246,SCR,Andhra Pradesh
TDR,TIRUVIDAIMARUTHUR,10.990634,79.453706,SR,Tamil Nadu
TKH,Thakurtola,21.651992,86.97071700000001,SER,Orissa
TRPL,TRIPAL HALT,32.00601,76.204696,NR,Himachal Pradesh
TLRA,TALARA,32.239023,75.903937,NR,Himachal Pradesh
TMD,TALMADLA,18.239215,78.356638,SCR,Andhra Pradesh
BHKL,BHAKRAULI,28.308471,78.474665,NR,Uttar Pradesh
TRWT,TARAVATA,24.74613,77.381391,WCR,Madhya Pradesh
WKR,WANKANER JN,22.622552,70.96561700000001,WR,Gujarat
SWE,SIWAITH,25.577037999999998,81.86926100000001,NR,Uttar Pradesh
TGE,THEKERAGURI,26.199171,92.40385900000001,NFR,Assam
TSAH,Tata Sijua Halt,23.7745106829,86.3316696973,SER,Jharkhand
TGL,TUGGALI,15.310975000000001,77.53014599999999,SCR,Andhra Pradesh
UBL,HUBLI JN,15.350302000000001,75.148104,SWR,Karnataka
TID,TAGDI,22.296445000000002,71.948621,WR,Gujarat
ARGP,ARALAGUPPE,13.253131999999999,76.615439,SWR,Karnataka
UCA,UCHANA,29.466064000000003,76.178544,NR,Haryana
TAK,Tarakeswar,22.882582,88.013437,ER,West Bengal
UMN,AMBLIYASAN,23.447386,72.423181,WR,Gujarat
SZP,Shahjahanpur,27.893402000000002,79.904536,NER,Uttar Pradesh
TTQ,Thathankulam,8.627298,77.875152,SR,Tamil Nadu
TJH,Tajgadh,22.350958,73.90478800000001,WR,Gujarat
UKC,UKSHI,17.1297597205,73.4559422882,KR,Maharashtra
UAA,UPPALA,12.6698,74.906488,SR,Kerala
TKQ,TRIKARPUR,12.142185,75.176143,SR,Kerala
VAPM,VALAPATTANAM,11.927728,75.346365,SR,Kerala
TUNG,Tung,26.921803,88.294811,NFR,West Bengal
TKT,TIKKOTTI,11.490426,75.626246,SR,Kerala
UGWE,Ugwe,20.806248999999998,77.009265,SCR,Maharashtra
TRDI,Tirodi,21.688066,79.724564,SECR,Madhya Pradesh
TQA,Takia,26.311678999999998,80.782017,NR,Uttar Pradesh
TPU,Tanakpur,29.067103,80.10904500000001,NER,Uttarakhand
DHL,Devanhalli,13.246834,77.70463099999999,SWR,Karnataka
TAV,Talala Junction,21.04184,70.522164,WR,Gujarat
TPO,Tantpur,26.83193514,77.47803025,NCR,Rajasthan
THKU,Thallak,14.450854,76.675366,SWR,Karnataka
VD,VAGDIYA,22.6141762638,71.2916898169,WR,Gujarat
YGA,Yerra Goppa Halt,15.905354,75.64807800000001,SWR,Karnataka
AGQ,ASIRGARH ROAD,21.378418,76.268065,CR,Madhya Pradesh
AA,ATARIA,27.172456999999998,80.861033,NER,Uttar Pradesh
WSD,WASUD,17.377406,75.14765299999999,CR,Maharashtra
AED,AULENDA,27.029152,77.612583,NCR,Uttar Pradesh
ARH,AMHERA,29.26223824,78.28580221,NR,Uttar Pradesh
SWDE,SIWAHA,29.340294,76.456292,NR,Haryana
BHWA,BECHHIWARA,23.787792,73.535256,NWR,Rajasthan
VRV,VIRAVADA,23.612331,73.07902999999999,NWR,Gujarat
YLG,YALVIGI,15.0342535867,75.4094012659,SWR,Karnataka
ADHL,ADIHALLI,13.2834201678,76.3472840454,SWR,Karnataka
WRGN,WARIGAON NEWADA,25.586146,82.56831600000001,NR,Uttar Pradesh
APTA,APTA,18.863471,73.152629,CR,Maharashtra
WC,WADHWAN CITY,22.702931,71.67236,WR,Gujarat
ADRA,ADRA JN,23.495992,86.67466499999999,SER,West Bengal
AKOT,Akot,21.095661,77.047217,SCR,Maharashtra
BHUJ,BHUJ,23.2660225,69.6778278,WR,Gujarat
VLI,VALLIKUNNU,11.09046,75.85165099999999,SR,Kerala
ATRR,ATRAURA,25.316112,82.314016,NER,Uttar Pradesh
VPU,VELPURU,16.725963999999998,81.662635,SCR,Andhra Pradesh
VJPJ,VIJAYPUR JAMMU,32.57197,75.020996,NR,Jammu and Kashmir
ZNP,Zindpura,28.191347,79.849699,NER,Uttar Pradesh
BHRL,BHAROLI JUNCTION,32.27104809,75.61637323000001,NR,Punjab
PQT,Puniyavant,22.332118,73.95733100000001,WR,Gujarat
VRA,Valavanur,11.917402000000001,79.573803,SR,Tamil Nadu
XBKJ,Bikramganj,25.218913999999998,84.27373100000001,ECR,Bihar
VTG,Bhetaguri,26.3029681,89.6653098,NFR,West Bengal
ATKS,Atwa Kursath,27.134570267199997,80.2672099268,NR,Uttar Pradesh
WDJ,Wanderjatana,30.564802,74.740729,NR,Punjab
AMI,Amravati,20.930082900000002,77.7577863,CR,Maharashtra
BIPR,Bheempura,25.129644,72.39224899999999,NWR,Rajasthan
ARP,Atrampur,25.572021,81.745663,NR,Uttar Pradesh
WEL,Wellington,11.3559,76.786078,SR,Tamil Nadu
ARKA,Arkha,25.867316000000002,81.331277,NR,Uttar Pradesh
BAMA,BIRAMBAD,26.922783000000003,77.32494000000001,NCR,Rajasthan
AUR,ATRAULI ROAD,28.0971879576,78.2201080066,NR,Uttar Pradesh
BCB,Bhowra Junction,23.67077,86.417009,SER,Jharkhand
BHBK,BODHADI BUJRUG,19.4962759853,78.1952487683,SCR,Maharashtra
BDHA,BADHADA,21.2703,71.33741400000001,WR,Gujarat
BHET,BHESTAN,21.1278829,72.8613128,WR,Gujarat
BFZ,BHANDARTIKURI,23.43319157,88.32981731,ER,West Bengal
BATL,BAIHATOLA,23.231203999999998,82.05862,SECR,Madhya Pradesh
BGQ,BHONGAON,27.2590416,79.1657234,NCR,Uttar Pradesh
BGHU,Borraguhallu,18.275624,83.040289,ECoR,Andhra Pradesh
BELD,BELKHERA,22.981891,79.299879,WCR,Madhya Pradesh
BIF,BHAIRONPUR,22.432086,77.420409,WCR,Madhya Pradesh
BAU,BURHANPUR,21.3343976,76.1986787,CR,Madhya Pradesh
BJK,BIJORA,25.145112400000002,76.3956989,WCR,Rajasthan
BDT,BORDUBI ROAD,27.399181,95.314595,NFR,Assam
BPRS,BHOGPUR SIRWAL,31.556593699999997,75.6452234,NR,Punjab
BIP,BAHILPURWA,25.137088000000002,80.998599,NCR,Uttar Pradesh
BGWD,BAGEWADI,16.30777084,74.75360002999999,SWR,Karnataka
BGAN,Bangain,27.238993,81.90592400000001,NER,Uttar Pradesh
BID,BIDADI,12.8004252,77.39029839999999,SWR,Karnataka
BNDI,Barundini,25.173406,74.93010100000001,WCR,Rajasthan
BDCR,Bhadrachalam Road,17.550365,80.616024,SCR,Andhra Pradesh
KISN,KALISEN,23.1816003962,87.1624991003,,
AYU,ABHAYAPURI ASSAM,26.356599,90.641696,NFR,Assam
BFT,Bhabta,23.9869677,88.241584,ER,West Bengal
BHLP,BHULANPUR,25.2878753,82.9575192,NER,Uttar Pradesh
BAHP,Band Hamirpur,26.32975,80.744382,NR,Uttar Pradesh
BLSD,Balsamand,27.581307,74.473873,NWR,Rajasthan
BEE,Bebejia,26.310185,92.640956,NFR,Assam
BAA,Barala,24.300532,88.039851,ER,West Bengal
BDZ,Badkulla,23.3046657,88.526557,ER,West Bengal
BIGA,Bigga,28.0474529072,74.20137015629999,NWR,Rajasthan
BAYD,Beyad,23.216364,73.20732600000001,WR,Gujarat
BBLA,Bhyabla Halt,22.654259999999997,88.854932,ER,West Bengal
BHAN,Bhoyani,23.358779,72.234682,WR,Gujarat
BK,Bakra Road,25.2130523,72.487603,NWR,Rajasthan
BBJ,Babaganj,27.964290000000002,81.568611,NER,Uttar Pradesh
BBT,Birati,22.66472,88.42761300000001,ER,West Bengal
AWH,Alewahi,20.38793,79.71014699999999,SECR,Maharashtra
BDMA,Budhma,25.902768,86.85700899999999,ECR,Bihar
BGLI,Bargolai,27.287485999999998,95.703548,NFR,Assam
BLAX,BARLAI,22.894163,75.962109,WR,Madhya Pradesh
BSAE,BANSH BARIA,22.957288000000002,88.395641,ER,West Bengal
BRHL,BARYAL HIMACHAL,32.025465000000004,76.100072,NR,Himachal Pradesh
CHKE,Challakere,14.315154000000001,76.66001700000001,SWR,Karnataka
BRND,BORIDAND,23.267799,82.178765,SECR,Madhya Pradesh
CHRM,Chirmiri,23.1894855,82.34955079999999,SECR,Chhattisgarh
BPKA,BHOPALKA,22.122780300000002,69.3687405,WR,Gujarat
BNKH,BHAIRANAYAKANAH,13.194258,77.38339300000001,SWR,Karnataka
ALN,ALANDI,18.451229,74.09309499999999,CR,Maharashtra
BRLA,BRAYLA CHAURASI,23.5556827445,75.0927610413,WR,Madhya Pradesh
BQG,Bhagwangola,24.333178,88.309816,ER,West Bengal
BQM,Barelipur,22.051583,78.407732,CR,Madhya Pradesh
BNA,BANNI KOPPA,15.40662732,75.94180892,SWR,Karnataka
BKU,BHIKNUR,18.1644907169,78.39915082280001,SCR,Andhra Pradesh
BLSA,BOLSA,19.0012905282,77.7029205847,SCR,Maharashtra
BMBE,BIMBARI,19.164065,77.631226,SCR,Maharashtra
BOKR,BHOKAR,19.213965,77.666535,SCR,Maharashtra
CAG,CHHABRA GUGOR,24.680339,76.850989,WCR,Rajasthan
CJW,CHAJAWA,25.008594000000002,76.580569,WCR,Rajasthan
BKTW,Baikunth,21.489690999999997,81.777975,,
ADB,ADILABAD,19.680104,78.535285,SCR,Andhra Pradesh
BPM,BAGPAT ROAD,28.957503,77.272589,NR,Uttar Pradesh
CIV,Chinnaravuru,16.224010999999997,80.655843,SCR,Andhra Pradesh
CHI,CHIPLUN,17.542507399999998,73.522429,KR,Maharashtra
CAN,KANNUR,11.870694199999999,75.3683267,SR,Kerala
BNG,Barnagar,23.0304117,75.6111208,WR,Madhya Pradesh
MPL,Madanapalle Road,13.644442,78.55442400000001,SCR,Andhra Pradesh
BRQ,BAGRAKOT,26.87063169,88.58596154,NFR,West Bengal
BNQ,BANARHAT,26.797885,89.025682,NFR,West Bengal
BMJ,Bridgemanganj,27.195536999999998,83.197098,NER,Uttar Pradesh
BRK,Bahraich,27.581536,81.6075183,NER,Uttar Pradesh
BRMX,Barmi,27.489413,80.56082099999999,NR,Uttar Pradesh
BNW,Bhiwani,28.7984261,76.1255797,NWR,Haryana
BNSA,Banbasa,28.991685,80.0732101,NER,Uttarakhand
BSHT,Basirhat,22.650516,88.86896,ER,West Bengal
CHRU,CHAMRUA,28.796205999999998,79.13898800000001,NER,Uttarakhand
ANP,ANANDTANDAVPUR,11.143966349,79.6576745148,SR,Tamil Nadu
ANGR,ANGADGERI HALT,16.451873659999997,75.84589116000001,SWR,Karnataka
AAY,ARALVAYMOZHI,8.2494513612,77.5292646945,SR,Tamil Nadu
ALNP,Akelahanspur Halt,28.34054,80.31557099999999,NER,Uttar Pradesh
BAH,BHABHAR,24.065279999999998,71.615774,WR,Gujarat
AON,ARAON,27.114343,78.692248,NCR,Uttar Pradesh
BZLE,BAZARSAU,23.8757926,88.1828793,ER,West Bengal
CHPD,CHEPPAD HALT,9.232679000000001,76.47674199999999,SR,Kerala
CGO,CHHIDGAON,22.406953,77.314105,WCR,Madhya Pradesh
AJM,Adraj Moti,23.258801000000002,72.565608,WR,Gujarat
CKR,CHIKODI ROAD,16.3690477592,74.76949432980001,SWR,Karnataka
BSR,VASAI ROAD,19.3824486,72.8322217,WR,Maharashtra
ABGT,ARBAGATTA HALT,13.907468,76.13497100000001,SWR,Karnataka
BTJ,BISHNATHGANJ,25.801897,81.935379,NR,Uttar Pradesh
BUS,BADAUSA,25.248423000000003,80.651011,NCR,Uttar Pradesh
ANCR,ANCHURI,23.283904,86.993174,SER,West Bengal
BSZ,Bharwa Sumerpur,25.825412999999998,80.167419,NCR,Uttar Pradesh
BSW,Baneswar,26.388205,89.494466,NFR,West Bengal
PTN,PATAN,23.853292,72.13167200000001,WR,Gujarat
ABZ,Adgaon Buzurg,21.123876,76.955924,SCR,Maharashtra
ADE,ADARI ROAD,20.986794999999997,70.330818,WR,Gujarat
AMC,Amritapura,14.1395487324,76.24556342560001,SWR,Karnataka
CDA,CHUDA,22.495211350199998,71.7500982013,WR,Gujarat
AKS,ANKUSPUR,25.5713190547,83.4940121521,NER,Uttar Pradesh
ANO,ANJANI,17.620604999999998,73.399308,KR,Maharashtra
APDC,Alipur Duar Court,26.499254999999998,89.526808,NFR,West Bengal
CDK,CHANDKHERA ROAD,23.111868,72.563224,WR,Gujarat
CGHD,CHINNADAGUDI,12.084594000000001,76.732445,SWR,Karnataka
CJS,CHARAMULA KUSUM,19.020403,82.401044,ECoR,Chhattisgarh
BTGH,Bettadnagenhali,14.1738302683,76.2593350818,SWR,Karnataka
ADR,Mandi Adampur,29.283136000000002,75.468851,NWR,Haryana
BSUR,Bisalpur,28.290515999999997,79.812599,NER,Uttar Pradesh
ANC,Annechakanahali,12.7379,76.282814,SWR,Karnataka
CCI,Chinnekuntapali,14.4427884187,77.8420563,SCR,Andhra Pradesh
BTRI,Bitrol,27.984069,78.92398,NER,Uttar Pradesh
AGCI,Angadi,22.806751,73.282558,WR,Gujarat
ALS,Amlori Sarsar,26.2947140024,84.3455775659,NER,Bihar
BFE,BAHAWAL BASI,30.147265,74.279311,NR,Punjab
AXK,ASOKHAR,26.525539,78.55585400000001,NCR,Madhya Pradesh
AXA,AMARSAR,22.585991,70.91711000000001,WR,Gujarat
BENL,BENL,16.384407,75.882249,SWR,Karnataka
BBW,BODARWAR,26.8780004923,83.6381910315,NER,Uttar Pradesh
BAJE,Bajakare Halt,12.720476000000001,75.508955,SWR,Karnataka
AMQ,AMMUGUDA,17.487039,78.527215,SCR,Andhra Pradesh
BBA,BABRALA,28.2664932,78.4034137,NR,Uttar Pradesh
ALW,ALWAL,17.505779,78.515006,SCR,Andhra Pradesh
ATE,ATARRA,25.291367,80.576491,NCR,Uttar Pradesh
AWL,ALAWALPUR,31.425164,75.642236,NR,Punjab
AZP,AYYAMPET,10.896267,79.206701,SR,Tamil Nadu
ASK,ARSIKERE JN,13.314425,76.2520848,SWR,Karnataka
BAL,BUDALUR,10.782843000000002,78.981443,SR,Tamil Nadu
BAZ,BARAN,25.0967701,76.50512839999999,WCR,Rajasthan
AVRD,ARAVALI ROAD,17.316531,73.53816,KR,Maharashtra
BBGN,Barua Bamungaon,26.662157,93.944693,NFR,Assam
ANT,Anantnag,33.738534244499846,75.10713108815253,NR,Jammu and Kashmir
BDPA,Badalpur Ph,21.710487,87.616227,?,West Bengal
AVS,Auvaneeswaram,9.036513,76.852807,SR,Kerala
BDHN,Bodhan,18.645933,77.8881657,SCR,Andhra Pradesh
BED,Baseri,26.74699159,77.54301509999999,NCR,Uttar Pradesh
BDBG,Badhai Balamgarh Halt,30.459894,74.460168,NR,Punjab
AVK,Aravankadu,11.359124,76.769203,SR,Tamil Nadu
ATW,Atwa Muthia Halt,27.273989999999998,80.415479,NR,Uttar Pradesh
BGMU,Bangarmau,26.89181589,80.22205951000001,NR,Uttar Pradesh
BCHL,Bacheli,18.703461,81.238534,ECoR,Chhattisgarh
BBHT,Barabar Halt,25.0558596095,84.9743682056,?,Bihar
BFJ,Bhoras Budrukh,20.538301,75.01429200000001,CR,Maharashtra
BARL,Baral,28.494092,77.80997500000001,NR,Uttar Pradesh
BDBA,Badabandha Road,20.276721000000002,86.519951,ECoR,Orissa
BGD,Bara Gudah,29.697657,75.00164099999999,NWR,Haryana
BLA,BAJALTA,32.762368,74.953339,NR,Jammu and Kashmir
BHTL,BHATEL,22.164096299999997,69.4936287,WR,Gujarat
TSS,TALLI SAIDASAHU,31.03264,74.748404,NR,Punjab
BDWS,BADARWAS,24.983339819999998,77.56182792,WCR,Madhya Pradesh
BJPL,BAIJNATH PAPROLA,32.050368999999996,76.632508,NR,Himachal Pradesh
BLL,BANTANAHAL,15.16290019,77.27572365,SCR,Andhra Pradesh
BMA,BAGMAR,21.7371288607,76.3616019397,CR,Madhya Pradesh
BLWD,BOLWAD,16.823851,74.719998,CR,Maharashtra
BMNI,BAMANI,17.512801,75.23764299999999,CR,Maharashtra
BNY,Barhni,27.4957951,82.7918337,NER,Uttar Pradesh
BDVT,Bhadravati,13.842428700000001,75.702832,SWR,Karnataka
BMKI,BAPUDHAM MOTIHARI,26.655732999999998,84.90529000000001,ECR,Bihar
BIRD,BHIWANDI ROAD,19.268544000000002,73.045654,CR,Maharashtra
BI,BARI SADRI,24.411465,74.468715,NWR,Rajasthan
BLD,BHILAD,20.275323200000003,72.887446,WR,Gujarat
ALMW,ALMAW,25.259915,82.489941,NER,Uttar Pradesh
BGX,BAGRI SAJJANPUR,25.916759000000003,73.821842,NWR,Rajasthan
VTP,VASTRAPUR,23.00802,72.517982,WR,Gujarat
BNTH,BANDHNATH,21.434145,70.356879,WR,Gujarat
BIJR,BIJOOR,13.8221962,74.6420535,KR,Karnataka
BNS,BANAS,24.7131638,72.98872560000001,NWR,Rajasthan
BILP,Bhilpur,22.196154999999997,73.323477,WR,Gujarat
BGPR,BHAGWANPURA,25.419012000000002,73.36331200000001,NWR,Rajasthan
BGG,BANTA RAGHUNATHGARH,25.60180707,73.52738176000001,NWR,Rajasthan
BJPR,Bijaipur Road,26.196877,77.305586,NCR,Madhya Pradesh
BMY,Bamiana,28.26312382,79.3291058,NER,Uttar Pradesh
BNHR,Banbihari Gwalipur,20.33902661,86.20503345,ECoR,Orissa
BHAT,Bhatpura,26.327284000000002,77.674711,NCR,Madhya Pradesh
BINR,Brij Nagar,27.439639,77.089708,NCR,Rajasthan
BKS,Balikotia,26.46830942,92.57044308,NFR,Assam
BIR,Bir,22.05264,76.547232,WCR,Madhya Pradesh
BHDR,Bhadri,25.6766583,81.56775470000001,NR,Uttar Pradesh
BEDM,Bedham,27.453929,77.209461,NCR,Rajasthan
BPB,BADARPUR JN,24.865177499999998,92.5563227,NFR,Assam
GTU,GHAT NANDUR,18.722977999999998,76.563483,SCR,Maharashtra
BNTL,Bantawala,12.878545,75.034456,SWR,Karnataka
BRBL,Birahalli,12.667132,76.38519600000001,SWR,Karnataka
BSCK,BASUCHAK,25.53140767,83.34822341,NER,Uttar Pradesh
AND,ANDAMPALIAM,12.088426380000001,79.16898527,SR,Tamil Nadu
BRZ,BARETA,29.859333900000003,75.69240260000001,NR,Punjab
BRGW,BARGAWAN,24.197002,82.455989,WCR,Madhya Pradesh
BSY,BARSATHI,25.564132999999998,82.473946,NR,Uttar Pradesh
BUF,Bimlagarh Junction,21.964332,85.017326,SER,Orissa
BSKR,BASI KIRATPUR,29.497228000000003,78.213283,NR,Uttar Pradesh
CDS,CHANDISAR,24.2064915,72.3128162,WR,Gujarat
BTI,BHATINDA JN,30.209488,74.932083,NR,Punjab
BTZ,BALIMARA,27.236867999999998,95.333576,NFR,Assam
PTK,PATHANKOT,32.271804,75.644427,NR,Punjab
BVNR,BHAVANI NAGAR,17.156895,74.312946,CR,Maharashtra
BQP,Bighapur,26.3551471,80.6934544,NR,Uttar Pradesh
AMLR,AMALA NAGAR,10.561834,76.171838,SR,Kerala
BTC,Balaghat Junction,21.8116285,80.19988529999999,SECR,Madhya Pradesh
BOTI,Baori Thikria,27.41454869,75.511335,NWR,Rajasthan
BOF,Barog,30.890852900000002,77.0829696,NR,Himachal Pradesh
BSTP,Basantapur,21.548768,85.67658999999999,ECoR,Orissa
BTM,Battulapuram,13.74759508,78.30580244,SCR,Andhra Pradesh
BSWA,Baiswara,26.284843000000002,80.83471200000001,NR,Uttar Pradesh
AMJ,Amin Gaon,,,NFR,Assam
AMNR,Ammanur,,,SR,Tamil Nadu
BPC,Berhampore Court,24.0890841,88.263642,ER,West Bengal
AMM,Atirampattinam,10.332285228976446,79.38580758869648,SR,Tamil Nadu
CRWA,Chirawa,28.223341365041605,75.65068451687694,NWR,Rajasthan
ANKI,Anakhi,,,WR,Gujarat
ANW,Anawal,,,WR,Gujarat
BWC,Banwali,29.91997899999999,74.029894,NWR,Rajasthan
BT,Barasat,22.723879999999998,88.48348299999999,ER,West Bengal
BYP,Baijnathpur,25.901014,86.653766,ECR,Bihar
BPD,Bahadurpur,23.438519499999998,88.4633792,ER,West Bengal
BXF,Barsuan,21.847398000000002,85.119799,SER,Odisha
AMO,Amolwa,27.211161,84.478487,ECR,Bihar
BXN,BAYANA JN,26.916354000000002,77.29713100000001,WCR,Rajasthan
SKEN,Sukhshena,25.790577,87.111962,?,
DNRP,DUNGARPUR,23.867175000000003,73.69546199999999,NWR,Rajasthan
CHBR,CHAURE BAZAR,26.469531,82.118735,NR,Uttar Pradesh
DDW,DUDWA,28.50831,80.672161,NER,Uttar Pradesh
CKE,CHOKI SORATH,21.659142000000003,70.525813,WR,Gujarat
CIH,Chilhia,27.35207,82.990864,NER,Uttar Pradesh
DGLE,DHULIAN GANGA,24.672086,87.937644,ER,West Bengal
CDM,CHIDAMBARAM,11.391471000000001,79.7033411,SR,Tamil Nadu
COO,CHHOTI ODAI,26.558703,76.805294,WCR,Rajasthan
CAMU,CHAMUA,27.137702177799998,84.40083419070001,ECR,Bihar
DHLI,Dethli,23.486172,72.10305100000001,WR,Gujarat
DHAE,DAINHAT,23.60191,88.17026899999999,ER,West Bengal
DAD,DEVARGUDDA,14.66779,75.57614099999999,SWR,Karnataka
DEW,Dewalgaon,20.8911603401,80.0792665497,SECR,Maharashtra
BWSN,BIJWASAN,28.536700000000003,77.051292,NR,Delhi NCT
DBS,DOBBSPET,13.2331801567,77.2491554279,SWR,Karnataka
DCK,DHANDHUKA,22.384024,71.975613,WR,Gujarat
COB,Cooch Behar,26.3029681,89.6653098,NFR,West Bengal
CQA,Cherukara,10.929228,76.22811899999999,SR,Kerala
DEE,DELHI SARAI ROHILLA,28.662992,77.187106,NR,Delhi NCT
DBSI,DAYA BASTI,28.667329000000002,77.17138999999999,NR,Delhi NCT
CWN,Charawan,30.501186999999998,74.578082,NR,Punjab
DOB,Dundlodh Mukundgarh,27.93879936977548,75.23735384456813,NWR,Rajasthan
BWK,Bawani Khera,28.939509,76.032707,NWR,Haryana
BARU,Baharu,22.205278,88.44446,ER,West Bengal
DOX,DOHNA,28.434064000000003,79.432729,NER,Uttar Pradesh
DKJ,DORNAKAL JN,17.445987000000002,80.153157,SCR,Andhra Pradesh
GGC,GANGAPUR CITY,26.468979,76.72770799999999,WCR,Rajasthan
DMPR,DHARAMPUR,28.150306,78.265728,NR,Uttar Pradesh
DJI,DHORAJI,21.72217,70.44478000000001,WR,Gujarat
DLD,DALAUDA,23.948636999999998,75.105361,WR,Madhya Pradesh
TKRU,TAKHRAU,27.274196,79.212452,NCR,Uttar Pradesh
DSK,DUSKHEDA,21.073708,75.839083,CR,Maharashtra
DING,Ding,29.461053699999997,75.2606046,NWR,Haryana
DHPD,DHAPARA DHAM,24.195866000000002,88.246087,ER,West Bengal
DNE,DHAMNI,19.647058,77.177888,SCR,Maharashtra
DHRJ,DHIRGANJ,25.745642,81.924339,NR,Uttar Pradesh
GDG,GADAG JN,15.437048,75.642481,SWR,Karnataka
DNJ,DAUNDAJ,18.2300065666,74.176780918,CR,Maharashtra
DVG,DAVANGERE,14.467834,75.92229,SWR,Karnataka
DRGM,DEORAGRAM,24.096925000000002,82.35246400000001,WCR,Madhya Pradesh
DMYA,DAMOY,23.971207999999997,80.99678700000001,WCR,Madhya Pradesh
DRU,KADUR,13.552501000000001,76.008846,SWR,Karnataka
DTN,DHAMTAN SAHIB,29.688827,76.004006,NR,Haryana
FDK,FARIDKOT,30.682857,74.76137999999999,NR,Punjab
DULP,Daulatpur Haryana,29.452122999999997,75.88859,NR,Haryana
DPSR,Dapsaura,25.983503,80.202954,NCR,Uttar Pradesh
DMF,Dumerta,22.185683,84.914683,SER,Orissa
DPJ,Dharmapuri,12.126595,78.154742,SWR,Tamil Nadu
DVA,Delvada,20.773429,71.041529,WR,Gujarat
DKU,Dumri Khurd,21.310416,79.312269,SECR,Maharashtra
DNX,Dhansu,29.211731,75.801658,NR,Haryana
DIBL,Dholi Bhal,22.44572,72.0826,WR,Gujarat
DSPN,Deshpran Ph,22.029346999999998,87.817047,?,West Bengal
DTJ,Detroj,23.332027810299998,72.1765459082,WR,Gujarat
GRN,GURNAY,29.874366636999998,75.80467660219999,NR,Punjab
GILL,GILL,30.840521000000003,75.848169,NR,Punjab
DTL,DARRITOLA,23.289638,82.395751,SECR,Chhattisgarh
DWT,Dewan Hat,26.3029681,89.6653098,NFR,West Bengal
FNO,FUNGO HALT,25.6187302859,86.6044763025,ECR,Bihar
FRD,FARHEDI,28.711716968,78.7937161591,NR,Uttar Pradesh
GKJ,GOLAKGANJ,26.108359,89.83064999999999,NFR,Assam
FTC,Fatehpur Chursi,26.843511,80.26179,NR,Uttar Pradesh
GNGL,Gangauli,25.668107000000003,82.86309299999999,NER,Uttar Pradesh
GKK,GOKAK ROAD,16.205164,74.738839,SWR,Karnataka
GRRG,GURLI RAMGARHWA,27.185738999999998,83.771432,NER,Uttar Pradesh
FKB,FAKHRABAD,18.824644,77.974481,SCR,Andhra Pradesh
GPR,GHORPURI,18.5278209233,73.893448392,CR,Maharashtra
GHL,GOLHALLI,13.148289,77.413983,SWR,Karnataka
FSW,Fateh Singhwala,29.91997899999999,74.029894,NWR,Rajasthan
DYK,DUDHIA KHURD,28.46474,80.19780499999999,NER,Uttar Pradesh
GND,Govindgarh Malikpur,27.240582,75.64500100000001,NWR,Rajasthan
GNO,GOREGAON ROAD,18.162498,73.30253,KR,Maharashtra
DWV,DIWANKHAVATI,17.855413000000002,73.418174,KR,Maharashtra
GMDN,GIRIMAIDAN,22.340478,87.306151,SER,West Bengal
GSB,GARNA SAHIB,31.7805618081,75.65349208250001,NR,Punjab
GKL,GOKULPUR,22.375923,87.293716,SER,West Bengal
GLMA,GULMA,26.802802,88.403784,NFR,West Bengal
EN,ISAND,23.294039,72.484975,WR,Gujarat
DXN,DUDDHINAGAR,24.2090318514,83.21679153630001,ECR,Uttar Pradesh
GAJB,GAJARA BAHARA,24.05344,82.31176099999999,WCR,Madhya Pradesh
GMM,Gumman,30.842438,76.97194,NR,Himachal Pradesh
GBRI,Gobarwahi,21.514747,79.723237,SECR,Maharashtra
DRZ,Dalli Rajhara,20.586729,81.067973,SECR,Chhattisgarh
GRHM,Gir Hadmatiya,20.988488,70.687208,WR,Gujarat
GRKN,Gorakhnath,20.308158000000002,86.260098,ECoR,Orissa
BGL,Bagula,23.335464709999997,88.64640372000001,ER,West Bengal
GHS,Guru Harsahai,30.715001,74.399987,NR,Punjab
GEB,Garh Baruari,26.019349,86.605596,ECR,Bihar
GAD,Gevra Road,22.348523999999998,82.64566,SECR,Chhattisgarh
GHRI,Ghori Halt,27.373959,80.503293,NR,Uttar Pradesh
GJMB,Ganjmuradabad,26.987889000000003,80.177008,NR,Uttar Pradesh
GAJU,Gaju Halt,27.204231,80.37297299999999,NR,Uttar Pradesh
GNN,GANGINENI,16.781754,80.498954,SCR,Andhra Pradesh
HRW,HARRAWALA,30.260892,78.097705,NR,Uttarakhand
NGRS,NAGROTA SURIYAM,32.051899,76.09101,NR,Himachal Pradesh
HLN,Hole Narsipur,12.786494999999999,76.24646,SWR,Karnataka
HGL,HARANGUL,18.385198,76.48091199999999,CR,Maharashtra
HBL,HOMBAL,15.520135999999999,75.576122,SWR,Karnataka
HD,HARDA,22.338414,77.10084,WCR,Madhya Pradesh
HTL,HATIKHALI,25.611069999999998,93.09084800000001,NFR,Assam
JAO,JAORA,23.627772999999998,75.11563199999999,WR,Madhya Pradesh
HMK,HINDUMALKOTE,30.147102999999998,73.925834,NR,Rajasthan
GUNS,GHUNAS,30.320113000000003,75.420592,NR,Punjab
HA,HARGAON,27.769192,80.728229,NER,Uttar Pradesh
HMG,HAMIRGARH,25.187264,74.616939,NWR,Rajasthan
HGI,HAGARI,15.1512387259,77.0517473206,SCR,Karnataka
HPRD,HAPA ROAD,23.540458,72.938107,WR,Gujarat
PTB,PATTAMBI,10.8019329802,76.1813366473,SR,Kerala
PBJM,Pabnawa Jasmahinder Halt,29.895695706599998,76.6527179736,NR,Haryana
HDD,HADDINAGUNDU,15.153264,76.979148,SCR,Karnataka
JMS,JAMSAR,28.24751,73.398985,?,Rajasthan
GLPT,GOALPARA TOWN,26.126534999999997,90.62065899999999,NFR,Assam
HBS,HEBSUR,15.42206,75.283878,SWR,Karnataka
GUK,GUNTAKONDURU,16.45715,81.077533,SCR,Andhra Pradesh
JAL,JAWALI,25.462722,73.39687099999999,NWR,Rajasthan
HZN,Hazrat Nagar Halt,28.633331000000002,78.665909,NR,Uttar Pradesh
HLD,Haludpukur,22.7428208,86.2607646,SER,Jharkhand
GSGJ,Ghausganj,27.135126874500003,80.2918266571,NR,Uttar Pradesh
JMV,Jambara,21.943048,78.251975,CR,Madhya Pradesh
HAS,Hassan Junction,13.003182,76.117359,SWR,Karnataka
HHR,Hridaypur,22.711098,88.470282,ER,West Bengal
HER,Her,18.4269033932,76.97130647339999,SCR,Maharashtra
JRKT,JADARAMA KUNTE,16.2842670722,75.83866138549999,SWR,Karnataka
JGW,JOGIWALA,31.093842,75.067432,NR,Punjab
IKK,IKKAR,29.891989,78.099997,NR,Uttarakhand
JCH,JETHA CHANDAN,26.999949,71.308307,NWR,Rajasthan
QSR,KANSRAO,30.0785698608,78.1417954028,NR,Uttarakhand
JSKA,JATAULA SAMPHKA,28.372602,76.799492,NR,Haryana
JWS,JHARWASAA,26.210097,74.7074,NWR,Rajasthan
JMKR,JAWLMUKHI ROAD,32.015744000000005,76.226427,NR,Himachal Pradesh
KAWL,KANDWAL HALT,32.282959,75.76982299999999,NR,Himachal Pradesh
KAYR,KAYAR,19.90643,78.907292,?,Maharashtra
JTW,JAITWAR,24.740226,80.863876,WCR,Madhya Pradesh
JUK,JAULKA,20.2854429153,77.0759090985,SCR,Maharashtra
JKE,JUKEHI,23.986873000000003,80.432389,WCR,Madhya Pradesh
KANO,Kanoh,30.992082999999997,77.11800600000001,NR,Himachal Pradesh
JIND,JIND JN,29.328875999999998,76.28961699999999,NR,Haryana
JDH,JAM JODHPUR JN,21.906659,70.03138700000001,WR,Gujarat
JKB,Jakhalabandha,26.563801,92.991109,NFR,Assam
JVT,JIVANTI HALT,24.080516999999997,88.192446,ER,West Bengal
JMK,JAMUNAMUKH,26.108194,92.741306,NFR,Assam
KDL,Kankroli,25.049118999999997,73.909586,NWR,Rajasthan
JRQ,JHAROKHAS,24.1796156953,83.164150647,ECR,Uttar Pradesh
JEA,Nakaha Jungle,26.803135,83.360755,NER,Uttar Pradesh
JOBA,JOBA,24.096599,81.762682,WCR,Madhya Pradesh
JMN,JAMUAWAN,24.81523,85.292477,?,Bihar
JRLI,Jaroli,21.952769,85.419294,?,Orissa
JSS,JASIA,29.005748999999998,76.649455,?,Haryana
KASU,KASU,18.64059,73.079446,CR,Maharashtra
KAL,Kallai,9.977293,78.670312,SR,Tamil Nadu
KAWR,KARWAR,14.821387,74.183139,KR,Karnataka
IPR,Islampur,25.138577101499997,85.2173007153,ECR,Bihar
JDB,JAGDALPUR,19.066004,82.013757,ECoR,Chhattisgarh
CGKP,CHANDAGIRIKOPAL,12.478701999999998,76.716049,SWR,Karnataka
JWB,JAWAI BANDH,25.114043000000002,73.14732500000001,NWR,Rajasthan
JJJ,Jaijon Doaba,31.349656,76.134971,NR,Punjab
JJG,JiaGanj,24.244268,88.27698,ER,West Bengal
NGRI,New Garia,22.4727,88.397713,,
HSRA,Hosur,12.717606,77.822839,SWR,Tamil Nadu
KBK,Khamil Ghat,25.626813000000002,73.864884,NWR,Rajasthan
JCN,Junichavand,21.385151,70.683667,WR,Gujarat
KANS,Kansiya Nes,21.244101999999998,70.64004200000001,WR,Gujarat
KDM,KESAMUDRAM,17.686252,79.89647099999999,SCR,Andhra Pradesh
CNHL,CHINK HILL,18.099269000000003,75.45468500000001,CR,Maharashtra
KD,KUNDARKHI,28.680444428799998,78.7880650638,NR,Uttar Pradesh
COA,Kakinada Port,16.955204000000002,82.240057,SCR,Andhra Pradesh
JRLE,JANGIPUR ROAD,24.459515,88.04076,ER,West Bengal
CKTD,CHITRAKUTDHAM KARWI,25.217610999999998,80.922775,NCR,Uttar Pradesh
KCM,Kalasumudram,14.21716,78.099683,SCR,Andhra Pradesh
KDK,KOHDAD,21.7026228941,76.36547849,CR,Madhya Pradesh
CHU,Champion,12.936251,78.262564,SWR,Karnataka
CJR,CHAMARAJ,22.735539,71.555883,WR,Gujarat
CJL,CHAJLI,30.042985535099998,75.81228634829999,NR,Punjab
KEK,KARKHELI,18.944571,77.73819999999999,SCR,Maharashtra
CNPR,CHAINPUR,23.729821,85.582933,ECR,
KDI,KUNDLI,22.2788440574,71.68394941769999,WR,Gujarat
CIA,CHHEHARTA,31.621878000000002,74.794278,NR,Punjab
CNO,CANCONA,15.006905999999999,74.039454,KR,Goa
CJA,CHONGAJAN,26.062329,93.818104,NFR,Assam
CLR,CASTLE ROCK,15.397879,74.334484,SWR,Karnataka
KDO,KADAKOLA,12.190406999999999,76.663729,SWR,Karnataka
JPZ,JOGIGHOPA,26.241537,90.576384,NFR,Assam
CMK,Chamak,,,CR,Maharashtra
KGN,Kurseong,26.877401000000003,88.277001,NFR,West Bengal
CKMI,Chhotaki Masaudhi Halt,25.330397498299998,85.0317514441,?,
KAWT,Kanwat,27.5895214437,75.67626636840001,NWR,Rajasthan
CNN,Chintaman Ganes,23.145849,75.741029,WR,Madhya Pradesh
CMA,Cinnamara,26.715526999999998,94.169432,NFR,Assam
CMW,Chima Pahad,17.516012,80.463656,SCR,Andhra Pradesh
CHTT,Chitta Halt,17.823439,77.53707700000001,NCR,Uttar Pradesh
CKD,Charkhi Dadri,28.600799,76.279921,NWR,Haryana
CKSR,Chak Safaura Halt,28.211203,79.842478,NER,Uttar Pradesh
CHWT,Chhaprawat,28.541970328,77.79989095580001,NR,Uttar Pradesh
KDBA,Kodimbala Halt,12.718252,75.476631,SWR,Karnataka
KEMR,KEMRI,28.809864,79.19779600000001,NER,Uttar Pradesh
KHTX,KHED TEMPLE HALT,25.886233999999998,72.109226,NWR,Rajasthan
CPU,CHOPAN,24.51403,83.025843,ECR,Uttar Pradesh
DAC,DAHINSARA JN,22.955606999999997,70.618291,WR,Gujarat
PTZ,Patsul,21.0022,77.038231,SCR,Maharashtra
KJA,KHAJURHAT,26.525308,82.126813,NR,Uttar Pradesh
DBD,DEOBAND,29.680031500000002,77.67087339999999,NR,Uttar Pradesh
CRG,CHURAMAN NAGRI,27.40119,77.61766999999999,WCR,Rajasthan
COR,CHITTAURGARH,24.874340999999998,74.623687,WR,Rajasthan
CVB,CAVALRY BARRCKS,17.494734,78.518694,SCR,Andhra Pradesh
CUK,CHURK,24.6496787,83.1032006,NCR,Uttar Pradesh
KIN,Kapasan,24.86221,74.312762,NWR,Rajasthan
KHRY,KHAIRAHI,24.8020366077,82.9857744763,NCR,Uttar Pradesh
DAB,DHARMABAD,18.888260310099998,77.8493415012,SCR,Maharashtra
CRD,MUMBAI CURREY ROAD,18.9937,72.83265999999999,CR,Maharashtra
CTHT,CHATAR HALT,24.842143999999998,85.495374,ECR,Bihar
CRND,Choranda Junction,,,WR,Gujarat
KLAD,KALANAD HALT,12.467679,74.998515,SR,Kerala
DAS,DHASA JN,21.782545,71.51800800000001,WR,Gujarat
KHD,KHODIYAR,23.156554,72.548244,WR,Gujarat
CTRL,CHHATRAL,23.26246,72.46851799999999,WR,Gujarat
CTKT,Choti Khatu,27.155534,74.35722999999999,NWR,Rajasthan
KKD,Kalkund,22.47801,75.85927000000001,WR,Madhya Pradesh
DAVC,Jalalabad DAV College,,,NR,Punjab
CRE,Charghat Piparia,23.044097,79.929889,SECR,Madhya Pradesh
D,Deula,22.214924,88.28148300000001,ER,West Bengal
KJV,Khijadiya Junction,21.740875,71.275556,WR,Gujarat
DARI,Dhari Junction,21.326767,71.027594,WR,Gujarat
DEA,Diara,22.798157,88.280471,ER,West Bengal
CRN,Charegaon,22.042038383999998,80.1401154919,SECR,Madhya Pradesh
CTL,Chital,21.745689,71.218128,WR,Gujarat
DPUR,Dadpur,19.972516,83.250076,,
KHRI,Kharkhari,23.760124,86.234894,SER,Jharkhand
KFH,Katphal,18.23255147,74.59603216999999,CR,Maharashtra
KJPD,Kurinjipadi,11.572583,79.595999,SR,Tamil Nadu
KLH,Khemli,24.690834,73.84238599999999,NWR,Rajasthan
KLNK,Kalanaur Kalan,28.8349236,76.389612,NWR,Haryana
DDK,Dhindsa,30.895838,74.738503,NR,Punjab
KMT,KHAMMAM,17.249347,80.138491,SCR,Andhra Pradesh
DEU,Devsana,,,WR,Gujarat
DEWA,Dewa,,,WR,Gujarat
KTHA,KHUTAHA,24.802248,80.86085,WCR,Madhya Pradesh
DGJ,DUNGAR JN,21.078274,71.55322600000001,WR,Gujarat
KMA,KAIMA,24.611085,80.845912,WCR,Madhya Pradesh
KNRG,KANHARGAON NAKA,19.9439708108,77.1462260938,SCR,Maharashtra
KMLM,Kelamangalam,12.616200000000001,77.865703,SWR,Tamil Nadu
KTLR,KANTHALIYA ROAD,23.991771,88.179001,ER,West Bengal
KRPR,KAREPUR,18.589152000000002,76.681135,SCR,Maharashtra
KNW,KHANDWA,21.823596,76.353227,CR,Madhya Pradesh
KNG,Kathunangal,31.7287,75.015194,NR,Punjab
DH,Diamond Harbour,22.191902,88.18991600000001,ER,West Bengal
DHY,DHARODI,29.6399235976,76.0559746887,NR,Haryana
KNAR,KHANPUR AHIR,27.911754000000002,76.589847,NWR,Rajasthan
KOP,C SHAHU M RAJ KOLHAPUR TERM,16.70257,74.237695,CR,Maharashtra
KOLI,KESHOLI,24.727194,76.790369,WCR,Rajasthan
DGPP,DHENGLI PP GOAN,19.406622,76.49169,SCR,Maharashtra
KTHD,Kothari Road,22.156964000000002,82.70858000000001,SECR,Chhattisgarh
KMBL,KHAMBHALIYA,22.217513,69.657344,WR,Gujarat
KRDL,Kirandul,18.757486,81.25813099999999,ECoR,Chhattisgarh
KNLS,KANALAS JN,22.319955,69.896549,WR,Gujarat
KODN,KODUMUNDA,10.816930512899999,76.1428790756,SR,Kerala
KSDE,KARSINDHU,29.392008,76.731866,NR,Haryana
KSC,KASHI CHAK,25.070798999999997,85.718754,ECR,Bihar
DGNH,DERGAON HALT,25.088974,85.75131900000001,?,
KRYA,KURRAIYA,28.416819,80.24421199999999,NER,Uttar Pradesh
KRJD,KARJODA,24.218469000000002,72.45567100000001,NWR,Gujarat
KPKI,QASIMPUR KHERI,29.182769999999998,77.28593,NR,Uttar Pradesh
KMSD,Kumar Sadra,18.912986,81.671506,ECoR,Chhattisgarh
KPE,Kauwapur,27.5158216097,82.2979015082,NER,Uttar Pradesh
KSUA,Kashipura,23.120701,73.170262,WR,Gujarat
KRA,Karepalli,17.511408000000003,80.27186499999999,SCR,Andhra Pradesh
KTRD,Katosan Road,23.409181,72.246237,WR,Gujarat
DHK,Dhakuria,22.51554,88.371504,ER,West Bengal
KNL,Kalanwali,29.835057,74.97985,NWR,Haryana
LHU,Loharu,28.427051,75.801613,NWR,Haryana
DNHK,DHINDHORA HKMKD,26.803925,77.103482,WCR,Rajasthan
LKY,LAKHMAPUR,15.870282,75.627712,SWR,Karnataka
LPW,Loharpurwa,27.082641,83.268484,NER,Uttar Pradesh
LNS,LUNSU HALT,32.018944,76.1797,NR,Himachal Pradesh
LER,Lehra,27.161243,83.23414199999999,NER,Uttar Pradesh
MKRA,MAKRERA,26.310925310800002,74.5333715979,NWR,Rajasthan
LHN,LACHYAN,17.2795737583,75.9717014606,SWR,Maharashtra
LAUL,LAUL,18.0338728828,75.3950100488,CR,Maharashtra
KVC,KAPARPURA,26.179892000000002,85.309233,ECR,Bihar
LDCY,LODI COLONY,28.579455000000003,77.216548,NR,Delhi NCT
MDPA,MANDPIYA,25.261369,74.63571300000001,NWR,Rajasthan
KTE,KATNI,23.833385,80.400543,WCR,Madhya Pradesh
KY,KARELI,22.932344,79.066765,WCR,Madhya Pradesh
LMD,LINGANENIDODDI,15.399929,77.703397,SCR,Andhra Pradesh
KXX,KATA ROAD,20.187338999999998,77.11088000000001,SCR,Maharashtra
KURJ,KHAJURAHO,24.7969839,79.8900217,NCR,Madhya Pradesh
LKT,HULKOTI,15.434667000000001,75.531958,SWR,Karnataka
LAD,Lohardaga,23.445967,84.70733,SER,Jharkhand
KVS,KALSUR,14.888042065499999,75.40095653559999,SWR,Karnataka
KZPR,KAZIPARA,23.909854000000003,88.188491,ER,West Bengal
LMG,LUMDING JN,25.750035999999998,93.17660000000001,NFR,Assam
LR,LADPURA,26.504385,74.728726,NWR,Rajasthan
KZX,KHUDDA KORALA,31.729693,75.647484,NR,Punjab
MHJ,MAHAJAN,28.793007,73.85366599999999,NWR,Rajasthan
LKS,LUNKARANSAR,28.493395,73.743155,NWR,Rajasthan
MJBT,MAJBAT,26.784587,92.287814,,
LUNI,LUNI JN,26.001255999999998,73.003175,NWR,Rajasthan
KTRR,Kathara Road,26.310011,80.228735,NCR,Uttar Pradesh
KWW,Kuswa,27.473814,78.40369700000001,NCR,Uttar Pradesh
KUDL,KUDAL,16.017651,73.67813000000001,KR,Maharashtra
KUL,KALLAYI,11.234606999999999,75.788884,SR,Kerala
KVM,Kavutaram,16.328919999999997,81.069608,SCR,Andhra Pradesh
DNZ,Dhanori,,,CR,Maharashtra
MAD,MADDUR,12.604742,77.049522,SWR,Karnataka
KUPR,Khurdpur,31.424854,75.72317,NR,Punjab
BDYR,Bidyadabri,26.271855000000002,89.767506,,
MAH,Madhoganj,27.117963000000003,80.135457,NR,Uttar Pradesh
LOV,Lovedale,11.382403,76.704285,SR,Tamil Nadu
LKQ,Laukaha Bazar,26.543198,86.463013,ECR,Bihar
KVLR,Karuvalli,11.831114000000001,78.027912,SWR,Tamil Nadu
LSG,Lawa Sardargarh,25.272755999999998,73.948453,NWR,Rajasthan
MJL,MAJHOWLIA,26.802772,84.619139,ECR,Bihar
JML,Jumnal,16.723002286099998,75.7141335645,,
MNKB,MIYONKA BARA,25.872726999999998,72.728511,NWR,Rajasthan
MBG,MAIBANG,25.30497,93.13537099999999,NFR,Assam
MKR,MADDIKERA,15.256635000000001,77.411496,SCR,Andhra Pradesh
MC,MANDAPAM CAMP,9.281533,79.134997,SR,Tamil Nadu
LUR,LATUR,18.429166,76.55604899999999,CR,Maharashtra
MJPB,Manjhra Purab,28.300646,81.160402,NER,Uttar Pradesh
LTRR,LATUR ROAD,18.506494,76.845289,SCR,Maharashtra
MKHR,MARWAR KHARA,27.060569440800002,72.1300715057,NWR,Rajasthan
MABD,MAHBUBABAD,17.597561,79.999792,SCR,Andhra Pradesh
MGG,MANGLIYA GAON,22.815074,75.91805099999999,WR,Madhya Pradesh
MGL,MANGELA,16.223191,75.74938300000001,?,Karnataka
MDS,MANDASOR,24.075937000000003,75.07634300000001,WR,Madhya Pradesh
MAKH,MOKHAMPURA,26.030315,74.68323000000001,NWR,Rajasthan
MAY,MARIAHU,25.597006,82.598166,NR,Uttar Pradesh
MLDE,MADLAUDA,29.399824,76.809711,NR,Haryana
MED,MEDCHAL,17.639335,78.474557,SCR,Andhra Pradesh
ME,MASAIPET,17.8805365542,78.4669570667,SCR,Andhra Pradesh
MDVR,MADHAVNAGAR,16.886605,74.575493,CR,Maharashtra
KDRD,KHULDIL ROAD,24.368371999999997,82.86161,ECR,Uttar Pradesh
MLI,MANGALIYAWAS,26.278197000000002,74.492705,NWR,Rajasthan
MDT,MADARIHAT,26.694551388,89.274559021,NFR,West Bengal
DWDI,Dighwa Dubauli,26.2652295458,84.7432486377,NER,Bihar
MHV,MAHUVA JN,21.09412,71.756011,WR,Gujarat
MHBZ,Mahtha Bazar,27.391561,82.957379,NER,Uttar Pradesh
MIM,Maniram,26.838267,83.342407,NER,Uttar Pradesh
MBV,Mirzapur Bachhaud,28.077937000000002,76.198447,NWR,Haryana
MDDG,Malad Gaon,18.36212,74.596581,CR,Maharashtra
MNJR,Manjhlepur,25.994578,81.178625,NR,Uttar Pradesh
MGF,Mandagere,12.730158,76.378905,SWR,Karnataka
GADH,Goaldih,21.726323,85.54626499999999,?,Orissa
MDE,Makhdumpur Gaya,25.077130999999998,84.979105,ECR,Bihar
MHQ,Mahuda,23.747481,86.27078300000001,SER,Jharkhand
MMD,Maheshmunda,24.232416,86.38903300000001,ER,Jharkhand
MRHT,MORANHAT,27.1829782,94.9193076,NFR,Assam
MTMI,MOTIMARI,16.956602,80.320896,SCR,Andhra Pradesh
MVN,MILAVITTAN,8.811577000000002,78.087335,SR,Tamil Nadu
MQC,MUNDKA,28.6884911989,77.0285688654,NR,Delhi NCT
MRV,MARSUL,19.233398,77.09815599999999,SCR,Maharashtra
MY,MALLIYAM,11.079116,79.595866,SR,Tamil Nadu
MOPR,MOHANPURA,29.992445,73.845031,NR,Rajasthan
MSR,MASUR,17.404241,74.14420899999999,CR,Maharashtra
MPLM,MARTHIPALAYAM,11.021579000000001,78.023359,SR,Tamil Nadu
NRD,NARODA,23.085662,72.658017,WR,Gujarat
MUUA,MAHUAWA KHURD,26.854361,83.59392199999999,NER,Uttar Pradesh
MSH,MAHESANA JN,23.602623,72.388708,WR,Gujarat
NIIJ,NILAJE,19.155061999999997,73.079908,CR,Maharashtra
MUKE,MUKKALI,11.68423,75.55036199999999,SR,Kerala
MVF,MANABAR,18.839732,82.695903,ECoR,Orissa
MYS,MYSORE JN,12.318946,76.646013,SWR,Karnataka
MRF,Marpalli,17.54542,77.771485,SCR,Andhra Pradesh
MSS,Masarahalli,13.804192,75.735905,SWR,Karnataka
MPE,Malatipur,22.651892,88.76282300000001,ER,West Bengal
NPS,Napasar,27.980942000000002,73.56399,NWR,Rajasthan
MZU,Marandahalli,12.388944,78.01732899999999,SWR,Tamil Nadu
MXP,Malupota,31.184014,75.965393,NR,Punjab
MPG,Manpur Nagaria,27.908304,78.818201,NER,Uttar Pradesh
MTND,Mattagajpur,20.441551999999998,85.946128,ECoR,Orissa
PAW,PANDABESWAR,23.711965,87.277416,ER,West Bengal
MYR,MAIHAR,24.255485,80.763148,WCR,Madhya Pradesh
NBUE,NIBKARORI,27.3287489158,79.40995965580001,NCR,Uttar Pradesh
PBN,PARBHANI JN,19.257460000000002,76.774119,SCR,Maharashtra
PAU,PURNA JN,19.180526999999998,77.024985,SCR,Maharashtra
OSN,OSIYAN,26.729223,72.899779,NWR,Rajasthan
NGTG,New Gitaldaha,26.0707762,89.5868746,NFR,West Bengal
PBM,PAMBAN JN,9.279729,79.213482,SR,Tamil Nadu
ORDI,ORDI,24.835766629899997,74.6304202759,WR,Rajasthan
NM,Naimisharanya,27.355137,80.484435,NR,Uttar Pradesh
PALM,PALAIYAM,10.718615000000002,78.129081,SR,Tamil Nadu
PHC,PANCHOT,23.635161999999998,72.339879,WR,Gujarat
NVLN,NAWALGOHAN,19.7986346861,77.1232722153,SCR,Maharashtra
NLE,NILESHWAR,12.255885000000001,75.13575,SR,Kerala
NWD,NAWADIH,24.886758,85.54864500000001,ECR,Bihar
NNGL,Naya Nangal,31.378961,76.35421099999999,NR,Punjab
JMM,JAIMURTINAGAR F,26.836932,85.066065,,
NAU,NADAPURAM ROAD,11.639509,75.575581,SR,Kerala
NHF,Nihasta Halt,26.212312999999998,80.92503500000001,NR,Uttar Pradesh
PANP,PANDAVAPURA,12.463018,76.681387,SWR,Karnataka
NVU,NAVALUR,15.415517999999999,75.055491,SWR,Karnataka
NYY,NEYYATTINKARA,8.41041,77.08111000000001,SR,Kerala
NLQ,Nangal Pathani Halt,28.364489,76.496786,NWR,Haryana
NRJ,Narimogaru,12.7463856826,75.29242739200001,SWR,Karnataka
GNV,Gandevi,,,WR,Gujarat
NRKP,Narkopi,23.3756204426,85.0156235815,SER,Jharkhand
GNS,Ghonsor,22.658083,79.95091,SECR,Madhya Pradesh
NNP,Nanpara Junction,27.859887,81.512594,NER,Uttar Pradesh
NMGY,Numaligarh,26.601184,93.865713,NFR,Assam
NPR,Nepalganj Road,28.010872,81.60073,NER,Uttar Pradesh
NKR,Nimar Kheri,22.11119,76.150998,WR,Madhya Pradesh
NTV,Nautanwa,27.42688,83.42129700000001,NER,Uttar Pradesh
NTM,Narthamalai,10.506577,78.78913999999999,SR,Tamil Nadu
PAQ,PADIYA NAQLA,29.085837,78.90761,NER,Uttarakhand
PKNA,PAKHNA,27.302522,79.304318,NCR,Uttar Pradesh
PO,PARANGIPETTAI,11.476847000000001,79.73604499999999,SR,Tamil Nadu
PPH,PIPRI DIH,25.879046,83.500574,NER,Uttar Pradesh
PPU,PIPARPUR,26.137823,82.038949,NR,Uttar Pradesh
PSLP,PASALAPUDI,16.470923000000003,81.095153,SCR,Andhra Pradesh
OTR,MOTURU,16.439968999999998,81.051142,SCR,Andhra Pradesh
PDZ,PILIODA,26.606366,76.86438199999999,WCR,Rajasthan
PJK,PANJ KOSI,30.137676000000003,74.057408,NR,Rajasthan
PKK,PAKKI,30.164759,74.35550400000001,NR,Punjab
NVT,NAVIPET,18.770457,78.013194,SCR,Andhra Pradesh
PGG,PENGANGA,19.9603213601,77.1230451306,SCR,Maharashtra
PBV,Paliba,18.659914999999998,82.695712,ECoR,Orissa
PDG,PARADGAON,19.629143,76.14738700000001,SCR,Maharashtra
PPDE,PANDU PINDARA,29.307976,76.37130800000001,NR,Haryana
PCL,Pulicherla,13.598983,79.040396,SCR,Andhra Pradesh
BNDA,BANDA JN,25.477677,80.336246,NCR,Uttar Pradesh
QRP,KILA RAIPUR,30.759177,75.82748600000001,NR,Punjab
PLCJ,PHALODI JN,27.124914,72.36686300000001,NWR,Rajasthan
PDR,Payagpur,27.407067,81.776186,NER,Uttar Pradesh
PRDG,PORADANGA HALT,24.2602726462,88.2261646533,ER,West Bengal
PAS,PASUR,11.236640999999999,77.85708699999999,SR,Tamil Nadu
PSAE,PURBASTHALI,23.453302,88.323896,ER,West Bengal
PNVT,PANCHARATNA,26.158866,90.55599600000001,NFR,Assam
HFG,Haflong Hill,,,NFR,Assam
PPW,Pachperwa,27.528038,82.657808,NER,Uttar Pradesh
PKB,PATHARKHOLA S,25.7789313494,93.1029777271,NFR,Assam
PNT,PANITOLA,27.4967510918,95.2499423993,NFR,Assam
PNGI,Panangudi,9.921169,78.612621,SR,Tamil Nadu
PCH,PACHHAPUR,16.093145,74.672174,SWR,Karnataka
PLV,PALSI,17.812195000000003,74.111907,CR,Maharashtra
PRSP,PRASADPUR,28.54694,80.08117200000001,NER,Uttar Pradesh
PJ,Peppeganj,26.930569,83.294438,NER,Uttar Pradesh
PN,PANSAR,23.307875,72.47975,WR,Gujarat
PDY,Puducherry,11.925445999999999,79.828127,SR,Puducherry
PIS,Piska,23.3295427441,85.20610187930001,SER,Jharkhand
PFU,Padua,18.396744,82.687882,ECoR,Orissa
NUJ,Nujella,16.386599,81.022402,SCR,Andhra Pradesh
HT,Hotar,22.308540999999998,88.39900800000001,ER,West Bengal
PRSL,Pandrasali,22.63341,85.806909,SER,Jharkhand
PHM,Patapatnam,18.7407526287,84.081469892,ECoR,Andhra Pradesh
PM,PALAM,28.585656,77.09295,NR,Delhi NCT
PTAE,PATULI,23.5475854116,88.25171385990001,ER,West Bengal
BKIT,BINKADAKATTI,15.4367140478,75.5954738599,,
PVR,PANDHARPUR,17.66849,75.319283,CR,Maharashtra
ROS,RAJOSI,26.312897,74.671814,NWR,Rajasthan
RJT,RAJKOT JN,22.312206,70.803446,WR,Gujarat
INDB,INDORE JN BG,22.71757,75.868429,WR,Madhya Pradesh
RGI,RAMGIRI,13.9501446899,76.1254542236,SWR,Karnataka
RBG,RAYBAG,16.483374512,74.80682566349999,SWR,Karnataka
SBNR,SHRI VIJAINAGAR,29.240494,73.523389,NWR,Rajasthan
PNHR,PANIHAR,26.099221,78.014931,WCR,Madhya Pradesh
KRBR,KERKHABARI,26.300344,90.625041,,
PVZ,Parvezpur,28.510828,75.728178,NWR,Rajasthan
PP,PURANPUR,28.514911,80.150951,NER,Uttar Pradesh
RKZ,RAJKIAWAS,25.75038,73.52353600000001,NWR,Rajasthan
RMGM,RAMANAGARAM,12.720096,77.283451,SWR,Karnataka
RKY,KOTHARIYA,22.176807,70.81438200000001,WR,Gujarat
RBR,RIBADA,22.124961,70.80095200000001,WR,Gujarat
CKA,Chak Pakhhewala,30.434234,74.19716,NR,Punjab
RN,RATNAGIRI,17.002793,73.356938,KR,Maharashtra
MIX,Manipuram Cabin,16.29953,80.45759,,
REJ,Rejinagar,23.850089999999998,88.259255,ER,West Bengal
RHMA,Rahama,20.298605,86.405224,ECoR,Orissa
RMPH,Rampahari,26.2365,77.357146,NCR,Madhya Pradesh
RDV,Radha Balampur,26.083856,81.107034,NR,Uttar Pradesh
PUW,Patuwas Mehrana,28.557035,76.33368800000001,NWR,Haryana
RGU,Ragaul,25.686945,80.129683,NCR,Uttar Pradesh
PTYR,Patiyara,26.627948,80.476502,NR,Uttar Pradesh
PUMU,Penumarru,16.131433,80.77586000000001,SCR,Andhra Pradesh
RNGG,Rangaliting,26.656417,93.918286,NFR,Assam
RYP,RAYANAPAD,16.577504,80.562937,SCR,Andhra Pradesh
RMD,RAMANATHAPURAM,9.358387,78.83686200000001,SR,Tamil Nadu
SFPR,Safipur,26.744343999999998,80.35476700000001,NR,Uttar Pradesh
RSH,Ratan Shahr,28.158119435028283,75.52398098632693,NWR,Rajasthan
JLY,Jhilmili,22.054052000000002,79.154333,SECR,Madhya Pradesh
SDD,SINDHAWADAR,22.546528000000002,70.894135,WR,Gujarat
SII,SITIMANI,16.31992,75.865598,SWR,Karnataka
SHSK,SAHARSRAKUND,19.402665,78.00795299999999,SCR,Maharashtra
SFM,SUNAM,30.130335000000002,75.808761,NR,Punjab
SBLT,SHRI BHADRIYA LATHI,27.030421,71.515941,NWR,Rajasthan
SBZ,SISWA BAZAR,27.1495669522,83.7563490747,NER,Uttar Pradesh
SGL,SAGAULI JN,26.758187,84.73934,ECR,Bihar
SGW,SINGWAL,26.061014999999998,74.68275899999999,NWR,Rajasthan
SDH,SARADHNA,26.3404260124,74.5662047516,NWR,Rajasthan
SBH,SULEBHAVI,15.912563,74.641724,SWR,Karnataka
SDT,SADAT,25.673309,83.308384,NER,Uttar Pradesh
SHAN,SRINIVASA NAGAR,17.9099557799,78.4619205481,SCR,Andhra Pradesh
SCP,SIRNAPALLI,18.487478,78.271132,SCR,Andhra Pradesh
RJI,RAJAWARI,25.497689,83.130772,NER,Uttar Pradesh
SEU,SENDRA,26.077973999999998,74.194143,NWR,Rajasthan
SKLR,Sakleshpur,12.945368,75.778745,SWR,Karnataka
SHV,SHIVANI,13.8111396742,76.0582362866,SWR,Karnataka
RWO,RANAVAV,21.698214,69.726078,WR,Gujarat
SHMI,SHIROOR,13.930712,74.59396600000001,KR,Karnataka
S,SHRIRANGAPATNA,12.4247,76.678033,SWR,Karnataka
RXL,RAXAUL JN,26.987018000000003,84.84456399999999,ECR,Bihar
SDS,Sadulshahr,29.902641430417788,74.17270445264876,NWR,Rajasthan
SMPR,Shri Madhopur,27.457628,75.59829400000001,NWR,Rajasthan
SCQ,Sham Chaurasi,31.45851,75.76642,NR,Punjab
NDRT,Nangal Degrota,28.367897,76.067464,,
SDBH,Sindri Block Hut,23.692944,86.447091,ECR,Jharkhand
JWKA,Jandwala Kharta,30.3576339273,74.0290537952,,
SMLT,SAMLOTI,32.098872,76.360945,NR,Himachal Pradesh
SKGH,SAKTESGARH,24.999741,82.821887,NCR,Uttar Pradesh
SNGR,SANGANAPUR,19.188596,76.7364,SCR,Maharashtra
SPDR,SHEOPRASADNAGER,23.303628,82.78985700000001,SECR,Chhattisgarh
SRU,SALEMPUR JN,26.298048,83.923271,NER,Uttar Pradesh
SNAP,SONA ARJUNPUR,29.7582805083,77.4525283289,NR,Uttar Pradesh
SQD,SATTIRAKKUDI,9.400229,78.704868,SR,Tamil Nadu
SNKG,SANKARAGUMMANUR HALT,15.167166,77.235523,SCR,Andhra Pradesh
SONI,SONI,26.527305000000002,78.55522599999999,NCR,Madhya Pradesh
SMAE,SAMUDRAGARH,23.335767,88.324967,ER,West Bengal
SFX,SAFILGUDA,17.461671,78.53311000000001,SCR,Andhra Pradesh
SLGH,SHELGOAN H,19.080130931400003,77.5883907849,SCR,Maharashtra
SNH,SAUNSHI,15.206786,75.295781,SWR,Karnataka
SSGJ,SURSARAIGHAT JH,24.023428,82.124918,WCR,Madhya Pradesh
PAV,Pedana,16.252107000000002,81.143792,SCR,Andhra Pradesh
SJPM,SUJATA PURAM HALT,12.140253000000001,76.675521,SWR,Karnataka
STR,SATARA,17.688361,74.063727,CR,Maharashtra
SRVN,Sravanur,12.743443,76.355604,SWR,Karnataka
SKU,Sikroda,26.336915,77.73236299999999,NCR,Madhya Pradesh
SLB,SALBONI,22.640971,87.321899,SER,West Bengal
SRJM,SIRJAM,23.403864,86.83509699999999,SER,West Bengal
SSB,SHAKURBASTI,28.680227328700003,77.1299115857,NR,Delhi NCT
SML,Shimla,31.102794,77.159932,NR,Himachal Pradesh
KARO,Khario P.H.,23.835655,86.192092,?,
SN,Sukna,26.790887,88.363493,NFR,West Bengal
SMKT,Somankatti,15.766715999999999,75.632594,SWR,Karnataka
SIRA,Sirhi Itara,26.367008000000002,80.21523499999999,NCR,Uttar Pradesh
SOT,Shohratgarh,27.374710999999998,82.96929300000001,NER,Uttar Pradesh
SRMP,Sirsi Mukhdumpr,28.633209,78.635169,NR,Uttar Pradesh
SURP,Suratpura,28.661958,75.406758,NWR,Rajasthan
PTS,Patansaongi,21.344445,79.010677,SECR,Maharashtra
SIY,Sirry,20.990441,81.731233,SECR,Chhattisgarh
KBPR,Kabakaputtur,12.7683965,75.2045015,SWR,Karnataka
SWO,Sonwara,30.894075,77.004229,NR,Himachal Pradesh
SRTN,SIBSAGAR TOWN,26.989967999999998,94.643517,NFR,Assam
JMD,Jamdha,20.574085,74.98554700000001,CR,Maharashtra
THAN,THAN JN,22.578960000000002,71.20653300000001,WR,Gujarat
TIP,TATTAPPARAI,8.828581,78.022486,SR,Tamil Nadu
TJ,THANJAVUR,10.778085,79.138296,SR,Tamil Nadu
THPR,TIPPAPUR,18.1941221367,78.3773798279,SCR,Andhra Pradesh
SUNR,SURENDRANAGAR,22.7443,71.630056,WR,Gujarat
TLMG,TALMADUGU,19.6417758258,78.3963542407,?,Andhra Pradesh
TL,TILONIYA,26.652675,74.93419399999999,NWR,Rajasthan
SUNM,SUNAMAI HALT,28.097372,78.22052500000001,NR,Uttar Pradesh
THM,THALYAT HAMIRA,26.992725999999998,71.077426,NWR,Rajasthan
TGT,TINAI GHAT,15.449131999999999,74.404471,SWR,Karnataka
SVL,Sevaliya,22.807897,73.344328,WR,Gujarat
THX,TOVALAI,8.2282578413,77.5062158319,SR,Tamil Nadu
THW,THARWAI,25.539218856799998,81.91469331479999,NR,Uttar Pradesh
SVNR,SAVANUR,14.9617089325,75.4063188531,SWR,Karnataka
STE,Sagarkatte,12.423381703999999,76.4788766602,SWR,Karnataka
TBTN,THANA BHAWAN TN,29.581129999999998,77.402047,NR,Uttar Pradesh
TIC,TIMMACHIPURAM,10.952368,78.37531,SR,Tamil Nadu
TDO,TANDA URMAR,31.672179,75.637595,NR,Punjab
SZN,Shahbaznagar,27.928906,79.88703000000001,NER,Uttar Pradesh
SZV,Sivadi,12.039871999999999,78.118844,SWR,Tamil Nadu
TBA,Timba Road,22.781628,73.385859,WR,Gujarat
SUBR,Subhagpur,27.26251,82.01764299999999,NER,Uttar Pradesh
SRBA,Saragbundia,22.212297,82.732324,SECR,Chhattisgarh
SZY,Silak Jhori,18.982188,81.672904,ECoR,Chhattisgarh
TKP,Takipur,24.303242,87.92059400000001,ER,West Bengal
SRJN,Sirajnagar Halt,23.818590999999998,88.27076000000001,ER,West Bengal
SXC,Sondalia,22.682186,88.58227500000001,ER,West Bengal
TBD,Telibandha,21.235642,81.67053,SECR,Chhattisgarh
TNUE,TINDAULI,27.183053,78.92129,NCR,Uttar Pradesh
TRM,TIRUNAGESVARAM,10.975208,79.428212,SR,Tamil Nadu
TWL,TILWARA,25.893262,72.078131,NWR,Rajasthan
TTI,TURTIPAR,26.16121,83.89084100000001,NER,Uttar Pradesh
UPW,UPPALAVAI,18.424892,78.316108,SCR,Andhra Pradesh
URPR,UGRASENPUR,25.568212,82.189171,NR,Uttar Pradesh
VBN,VALLABHNAGAR,24.690424,74.018709,NWR,Rajasthan
TUWA,Tuwa,22.800702,73.463163,WR,Gujarat
UJA,UNJHA,23.796456,72.381669,WR,Gujarat
VND,VENDRA,16.578434,81.56909499999999,SCR,Andhra Pradesh
VP,VIRAPUR,15.158976,77.131692,SCR,Andhra Pradesh
TVG,TAVARGATTI,15.414853643999999,74.6628751227,SWR,Karnataka
TP,TIRUCHIRAPPALLI FORT,10.825594,78.688891,SR,Tamil Nadu
UNLA,UNAULA,26.788432,83.471435,NER,Uttar Pradesh
KPB,KHARPOKHRA,27.1425658407,84.1526926862,ECR,
VRL,VERAVAL,20.913351,70.370689,WR,Gujarat
VEER,VEER,18.113401793300003,73.3300770068,KR,Maharashtra
VBW,VAIBHAVWADI RD,16.512013,73.707645,KR,Maharashtra
THA,Tehta,25.1130684669,84.98502287230001,ECR,Bihar
VEN,VERNA,15.353587,73.912519,KR,Goa
TPB,Trilokpur,27.508190000000003,82.701077,NER,Uttar Pradesh
DBNR,Dibnapur,28.524363,79.51619,NER,Uttar Pradesh
TMKA,Tomka,21.107333,85.975352,ECoR,Orissa
UJH,Ujhani,27.995236,79.01491,NER,Uttar Pradesh
UBN,Ubarni,26.118214000000002,81.163629,NR,Uttar Pradesh
TMS,Tumsar Town,21.383833000000003,79.741784,SECR,Maharashtra
TXD,Tyada,18.217966999999998,83.04218999999999,ECoR,Andhra Pradesh
UMG,Uttangal Mangalam,11.535044000000001,79.419161,SR,Tamil Nadu
MPKT,CHENNAI PARK TOWN,13.07995,80.27598499999999,SR,Tamil Nadu
WL,WARANGAL,17.972477,79.604929,SCR,Andhra Pradesh
MRPR,MAU RANIPUR,25.261270999999997,79.136793,NCR,Uttar Pradesh
VVA,VARVALA,22.2995032641,68.9678414502,WR,Gujarat
MGO,MAHISGAON,18.111324,75.501817,CR,Maharashtra
ZW,ZAWAR,24.358621,73.731959,NWR,Rajasthan
WRS,WARIS ALEGANJ,25.015425,85.642177,ECR,Bihar
VZPH,Vazeerpur Halt,28.148542000000003,79.86398899999999,NER,Uttar Pradesh
WTJ,JAM WANTHALI,22.429409,70.321802,WR,Gujarat
PRI,PATHRI,29.851996,78.076506,NR,Uttarakhand
VPG,VENTRAPRAGADA,16.473819,80.914447,SCR,Andhra Pradesh
VVKP,VIVEKANAND PURI HALT,28.664098,77.183702,NR,Delhi NCT
PUS,PHUSRO,23.767488999999998,86.01025,ECR,
VSG,VASCO DA GAMA,15.397241000000001,73.813425,SWR,Goa
VLTR,Vadali Luter Road,23.078738,73.135398,WR,Gujarat
LOD,Lekoda,23.075768,75.69849099999999,WR,Madhya Pradesh
VJR,VIJAYANAGAR,16.7778119655,74.696289906,SWR,Maharashtra
VRR,VIRPUR,21.848343,70.707212,WR,Gujarat
OREH,Ore Halt,24.915065,84.991898,?,
YFP,YUSUFPUR,25.639006,83.74868400000001,NER,Uttar Pradesh
VJD,VIJPADI ROAD,21.17981,71.449442,WR,Gujarat
MVS,MANAVASI,10.934013,78.220496,SR,Tamil Nadu
VINH,VINHERE,17.907649,73.38400999999999,KR,Maharashtra
MRDW,MURDESHWAR,14.100277,74.50524700000001,KR,Karnataka
KUDA,KUNDAPURA,13.612909,74.728366,KR,Karnataka
KZE,KANHANGAD,12.320267999999999,75.08524799999999,SR,Kerala
NROD,NARI ROAD,21.758482,72.08143399999999,WR,Gujarat
WDG,Wadegaon,20.76451,79.981617,SECR,Maharashtra
VSW,Visavadar,21.341738000000003,70.755622,WR,Gujarat
NRPD,Narayanpet Road,,,SCR,Karnataka
SBY,Solan Brewery,,,NR,Himachal Pradesh
KSJF,Kasganj Mg,27.801268,78.64517,NER,Uttar Pradesh
WND,Wan Road,21.21501,76.82043300000001,SCR,Maharashtra
VLU,Vadalur,11.557654999999999,79.547974,SR,Tamil Nadu
VLV,Vallivedu,13.528576,79.068221,SCR,Andhra Pradesh
MANI,Mani Halt,25.1739936806,84.23126776609999,ECR,Bihar
TAA,TADLA PUSAPALLI,17.626312868499998,79.9541837128,SCR,Andhra Pradesh
CHRG,CHORGI,17.175076999999998,75.869711,SWR,Karnataka
SNAD,Saniyad,,,WR,Gujarat
SRDR,Sardarshahr,28.439590510764504,74.47905756533146,NWR,Rajasthan
SRGR,Saraygarh,,,ECR,Bihar
PTU,PARTUR,19.575715,76.212767,SCR,Maharashtra
AGY,AGORI KHAS,24.59896,83.056105,NCR,Uttar Pradesh
SVPI,SHIVPURI,25.438444,77.638246,WCR,Madhya Pradesh
MUO,MASANGAON,22.272733000000002,77.005257,WCR,Madhya Pradesh
KWAE,KATWA,23.640315,88.124085,ER,West Bengal
VNRD,VANI ROAD,23.0950624331,72.0035287323,WR,Gujarat
JAN,JARANGDIH,23.769553,85.92881,ECR,
BOR,BOISAR,19.7985273,72.76189900000001,WR,Maharashtra
WGI,Waghai,20.772638155885446,73.50047372281551,WR,Gujarat
BMF,BASMAT,19.3334723149,77.15177759640001,SCR,Maharashtra
CGF,CHARALI,27.4496656596,95.3509509503,NFR,Assam
CJ,KANCHIPURAM,12.848947,79.70314900000001,SR,Tamil Nadu
CKDL,CHAKDAYALA,32.478914,75.304858,NR,Jammu and Kashmir
CJN,CHHATNA,23.305386000000002,86.975734,SER,West Bengal
SVX,SAVARDA,17.405007,73.515528,KR,Maharashtra
URP,Udairampur,22.100085,88.273732,ER,West Bengal
STD,Satrod,29.108936,75.82118,NWR,Haryana
CHHU,Chhanva,22.3355771,86.194643,SER,Orissa
PASA,PARASHSHALA,8.3398400051,77.16548966,SR,Kerala
KDPA,KHADAPA,19.00582,82.445719,ECoR,
NMK,Nim Ka Thana,27.741573,75.779691,NWR,Rajasthan
KLAT,Khelpatta,21.274489000000003,77.872524,,
MUHI,Murhari Halt,25.341408340100003,85.5330143262,,
SZH,Saonga Halt,21.520105,78.871166,SECR,Madhya Pradesh
DDC,Dum Dum Cantt.,22.636349000000003,88.411641,ER,West Bengal
PLY,Plassey,23.777986000000002,88.28447,ER,West Bengal
CKX,Chakur,18.4875607596,76.8840283246,SCR,Maharashtra
PCMK,Pacharmalikpura,27.201471,75.389317,NWR,Rajasthan
BCRD,Barchi Road,21.951502,78.311632,CR,Madhya Pradesh
BUDI,Bundi,25.407922,75.65069899999999,WCR,Rajasthan
CJQ,Champajharam,22.101526,84.90421199999999,SER,Orissa
VRG,VIKRAMNAGAR,23.162187,75.817754,WR,Madhya Pradesh
BYC,BELLARY CANT,15.150286000000001,76.89450500000001,SWR,Karnataka
BWF,BUTEWALA,31.080357,74.896803,NR,Punjab
SPY,Sarsonpuri,20.780632,81.638003,SECR,Chhattisgarh
BSDA,BANIYA SANDA DHORA,25.860229999999998,71.668563,NWR,Rajasthan
BXP,BARPATHAR,26.274562,93.899672,NFR,Assam
GRF,GAMBHIRI ROAD,24.693873,74.671009,WR,Rajasthan
BEC,BERACH JN CABIN,24.896441999999997,74.61523199999999,,
PPNI,PARAS PANI,24.38141,83.04895300000001,,
NDT,Nathdwara,24.92025,73.909396,NWR,Rajasthan
JNU,JAUNPUR JN,25.762849,82.69969599999999,NR,Uttar Pradesh
UMRI,UMRI,19.0418,77.642682,SCR,Maharashtra
BXLL,BILLI,24.453381,83.011944,ECR,Uttar Pradesh
BHPA,Bahrupiya Halt,22.22962,88.349067,ER,West Bengal
SPP,SHAHPUR PATOREE,25.639425999999997,85.5813,ECR,Bihar
MSSD,Maheshari Sandhuan,30.848579,74.992929,NR,Punjab
ASSH,AISHBAGH,26.836088,80.908616,,
BDJ,VADAKARA,11.593321399999999,75.5869409,SR,Kerala
KADH,Khairadih Halt,25.035047,84.054715,ECR,Bihar
BXL,BHEDUASOL,23.1943639299,87.13517327999999,SER,West Bengal
AMPR,AMARPURA RATHAN,29.483399000000002,74.078953,NWR,Rajasthan
BWA,BHINWALIYA,25.5596627,73.4924808,NWR,Rajasthan
JNX,Jagnath Road Halt,25.270948,72.62821,NWR,Rajasthan
MBSK,Marwar Balia,27.357827,74.545106,NWR,Rajasthan
BEJ,Beniganj,27.299916,80.440599,NR,Uttar Pradesh
BSDR,Bansadhara Halt,18.970276000000002,83.822754,ECoR,Andhra Pradesh
SPR,Sonarpur Junction,22.443359,88.429773,ER,West Bengal
SPB,Sonekpur Halt,28.630277,78.69314200000001,NR,Uttar Pradesh
PQA,Pipla Halt,21.312575,79.06675999999999,SECR,Maharashtra
BIRL,Biraul,25.937062,86.233733,ECR,Bihar
GRZ,Gurthuri,29.648169000000003,76.177379,NR,
JNT,Jaintipura,31.773393000000002,75.10219199999999,?,Punjab
PQH,Pindkepar Halt,21.304069,80.18200300000001,,
JNZ,Jenal,24.3273122158,72.0377359918,NWR,Gujarat
PQN,Pariawan Kalakankar Road,25.825794000000002,81.368601,NR,Uttar Pradesh
JNN,Jamuniatand,23.75454,86.191952,ECR,Jharkhand
CKM,Chauki Man,30.814885999999998,75.56567299999999,NR,Punjab
BEI,Shimoga Bidare,13.9025358525,75.64768061160001,,
BEM,Budaun,28.0274922,79.1360237,NER,Uttar Pradesh
METR,Methi Tikur,26.698845,80.418467,,
BWV,Bhiwapur,20.76925671,79.51148736,SECR,Maharashtra
SMDC,SAWAI MADHOPUR D CABIN,26.0356,76.375851,,
APQ,ADITPARA,21.67359117,69.6779178894,,
MOTA,MOTA,27.2889777447,79.2537294641,NCR,Uttar Pradesh
SWNR,SEWA NAGAR,28.579299000000002,77.22770799999999,NR,Delhi NCT
LO,LOLIYA,22.512244,72.166923,WR,Gujarat
NON,Nonar Halt,25.2864711772,84.3707734497,,
HLB,HADALA BHAL,22.487223,72.13179600000001,WR,Gujarat
RLR,RAILA ROAD,25.630348,74.596325,NWR,Rajasthan
EDA,ITWAN DUNDAILA,24.939958728,80.84270550779999,,
PDJ,PHIDING,25.221835000000002,93.14983,,
SMDP,SHAHABAD MOHAMADPUR,28.560927,77.071838,NR,Delhi NCT
KTOA,KOTANA,23.916929999999997,73.72634199999999,NWR,Rajasthan
TJM,TURINJAPURAM,12.336963,79.090728,,
KYV,KOYILVENNI,10.776294,79.368646,SR,Tamil Nadu
ROHN,ROHEDNAGAR HALT,28.7611280103,76.8140929907,NR,Haryana
SPL,SUNDARAPERUMAL KOVIL,10.941722,79.30063,SR,Tamil Nadu
NOY,NOYAL,11.060239,77.93176899999999,,
KCYN,KACHHIYANA HALT,25.1331170814,85.98011055180001,,
LW,LORWADA,24.217193,72.08968,,
EDD,EDDULADODDI,15.329698,77.589906,SCR,Andhra Pradesh
RLP,HARLAPUR,15.434833000000001,75.799259,SWR,Karnataka
GRH,GHORASAHAN,26.82028731,85.12762727,,
NOH,Nigohi,28.0989194076,79.8785035535,NER,Uttar Pradesh
AIH,ALAWALPUR I PUR,29.0477960432,77.27163889890001,NR,Uttar Pradesh
DPU,DIPHU,25.83725,93.438384,NFR,Assam
MPRD,Mathurapur Road,22.140587,88.390923,ER,West Bengal
DLDE,DALDALI,25.820221,93.51715200000001,NFR,Assam
LD,LONDA JN,15.450273,74.496982,SWR,Karnataka
BYH,BHITI,25.333548,82.261348,NER,Uttar Pradesh
DPO,DAMANPUR,26.53866,89.53636700000001,,
HLR,Halisahar,22.921498999999997,88.436792,ER,West Bengal
TJW,Tejpurwa Halt,25.940085,84.819703,,
HLE,Heelalige,12.813180000000001,77.710974,SWR,Karnataka
DPW,Dhapewara,21.872721159199997,80.1913272595,SECR,Madhya Pradesh
SMDT,Semmandappatti,11.7955548355,78.0260572961,SWR,Tamil Nadu
BAWA,Balwara,25.5031445488,72.5545000909,NWR,Rajasthan
RKJE,Rakhitpur,23.725742,86.490871,ECR,Jharkhand
LMU,Limarua,22.524250000000002,80.349702,SECR,Madhya Pradesh
KLLF,Kalol Jn,23.244426,72.50348000000001,,
LB,Lain Bazar,26.429190879300002,84.2806012268,,
KNYR,Kaniuru Halt,12.717207,75.365526,SWR,Karnataka
APP,Ambapendarpur Halt,25.2669627882,85.5297094055,,
KADI,Kadi,23.292133,72.326105,WR,Gujarat
APU,Anipur,24.545735999999998,92.43452699999999,NFR,Assam
APJ,Amarpur Jorasi,28.02178,76.07610899999999,NWR,Rajasthan
APK,Aruppukkottai,9.524631680999999,78.10189147,,
API,Akkaraippatti,10.3998079865,77.92262799379999,,
KTKH,Kotlakheri,22.078204,76.173654,WR,Madhya Pradesh
KXZ,KESARIYA ROAD,22.908845999999997,71.814406,,
SABD,SALABAD,26.984965,77.310319,,
KURN,KHUKRANA,29.400184,76.924226,,
KXR,KURIA,26.468217,85.005407,,
KLKH,Kalladaka,12.845834,75.05984199999999,,
BTYA,Bhatariya,23.438252,72.274465,,
RJK,RAJA KA SAHASPUR,28.626216,78.780097,NR,Uttar Pradesh
KTMA,KOTMA,23.202833000000002,81.979022,SECR,Madhya Pradesh
BSBN,BHUSAWAL B CABIN,21.049919000000003,75.822458,,
PSRY,PASHWASHRAYA,26.763435,88.40378299999999,,
CKLA,Chak Banwala,30.423043,74.133437,NR,Punjab
JIGT,JIRIGHAT,24.8100917,93.08687905000001,,
KADR,Kadiyadra,23.885219,73.057502,WR,Gujarat
TJD,TAJPUR DEHMA,25.728138,83.92969,NER,Uttar Pradesh
CLI,CHALGERI,14.5614031141,75.73529039,SWR,Karnataka
JGBR,JOGESHWAR BIHAR,23.746057,85.6267,,
SDVL,SOLDEVANAHALLI,13.091395,77.490385,SWR,Karnataka
LOL,LOLIEM,14.939155,74.08778,,
KMMD,Kirmiti Mendha,20.593933,79.774173,,
KRPC,KHARIA-PIPRA HALT,18.807373000000002,82.724227,,
BLRE,BELSIRI,26.800480999999998,92.51446299999999,,
DRQ,DHARMINIYA,26.865524999999998,84.793439,,
DRE,DHOGRI,31.40278,75.635791,NR,Punjab
KKLR,KAIKOLUR,16.551026,81.21831599999999,SCR,Andhra Pradesh
KYSD,KAIYAL SEDHAVI,23.427144,72.428861,WR,Gujarat
KLYH,Kallur Yedahli,12.421123999999999,76.497258,SWR,Karnataka
KYSB,KAIYAL SEDHAVI,23.426814,72.428531,,
DHE,Dodhi,25.604879,82.998947,NER,Uttar Pradesh
BRDV,Baradev,26.7017793648,80.4119287744,NR,Uttar Pradesh
TKLN,Tarrakalan,25.971659,76.901807,NCR,Madhya Pradesh
MKHI,Makhi,26.661427,80.46113700000001,NR,Uttar Pradesh
CLU,Chilakalapudi,16.202721,81.162137,SCR,Andhra Pradesh
BRDH,Bardhana Halt,22.136014999999997,78.799478,,
PSV,Parsneu,28.037882999999997,74.378783,,
HNZM,Delhi Hazrat Nizamuddin,28.58701,77.253929,,
TKLB,Takli Bhansali,21.361133,78.983053,SECR,Maharashtra
PSX,Patansaongi Town Halt,21.335452,79.025915,SECR,Maharashtra
BCT,Mumbai Central,18.970667,72.819383,WR,Maharashtra
PDF,PADAMPUR,23.519468000000003,70.836786,,
TDH,Tindharia,26.851551,88.332848,NFR,West Bengal
KZA,KHADA,27.182926,83.868376,NER,Uttar Pradesh
RGBD,RAMGANGA,28.297728,79.37463899999999,,
QBW,QUBARWALA,30.175886000000002,74.417372,,
PPRH,PIPARAHAN HALT,26.224332999999998,85.246908,,
DET,DET,25.01154,74.641128,,
ACN,ADHICHCHANUR,12.05415,79.182478,,
KPLR,KOPARLAHAR,32.05191,76.25044299999999,NR,Himachal Pradesh
MU,MAKANSAR,22.7603546992,70.90609338009999,,
RKSH,RISHIKESH,30.107173,78.287498,NR,Uttarakhand
NZG,NAZARBAG,22.814612,70.855228,,
MPF,MUIRPUR ROAD,24.206087,83.094386,,
AVC,AMRAVATHI COLONY,14.498218999999999,75.854093,,
KLRS,KOLARAS,25.224926,77.590411,WCR,Madhya Pradesh
CSMA,Chanasma Junction,23.710492,72.11188299999999,WR,Gujarat
CGKR,CHANDAGIRIKOPAL,12.485166999999999,76.730177,?,Karnataka
BDJR,BHADORA JAGIR,24.786919,77.41188299999999,,
KAG,KODAGANUR,14.3305086886,76.033542879,SWR,Karnataka
BMRN,BHIMRANA,22.389889,68.992445,,
CAPA,Chhapra Jn,25.787896,84.724365,,
NDPL,NDPL,15.456312,78.520612,,
BAR,BAR,26.063048,74.113189,NWR,Rajasthan
KJGY,Khanalampura Gy,29.929192999999998,77.58350800000001,,
RLA,RAJULA JN,21.103699,71.479251,WR,Gujarat
TKND,Trivikramdeo Nagar,26.3019109091,84.7089663623,,
DVGM,DEVGAM,23.938342,71.59185599999999,,
SNBR,SONUABARY,26.172784,92.310137,,
HRSN,HARISINGA,26.72438,91.985001,,
SPGN,SRIPURIA GAON,27.4659128037,95.3515292572,,
TNJR,TAJ NAGAR,28.3853476007,76.82424935060001,,
LIM,SONALIUM,15.309987,74.292427,,
PPRN,PIPRAN,29.265794999999997,73.928281,,
GPPR,GOPALPUR,23.083595579100002,70.1030164429,,
BMNL,BAMANWALI HALT,28.361736,73.555273,,
UDKN,UDAYPUR KHURD,28.486234,80.178413,,
JUL,JHULASAN,23.326699,72.471355,WR,Gujarat
KGVE,Konagavalli Halt,14.024984822,75.496473584,,
DOT,Dhakia Tiwari,28.028812000000002,79.88587199999999,NER,Uttar Pradesh
BHTH,Bhairopatti Halt,25.894911,86.90718700000001,,
MTWN,Mitewani,21.424028,79.712797,,
KVNJ,Kapadvanj,23.01905,73.078323,WR,Gujarat
NCN,Nachinda Ph,21.881341,87.75496600000001,,
VINA,Vina,22.764138999999997,72.903227,,
LIJ,Lakshmiganj,26.927786,83.788161,,
KULH,Kulha-Halt,26.369411,80.656456,,
KTKS,Kantakosh Halt,25.333656684799998,87.673891665,,
STB,Shantipur,23.262660999999998,88.435028,ER,West Bengal
NCE,Nalacheruvu East,13.988212499000001,78.1854899005,,
DSN,Darsana,23.523411,88.795843,,
TKMG,Tikamgarh,24.7672962666,78.8406655457,,
NKPU,Nekpur,24.995699000000002,85.338857,,
KGVL,Kadagaravalli,12.83778,75.696016,,
MDPJ,Madanapur Halt,19.549184,78.189939,,
PATR,Paramjeevar Tarajeevar,26.256947,85.448635,,
NLNR,NULEMURU HALT,14.007537361799999,76.12580920779999,,
LKU,LAL KUAN,29.071574,79.517641,NER,Uttarakhand
KAJG,KARANJGAON,19.9493826187,74.9240362146,,
MRX,MURUD,18.380482,76.251585,CR,Maharashtra
SKAR,SAKARIYA,24.607481,80.90078,,
NLL,NALLI,9.269174,77.92223899999999,,
PDGM,PUDUNAGARAM,10.683752,76.684608,,
KLVD,KALAVAD,21.8996981538,69.8083238586,,
JHL,JAKHAL JN,29.8018131127,75.8245009833,NR,Haryana
MCLA,Macherla,16.4695102,79.4382772,SCR,Andhra Pradesh
MEG,MELENG,26.794394999999998,94.305982,,
WWA,VAVANIYA,23.0072062075,70.61468985409999,,
DEIT,Dehit,25.300468743099998,75.85015269780001,,
TMGN,Thamla Mogana,24.875571,73.93477800000001,,
AMRI,ANAJ MANDI,28.187504999999998,76.605319,,
BMPT,Banni Mahamman,25.891285,84.778666,,
TKA,TEHARKA,25.300234,78.917318,NCR,Uttar Pradesh
CKHS,Chikhale,18.97295,73.152541,,
DSBC,DELHI SHAHDARA BLOCK CABIN,28.677356999999997,77.30022000000001,,
SDPN,SINDPAN,24.164576,75.03158,,
AHJU,AHJU,32.02843,76.690156,NR,Himachal Pradesh
LLKN,LAL KALAN,30.827548999999998,76.101493,,
BOZ,BOLARUM BAZAR,17.517847537100003,78.5159651358,SCR,Andhra Pradesh
SVN,SIVUNGAON,19.1086533083,77.54447048829999,SCR,Maharashtra
PNSD,PANGARSHINDE HALT,19.526469000000002,77.24009,,
RJJN,RAJAJAN HALT,25.6149631854,85.6709042426,,
UMNF,Ambliyasan Jn,23.446636,72.422431,,
PPTA,PATLIPUTRA,25.621426,85.068505,,
LKBR,LAKSHMI BAI NAGAR,22.741887,75.85816200000001,,
DBLA,Dabla,27.888685430000002,75.9464005609,NWR,Rajasthan
VPDA,VIDYAPATIDHAM,25.602064857400002,85.80243268800001,,
GTLW,GUNTAKAL WEST,15.167523391300001,77.3426508783,,
SVDK,S M V D KATRA,32.982814,74.935736,,
RPAN,RANGAPARA NORTH,26.8215934,92.682658,,
VEK,VELLARAKKAD,11.4723,75.653412,SR,Kerala
CGON,CHAYGAON,26.064069106999998,91.3952511639,NFR,Assam
GNAN,Gonda Jn,27.153922,81.97761799999999,,
DIE,Demai,23.159049,73.210181,,
PTKC,PATHANKOT CANTT,32.2593,75.636044,,
EC31,Kharuara Halt,25.4316280874,85.5436173315,,
PWA,Powai,27.35353,95.646229,,
NAB,Nagbhir Junction,20.579811999999997,79.700138,SECR,Maharashtra
NAK,Naksalbari,26.682578,88.20223499999999,,
UDPR,Udaipura,24.775688911699998,78.65148636960001,,
KNWF,Khandwa Jn,21.823905999999997,76.353537,,
SVS,Srinivaspur,13.328283,78.206169,,
NMDR,Nimdanri,22.608628,88.905624,ER,West Bengal
KCU,Kachhiaa,27.973382,78.88310899999999,NER,Uttar Pradesh
MHPR,Mahiyarpur,25.411453041399998,87.613385199,,
BTCN,Balaghat,21.8111685,80.1994253,,
MHPE,Mhope,18.943255,73.19412,,
JLRF,Jetalsar Jn,21.729584,70.57412,,
SDPH,Sardar Patel Halt,25.050378,85.424114,,
IMBG,Imlibigha Halt,25.3007943293,85.53137103520001,,
XKA,Kamta,25.336573948,85.27774552000001,,
MKZ,Mahkepar Road,21.632916,79.67892,,
SKAP,SK Para,23.971989,91.94712,NFR,Tripura
MMCC,MOOR MARKET,13.084876000000001,80.275222,,
DKR,Dekpura Halt,25.2611531167,85.52942276,,
KRHT,KHARAHAT,27.070551000000002,94.74965900000001,,
JDW,JARAUDA NARA,29.42673,77.705438,NR,Uttar Pradesh
MAYR,Mayar,29.100107,75.86074699999999,,
VKM,VENKATESAPURAM,11.9307785279,79.442293656,,
SXQ,SUAHERI,29.436815999999997,78.19083099999999,,
PPVL,PIRAPPANVALASAI,9.299159000000001,79.043777,SR,Tamil Nadu
NARA,NARA HALT,29.390441641,76.759969657,,
KER,KIRIHRAPUR,26.045500525999998,83.73706466189999,NER,Uttar Pradesh
PLVR,PALAM VIHAR HALT,28.515463592299998,77.0327645691,,
GGKR,GOVINDGARH KHOKHAR,29.992439273899997,75.80832813660001,NR,Punjab
PLVA,PALLEVADA,16.576700082699997,81.2878959662,SCR,Andhra Pradesh
NDIM,NANDAIGRAM HALT,23.311548007099997,88.31706186039999,,
MGD,MUGAD,15.46241,74.915401,SWR,Karnataka
TBAE,TRIBENI,22.990357999999997,88.398096,ER,West Bengal
URL,UNJALUR,11.127976,77.875839,SR,Tamil Nadu
BMM,BHASKARPARA,22.988208,71.90540899999999,,
DKW,DHANAKWADA,24.146307,71.823472,,
IVL,ILAVELANGAL,8.937878,77.87235,SR,Tamil Nadu
GZS,GIANI ZAIL SINGH SANDHWAN,30.613851,74.801905,NR,Punjab
SHB,Shahibag,23.035546,72.600949,,
BMC,Bhimalgondi,21.740994,78.914582,SECR,Madhya Pradesh
TBR,Taiabpur,26.392839,88.154497,,
BSWD,BHEMSWADI,21.485727,71.357286,,
TKTB,THAKURBARI,26.797642000000003,92.699488,,
RMC,Ram Chaura Road,25.609488,81.686954,NR,Uttar Pradesh
GHLU,Ghallu,30.2566065213,74.1078213831,,
BMN,BHIMANA,24.595571,72.886302,NWR,Rajasthan
PRDH,PIR DULHE SHAH HALT,25.873873,73.155686,,
KEJ,Kathleeghat,31.021478000000002,77.103224,NR,Himachal Pradesh
MRDG,Maradanga,26.301078,89.55668499999999,,
MRDA,Maroda,20.095174,79.660732,,
LUA,Laluri Khera,28.607969,79.74624299999999,,
KEMP,Kempalsad,21.087653,79.263378,,
SGUD,Siliguri,26.723574,88.414033,,
CHNH,Channi Halt,27.890151968,73.01665499389999,,
KTGO,Kotgaon,20.625413,79.674577,,
PAAL,Pala,21.3760800242,78.0183333807,,
SXV,Suku,18.715021,82.726431,,
NARD,Naika Road,25.4485799037,85.2923767371,,
RAKD,Radha Kund,27.537943,77.523598,,
BHMA,Baghmara Halt,25.365523628400002,87.6174634106,,
ZPR,Zorawar Pura Halt,29.762905,73.44881699999999,,
OM,Omkareshwar Road,22.215082,76.04654,WR,Madhya Pradesh
AGTR,Agauthar Halt,26.008145546599998,84.8437572205,,
NES,Natesar,24.963884576399998,85.2718057104,,
KNLE,Kanale,14.2250994053,74.9593667969,,
BRMT,Baramati,18.1536772,74.5781969,CR,Maharashtra
MHKT,MOHKHUTI,27.106537,94.80821,,
GNGR,GUNGRANA,30.714577,75.82596,,
MCO,MOTIHARI COURT,26.62564,84.90543100000001,,
MXM,MINATCHIPURAM,10.629748000000001,76.87534699999999,,
OPN,ONNUPURAM HALT,12.711563669599999,79.17972008790001,,
GDH,Gidnahali,13.406514,77.82513399999999,,
KUKA,Khui Khera,30.305205841499998,74.0778039648,,
BNJN,BINJANA,22.9311978995,75.98680179930001,,
GDW,Gadhwala,27.970288,73.454923,,
MCL,MADIMANGALAM,12.598975000000001,79.1862,,
BUGN,BHURJIHA BARAGN,27.638101,80.726312,,
LKJN,LINK JN. CABIN,25.356832,81.841869,,
JHH,JHALRA HALT,29.420302,78.17640399999999,,
KTES,KATNI SOUTH,23.824725,80.401113,,
KGH,Kotegangur,13.9821624414,75.5206561768,,
CLKN,CHUCHELA KALAN,29.014595999999997,78.272803,,
GDI,GUDGERI,15.1249217339,75.3596044824,SWR,Karnataka
DLPR,DAYALPUR,25.6322106511,81.8894849231,,
CKRD,CHAKMAKRAND,25.6975316046,85.2740297845,,
BHCH,BLOCK CABIN CHAKKI BANK,32.2419748422,75.651062146,,
KNSN,KARNA SUBARNA,24.035537,88.176458,ER,West Bengal
APCH,ALIPURDUAR COLLEGE,26.5016791611,89.5274862292,,
CRZ,CARANZOL,15.3607491302,74.3061977655,,
KNSR,KANASAR,28.145913,73.324726,NWR,Rajasthan
HSDA,Hansdiha,24.6141943022,87.0849798193,,
GUSB,GHUMASAN BG,23.378259,72.449413,,
MXZ,Mohdara Halt,20.960497,79.34702300000001,,
OHAN,OHANCABIN,25.102455000000003,81.017247,,
BIE,BHISTENHATTI,15.41363,74.705805,,
AWT,Alwar Tirunagri,8.602296,77.941809,SR,Tamil Nadu
MUDI,Mududi,13.151294369,76.2332042139,,
BUGY,Bugia Halt,29.38048,73.608155,,
IGTA,Ingohta,25.758384,80.126678,NCR,Uttar Pradesh
GNGT,Gangatolia,22.392169,79.986339,,
DHOA,Dhaulpur,26.697202,77.905659,,
SHER,Sher,26.3516649204,84.628290531,,
BICI,Barkichampi,23.483611,84.709751,,
JBPN,Jabalpur Jn (Ng),23.164248,79.950772,,
SLQ,Salona Assam,26.448981,92.961877,,
DGT,Dhulghat,21.296281999999998,76.74963299999999,SCR,Maharashtra
DGY,Dighori Buzurg,21.107513,79.230454,,
PH,Panoh,31.551327999999998,76.19991700000001,,
MCY,Machriawan,25.4624795686,85.29441999630001,,
KIK,Karaikal,10.925606,79.839712,,
KIF,Kuri,9.035098526,76.8173945569,,
PSJ,Patasahi,22.020127,84.923705,SER,Orissa
JLT,Jhamat Halt,27.200025999999998,83.340382,,
CKN,CHINTA KANI,17.126458999999997,80.201337,SCR,Andhra Pradesh
CBSA,Chaibasa,22.560494000000002,85.812342,SER,Jharkhand
KKR,KHAKHRALA ROAD,22.897133,70.722232,,
SPPA,SHERPUR DHIPURA,25.5999397486,85.8481621063,,
DNWF,Dangarwa,23.401545,72.441313,,
PSS,PADSALI,18.0060618945,75.38808359379999,,
CHRA,CHHARRA,23.375747,86.42299399999999,SER,West Bengal
PKNS,POKHARNI NARASIMHA,19.118747261,76.7316388525,SCR,Maharashtra
BHAS,BHOJRAS,25.7882166,74.63427990000001,,
HNL,HINGOLI DECCAN,19.726357,77.146758,SCR,Maharashtra
ALAL,ALAL,30.378176,75.72420699999999,,
KARR,KHARAR,30.7263803992,76.6360518042,,
BHAL,BHATIEL,22.477066,72.834624,,
AGM,AGARAM SIBBANDI,12.414388,79.11334699999999,,
ASAR,ASRA HALT,29.249760774200002,77.29144328,,
CTZ,CHAUNTRA BHATERH,32.005534999999995,76.74671000000001,NR,Himachal Pradesh
MUY,MUGAIYUR,11.976522,79.30532600000001,,
PAY,PAYYANUR,12.092248,75.195107,SR,Kerala
KRLR,KARAILA ROAD JN,24.261080999999997,82.719311,ECR,Madhya Pradesh
DAV,DEVALGAON AVCHAR,19.322430999999998,76.60520100000001,SCR,Maharashtra
NMY,NOONMATI,26.180382,91.806851,,
VNEC,Vijayawada North East,16.532028,80.630413,,
CKW,CHALKHOA,27.4656628037,94.9592046722,NFR,Assam
MNDV,MANDAWARIYA,26.621071999999998,74.890472,,
JLG,JULGAON DECCAN,19.384261,77.790475,,
TKPY,TURAKAPALLI,15.0927135285,77.6285053778,,
DAH,DEHARE,19.2418554705,74.6741555884,,
ULG,UDALGURI,26.744291,92.094329,,
NMM,NEW MISAMARI,26.810166,92.57545400000001,,
MSMI,MISAMARI,26.811265,92.595773,,
AMBR,Ambika Rohina,18.442254377900003,76.9437206531,SCR,Maharashtra
ORC,ORCHHA,25.401119,78.644228,NCR,Uttar Pradesh
NTVT,NETHRAVATHI,12.844375000000001,74.856475,,
HNEO,Hathbandh,21.6319185846,81.8457729333,,
BSSL,Basi Beriasal,25.024084,74.764318,WCR,Rajasthan
CIP,Chichpalli,19.966168,79.443249,,
SNTD,Santaldih,23.596660999999997,86.48312299999999,SER,West Bengal
SNTN,Santinagar Halt,23.292974228200002,88.6377553125,,
SNTH,Sonthaliya,27.400358,75.531666,NWR,Rajasthan
DPNR,Deepnagar Halt,25.140667,85.48327400000001,,
GKV,Gottihalli Halt,13.260622,78.155685,,
JAMA,Jama,24.345509,87.14492,ER,Jharkhand
HIVR,Hiwarkheda,21.431848000000002,78.112944,,
PETA,Pandetola,24.7415365882,87.0603205811,,
BWP,Bhawanipur Kalan,27.415623,82.161102,NER,Uttar Pradesh
LSE,Laseri,28.713124,75.47962399999999,,
KKV,Kunkavav Junction,21.653448,70.975052,WR,Gujarat
LOK,Loknath,22.871717999999998,88.03392099999999,ER,West Bengal
CKH,Chakand,24.8901416,84.9954942,ECR,Bihar
CKK,Chakarpur,28.951978,80.002313,NER,Uttarakhand
DCA,DAMCHARA,25.012661,92.749675,NFR,Assam
MOX,MORAN,27.147109999999998,94.88840400000001,,
BRMR,BHARMAR,32.167399,75.954299,NR,Himachal Pradesh
CVV,CHERUVU MADHAVARAM,16.746018,80.518783,SCR,Andhra Pradesh
WDL,WANDAL,16.416601,75.86371000000001,SWR,Karnataka
WDN,VADGAON NILA,18.929059,76.643889,,
MOJ,MOHANA,25.980207999999998,77.83395499999999,WCR,Madhya Pradesh
KMV,KARMAD,19.872663603099998,75.5378981451,SCR,Maharashtra
DRS,DHARESHWAR,25.777583999999997,73.667743,NWR,Rajasthan
KNJJ,KANNJARA HALT,19.6039649812,77.2102291101,,
BAGD,BAGWADA,20.43948,72.916866,,
MRYA,MERIYANA,21.201567,71.415981,,
RDRA,RAMDEVRA,27.006279,71.929837,NWR,Rajasthan
SGNR,SHRI GANGANAGAR,29.931792,73.87141700000001,NWR,Rajasthan
GKPE,GORAKHPUR EAST,26.7587697881,83.387390437,,
KPCM,KUWARCHINTAWA,26.51743,84.942114,,
SAPR,SARANGPUR ROAD,22.236682000000002,71.748617,WR,Gujarat
GPAE,GUPTIPARA,23.197355,88.4178,ER,West Bengal
WDM,WYNDHAMGANJ,24.264112,83.401605,ECR,Uttar Pradesh
KMD,KODUMUDI,11.076073000000001,77.885771,SR,Tamil Nadu
BUU,BHADANPUR,24.16808,80.679777,WCR,Madhya Pradesh
ETB,ITARSI B CABIN,22.591346,77.709215,,
CVP,KOVILPATTI,9.182578,77.872848,SR,Tamil Nadu
PAL,PALASNER,22.304246,77.050174,WCR,Madhya Pradesh
RNIS,Ranolishishu,27.517012,75.301025,NWR,Rajasthan
GBB,GUBBI,13.321429,76.939264,SWR,Karnataka
PERN,PERNEM,15.707894,73.81653700000001,KR,Goa
NAWN,NAWAN,29.653071999999998,74.353285,NWR,Rajasthan
AEX,Adderi,14.141045,75.157978,,
JNDO,Jehanabad Court,25.2012234752,84.98423622680001,,
MCLE,MANCHILI,16.662928,81.613684,SCR,Andhra Pradesh
AEK,Anekal Road,12.723885,77.71072699999999,SWR,Karnataka
DCU,Damalcheruvu,13.478885,79.05643400000001,SCR,Andhra Pradesh
GBE,Gayabari,26.860039999999998,88.260998,,
GKPI,Gate Karepalli,17.500295,80.25510299999999,,
KNJI,Karanjali,22.0353,88.245999,,
BAGA,Bhagega,27.677209949999998,75.72088996,NWR,Rajasthan
BAGJ,Barharagani,26.921354215,83.9195740283,,
SLPR,Silpaprabesh,22.058566000000003,88.10654500000001,,
PLNI,Palani,10.458722,77.52118300000001,,
CNDM,Chandi Mandir,30.727071000000002,76.88683900000001,NR,Chandigarh
CNDB,Chandur Bazar,21.219451,77.741807,,
MMVR,Murga Mahadev Road,22.06048608,85.46586180999999,,
HSJ,HUSSAIN SAGAR J,17.426453000000002,78.461904,,
SRBG,Sarobag,25.272851221,86.4760352539,,
NWBV,NWBV,16.529876,80.62039399999999,,
JSPR,JASHAPAR,21.837130552799998,69.87358352049999,,
RUP,Rupahigaon,26.4125623913,92.74226717410001,NFR,Assam
RF,RAFALESHWAR,22.7738973454,70.8969253271,,
SGLA,SANGOLA,17.435563000000002,75.187581,CR,Maharashtra
BSA,BHAINSA,27.391523,77.673452,,
BNNR,BHINDAR,24.528647,74.179638,,
KOX,KACHUJOR,23.8426777354,87.4650456,,
INK,INTAKANNE,17.727522,79.860507,SCR,Andhra Pradesh
KZJF,KAZIPET F CABIN,17.974824,79.57727100000001,,
JDPT,Jagdishpur,25.1482278323,86.9846195752,,
UBCN,ULHAS BRIDGE CABIN,19.246247,73.069462,,
RG,RAJGHAT NARORA,28.235655,78.353587,NR,Uttar Pradesh
SRDH,SARSADH,29.184058,76.731812,,
IGRL,INGORALA,21.8234176248,71.6869809839,,
LGCE,LAGARGAWAN,24.464248,80.81431,WCR,Madhya Pradesh
JDPR,Jagdishpur,24.273108999999998,86.52550400000001,?,Jharkhand
HSM,HAUSNAGAR,24.646721000000003,87.94988,,
VST,BIJAYSOTA,23.978724,81.11095900000001,WCR,Madhya Pradesh
SKPA,SHRIKALYANPURA,25.189878,76.094182,,
DYS,DALAPATHY SAMUDRAM,8.430572,77.638091,SR,Tamil Nadu
RGNH,RAGHUNATHGARH,29.311679,73.65157199999999,,
KVLS,Karakavalasa,18.292228,82.991426,ECoR,Andhra Pradesh
SULH,Sulhani,30.871949,74.865129,NR,Punjab
QCAB,QCAB,22.229374,84.88480200000001,,
AJLE,AZIMGANJ JN CABIN,24.23827,88.257363,,
XCBN,Xcbn,25.303843,83.16958199999999,,
TWI,Totewahi Halt,20.014659,79.600455,,
INP,INDAPUR,18.297688,73.24465000000001,KR,Maharashtra
INJ,INNANJE,13.2555864292,74.7612195679,,
BJLP,BARAI JALALPUR,27.449608,80.800122,NER,Uttar Pradesh
KLGD,KOLLENGODE,10.626984,76.697715,,
DWJN,DIVA JN. CABIN,19.188667,73.042923,,
BRWH,BAHERWA HALT,25.251877498200002,82.7922887817,,
STKW,Sultanpur Kalia,28.4605176414,76.8692637848,,
HCNR,Harichandanpur,21.328476000000002,85.795395,ECoR,Orissa
NMUE,Numaishgarh Halt,28.407739616900002,77.8423063,,
PTP,Patal Pani,22.514232000000003,75.797002,WR,Madhya Pradesh
PTA,Patiala,30.344248999999998,76.4041,NR,Punjab
DRPH,Devri P.H.,22.85663,79.836698,SECR,Madhya Pradesh
NLKT,Nalkata,24.0683888436,91.999618396,,
PCZ,Pocharam,17.486717000000002,80.234583,SCR,Andhra Pradesh
BSD,Basuldanga,22.20374787,88.23393947000001,ER,West Bengal
KOM,Kodikkalpalaiym,10.786311,79.64869900000001,,
TFGN,Tufanganj,26.303308,89.667639,,
MWAD,Mowad,21.455554,78.451335,,
COAC,Coac,16.964553,82.238213,,
KPAW,Kanchrapara Workshop Gate,22.935794,88.445352,,
NLBR,Nilambazar,24.743292,92.36512599999999,NFR,Assam
KADL,Kumradol,24.695170582,87.075560105,,
SKPR,Sikarpur Halt,21.984896,78.946006,,
MRSH,Morshi,21.326057,77.995446,,
CHTL,Churaru Takrala,31.597665,76.166445,,
SUNW,Surendra Nagar (W) Cabin,22.734875,71.636363,,
SUNE,Sune,22.753791000000003,71.644706,,
XGN,Gokulnagar,25.4879748709,85.30219143549999,,
HSX,Hoshiarpur,31.5240737,75.9055848,NR,Punjab
TSG,SITAPUR CITY (THOMASGANJ),27.569887,80.69025900000001,,
GUB,GULARBHOJ,29.11078373,79.30114461,NER,Uttarakhand
LRNC,LAKSAR NORTH CABIN,29.7715518226,78.0113177722,,
LDU,Lunidhar,21.715431000000002,71.085551,WR,Gujarat
HOH,HONAGANAHALLI,16.679401000000002,75.732815,SWR,Karnataka
SE,SEMLA,22.039641,70.79367,,
TELI,TELI,11.933093999999999,79.405133,,
ILA,SILSIMAN,9.8674013383,78.2001819324,SR,Tamil Nadu
MMRB,MANMAD B CABIN,20.231473570600002,74.44955586180001,,
NSN,NASIRPUR HALT,28.604529,77.109242,,
REP,RESAULI,16.3096804,80.4578628,,
COP,Kanpur M. G. Goods,26.45248,80.34196899999999,,
PEM,Peralam Jn,10.959358,79.656384,,
UDR,AMDARA ROAD,24.099500875799997,80.5779045111,WCR,Madhya Pradesh
SFR,SAFRAI,27.029014999999998,94.942883,NFR,Assam
BURN,BURNPUR,23.6719137,86.9386234,SER,West Bengal
KQX,KACHUJOR,23.841224628400003,87.46277400209999,,
RWTB,ROWTA BAGAN,26.736799,92.21490999999999,,
CAO,CHAURADANO,26.85049224,85.01767731,,
RSNA,RASANA HALT,24.224697000000003,72.256353,,
GRNA,GURHANWA,26.74758,85.215756,,
PDPR,Purandarpur,27.209982,83.34747200000001,NER,Uttar Pradesh
HJLI,HUGRAJULI,26.805203,92.35864099999999,,
NSO,Nashipur Road,24.21105,88.274766,,
ULTL,Kulti Link Cabin,23.734566,86.865534,,
PMDB,PAMIDI,14.9811881952,77.5990888062,,
DCTL,DOMBIVLI CTL,19.203604,73.08419099999999,,
KQZ,Kolar,13.124594,78.13204400000001,,
SVTN,SHIVATHAN,15.477666,74.518905,,
GMI,Gond Umri,21.003133000000002,80.082136,,
BMGN,BAMUNI GAON,26.01201,91.282876,,
BQU,Bhattiprolu,16.105632000000004,80.787953,SCR,Andhra Pradesh
CMGR,Chikkamanglur,13.3038846483,75.7887762634,,
BURA,Bahuara,25.8968700235,84.7834807544,,
BHKA,Bahira Kalibari,22.685772,88.563588,ER,West Bengal
GNRD,Genoli Road,25.203127000000002,75.152338,,
BYPA,Baiyyappanahalli,12.991200000000001,77.651853,,
VGDC,Viramgam D Cabin,23.137395,72.042828,,
URML,Upramal,25.247947,75.276627,,
NEYT,Ntpc Exchange Yard Talcher,20.919626,85.20809999999999,,
JRRI,Jrri,25.308243,83.17854700000001,,
NCPM,Nishchindapur Market Halt,21.987443000000003,88.21710499999999,ER,West Bengal
BRSA,Barwa Kalan,27.391265999999998,83.408343,,
JWK,Jawaharpur Kamsan,27.52481,78.588278,,
TMZJ,Tmzj,22.246668,87.933497,,
HUN,Hunsenahalli,13.399832,77.94645,,
DYW,Diyawan Halt,25.3817289022,85.2839236682,,
GHB,Gahri Bhagi,30.116782999999998,74.944234,,
JREA,Jhareda,27.476347999999998,77.032106,,
JSL,JASSOWAL HALT,30.799159,75.831803,,
KOWN,KHOWANG,27.299563,94.895843,,
IDGH,INDARGARH,25.775115,77.73819999999999,,
BROR,BERORE,29.200034,73.300793,,
MWZ,MAHISHADAHARI,23.916311,87.649654,,
CHAH,CHAILAHA HALT,26.6748122335,84.89464732670001,,
LHD,LOHOGAD,20.467176,77.07850599999999,SCR,Maharashtra
GHGL,GHAGWAL,32.504286,75.213604,NR,Jammu and Kashmir
ADTL,ADHARTAL,23.227389,79.972274,WCR,Madhya Pradesh
SISN,SISAUNA,29.216155,78.28054900000001,,
JSI,JASALI,24.169914000000002,71.914081,,
NWN,Nanwan,28.371336999999997,76.014318,,
PRWA,PARWAKHURD HALT,19.365201,77.764414,,
KWC,KUNDWA CHAINPUR,26.771884,85.183119,,
KSMB,KASTLA KASMABAD,25.114943999999998,85.79836399999999,ECR,Bihar
DKJR,DHEKIAJILI ROAD,26.809213999999997,92.452548,,
AADR,Amb Andora,31.670727,76.110391,,
BHHZ,BEHTA HAZIPUR HALT,28.719730000000002,77.304041,NR,Uttar Pradesh
BYNR,MOOKAMBIKA ROAD,13.87259,74.63279,KR,Karnataka
KWH,KACHHWA ROAD,25.250465000000002,82.706617,NER,Uttar Pradesh
IBH4,IBH4,22.029943999999997,82.431192,,
IBH5,IBH5,22.019762,82.620084,,
IBH6,IBH6,22.021243000000002,82.73791700000001,,
IBH3,IBH3,22.016209999999997,82.892472,,
BRMO,BERMO,23.772498,85.955893,ECR,
IBH1,IBH1,21.861847,83.625911,,
IBH2,IBH2,21.87477,83.794136,,
IBHG,Ibhg,21.775184,81.98842900000001,,
NGHW,Nageshwadi Halt,18.4615191344,76.91610235659999,,
SISM,Singuli Shyam,25.186362,75.00444200000001,,
SSGR,Sisai Gulabrai,26.282385,83.776865,,
MWR,Mahansar,28.199841000000003,75.031292,NWR,Rajasthan
MGDR,Magardharra Ph,21.9661929569,80.12555929080001,,
FGH,Fatehgarh Haryana,28.647921,76.243784,,
DASF,Dhasa Jn,21.782515,71.517978,,
KAMR,Khurrampur,25.1687228764,85.2213155725,,
SHTS,Sambhal Hatim Sarai,28.596912,78.568241,NR,Uttar Pradesh
BECN,Bikaner East,27.972495,73.368894,,
PKM,Periyanaikanpalayam,11.144776,76.948477,SR,Tamil Nadu
IBHE,Ibhe,21.600830000000002,81.815212,,
SRJK,Suraj Kunda,26.142698000000003,81.20291900000001,,
IBHF,Ibhf,21.682533000000003,81.89613299999999,,
IBHC,Ibhc,21.38637,81.741998,,
PKRH,Parsa Kerwan Halt,26.053610138099998,84.8273760669,,
TOR,Titur,21.059452,79.288957,,
TOI,Tamkuhi Road,26.721823999999998,84.228415,,
BFF,Barabhati,20.862984,80.06084100000001,,
MROA,Mora,27.516762,77.612747,,
SGDV,Soma Guddu,14.288569,76.633302,,
KWB,Kaniwara,22.218261000000002,79.73291400000001,SECR,Madhya Pradesh
DJHR,Deojhar,22.08071726,85.47699312,,
DEPI,Deenapatti,25.89498,86.937159,,
IBHA,Ibha,21.206629,81.384639,,
DKJB,Dornakal Bye Pass,17.429209999999998,80.157907,,
JUYA,Jodhpuriya,25.070196,74.81465299999999,,
DUE,Dhuri Jn,26.8008621515,84.139379776,,
BKRH,Brij Kishor Halt,26.31374,84.69461,,
SMGR,Samaguri,26.416262999999997,92.84983299999999,NFR,Assam
BTDR,Batadrowa Road,26.466939,92.538085,NFR,Assam
RTJ,Rantej,23.471537,72.153828,WR,Gujarat
NRKG,NARKATIAGANJ JN,27.105025,84.46403500000001,,
KGLE,KHAGRAGHAT ROAD,24.106842,88.22648099999999,ER,West Bengal
BDK,BEDAG,16.823512,74.756723,,
PRK,PARKHAM,27.299256,77.711657,,
DWL,DHUWALA,25.487150094300002,74.5819742755,,
BYO,BAYALUVADDIGERI,15.230476,76.533248,,
RJMA,RAJOMAJRA,30.375339,75.79810400000001,,
LNT,LINGTI,19.86677,78.901334,?,Maharashtra
BYE,BANSI BOHERA,24.363232999999997,74.38867400000001,,
PPS,PIPILIYA ROAD,22.930873000000002,70.67825500000001,,
SQZ,VANCHANGIRI,17.9512834252,79.6671534143,,
KLMJ,Kalhe Majra,30.3358409881,76.21149321899999,,
KMHT,KARMAHAT,23.712696086799998,85.5410748871,,
KLMD,Kollumangudi,10.980702,79.65593299999999,,
BDA,VADODARA C CABIN,22.318357,73.17783,,
GAGA,Galgalia,26.52752005,88.11348526,,
NAKD,NAIK DIH,25.847026,83.466008,,
KSIH,Khodseoni,21.1558479072,80.1127146875,,
POY,POLLACHI JN,10.653079,77.001342,,
BRIH,Bairi Halt,25.158611596700002,84.2113217236,,
SDLK,SUNDLAK,25.121481000000003,76.455842,,
ISM,ISMAILA HARYANA,28.796977000000002,76.74656300000001,NR,Haryana
PPK,Pachpokharia,26.894084,84.981145,,
KYG,KIDIYANAGA,23.47934,70.768891,,
VBU,VEMBUR,10.5893388627,78.0723825452,,
NNM,Nannilam,10.8837044,79.6509052,,
KYO,KHANDIKAR,26.463321,91.642769,,
BATM,Batala Sugar Mills,31.856906,75.228493,,
HIS,Hisua,24.859600999999998,85.417826,,
LLD,Lalavadi,21.930346999999998,78.189646,,
IDS,Ishardaspur,25.947848999999998,81.253954,,
CGE,Charghat Pipari,23.037538,79.922584,,
DLCB,Durg Link Cabin,21.197156,81.300896,,
SRSO,Sarsoo,24.9197820804,85.35368317140001,,
DGPI,Durgapuri,25.865541,76.809686,,
IDT,Sidlaghatta,13.39218973,77.86536472,,
BYQ,Bahai,26.122334,81.01527999999999,,
SPBG,Sipra Bridge,23.173483,75.757499,,
BWO,Buramara,22.107567000000003,86.650295,,
PRNT,Periyanagathunai,12.559346408400001,77.9110166815,,
IFFC,Iffco Cabin,23.212087,72.52010800000001,,
TKG,Thakurganj,26.426933,88.129704,,
MTRA,Matigara,26.716817,88.384065,,
BRKH,Bisapur Kalan Halt,21.914681,78.923701,SECR,Madhya Pradesh
SUPR,Surajpur,30.782451000000002,76.888897,,
HMB,Harebetta,12.794145,75.593582,,
SSU,Sasa Musa,26.527558,84.357082,,
BGDI,Bagadia Ph,20.279033000000002,86.586249,,
POT,Pothia,26.310567000000002,88.179429,,
POU,Padrauna,26.897709199999998,83.982606,,
HAN,HINDAUN CITY,26.756164000000002,77.03168600000001,WCR,Rajasthan
MGRP,MEGH RAJ PURA,32.079397,76.07141899999999,NR,Himachal Pradesh
GPSA,Ghatparsia Halt,22.0597389624,79.0528523303,,
GHAI,GHATIGAON,26.054864000000002,77.92678000000001,WCR,Madhya Pradesh
SBIC,SABARMATI BRIDGE,23.067094,72.58875599999999,,
DSX,DESANG,27.056054999999997,94.686324,,
SUC,Sunak,23.604089,73.209986,,
CKKD,CHARKHERA KHURD,21.938836,76.642615,,
AMPA,AMBALAPUZHA,9.386059,76.363817,SR,Kerala
SBID,SABARMATI D CABIN,23.101488,72.57027500000001,,
SUI,Sui,28.8992313011,76.0614295142,,
MHWL,MACHROWAR,31.516333,75.636644,,
KTLN,KHAT LABANA,30.0390118497,73.8612473071,,
SUJH,Sujangarh,27.708763,74.463659,NWR,Rajasthan
NTDM,NITYANAND DHAM,23.414967,75.057507,,
TEK,Tekkali Halt,18.605282,84.231178,ECoR,Andhra Pradesh
SLBS,SALSALA BARI,26.486646999999998,89.594991,,
BTDF,BOTAD JN,22.182670599999998,71.6653966,,
SBIS,SABARMATI SOUTH,23.083452,72.56375499999999,,
GJT,Gannaghatta,13.244119000000001,78.146705,,
DQV,DAULA KOT BHAI,30.206149,74.703438,,
LHK,LAIHRA KHANA,30.2258549701,75.1389845972,,
DNU,Dalsanur,13.274642,78.171853,,
GKHT,GRAM KHARIKA,25.6720446969,85.3879062933,,
RKO,RAMAKRISHNAPURAM GATE,17.476299,78.52847299999999,SCR,Andhra Pradesh
MWG,Mindala,20.515625999999997,79.71680900000001,,
DSAP,DELHI SHAHDARA A PANEL,28.673349,77.31954,,
SNCA,SONACHARA,25.984617,91.143131,,
RKL,Ramkola,26.90674,83.836714,,
RKK,Ratangarh Kanakwal,29.922760999999998,74.966758,,
DLGS,Duklangia,26.692531,94.273103,,
KTLP,Katalpur Halt,26.229288579,84.7728427332,,
SETB,Sessa,27.32406,94.85767,,
AUI,Aurahi,25.823021,87.135054,ECR,Bihar
AUN,Aurang Nagar,29.043935,75.974542,,
BNLS,Bangi Nihal Singh,30.008326,74.95528499999999,,
HAR,Hamirpur Road,26.016513,80.190689,NCR,Uttar Pradesh
WTP,Water Pipe,19.009064,73.290406,,
SLHI,Shilhauri Halt,25.9530212347,84.8337491992,,
RTG,Rangtong,26.836122,88.342388,NFR,West Bengal
BLLT,Ballupete,12.969667999999999,75.908903,,
RTU,Ratan Sarai,26.373540000000002,84.573582,,
SDRA,Sudharana,28.453681,76.425807,NWR,Haryana
BVRM,Bhimavaram Junction,16.543097,81.538335,SCR,Andhra Pradesh
NKW,Nilakantheswar,21.426066,85.798221,ECoR,Orissa
SKY,Shikara,22.798847000000002,79.858161,SECR,Madhya Pradesh
DJB,DIJAOBRA,25.5507,93.093936,,
BLR,BALGANUR,15.59262851,75.60251865000001,SWR,Karnataka
MSHW,MUSHARWA HALT,27.0516270621,84.48696237120001,,
CHIT,CHITHARI HALT,25.228309,79.89076200000001,,
BRGP,BAJRANGPURA,22.8387443721,71.7400647568,,
BRGT,BHERAGHAT,23.1697663,79.7978789,WCR,Madhya Pradesh
SWU,SANAURA,31.579622,75.64132599999999,,
MHDA,MAHDEIYA,24.210039,82.588309,ECR,Madhya Pradesh
BRGJ,BARGAON GUJAR,21.7849180856,76.3562287756,,
DHWS,DHOSAWAS,23.383691,75.051031,,
VDK,VADAKANNIKAPURM,10.641667,76.686919,,
KHNR,KACHNARA,23.808778,75.101024,,
MMDA,MUTHALAMADA,10.626386,76.77172300000001,,
DV,DHUVA,22.7223787434,70.9335792004,,
FRG,Faringapete Halt,12.875341,74.957082,,
CASA,CHHANSARA,23.767566,71.276337,,
SNLR,SANTALPUR,23.759161000000002,71.181545,WR,Gujarat
SIA,SHIVLANKHA,23.380465,70.620232,,
SNMR,Soniyana Mewar,25.080389,73.971244,,
MSHM,MAHESANA,23.606146717799998,72.38875601560001,,
SWW,Shahanagar Timarua,27.416456999999998,78.25971,NCR,Uttar Pradesh
NKV,NAKARDEI,26.948956,84.89193900000001,,
MMDL,MOHINI MANDAL(H,26.678676999999997,85.389062,,
GVR,GORESUAR,26.526055630000002,91.72046680000001,,
SRRB,SHORANUR B CABIN,10.759868,76.271,,
KBY,KHOIRABARI,26.626143000000003,91.840413,,
PCAB,PCAB,22.237662,84.912165,,
TNL,TANGLA,26.658355,91.912274,,
SWT,Shivwala Tehu,27.382935,78.224585,,
NGPB,Nagpur (Se),21.145332,79.088256,,
PLHL,PALLAHALLI HALT,12.4115632692,76.6601677197,,
NJPS,New Jalpaiguri,26.682355,88.442721,,
BARS,Barsana,27.443262999999998,77.15025299999999,,
LKMN,Lokmanya Nagar,22.691279,75.847166,WR,Madhya Pradesh
MSHF,Mahesana,23.603326,72.38937,,
TVTN,Thambawati Nagri,24.958315,74.68691899999999,,
SPYA,Sipaya,26.564981,84.326498,,
JUBS,Jubbasahani,26.17489,85.369793,,
LSGS,Lavan Satyagraha Smarak P.H,22.096296,87.850571,,
HPLB,Hatpuraini,25.1553455368,86.9845895752,,
CHT,Champahati,22.402193,88.493624,ER,West Bengal
MMDP,Mohamadpur,24.877385999999998,85.41562499999999,,
NEHL,Nethranahalli H,14.674986,76.71037,,
KBS,Kusmuda Block Station,22.342991,82.680149,,
SVGL,Shrivagilu,12.755498000000001,75.584174,,
GVP,Gate Vanampalli,17.448472,77.892616,,
GOX,GOBINDPUR DUGLI,26.085299,83.791513,,
KAKN,Kaimarkalan,26.176561,77.22272699999999,NCR,Madhya Pradesh
BLV,Bhelwa,26.994131,84.77836099999999,,
BLF,Balajan,26.09571,89.887371,,
APRD,Ashapurna Devi,21.727401,87.638201,,
KNVH,Kanivehalli,13.327121199099999,75.8986612061,,
SEPN,SEPON,27.117144,94.85643400000001,,
HBG,HOWBAGH JABALPUR,23.156295999999998,79.932199,WCR,Madhya Pradesh
BHBT,BLOCK HUT BASANTPUR,32.559965,75.059067,,
JMBL,JAMBHALI HALT,19.167016,77.59293500000001,,
TNNH,TAPASWINARAYAN NAGAR HALT,26.631615,85.445955,,
STDB,SITAFALMANDI B,17.428299000000003,78.52024899999999,,
AYD,AYANDUR,11.966731999999999,79.34081,,
AJKI,AJITKHERI,23.040004,76.045323,WR,Madhya Pradesh
MSDG,MASOBA DONGARGAON,17.265553999999998,75.136269,,
HXR,HANSAPORE,20.906867,72.925984,,
MDUN,Madhura Nagar,16.5253522399,80.6476081836,,
DDS,DUDH SAGAR,15.31821,74.306568,,
KFN,KANOR,24.459564,74.266275,,
CQS,CAPPER QUARRY,11.694558,79.75366600000001,SR,Tamil Nadu
AYN,AIYANAPURAM,10.788547000000001,78.929033,SR,Tamil Nadu
FTH,FATUHI,30.056984,73.871319,NR,Rajasthan
BDUA,BASUDEOPUR CHANDAIL HALT,25.6487380699,85.5426915326,,
KLVR,Kolvihir,21.26585,77.854259,,
HBQ,HUBLI EAST CAB,15.348063,75.155355,,
MITA,MITHA,24.082494,71.672422,,
BNWS,BHANWASA,26.8333020399,75.2170497089,,
BUBR,BHUTAKIA BHIMSA,23.533540000000002,70.908462,,
GEK,GEGAL AKHRI,26.540366000000002,74.775574,NWR,Rajasthan
SLWR,SILAWAR,29.505405,77.345001,NR,Uttar Pradesh
LJKR,LAJKURA CABIN,21.809025000000002,83.888267,,
MDN,MIDNAPORE,22.42498,87.307379,SER,West Bengal
MYX,METYAL SOHAR,23.482582,86.748784,SER,West Bengal
JGF,JOGIDIH,24.2769136737,83.052288244,,
PWK,PIPARIYA KALAN,23.859295,80.73642199999999,WCR,Madhya Pradesh
KMTI,Kumarhatti,30.889186,77.05598099999999,NR,Himachal Pradesh
KRTN,KIRTI NAGAR,28.6469294838,77.145074025,NR,Delhi NCT
TCH,Tiruchchuli,9.537360695,78.19753187,,
ADRE,ADRA EAST CABIN,23.492772000000002,86.69287100000001,,
KLSP,Kushal Pura,28.484266,75.764732,,
TERH,Terha Halt,25.995645525199997,84.8493670618,,
LVR,Lokvidyapith Nagar,27.154414,83.306841,NER,Uttar Pradesh
LVK,Lakkavarapukota,18.018465,83.14744900000001,,
JGP,Jalalpur,26.586308000000002,84.311942,,
BNWD,Bhandewadi Halt,21.141189,79.159229,,
HEN,Heria Ph,21.974916,87.79556600000001,,
KDHI,Kaladehi,22.879170000000002,79.83489,SECR,Madhya Pradesh
ICBN,Icbn,25.296734999999998,83.156976,,
JBCN,Joda Block Cabin,22.024168000000003,85.43383,,
PPTN,Piprithan,26.484618,88.124798,,
SKLI,Sukli,21.677859,79.683653,,
ANGM,Aungari Dham,25.1913324416,85.2261571069,,
KATI,Kanthi P Halt,21.788742999999997,87.734128,?,West Bengal
NTS,Nattrasankottai,9.880423,78.54142999999999,SR,Tamil Nadu
KDHN,Kandharan Halt,28.594924,75.45245,,
BWBN,Bewar Bhojan,28.5476822027,75.5683413623,,
GNDM,Gunrajpur Dhama,26.069449321900002,84.8211345959,,
KBKN,Khabra Kalan,29.322476,75.412296,,
KRKM,Khara-Kameri,25.427702,73.929025,,
JES,Jaitsar,29.342839,73.65228900000001,,
GGG,Gangagarh Halt,27.850344000000003,78.739109,,
MDLM,MUNDALARAM,23.687953,75.102087,,
KTDD,KATAIYA DANDI,25.149062471199997,81.3984808771,NCR,Uttar Pradesh
KNRI,KUNURI,23.9163057543,87.6115177704,,
KHW,KHERODA,24.570580999999997,74.06853600000001,,
AJIT,AJIT,25.860076969999998,72.67795462,NWR,Rajasthan
BKAC,BARKAKANA AVOIDING CABIN,23.640520000000002,85.46359199999999,,
CMMG,CHAMUNDA MARG,32.110941000000004,76.421027,NR,Himachal Pradesh
X108,Aman Lodge,18.997761,73.27608000000001,,
BLDL,BALLE-DA-PIR-LA,32.215731,75.932732,NR,Himachal Pradesh
GURN,Gurudas Nagar,22.199323,88.214928,ER,West Bengal
SOA,SANOSRA,21.748110299,71.7894786566,WR,Gujarat
BGRR,BAGARPUR HALT,29.079065999999997,78.278043,,
FZR,FIROZPUR CANT,30.942486,74.61843900000001,NR,Punjab
LMGF,LUMDING JN,25.750176,93.17674000000001,,
MDJN,Madar Jn,26.464294,74.686507,,
TZH,TAKAZHI,9.3702,76.408316,,
BVI,BORIVALI,19.228739,72.85641199999999,WR,Maharashtra
PNTR,PENNATHUR HALT,12.849960168399999,79.1235368176,,
GM,GARMADI,23.72788,71.13394,,
MBU,MELPATTAM BAKKAM,11.784898,79.622949,SR,Tamil Nadu
BANR,Bhaner,22.879185725,72.9756196179,,
CUD,TIRUPPAPPULIYUR,11.748845000000001,79.753441,SR,Tamil Nadu
KWBR,KATWAR BAZAAR,25.562644,82.448864,,
NXH,NIDAGHATTA,12.6253503,77.0880662097,,
LCAE,LALBAGH COURT ROAD,24.173693,88.246307,ER,West Bengal
DKGN,DEKARGAON,26.681165999999997,92.763075,,
KBGB,Komagata Maru Budge Budge,22.49283248,88.19442228000001,,
BTJL,BHATKAL,13.98866,74.5655589,KR,Karnataka
BGRA,BAGHNAPARA,23.242082,88.329724,ER,West Bengal
MGTD,MEGHPUR TITODI,22.138132,69.451972,,
LMGS,LUMDING SOUTH,25.757118,93.163576,,
DMWP,Dmw Patiala Halt,30.361156358899997,76.42154342159999,,
CSY,COSSYE,22.4068330073,87.2896485193,,
DDNA,Dudhaunda,25.573305,83.084478,NER,Uttar Pradesh
MNGR,Mohan Nagar,29.45876,73.523178,,
DALF,DALI GANJ,26.875644,80.927742,,
KMPS,Kumara Patnam Bg Sdg,14.527464,75.780127,,
MABG,MATANA BUZURG,23.1138506265,75.8671171741,,
IKD,Ikdori,26.037543,76.940934,NCR,Madhya Pradesh
BLDK,Balauda Takun,22.877384,75.755456,WR,Madhya Pradesh
KRMP,Kumaripur Halt,25.4375440848,87.6057220984,,
GSRM,Gauri Sriram,26.7699800293,84.1867607922,,
BBRA,Bbra,16.549141,81.53283,,
JNRD,Junagarh Road,19.874057,82.946083,,
KSBP,Keshabpur,22.221674,87.948672,SER,West Bengal
BVZ,Naloi Barwa,28.96314483,75.62385717000001,,
JNRI,Jalandari,25.286385000000003,75.342247,,
TDPM,Todikkapulam Halt,11.153243999999999,76.268569,SR,
KHR,Khairee Halt,22.343556,79.860374,,
LLBR,Lalabazar,24.561850000000003,92.610161,?,Assam
SSPD,Sadashivapet Road,17.4835646427,77.8728203638,SCR,Andhra Pradesh
CWDA,Chuhriwala Dhanna,30.212074913600002,74.13556886469999,,
PADL,Padil,12.874231,74.894329,,
JMKL,JAMUNIA KALAN,24.413060577899998,74.8886623096,,
PJPI,PRAJAPATI HALT,26.815895,84.50216300000001,,
KGIH,KALGURKI HALT,16.585003999999998,75.775752,,
BDVR,Bodavara,18.175095,83.112494,,
BEHT,BIHAT HALT,25.4497699558,86.0334555469,,
KNKP,KONDIKOPPA,15.431087999999999,75.469303,,
MRPM,MATHURAPUR MOR HALT,29.6609552552,78.4222417542,,
CCBG,Chicholi Buzurg,20.613113,79.912753,,
SHHT,SINGHAUL HALT,25.4350086438,86.0966802881,,
SDPT,SEDARAMPATTU,12.672036,79.202726,,
ADX,ADAPUR,26.924721,84.941759,,
BKTB,BINDUKURI,26.709021999999997,92.734685,,
KDBR,KHADKI BAZAR,19.406761,77.832038,,
DHWN,Dhaniyawan,25.421986000100002,85.2874685571,,
STNR,Sitalnagar,28.04419,74.245042,,
GMK,GULMA KHOLA,26.83822,88.43738,,
NTWL,Netawal,24.861017,74.45849,,
NKBR,Narkatia Bazar,26.488339,84.38246,,
BRL,BARWALA ROAD,22.902131,70.714894,,
NPTY,NIMPURA THROUGH YARD,22.325255000000002,87.26505300000001,,
GMX,GURMURA,24.3548979309,83.0477742334,,
THSA,THANISANDRA,13.0578558367,77.6355093567,,
GOG,GHORGHAT,25.27073,86.58456,,
KNKD,Kankanadi,12.866703,74.88113670000001,,
RXR,RANGAPAHAR,25.854971000000003,93.707766,NFR,Nagaland
OBAC,OBRA-A-CABIN,24.446331,82.988313,,
RDHP,RADHANPUR,23.84693,71.58559399999999,WR,Gujarat
STNC,Sitarampur Link Cabin,23.745854,86.885648,,
MSBR,MUSAHIBPUR,31.9834478985,75.60945677000001,,
BSPD,BIASPIND,31.459179,75.632658,,
CHAF,Chaf Halt,26.8285100187,84.0939686646,,
DBK,Darbari,27.9655265319,73.10053242309999,,
IBHH,Ibhh,21.846442,82.057491,,
JDNM,JAGUDAN,23.521871,72.401679,,
IBHD,Ibhd,21.443752,81.763465,,
DBT,Dakshin Barasat,22.226102,88.45228599999999,ER,West Bengal
JULF,Jhulasan,23.326449,72.471105,,
BWIP,Bhawanipatna,19.93393,83.15839799999999,,
KJR,Kalajhari,20.369711,85.838015,,
JDNF,Jagudan,23.522071,72.401879,,
BEHJ,Behj,27.481951,77.396587,,
GRCP,G. Ramchandrapur,19.990686,83.33018200000001,,
GLKN,Gugalwa Kirtan,28.545807,75.576076,,
KCLA,Kenchanalu Halt,14.017783668700002,75.28544676759999,,
TNPR,Tejnarayanpur,25.339562331299998,87.71098052250001,,
TORA,Torniya,21.450802,70.497006,WR,Gujarat
BRVR,Borvihir,20.7843263,74.8417412,CR,Maharashtra
TPNI,Tuiya Pani,22.560295999999997,80.010141,SECR,Madhya Pradesh
VRK,Virkudi,10.817963,79.648304,,
BHRH,Bhuyar Halt,20.712948,79.579542,,
MTBG,Matia Barghat Halt,26.941536,83.75710400000001,,
SMPC,Shambhupura C Cabin,24.792781,74.63844900000001,,
GHPU,Gandhipuram Halt,17.495052,80.31352000000001,SCR,Andhra Pradesh
STLB,Sitalpur Bengal,21.774098,87.672822,,
HPL,Haripal,22.8311582,88.11853982,ER,West Bengal
WLGN,Walgaon,21.020729000000003,77.71074,,
ADQ,Adhikari,26.57689211,88.16988226000001,,
DKCH,DAKACHA,22.859111000000002,75.951951,,
KNB,KANIYAMBADI,12.809316794699999,79.12441763240001,,
NGON,NAUGAON,26.130622,78.12035800000001,,
VLCA,VELLALCHERUVU H,16.132576,79.891216,,
SEI,SHENDRI,18.130093,75.552627,CR,Maharashtra
KHDH,Karahdih Halt,25.068848,85.432679,,
GRMT,GUR MARKET,16.701278000000002,74.264117,,
MTDI,MALTEKDI,19.1674,77.33435399999999,,
GPC,GHATPINDRAI,22.952676,79.26630999999999,WCR,Madhya Pradesh
VPO,BHUPIA MAU,25.875223000000002,81.970286,NR,Uttar Pradesh
BNOD,Benoda,21.449662999999997,78.180007,,
LXA,LAKSWA,27.004637018300002,94.8439823962,NFR,Assam
VPY,VYASARPADI,13.108535,80.256817,,
SMRL,SAMRALA,30.824281,76.18245499999999,,
ITMA,ITARSI MARSHALING YARD,22.6063459486,77.75944219360001,,
CHUA,Chourai,22.057632,79.246686,,
SCV,Sukhchain,29.767847,74.99009799999999,,
KUCH,KUCHAVARAM HALT,17.732096310200003,78.4572240295,,
JUNX,JUNONA HALT,19.476361933099998,77.1618431097,,
PBQ,Pathardih Bazar,23.682542,86.431257,,
KLV,KELVA ROAD,19.624601000000002,72.79082100000001,WR,Maharashtra
KNC,KANCHANPUR ROAD,24.065548000000003,81.660307,WCR,Madhya Pradesh
LCNC,LUCKNOW CITY,26.859254,80.91798399999999,,
CLDB,CHANDLODIYA (B),23.094443000000002,72.543267,,
JRWN,Jirwan,21.681178,76.501037,,
GNST,GANDHI SMRITI,20.920848,72.921021,,
KHDB,KHODIYAR,23.156344,72.54803399999999,,
WAT,WALTAIR,17.7223773,83.29008089999999,,
AMGA,AMJONGA,25.9816211386,90.8529670435,,
JITE,JITE,18.842284,73.119827,,
PUWA,Pauwara Halt,21.098924,81.332987,,
TPV,Tinpheria,26.618891,84.292251,,
MADP,MADHAPUR ROAD,23.242661000000002,69.716415,,
EC28,PURA HALT,24.815024,85.23955500000001,,
HRG,Hirdagarh,22.142795,78.517436,CR,Madhya Pradesh
MADM,Matradham Halt,22.048253,79.45140099999999,,
SASR,Sausar,21.658885,78.80252499999999,SECR,Madhya Pradesh
KUCE,Kuchai,22.013657,86.695652,,
GOF,Ghutiari Sharif,22.367665,88.552115,ER,West Bengal
BJMA,Burj Mohar,30.185034097,74.2058883679,,
BTSI,Batasi,26.606703,88.175047,,
KNU,Kanjh,23.2982849059,72.1484284265,,
UJJN,Ujjain Jn,23.178193999999998,75.781443,,
NRF,Neralakatte Halt,12.816740000000001,75.125978,,
SWMD,Sawai Madhopur D,26.023661999999998,76.362376,,
BELT,Bela Halt,25.0382570525,86.99825916260001,,
GZA,Gurujalas,16.548406999999997,79.639066,,
BRRI,Birari,24.7313106127,78.50699749019999,,
BRRZ,Barara Buzurg,26.052652,81.08413800000001,,
BPGR,Benipurgram Halt,26.317241,85.481349,,
SHWL,SAHUWALA,29.355217,73.812967,,
PRSN,PARSA NAGAR,26.776378,84.68692399999999,,
ATMO,AITHAL,29.8079295893,78.0436230264,NR,Uttarakhand
AGDL,AGRAN DHULGAON,16.966118,74.924993,CR,Maharashtra
GAHT,Ghusia Halt,25.1919497817,84.2479039038,,
TRK,TIRUKOILUR,11.976052306,79.22381373900001,,
SXA,SAGPHATA,21.574033,76.392141,,
RSRI,RAISHREE,25.362076000000002,77.591872,,
JO,JO JAGABOR,23.739452999999997,73.45304499999999,NWR,Gujarat
SXD,SIDULI,23.6493523213,87.21232632290001,,
MGE,MIGRENDISA,25.171242,93.06155700000001,NFR,Assam
DHBI,DHABAULI HALT,25.6820902631,85.3421818591,,
SXO,SRIKONA,24.837109,92.71007999999999,,
VLNK,VELANKANNI,10.687498999999999,79.846763,,
TBU,THARBAN,19.268289,77.671001,,
DMBR,DUMRI BIHAR,23.807394000000002,85.766204,ECR,
AHN,AHIRAN,24.517687000000002,88.04112500000001,ER,West Bengal
SGAM,SAREIGRAM,24.039636,82.205614,WCR,Madhya Pradesh
RPWN,Rambhawan Halt,25.2547478737,85.239275033,,
KZPE,KAZIPARA HALT,23.909674000000003,88.188311,,
HTA,Hatighisa,26.687630000000002,88.242284,,
NGV,NAGLAVI,15.454853,74.908742,,
MIAN,MIANGRAM,23.853212000000003,88.17146,ER,West Bengal
CNY,KOLANALLI,11.173276999999999,77.861414,,
KPM,KUMARAPURAM,9.088507,77.833638,,
SGAC,SOGARIYA CABIN,25.230055,75.90022099999999,,
PYV,PAZHAYA SEEVARAM,12.777131,79.8777,SR,Tamil Nadu
CNM,CHENGMARI,26.863246999999998,89.004024,,
NGC,NEW GUWAHATI,26.181703,91.792236,,
AHQ,AHERA HALT,28.926420999999998,77.27862400000001,NR,Uttar Pradesh
STVA,SATYAVADA,16.799851999999998,81.66986,SCR,Andhra Pradesh
GIT,GHORPURI TRANSH,18.5259235991,73.8987694873,,
TRJ,Tariasujan,26.653609000000003,84.270833,,
ODC,Oddam Hatram,10.4855987634,77.7465317596,,
HDT,HARDATTPUR,25.276911474,82.9075993964,NER,Uttar Pradesh
RDP,Radhikapur,25.643573999999997,88.448153,NFR,West Bengal
NPH,Nurpura,26.709463000000003,77.852085,,
NABN,Nagbhir Jn (Ng),20.580232,79.700558,,
KRRH,Kharuara Halt,25.4317780874,85.54376733149999,,
DXU,Duhru,26.083606,80.176723,,
GIZ,Gidam,18.934852,81.409001,ECoR,Chhattisgarh
GIF,Gani Dham Halt,25.1634535646,86.9862695435,ER,Bihar
MVKR,Mahawan Khor Halt,26.975829172700003,83.2768154944,,
JTT,Jumapatti,19.004154000000003,73.308384,,
JTN,Jotana,23.459001999999998,72.29427,,
MGT,Magra Hat,22.242111,88.37271299999999,ER,West Bengal
MNX,Manganallur,11.024209599999999,79.6498049,,
CTPR,Chinta Parru Ha,16.534799,81.70660500000001,,
KMZA,Kankra Mirzanagar,22.658005,88.721428,ER,West Bengal
KRGN,Kargaon Halt,20.801363000000002,79.41345000000001,,
PUSA,Pusla,21.493095999999998,78.354883,,
CMY,Chintamani,13.410991099999999,78.05456539999999,,
SGYW,Singriawan,25.4095173407,85.28453529789999,,
DZL,Dhana Ladanpur,28.7502173348,76.1667579382,,
MAHD,Mohadi Praganel,21.294083,79.726457,,
ANM,ANAIMALAI ROAD,10.624894,76.935071,,
TNI,TANDARAI,12.1180073562,79.1470127649,,
BGAR,BANGARI,26.538089,84.921285,,
TKRP,Tikauli Rawatpur,26.399047,80.613163,NR,Uttar Pradesh
NVD,NAVALGUND RD,15.434894,75.354461,,
LUSA,LUSA,24.876545999999998,82.843318,NCR,Uttar Pradesh
CAER,CHHANERA,21.963965,76.707775,WCR,Madhya Pradesh
KTW,KOTDWARA,29.742927896,78.52116372309999,NR,Uttarakhand
BNGM,BANGURGRAM HALT,26.1401115488,74.34824731079999,,
LAC,LACHHIPURA,26.3236717828,74.65329374689999,,
BMHT,Baraw More,25.0437938949,84.06203632569999,,
RNRD,RANIPUR ROAD,25.270917999999998,79.055869,NCR,Uttar Pradesh
SIRL,Shirala,21.123835999999997,77.726017,,
TRSR,TARSAI,21.764673,69.84803099999999,,
LAA,LAKHPAT,23.597666,71.028821,,
GKX,Ghai Kalan,30.822828,75.10891500000001,,
GKT,Gankhera Halt,21.389118,80.191891,,
BRNR,BARUANAGAR,27.143953401599997,95.23363789119999,NFR,Assam
ANQ,AMNAPUR,17.049464999999998,74.459554,,
NTT,NATHAPETTAI,12.824069,79.75614999999999,SR,Tamil Nadu
NKU,NAKARDEI,26.948686,84.89166900000001,,
RRNH,RAMRUPNAGAR,26.790374,85.162249,,
PRWS,PATTABIRAM WEST,13.120184,80.051876,,
BAHW,Bahir Khanda,22.851949,88.071068,ER,West Bengal
HHP,HARHAR FATEHPUR,29.5622491051,77.38734198969999,,
SRKR,Salar Khurd,26.447388357799998,84.273451449,,
UAR,UNAWA AITHOR,23.759404,72.38511899999999,,
VRLR,VIRANI ALUR,8.1946448621,77.3686992383,SR,Tamil Nadu
HKNT,Hiwarkheda,21.40605,78.067716,,
GZKA,Gzka,27.607734,76.655091,,
VRLF,Veraval Mg,20.913261,70.370599,,
MSWA,Masaniwala,29.399942999999997,73.59038699999999,,
KPDH,Kapurdha Halt,22.053903000000002,79.304203,SECR,Madhya Pradesh
MKBH,Manwala Kot Bakhtu,30.040498999999997,74.95205,,
GRKA,Gurha Kemla,28.313585999999997,76.25524899999999,,
GSGB,Gosaingram,24.248003,88.211777,ER,West Bengal
VZR,Bhanjpur,21.95074,86.73407,,
TAKL,Takal,21.649222,76.542513,,
NRSD,New Runnisaidpur Halt,26.385382,85.515932,,
CBP,Chik Ballapur,13.4313153,77.7325398,SWR,Karnataka
PRUR,Prithwirajpur,29.956914,73.757001,,
NKK,Narikkudi,9.607657999999999,78.33712799999999,,
NKN,Nyoli Kalan,29.189764,75.633124,,
PPDI,Pipradih,24.9936652146,86.9944876282,,
BLHI,Bisalehalli,13.4826117961,75.9666857568,,
DSHI,Doddasiddavanha,14.209931,76.48848000000001,,
BJKN,Bajekan,29.524297999999998,75.099097,,
DTT,Doddanatta Halt,13.374454,78.13389600000001,,
CBZ,Churaibari,24.433621,92.24124800000001,NFR,Tripura
MVA,Malaka Vemala,14.268888,78.053936,,
BIML,Bhimal,24.7524306,73.92244020000001,NWR,Rajasthan
MZB,Mahuli Halt,21.033307999999998,79.315031,,
WOC,Warud Orange City,21.458720999999997,78.276164,,
SANH,SANHA HALT,25.4274073054,86.3684319092,,
IFCO,IFFCO CABIN,23.179203,72.535718,,
KGRA,KANGRA,32.085157,76.26256500000001,NR,Himachal Pradesh
MJKN,MAJRI KHADAN,20.109731,79.01907800000001,,
PMD,PAMIDI,14.980726541100001,77.5990446368,,
PRM,PIRUMADARA,29.327364,79.045744,NER,Uttarakhand
SKK,SIKKAL,10.753121,79.790691,SR,Tamil Nadu
RSC,RAMGANGA SOUTH,28.295969,79.369788,,
PLG,PALGHAR,19.698038,72.77248,WR,Maharashtra
PPLC,PIMPLA CHAURE HALT,19.286454997699998,77.13253484500001,,
KLNT,KALINAGAR,23.365861,88.335819,,
ARJ,AUNRIHAR JN,25.54466,83.18727200000001,NER,Uttar Pradesh
TNDN,THANDONI,10.93648,78.108515,,
MBT,MARWAR BIRTHI,27.099589,72.290171,NWR,Rajasthan
PLE,PIPLEE,23.817141,71.530851,,
MTSK,MOTA SURKA,21.724542,71.924583,,
NRK,NARAIKKINAR,8.862518999999999,77.841953,SR,Tamil Nadu
GPW,GHAUNSPUR,31.8706261437,75.6375275745,,
PTRL,PATHRALA,30.006625,74.74395299999999,NWR,Punjab
PEH,Pathardih Junction,23.675524600000003,86.4345602,ECR,Jharkhand
NIN,Nimkana,20.295401,86.376438,,
NIT,Naikot,27.361006,83.396612,,
KAMA,Kamta Halt,25.336743948,85.27791552000001,,
NDKR,Nandakumar P.H.,22.1909239649,87.927872196,?,West Bengal
RNU,Ratnapur,21.474117,76.651361,,
BMZ,Bamour Gaon,26.3484669242,78.0778607251,NCR,Madhya Pradesh
BXG,Bhanga,24.857347,92.457351,NFR,Assam
BORA,Bagdogra,26.697770440000003,88.32445458000001,,
PTMS,Pattabiram Military,13.136714000000001,80.05975199999999,,
LHNR,Lakshmanpur Halt,27.5318304825,82.3397643762,,
LHNA,Lohanda,25.3541150645,85.27902379519999,,
KLNC,Kullanchavadi,11.628136,79.667563,,
PGDI,Pagidirai Halt,15.283,77.60155400000001,,
JPD,Jalalpur Dhai,26.021201,81.13597700000001,?,Uttar Pradesh
BGV,Balegundi,14.150947457100001,75.11856523189999,,
BGY,Bangriposi,22.130678,86.501362,,
KMEZ,Kumar Maranga,19.038845,81.94987,,
BLSR,Belasar,27.995122,73.653205,,
SHYP,Sakarayapatna,13.430423881200001,75.92847693120001,,
JWNR,Jawaharnagar,23.924910999999998,91.895623,NFR,Tripura
RJLK,Rajalukah,22.125193,86.64224200000001,,
MRWS,Marwar Ranawas,25.669354,73.739883,NWR,Rajasthan
NMH,NIMACH,24.459872999999998,74.853025,WR,Madhya Pradesh
SUIA,SURAINCHA,27.33652,80.830108,NER,Uttar Pradesh
SGM,SOLGAMPATTI,10.785689,78.858717,SR,Tamil Nadu
DN,DHANARI,28.3284610746,78.50959573360001,NR,Uttar Pradesh
JVN,JORAWARNAGAR JN,22.71246,71.641594,WR,Gujarat
UKLR,Ukilerhat Halt,21.824712,88.230351,ER,West Bengal
KOQ,KUTHUR,10.755434000000001,79.718883,SR,Tamil Nadu
MAV,MARIAMMANKOVIL,10.773265,79.198201,SR,Tamil Nadu
BLRR,Belandur Road,12.936565,77.706939,SWR,Karnataka
SRDW,SHRIMAD DWARAKAPURI,27.364691,79.56963800000001,NCR,Uttar Pradesh
SKBR,SHANKARPUR BHADAURA,24.083218,81.93144699999999,WCR,Madhya Pradesh
SCKR,SALICHAUKA ROAD,22.833649,78.67629099999999,WCR,Madhya Pradesh
GGO,Goram Ghat,25.635531,73.849246,NWR,Rajasthan
PTNR,PATEL NAGAR,28.660009076599998,77.15626035310001,NR,Delhi NCT
BGO,BOGRI ROAD,22.881747,87.325732,SER,West Bengal
BNKA,Bankim Nagar,23.209058770000002,88.59190873,ER,West Bengal
SSPH,Satish Samanta P.H.,22.194485,87.987567,?,West Bengal
RGB,RAMGANGA,28.298118,79.375029,NR,Uttar Pradesh
JRU,CHIKJAJUR JN,14.126112,76.138705,SWR,Karnataka
PLI,PETTAIVAYATALAI,10.898665999999999,78.495114,SR,Tamil Nadu
AVLI,ARAVALLI,16.620491,81.599095,SCR,Andhra Pradesh
KHST,KASHANATTI,15.4642781905,74.8295941504,,
HVL,HONNAVALLI ROAD,13.2744988982,76.39004938960001,SWR,Karnataka
SSNH,SREE SARADANAGAR HALT,13.260739,76.454627,SWR,Karnataka
CXA,Chandsara,28.876213999999997,77.725745,NR,Uttar Pradesh
BTIB,BHATINDA B CABIN,30.150805,74.940231,,
ANPR,Anpara,24.217385999999998,82.766166,ECR,Uttar Pradesh
CTRD,Chitrawad,21.101116,70.557048,WR,Gujarat
TNGM,TONDALAGOPAVARAM,16.86827,80.43078299999999,SCR,Andhra Pradesh
KHSN,KHERA SANDHAN HALT,27.240587,77.72704800000001,,
RCF,KAPURTHALA RAIL COACH FACTORY,31.326976000000002,75.34282,NR,Punjab
UKR,UDALKACHAR,23.287243,82.291923,SECR,Madhya Pradesh
FAH,FATEHA HALT,25.598419045,85.8714580536,,
BIWK,BISALWAS KALAN,24.500035299999997,74.78308399999999,WR,Rajasthan
TDPR,TIRUPADRIPULYUR,11.748883,79.753349,SR,Tamil Nadu
GOPL,GUNDLA POCHAMPALLI,17.567577,78.48785099999999,SCR,Andhra Pradesh
SNPH,SHANKAPUR HALT,18.0661191061,78.4021040503,,
TMU,TIRUMANTHIKUNAM,10.767733999999999,79.534339,SR,Tamil Nadu
PURA,PURA HALT,24.815193999999998,85.239725,,
TMA,Tamuria,26.245715,86.352761,ECR,Bihar
TMB,Temburu,18.633565,84.12696299999999,ECoR,Andhra Pradesh
SKBN,SILAKHEDI,23.093053,76.057298,,
SWI,SWAMIMALAI,10.942234,79.32878500000001,SR,Tamil Nadu
RCJ,RANYAL JASMIYA,23.161929,76.072554,WR,Madhya Pradesh
VVB,VIVEKA VIHAR,28.673319000000003,77.31951000000001,NR,Delhi NCT
BARD,DUVRI KALAN,23.994180999999998,81.507968,WCR,Madhya Pradesh
GWS,GAUSHALA,29.298626000000002,79.009802,NER,Uttarakhand
NJN,NAOJAN,26.13131,93.846465,NFR,Assam
CCT,KAKINADA TOWN,16.9670099,82.2329218,SCR,Andhra Pradesh
MVP,MOKHASA KALVPDI,16.495533000000002,81.13029,SCR,Andhra Pradesh
DBRT,DIBRUGARH TOWN,27.4781132774,94.9019739417,NFR,Assam
NJT,NAGERCOIL TOWN,8.199571810899998,77.4194318207,SR,Tamil Nadu
MMH,MAHADANAPURAM,10.953711,78.299178,SR,Tamil Nadu
HWT,HANWANT,26.059514,73.005205,NWR,Rajasthan
GWO,Gwalior NG,26.216473,78.182282,NCR,Madhya Pradesh
KASH,Kulthamabdullashah Halt,31.203335000000003,75.848386,NR,Punjab
BMSN,Bamsin,25.762982552100002,72.5442353925,NWR,Rajasthan
DHCA,Dhaca Cantt.,23.815527,90.410617,?,Bangladesh
SAKD,Suprakandi,24.788432999999998,92.37868,,
KRRI,Khairranji,22.419012000000002,80.03937900000001,,
RCP,Ramachandrapur,25.996484000000002,81.267274,NR,Uttar Pradesh
GNTR,Gauntra Halt,27.134445803800002,80.21785643429999,NR,Uttar Pradesh
NAVI,Navi Amravati,20.902137,77.732428,,
FAN,Fatehnagar,24.81828,74.09578200000001,NWR,Rajasthan
CCP,Chhuchhapura Junction,22.214729000000002,73.594519,WR,Gujarat
CIF,Chhapra Kacheri Jn.,25.786151,84.746619,,
CCO,Chicholi,21.458741,79.702691,,
BHGH,Bhairgachhi,23.274779,88.634016,ER,West Bengal
BHV,Bhoma,22.171372,79.689457,SECR,Madhya Pradesh
WDLN,WADWAL NAGNATH,18.538466,76.80741,SCR,Maharashtra
BRHD,BABA RAGHUNI HALT DWARIKA,25.7600467439,86.5967982178,,
TKBN,TSAKIBANDA,15.163457000000001,77.178109,SWR,Andhra Pradesh
KFY,KARAPGAON,22.9155569073,78.9845402875,WCR,Madhya Pradesh
SXF,SOBHAPUR,22.727429,78.29188099999999,WCR,Madhya Pradesh
BNK,BANASANKARAI HA,13.2656079329,76.5230602795,SWR,Karnataka
BXHT,Boxirhat,26.307287000000002,89.751593,,
MFH,MAHRAULI,28.663865,77.468815,,
AKNR,ADHYATMIK NAGAR,28.679874,77.49972700000001,,
DS,DASNA,28.690718999999998,77.528116,,
PKW,PILKHUA,28.712335,77.668008,,
KKMB,KASTLA KASAMBAD,28.7210709953,77.7102953784,,
HPU,HAPUR,28.739613,77.77957599999999,,
BBO,BABUGARH,28.747393000000002,77.855523,,
QXR,KUCHESAR ROAD,28.746651,77.913232,,
SKHR,SIKHERA MB HALT,28.7567148575,77.9499696448,,
SMBL,SIMBHOOLI,28.765190999999998,77.98347199999999,,
GMS,GARHMUKTESAR,28.781743,78.07350799999999,,
GGB,GARHMUKTESAR BR,28.761399945399997,78.1412204187,,
KHE,KANKATHER,28.8013612636,78.180192128,,
GJL,GAJRAULA JN,28.834937999999998,78.250784,,
MHHR,MAHESRA,28.856392,78.330321,,
KFPR,KAFURPUR,28.8654124385,78.3593320288,,
AMRO,AMROHA,28.892688,78.474329,,
KIV,KAIALSA,28.8802519228,78.5605679086,,
CKLT,CHAK KALI LAIT,28.874271,78.611771,,
HKP,HAKIMPUR,28.8794821589,78.65886363950001,,
LDP,LODIPUR BISHANPUR,28.872301720499998,78.7090987616,,
LPB,LODIPUR BISHANP,28.869781,78.71802799999999,,
BZR,BISRA,22.248412000000002,84.998591,,
BUL,BHALULATA,22.266491,85.060382,,
JRA,JARAIKELA,22.309555999999997,85.113703,,
MOU,MANOHARPUR,22.373359,85.196894,,
PST,POSOTIA,22.447129,85.254753,,
DRWN,DEROWAN P. HALT,22.487947,85.29977799999999,,
MXW,MAHADEV SAL,22.510448,85.328849,,
GOL,GOILKERA,22.505290000000002,85.37935200000001,,
TUX,TUNIA,22.540308999999997,85.426059,,
SWR,SONUA,22.576498,85.464081,,
LPH,LOTAPAHAR,22.617663,85.565671,,
CKP,CHAKRADHARPUR,22.678979,85.62777100000001,,
BRM,BARABAMBO,22.70169729,85.72902995999999,,
RKSN,RAJKHARSAWAN JN,22.733525,85.811158,,
MMV,MAHALI MARUP,22.757135,85.879316,,
SINI,SINI JN,22.78946,85.94702600000001,,
BRBS,BIRBANS,22.79397464,86.01393866000001,,
WADI,WADI,17.054312,76.99154999999999,,
MPK,CHENNAI PARK,13.080627,80.27285,,
MSF,CHENNAI FORT,13.08354,80.28293599999999,,
MSB,CHENNAI BEACH,13.09034,80.291601,,
RPM,ROYAPURAM,13.103503,80.29315199999999,,
WST,WASHERMANPET,13.1092227,80.28302000000001,,
TIM,TIMMANACHERLA,15.163466000000001,77.394077,,
NKDO,NAKKANADODDI,15.165309,77.47667899999999,,
PLU,PATAKOTTACHERU,15.172077,77.521795,,
GY,GOOTY JN,15.149208,77.625823,,
GYJ,GOOTY JUNCTION CABIN,15.140041,77.650955,,
JKO,JAKKALACHERUVU,15.109121,77.726953,,
RLO,RAYALCHERUVU,15.055957000000001,77.82103500000001,,
VML,VEMULAPADU,15.022098,77.85137900000001,,
JUR,JUTTURU,14.978847,77.898103,,
KMQA,KOMALI,14.936387,77.927597,,
TU,TADIPATRI,14.907558000000002,77.978985,,
CLPE,CHALLAVARIPALLI,14.876728,78.034438,,
VRN,VANGANUR,14.847442,78.080906,,
RLL,REGADIPALLI,14.813572,78.136002,,
KDP,KONDAPURAM,14.773549,78.193462,,
MUM,MANGAPATNAM,14.7366964885,78.2607534143,,
CIN,CHINTAKUNTA,14.7197004131,78.3238797852,,
MOO,MUDDANURU,14.688415,78.395393,,
KMH,KALAMALIA,14.667107,78.470174,,
YA,YERRAGUNTLA,14.642328000000001,78.534003,,
YGD,YERRAGUDIPAD,14.618673,78.606374,,
KKM,KAMALAPURAM,14.591762,78.666113,,
GPY,GANGAYAPLLE,14.55411935,78.71746345,,
KPU,KRISHNAPURAM,14.493468,78.776559,,
HX,CUDDAPAH,14.451690000000001,78.829184,,
KNLP,KANAMALO PALLE,14.428768999999999,78.925335,,
BKPT,BHAKARAPET,14.4093627,78.97007317,,
VNM,ONTIMITTA,14.392459,79.016272,,
MMPL,MANTAPAMPALLE,14.321639000000001,79.078603,,
NRE,NANDALUR,14.264922,79.105722,,
HAQ,HASTAVARMU,14.218403,79.1216,,
RJP,RAZAMPETA,14.184524999999999,79.15274099999999,,
PMT,PULLAMPET,14.120622000000001,79.205606,,
RPL,REDDIPALLE,14.093157999999999,79.22553,,
OBVP,OBULAVARIPALLI,14.04083,79.268221,,
ANE,ANANTARAJUPET,13.999592,79.30246799999999,,
KOU,KODURU,13.948578,79.345687,,
SF,SETTIGUNTA,13.87431,79.382302,,
BLPE,BALAPALLE,13.817150999999999,79.403557,,
MRM,MAMANDURU,13.745895,79.458115,,
PUDI,PUDI,13.532380999999999,79.510307,,
SVF,SRI VENKATAPERU,13.511599,79.514324,,
TDK,TADUKU,13.502044999999999,79.526498,,
PUT,PUTTUR,13.439642,79.552666,,
VGA,VEPAGUNTA,13.395013,79.559433,,
EKM,EKAMBARAKUPPAM,13.318603999999999,79.573126,,
NG,NAGARI,13.307882,79.579647,,
VKZ,VENKATA NARASIMHA RAJU VARI PETA,13.270775,79.58186500000001,,
POI,PONPADI,13.241368,79.588814,,
TRT,TIRUTTANI,13.179217000000001,79.611386,,
ICP,ICHCHIPUTTUR,13.132795,79.638907,,
AJJN,ARAKKONAM JN NORTH,13.086445000000001,79.64842900000001,,
PDI,PALASDARI,18.88409,73.32055,,
TKW,THAKURVADI,18.852865,73.353331,,
NNCN,NAGNATH CABIN,18.854079332599998,73.35913113400001,,
NAGC,NAGARGALI,18.815609,73.36014800000001,,
MHLC,MONKEY HILL,18.769161,73.36374599999999,,
KAD,KHANDALA,18.755087,73.377469,,
LNL,LONAVALA,18.748883,73.407657,,
MVL,MALAVLI,18.743833000000002,73.48064000000001,,
KMST,KAMSHET,18.766938,73.552352,,
KNHE,KANHE,18.762352,73.59401600000001,,
VDN,VADGAON,18.742927,73.636925,,
TGN,TALEGAON,18.734829,73.67201399999999,,
GRWD,GHORAWADI,18.720585,73.69698199999999,,
SLRW,SHELARWADI,18.700940000000003,73.705901,,
BGWI,BEGDAEWADI,18.700263,73.708437,,
BGW,BEGDEWADI,18.701176,73.70903919999999,,
DEHR,DEHU ROAD,18.680176,73.734169,,
AKRD,AKURDI,18.64812,73.76424399999999,,
CCH,CHINCHVAD,18.638903,73.79139199999999,,
PMP,PIMPRI,18.622977,73.801991,,
KSWD,KASAR WADI,18.607555174,73.8207010529,,
DAPD,DAPODI,18.58005,73.83279900000001,,
KK,KHADKI,18.563010000000002,73.840513,,
SVJR,SHIVAJINAGAR,18.531738,73.851147,,
BRB,BORIBIAL,18.4077648636,74.6488080432,,
MLM,MALTHAN,18.3689511683,74.7243673877,,
BGVN,BHIGWAN,18.317256,74.77504200000001,,
JNTR,JINTI ROAD,18.3249544651,74.87741682800001,,
PRWD,PAREWADI,18.289799000000002,74.952285,,
WSB,WASHIMBE,18.284021,75.003799,,
PPJ,POPHLAJ,18.292242,75.117846,,
JEUR,JEUR,18.260933,75.16247100000001,,
BLNI,BHALWANI,18.212962,75.199289,,
KEM,KEM,18.177508793500003,75.2746262701,,
DHS,DHAVALAS,18.1296817393,75.3342619214,,
KWV,KURDUVADI,18.091348,75.41711799999999,,
WDS,WADSINGE,18.066132304299998,75.4887746527,,
MA,MADHA,18.029712,75.546507,,
WKA,VAKAV,17.988187,75.579724,,
AAG,ANGAR,17.954256,75.599875,,
MKPT,MALIKPETH,17.899981999999998,75.608752,,
MO,MOHOL,17.805205,75.675995,,
MVE,MUNDHEWADI,17.7417646618,75.7065479559,,
PK,PAKNI,17.7248659449,75.7788740411,,
BALE,BALE,17.676185604199997,75.8450861792,,
SUR,SOLAPUR JN,17.664496,75.893401,,
TKWD,TIKEKARWADI,17.614967,75.933458,,
HG,HOTGI,17.565668000000002,75.989943,,
TLT,TILATI,17.503553,76.069348,,
AKOR,AKALKOT ROAD,17.450243,76.13768900000001,,
NGS,NAGANSUR,17.429086,76.182913,,
BOT,BOROTI,17.395018500000003,76.2535626,,
DUD,DUDHANI,17.362420999999998,76.37871,,
KUI,KULALI,17.357949,76.47059200000001,,
GDGN,GAUDGAON,17.335973000000003,76.530953,,
GUR,GANAGAPUR ROAD,17.340443,76.5903,,
HHD,HUNSIHADGIL,17.352906,76.646807,,
SVG,SAWALGI,17.339489999999998,76.71113700000001,,
BBD,BABLAD,17.337569,76.779259,,
GR,GULBARGA,17.314372,76.82443799999999,,
HQR,HIRENANDURU,17.258215,76.872212,,
MR,MARTUR,17.199686,76.902717,,
SDB,SHAHABAD,17.121662999999998,76.943513,,
MBQ,MUMBRA,19.190223,73.02326,,
KLVA,KALVA,19.196049,72.997651,,
CLA,KURLA JN,19.065221,72.879375,,
SIN,MUMBAI SION,19.047725,72.864262,,
MTN,MUMBAI MATUNGA,19.027347,72.84984200000001,,
DR,MUMBAI DADAR CENTRAL,19.017179,72.842972,,
VLDI,VITHALWADI,19.229233999999998,73.149051,,
ULNR,ULHASNAGAR,19.218215,73.163466,,
ABH,AMBARNATH,19.210382000000003,73.184756,,
BUD,BADLAPUR,19.166388299999998,73.2390496,,
VGI,VANGANI,19.094299,73.300967,,
SHLU,SHELU,19.062985,73.317386,,
NRL,NERAL,19.027113,73.318955,,
BVS,BHIVPURI ROAD,18.970654999999997,73.331324,,
KJT,KARJAT,18.911157999999997,73.320691,,
BLYC,BLYC,,,,
BWND,BWND,,,,
MAG,MANGALAGIRI,16.438256,80.564992,,
NBR,NAMBURU,16.358721,80.49582500000001,,
PDKN,PEDAKAKANI HALT,16.34323912,80.48615482999999,,
BDPL,BANDARUPALLE,16.3655265,80.36280020000001,,
MDPD,MANDAPADU,16.388651999999997,80.320507,,
SRPM,SIRIPURAM,16.412602999999997,80.295123,,
LIN,LINGAMGUNTLA,16.439709,80.273943,,
PKPU,PEDDAKURAPADU,16.459296,80.252989,,
GPDE,GUDIPUDI,16.433946000000002,80.205304,,
SAP,SATTENAPALLE,16.405018,80.152704,,
DUP,DHULIPALLA HALT,16.4244756015,80.0878237878,,
REM,REDDIGUDEM,16.442327720599998,80.0508149304,,
BMKD,BELLAMKONDA,16.46998,80.006313,,
ANPM,ANUPALEM,16.469897,79.962595,,
STRM,SITARAMAPURAM,16.4747594276,79.9255021252,,
PGRL,PIDUGURALLA,16.477787000000003,79.876294,,
KPH,KAMEPALLI,16.5053044215,79.83223332029999,,
TMLU,TUMMALACHERUVU,16.527651000000002,79.80296299999999,,
NDKD,NADIKODE,16.590634,79.72356500000001,,
PDGL,PONDUGULA,16.6762442519,79.65905031369999,,
VJRD,VAJIRABAD,16.686823777,79.6451940808,,
VNUP,VISHNUPURAM,16.7045104904,79.6387859326,,
DMCA,DAMARACHERLA,16.725861,79.630821,,
KDGL,KONDRAPOL,16.785299045400002,79.6010754456,,
KDRL,KONDRAPOL,16.784736,79.600292,,
MRGA,MIRYALAGUDA,16.860392,79.533503,,
TPPI,TIPPARTHI,17.006536999999998,79.42309800000001,,
NLDA,NALGONDA,17.06118,79.283436,,
SRMR,SRIRAMPURAM,17.1172617982,79.212404903,,
NKPL,NARKETPALLI,17.199276,79.179267,,
CTYL,CHITYALA,17.221960824,79.135713114,,
RMNP,RAMANNAPET,17.282344000000002,79.087023,,
VLG,VANIGONDA,17.366663,79.008505,,
MMPR,MAMDAPUR,17.3825749479,78.97793132449999,,
NRDP,NAGIREDDIPALLI,17.422255,78.939987,,
BMMP,BOMMAYAPALLI,17.484445161900002,78.8612265723,,
YY-WADB,YY-WADB,,,,
YY-MLYB,YY-MLYB,,,,
KTCR,KOTHACHERUVU,14.185769735700001,77.76013216189999,,
BSPL,BASAMPALLE,14.31123523,77.74596344999999,,
SSPN,SATYA SAI P NILAYAM,14.160468,77.757559,,
NRYP,NARAYANAPURAM,14.128972000000001,77.696047,,
WDC,WDC,,,,
SUH,SULEHALLI,17.0804109748,77.05225732059999,,
AMLX,AMLX,,,,
AQX,AQX,,,,
HLTS,HALKATTA SHARIEF,17.017117292,76.9925675,,
TAC,TATICHERLA,14.7483502106,77.59500059450001,,
LPI,LINGAMPALLI,17.482874000000002,78.31677400000001,,
KDT,KHADARPET,14.9830781091,77.5427697052,,
VPL,VENKATAMPALLE,15.0448535871,77.44160447690001,,
GPU,GULAPALYAMU,15.087043,77.39921,,
CDNR,CHANDANAGAR,17.487697,78.333575,,
HFZ,HAFIZPETA,17.482275,78.36265499999999,,
HTCY,HITECH CITY,17.4694,78.38486099999999,,
HNMN,HANUMAN STATION,15.1495189968,77.37687315369999,,
LGD,LALLAGUDA,17.441464,78.525617,,
MLY,MAULA ALI,17.44041,78.55054100000001,,
BRBD,BORABANDA,17.45922612,78.40786013,,
BTNR,BHARTNAGAR,17.46139991,78.42819281999999,,
FNB,FATEHNAGAR,17.4561957266,78.4502575745,,
NCHS,NATURE CURE HOSPITAL,17.44586316,78.45289083,,
BMT,BEGAMPET,17.4388739,78.4586266,,
SJVP,SANJEEVAIAH PARK,17.435951,78.475688,,
JET,JAMES STREET,17.433133,78.486911,,
SC,SECUNDERABAD JN,17.433146999999998,78.50148100000001,,
NW,NALWAR,16.936043,77.019937,,
SPHL,SHAMPURHALLI,16.87535,77.03309,,
TGDE,THANGUNDI,16.803814,77.068276,,
YG,YADGIR,16.744396,77.13036600000001,,
LGRE,LINGIRI,16.670289,77.188998,,
SADP,SAIDAPUR,16.5700011556,77.2497912268,,
CGTA,CHEGUNTA,16.48536136,77.30225045,,
KSN,KRISHNA,16.409324,77.328563,,
YDLP,YADALAPUR,16.384372,77.326596,,
CK,CHIKSUGAR,16.336647,77.343832,,
YS,YERMARAS,16.272482,77.34747,,
RC,RAICHUR,16.192441000000002,77.339165,,
MRC,MARICHETHAL,16.111362,77.30931799999999,,
MTU,MATMARI,16.046723,77.302973,,
HPH,HANUMAPURA,15.9712913703,77.30620283569999,,
MALM,MANTHRALAYAM RD,15.949035,77.299196,,
EGU,IRANAGALLU,15.89181357,77.26376539,,
KO,KOSGI,15.847871999999999,77.23640800000001,,
KGL,KUPGAL,15.726256,77.219229,,
ESV,ISIVI,15.65781,77.22981399999999,,
AD,ADONI,15.617035,77.27485,,
NRR,NAGARUR,15.542335,77.31318399999999,,
ASP,ASPARI,15.454804000000001,77.356253,,
MGV,MOLAGAVALLI,15.357784,77.371821,,
NMLU,NEMAKALLU,15.297622,77.37277900000001,,
NLA,NANCHERLA,15.256053,77.36883300000001,,
GTL,GUNTAKAL JN,15.17556,77.36661099999999,,
KLU,KALLURU,14.924474,77.581419,,
GDE,GARLADINNE,14.827323999999999,77.592146,,
HLKT,HALAKATTA,17.0207708951,76.99057254760001,,
CT,CHITTAPUR,17.1197808,77.09045160000001,,
MQR,MALKHAID ROAD,17.147112,77.17396099999999,,
SEM,SERAM,17.180683000000002,77.28353,,
KQT,KURGUNTA,17.191165,77.359574,,
NAW,NAWANDGI,17.2170998262,77.427908244,,
MVH,MANTATTI,17.2276934669,77.5094807208,,
TDU,TANDUR,17.25044,77.585037,,
RMY,RUKMAPUR,17.27365,77.67542399999999,,
DRR,DHARUR,17.28952,77.75853000000001,,
MWY,MAILARAM,17.280412,77.809709,,
GDQ,GODAMGURA,17.29025,77.867119,,
VKB,VIKARABAD JN,17.337132,77.90940900000001,,
CTF,CHITGIDDA,17.391231,77.963909,,
GGD,GULLAGUDA,17.4169638619,78.03277293640001,,
RPK,RAVALPALLI KALA,17.439968,78.084165,,
SKP,SHANKARPALLI,17.450825,78.131116,,
NPL,NAGALAPALLE,17.460567,78.229966,,
SNF,SANAT NAGAR,17.4616070935,78.4359471722,,
JBR,JAHANGIRABAD ROAD,26.973936860000002,81.2472830347,,
RFR,RAFINAGAR,26.994136282600003,81.2820328021,,
BUR,BINDAURA,27.0210232397,81.3252031305,,
STPD,SITAFAL MANDI,17.428339,78.520289,,
ATC,ARTS COLLEGE,17.418129999999998,78.51966499999999,,
JOO,KACHEGUDA JAMIA OSMANIA,17.411068999999998,78.517784,,
VAR,VIDYANAGAR,17.402485,78.511657,,
LGDH,LALAGUDA GATE,17.440355,78.52440299999999,,
MJF,MALKAJGIRI,17.448392000000002,78.529606,,
KDGH,KODIGEHALLI,13.063357741399999,77.57597160489999,,
ATP,ANANTAPUR,14.686478,77.59531199999999,,
PSPY,PRASANNAYA PALLI,14.6311777937,77.602106203,,
ZPL,ZANGALAPALLE,14.591854,77.640854,,
CCA,CHIGICHERLA,14.517474,77.68348800000001,,
DMM,DHARMAVARAM JN,14.424368999999999,77.717115,,
NGM,NAGASAMUDRAM,14.32166253,77.64246703,,
MKJ,MAKKAJIPALLI,14.19611832,77.62844748,,
PKD,PENUKONDA,14.099641,77.592521,,
REPI,RANGEPALLI,14.01783,77.578036,,
CPL,CHAKARLAPALLI,13.99779,77.583123,,
MLU,MALUGUR,13.866614,77.531591,,
HUP,HINDUPUR,13.819144000000001,77.500362,,
DPE,DEVARAPALLE,13.723806590299999,77.512236488,,
VWA,VIDURASWATTHA,13.665712999999998,77.509785,,
GBD,GAURIBIDANUR,13.613081000000001,77.512781,,
SMWA,SOMESHWARA,13.55657,77.513961,,
TDV,THONDEBHAVI,13.503502999999998,77.51457300000001,,
MKL,MAKLIDRUG,13.4095451686,77.50903739809999,,
CHZ,CHARLAPALLI,17.457672000000002,78.605619,,
GT,GHATKESAR,17.453116,78.678217,,
BN,BIBINAGAR,17.470511,78.794355,,
PGDP,PAGIDIPALLI,17.484713000000003,78.820893,,
BG,BHONGIR,17.524696,78.89847,,
RAG,RAIGIR,17.550881,78.94120199999999,,
WP,WANGAPALLI,17.580557000000002,78.983664,,
ALER,ALER,17.6459553,79.04834140000001,,
PBP,PEMBARTI,17.692296000000002,79.11616,,
ZN,JANGAON,17.725115,79.15473399999999,,
YSPM,YASANTAPUR,17.736740181200002,79.20499763309999,,
RGP,RAGHUNATHPALLI,17.7564788113,79.2553036017,,
IPG,IPPUGUDA,17.801311539300002,79.3267055493,,
GNP,GHANPUR,17.8506252,79.3768995,,
NSKL,NASKHAL,17.898101,79.426237,,
ORH,ODDARAHALLI,13.345829,77.541461,,
DBU,DODBALLAPUR,13.27894,77.55016,,
RNN,RAJANKUNTI,13.174150999999998,77.564915,,
YNK,YELHANKA JN,13.102795,77.593069,,
VAH,VAH,,,,
BRGL,BURGULA HALT,16.993515,78.20522299999999,,
HBLN,HBL NAGAR,17.134017,78.27355,,
KOTT,KOTTUR,17.149739999999998,78.28622100000001,,
NSVP,NPA SHIVARAMPALLI HALT,17.3237142919,78.4372038177,,
YKA,YAKUTPURA KACHEGUDA,17.359554,78.49171100000001,,
MLYG,MLYG,17.455347,78.53416999999999,,
MLYC,MAULA ALI,17.447219,78.548135,,
OPL,UPPAL,18.183408,79.48098,,
JMKT,JAMIKUNTA,18.290021,79.476918,,
BGSF,BISUGIRSHARIF,18.348122,79.483604,,
PTKP,POTKAPALLI,18.4290619835,79.4644454974,,
OEA,ODELA,18.456554241099997,79.4497442804,,
KOLR,KOLNUR,18.496319274500003,79.4199093701,,
KYOP,KOTTAPALLI,18.5402681328,79.40385903139999,,
PDPL,PEDDAPALLI,18.613795999999997,79.39208,,
RGPM,RAGHAVAPURAM,18.681242,79.411187,,
RDM,RAMGUNDAM,18.763329,79.43509999999999,,
PPZ,PEDDEMPET,18.802669374,79.4268241321,,
MCI,MANCHIRYAL,18.878745000000002,79.448848,,
RVKH,RAVINDRAKHANI,18.936594000000003,79.461396,,
MMZ,MANDAMARI,18.971272,79.47014800000001,,
BPA,BELAMPALLI,19.053689199999997,79.4863374,,
RECH,RECHNI ROAD,19.140541,79.451894,,
RLW,REPALLIWADA,19.201953,79.430139,,
ASAF,ASIFABAD ROAD,19.256682,79.416719,,
RLT,RALAPET,19.322909,79.437787,,
SKZR,SIRPUR KAGAZNAGAR,19.345659,79.489201,,
VEM,VEMPALLI,19.414389,79.53458400000001,,
SRUR,SIRPUR TOWN,19.479063,79.560418,,
MKDI,MAKUDI,19.592555,79.44826,,
WIRR,WIRUR,19.641288000000003,79.430571,,
VHGN,WIHIRGAON,19.725052,79.44081899999999,,
MAGH,MANIKGARH,19.787693,79.398527,,
BPQ,BALHARSHAH,19.8490173,79.3485858,,
GNVR,GONDWANAVISAPUR,19.8826389297,79.3287230096,,
VSP,WASANAPURA,19.884978,79.327833,,
BUPH,BABUPETH,19.923131,79.313027,,
CD,CHANDRAPUR,19.960126000000002,79.300505,,
VVKN,VIVEKANANDA NAGAR,19.997086,79.259191,,
CPW,CHOTIPADOLI,20.000992,79.253005,,
TAE,TADALI,20.034835,79.187503,,
BUX,BHANDAK,20.084262,79.112528,,
MJRI,MAJRI JN,20.139283,79.043522,,
WRR,WARORA,20.244263,79.00994399999999,,
CKNI,CHIKNI ROAD,20.325826,78.95921700000001,,
NGI,NAGARI,20.406983,78.889984,,
YNA,YENOR,20.508138,78.837091,,
HGT,HINGANGHAT,20.542631,78.83392500000001,,
WG,WAGHOLI,20.585085,78.767038,,
SNN,SONEGAON,20.629319,78.709706,,
BPK,BHUGAON,20.6738192,78.6700027,,
CHJC,CHITODA,20.708474,78.62974,,
PQL,PINDLAI,17.925189,79.454715,,
KZJ,KAZIPET JN,17.974211,79.511025,,
NSZ,BHOPAL NISHATPURA,23.278225,77.41876900000001,,
SUW,SUKHISEWANIYAN,23.34076,77.48596599999999,,
BVB,BHADBHADAGHAT,23.375165,77.535282,,
DWG,DEWANGANJ,23.429766,77.59286700000001,,
SMT,SALAMATPUR,23.461639,77.67275,,
SCI,SANCHI,23.488096,77.735783,,
BTWN,BETWA CABIN,23.509200999999997,77.787463,,
BHS,VIDISHA,23.5222886,77.8148356,,
SORI,SORAI,23.551699,77.848219,,
SUMR,SUMER,23.624616,77.879427,,
GLG,GULABHGANJ,23.684375,77.912351,,
PAI,PABAI,23.767491,77.931259,,
BAQ,GANJ BASODA,23.845347,77.944826,,
RKRI,RAO KHEDI,23.885645,77.981122,,
RKDI,RAUKHERI,23.886485,77.981962,,
BET,BARETH,23.91494729,77.99967978000001,,
CLHT,CHULHETA,23.945912,78.018483,,
KAH,KALHAR,23.978071,78.05717800000001,,
MABA,MANDI BAMORA,24.054032,78.08243700000001,,
KIKA,KURWAI KETHORA,24.117852,78.11497800000001,,
MSV,MUSTARA,25.496702,78.63498,,
GRM,GARHMAU,25.506271,78.687944,,
PIC,PARICHA,25.518402,78.73773,,
PTSC,PARICHAA THERMA,25.525228,78.753962,,
CGN,CHIRGAON,25.575053,78.805761,,
NDK,NANKHAS,25.660949000000002,78.872336,,
MOTH,MOTH,25.74157,78.948673,,
ERC,ERICH ROAD,25.820641,79.03502499999999,,
PRN,PARAUNA,25.8668027818,79.1257213309,,
AIT,AIT,25.903719000000002,79.230436,,
BHUA,BHUA,25.9455806635,79.3510848193,,
ORAI,ORAI,25.9825370076,79.459533963,,
ATA,ATA,26.0445422657,79.5991430011,,
URG,USARGAON,26.080448999999998,79.680325,,
KPI,KALPI,26.119339,79.755607,,
CNH,CHAUNRAH,26.16506,79.782159,,
PHN,POKHRAYAN,26.222964,79.84088799999999,,
MLS,MALASA,26.28889,79.907312,,
LLR,LALPUR,26.318818,79.948516,,
TLNH,TILAUNCHI,26.3381999708,80.02677233760001,,
PMN,PAMAN,26.359934,80.08042,,
RPGU,RASULPURGOGAMAU,26.376288,80.118434,,
BNAR,BINAUR,26.402727,80.178721,,
BZM,BHIMSEN,26.419754,80.21814499999999,,
HLIN,HOLDING LINE,26.438271,80.26021300000001,,
ASH,AISHBAGH,26.8373880081,80.90960679930001,,
LC,LUCKNOW CITY,26.859109,80.917866,,
DAL,DALIGANJ,26.875384,80.927482,,
BNZ,BADSHAHNAGAR,26.8686134,80.9613606,,
GTNR,GOMATI NAGAR,26.860344,81.003433,,
RMBG,RAMGHAT HALT,26.820567771,82.2144349255,,
KEA,KATRA,26.842992,82.204937,,
NGB,NAWABGANJ GONDA,27.153816,81.977064,,
TRE,TIKRI,27.116135,82.070639,,
YPR,YESVANTPUR JN,13.022839000000001,77.55117399999999,,
KJM,KRISHNARAJAPURAM,13.000534,77.674016,,
SGWF,WHITE FIELD SATELLITE,12.9960174083,77.7614779608,,
WFD,WHITEFIELD,12.995253,77.76130500000001,,
DKN,DEVANGONTHI,12.985647,77.831087,,
MLO,MALUR,12.992108,77.940033,,
BFW,BYATRAYANHALLI,13.002039739999999,77.98850762000001,,
TCL,TYAKAL,12.984096000000001,78.070518,,
MZV,MARALAHALLI,12.988346,78.108853,,
BWT,BANGARAPET,12.984808,78.178188,,
LOGH,LOTTEGOLLAHALLI,13.043169,77.562257,,
BYPL,BAIYYAPPANAHALI,12.990198,77.650886,,
BYPY,BAIYYAPPANAHALLI YARD CABIN,13.0067311694,77.62557964230001,,
BAND,BANASWADI,13.00573,77.628196,,
HEB,HEBBAL,13.042299,77.58606,,
VRDP,VARADAPUR,12.9226601895,78.1915680487,,
KSM,KAMASAMUDRAM,12.880706,78.200119,,
BSM,BISANATTAM,12.84262771,78.25031624,,
GDP,GUDUPULLI,12.803672,78.27491,,
KPN,KUPPAM,12.746834,78.339549,,
MAR,MULANUR,12.661484999999999,78.40638899999999,,
PU,PATCHUR,12.586657299999999,78.4694944,,
SKPT,SOMANAYAKKANPTI,12.574922,78.54245200000001,,
BUM,BOMMASAMUDRAM,13.044566,79.176067,,
RAM,RAMAPURAM,13.098011999999999,79.178793,,
PYX,PEYANAPALLI,13.131636,79.138282,,
SIE,SIDDAMPALLI,13.160644999999999,79.137135,,
CTO,CHITTOOR,13.219857,79.103252,,
RVSN,RVS NAGAR,13.2783021967,79.11625703979999,,
PTT,PUTALAPATTU,13.373419,79.098727,,
PAK,PAKALA JN,13.451133,79.11408,,
PAM,PANAPAKAM,13.513241,79.210821,,
MNPT,MUNGILIPATTU,13.5565460528,79.2410982153,,
KEN,KOTALA,13.6063213389,79.2872542792,,
CGI,CHANDRAGIRI,13.61173,79.31221500000001,,
TPW,TIRUPATI WEST HALT,13.624534,79.404624,,
TPTY,TIRUPATI MAIN,13.62763,79.418968,,
TCNR,TIRUCHANUR,13.631300000000001,79.455703,,
RU,RENIGUNTA JN,13.636261,79.50628999999999,,
YPD,YERPEDU,13.689108000000001,79.578514,,
RCG,RACHAGUNNARI,13.714631,79.629853,,
KHT,SRI KALAHASTI,13.7463618318,79.6830412451,,
AKY,AKKURTI,13.7828960127,79.6686416895,,
YLK,YELLAKARU,13.84646,79.65057200000001,,
YAL,YATALURU,13.893493999999999,79.626238,,
VKI,VENKATAGIRI,13.943864,79.60398699999999,,
NDZ,NIDIGALLU,13.988306000000001,79.660594,,
VDD,VENDODU,14.026947000000002,79.72840000000001,,
KQA,KONDAGUNTA,14.080027999999999,79.79392,,
LJN,LUCKNOW JN,26.831967000000002,80.91858699999999,,
AGA,AGRA CITY,27.1945731,78.0157752,,
RAWS,RAHATWAS,24.522974,77.8327,,
BRNA,BERAWANYA,23.465605999999998,75.33412200000001,,
KUH,KHACHROD,23.442673,75.286337,,
RNH,RUNKHERA,23.413846043299998,75.1888022272,,
BOD,BANGROD,23.3982156,75.1241457,,
RTME,RATLAM EAST CABIN,23.359789999999997,75.067019,,
RTLM,RATLAM JN,23.340239999999998,75.050686,,
RTM,RATLAM JN,23.34038,75.050826,,
RTD,RATLAM A CABIN,23.335631,75.042913,,
DRRN,DR. R K NAGAR,23.310222115,75.0060586914,,
MRN,MORWANI,23.2764855209,74.9779687335,,
BILD,BILDI,23.2255232,74.91853870000001,,
RTI,RAOTI,23.183572,74.87867399999999,,
BOG,BHAIRONGARH,23.1449211037,74.7760641077,,
BMI,BAMNIA,23.0957635,74.7590158,,
AGR,AMARGARH,23.080689,74.747038,,
PCN,PANCH PIPILA,23.06329,74.737549,,
BJG,BAJRANGARH,23.042607,74.69499300000001,,
THDR,THANDLA RD,23.032708,74.666939,,
MGN,MEGHNAGAR,22.907459,74.539834,,
NRH,NAHARGARH,22.873881,74.500786,,
ANAS,ANAS,22.866009,74.421513,,
BIO,BORDI,22.8664871,74.3470986,,
DHMA,DHAMARDA,22.846208,74.297046,,
DHD,DAHOD,22.843607000000002,74.25337400000001,,
RET,RENTIA,22.863268,74.210847,,
JKT,JEKOT,22.865616,74.15935400000001,,
USRA,USRA,22.842055,74.102942,,
MAM,MANGAL MAHUDI,22.83578,74.058492,,
LMK,LIMKHEDA,22.833894,73.984515,,
PPD,PIPLOD JN,22.819148000000002,73.9091,,
SAT,SANT ROAD,22.7963945628,73.80040253419999,,
CCL,CHANCHELAV,22.795825439999998,73.71433934,,
KIZ,KANSUDHI,22.789343,73.64823,,
GDA,GODHRA JN,22.776974,73.603672,,
BINA,BINA JN,24.170973500000002,78.1831998,,
GUNA,GUNA,24.6405,77.314104,,
MUGA,MAHUGARHA,24.627745093,77.24174229549999,,
RTA,RUTHIYAI,24.531922,77.175827,,
VJP,VIJAY PUR,24.493169148,77.1624114166,,
RGG,RADOGARH,24.435611305000002,77.1547924854,,
KHRJ,KUMBHRAJ,24.363097,77.079574,,
RMQ,RAMRI,24.242752,77.051454,,
CBK,CHACHAURA BINAGANJ,24.178144,77.01660299999999,,
PCF,PENCHI,24.138711,77.005837,,
SFZ,SINDURIYA KACHARI,24.0210993429,76.9259037006,,
BRRG,BIYAVRA RAJGARH,23.93591,76.907007,,
KNRA,KACHNARIA,23.883958,76.878726,,
KNWS,KARANWAS,23.80408,76.808926,,
PFR,PACHOR ROAD,23.729095,76.741609,,
UDK,UDYAN KHERI,23.680052,76.639447,,
PQU,PARHANA MAU,23.6266363986,76.5556067877,,
SFW,SARANGPUR,23.5810641859,76.4871872211,,
SFF,SUNERA PIRKHERI,23.474148000000003,76.36030299999999,,
SFY,SHAJAPUR,23.425074,76.297843,,
CAZ,CHAUHANI,23.332144,76.264491,,
SYO,SIROLIYA,23.30556,76.225424,,
MDVK,MAHADEOKHEDI,24.217392,78.193689,,
SRKI,SEMARKHERI,24.288941,78.177733,,
KXB,KANJAI,24.331047,78.169132,,
MNV,MUNGAOLI,24.402175,78.11099,,
GVB,GUNERU BAMORI,24.4617725676,78.0625395081,,
PIA,PIPRAIGAON,24.503643,77.964258,,
RTWS,RAHATWAS,24.522934000000003,77.83266,,
ORR,ORR,24.530939,77.799315,,
HPKA,HINOTIA PIPALKHERA,24.550797000000003,77.770415,,
ASKN,ASHOK NAGAR,24.58015,77.726725,,
RIKA,RATIKHEDA,24.59745,77.656544,,
SHDR,SHADHORAGAON,24.633366,77.584671,,
PIGT,PILIGHAT,24.660758,77.49331000000001,,
PGA,PAGARA,24.65577,77.44077,,
MABN,MABAN,24.641196,77.371542,,
IAA,INDARA JN,25.987832,83.61961099999999,,
ML,MALHOUR,26.8534491635,81.0404752448,,
JRR,JUGAUR,26.881922122,81.08856127690001,,
SFH,SAFEDABAD,26.8978573678,81.1166012347,,
BBK,BARABANKI JN,26.935335,81.18104,,
MAU,MAU JN,25.93948,83.564347,,
PLGH,PALIGARH,25.959544,83.50513000000001,,
KRT,KHURAHAT,25.984989000000002,83.455442,,
MMA,MUHAMMADABAD,26.026235,83.376007,,
SAA,SATHIAON,26.034194,83.28731699999999,,
SDHA,SIDHARI HALT,26.0377415583,83.18766740909999,,
RES,RASULL,26.9314225458,81.2534495215,,
AMH,AZAMGARH,26.038607,83.160614,,
RKS,SARAI RANI,26.015838,83.12149199999999,,
PHY,PHARIHA,26.007478447900002,83.0299456195,,
SJER,SANJARPUR,26.0173317932,82.97217946560001,,
SMZ,SARAI MIR,26.0281419,82.9239538,,
KRND,KHORASON ROAD,26.089745999999998,82.867173,,
SGJ,SAFDARGANJ,26.914454,81.36116,,
DJD,DIDARGANJ ROAD,26.092367,82.805191,,
KHJA,KHANJA HALT,26.088482,82.744969,,
SYK,SAIDKHANPUR,26.89846,81.462176,,
DYD,DARYABAD,26.861303,81.550114,,
PTH,PATRANGA,26.825007,81.625869,,
RZN,RAUZAGAON,26.785263999999998,81.70800700000001,,
RDL,RUDAULI,26.762188000000002,81.754202,,
GMU,GAURIYAMAU,26.757029,81.79366,,
BNM,BARAGAON,26.755374103399998,81.8470278857,,
DELO,DEORAKOT,26.754368,81.90635800000001,,
SLW,SOHWAL,26.753048,81.983837,,
SLRP,SALARPUR,26.752552,82.013173,,
FD,FAIZABAD JN,26.768996,82.135574,,
ACND,ACHARYA NARENDRA DEV NAGAR,26.774576,82.156997,,
AY,AYODHYA,26.787784,82.200604,,
DRG,DARSHANNAGAR,26.7522286283,82.2083842694,,
BLG,BILHAR GHAT,26.6813068,82.2689979,,
ULN,ULNA BHARI,26.632175,82.319243,,
GGJ,GOSHAINGANJ,26.569524,82.384123,,
KTHE,KATAHRI,26.4952,82.44776399999999,,
ABP,AKBARPUR,26.429818,82.539073,,
JFG,JAFARGANJ,26.360277060599998,82.5823193939,,
MLPR,MALIPUR,26.281482,82.63130000000001,,
TLGR,TULSI NAGAR,26.215063,82.651701,,
BWI,BILWAI,26.158966,82.665181,,
SHG,SHAHGANJ JN,26.061399,82.679662,,
PEP,PHEPHNA JN,25.770309,84.05132499999999,,
SVI,SAGARPALI,25.758015,84.098657,,
HLP,HALDHARPUR,25.963348,83.67908,,
RTP,RATANPURA,25.921924,83.744472,,
RJMP,RAJMALPUR ROAD,25.892921,83.788671,,
RSR,RASRA,25.861714,83.85785,,
SNRA,SANWARA,25.845461,83.910076,,
CHR,CHILKAHAR,25.82699,83.965313,,
JGKS,JIGNI KHAS,25.802194,84.00627300000001,,
BUI,BALLIA,25.76057,84.15311999999999,,
BCD,BANSDIH ROAD,25.8115832,84.215238,,
CATA,CHHATA ASCHAURA,25.824617,84.253936,,
STW,SAHATWAR,25.827831,84.295491,,
ROI,REOTI,25.833886,84.37469,,
DCP,DAL CHAPRA,25.82706,84.432615,,
SIP,SURAIMANPUR,25.80918,84.48002199999999,,
BKLA,BAKULHA,25.797877,84.543411,,
MHT,MANJHI,25.828485,84.58475899999999,,
RVG,REVELGANJ GHAT HALT,25.787071962800002,84.6394018433,,
GTST,GAUTAMSTHAN,25.7868591282,84.6634794519,,
BJF,BIJNI,26.497967,90.70782700000001,,
PTLD,PATILADAHA,26.504091000000003,90.78453400000001,,
SBE,SORBHOG JN,26.494286000000002,90.88828099999999,,
BPRD,BARPETA ROAD,26.5028473,90.9639649,,
GSA,GUAGACHHA,26.501588,91.01633199999999,,
SPQ,SORUPETA,26.4996888512,91.0760593414,,
PBL,PATHSALA,26.497475,91.176255,,
NSRH,NIZ-SARIHA HALT,26.4860621389,91.2211261203,,
TIHU,TIHU,26.471321,91.267699,,
KTCH,KAITHALKUCHI,26.450315,91.339022,,
NLV,NALBARI,26.450629,91.440291,,
GOE,GHOGRAPUR,26.450741999999998,91.539986,,
RNY,RANGIYA JN,26.447900999999998,91.605929,,
KDKN,KENDUKANA,26.374067,91.63681,,
BIZ,BAIHATA,26.343713,91.684343,,
CGS,CHANGSARI,26.256204,91.693023,,
AGT,AGTHORI,26.20089324,91.686006,,
KYQ,KAMAKHYA,26.156154,91.689505,,
GHY,GUWAHATI,26.182635,91.751851,,
JPE,JALPAIGURI ROAD,26.559016999999997,88.70945300000001,,
NQH,NEW DOMOHANI,26.569680979,88.786571557,,
NMX,NEW MAYNAGURI,26.578607,88.822868,,
BYXA,BETGARA,26.612665,88.885559,,
ATM,ALTAGRAM,26.608131,88.946682,,
DQG,DHUPGURI,26.573532,88.994973,,
KLGR,KHALAIGRAM,26.550420000000003,89.052194,,
SXX,SALBARI,26.5460609943,89.10552673400001,,
FLK,FALAKATA,26.5383964616,89.19227488279999,,
GMZ,GUMANI HAT,26.4740709229,89.2392642694,,
GUZ,GUMANI HAT,26.4746809229,89.2398742694,,
GDX,GHOKSADANGA,26.4228864281,89.2780105872,,
SJRR,SAJHERPAR,26.4224452405,89.35227413269999,,
PQZ,PUNDIBARI,26.413245,89.393542,,
NCB,NEW COOCH BEHAR,26.353158999999998,89.469766,,
NBS,NEW BANESWAR,26.3950219126,89.5104217529,,
NOQ,NEW ALIPURDAUR,26.48572,89.541398,,
SMTA,SAMUKTALA ROAD,26.483337452,89.6346837433,,
KAMG,KAMAKHYAGURI,26.484168,89.721829,,
JOQ,JORAI,26.454875498099998,89.8034610461,,
SRPB,SRIRAMPUR ASSAM,26.4269150632,89.903914613,,
GOGH,GOSSAIGAON HAT,26.4291071597,89.9715891956,,
GBY,GUABARI,,,,
CROA,CHAUTARA,26.4022417983,90.08572902709999,,
PQK,PRATAP KHATA,26.386384000000003,90.11849600000001,,
FKM,FAKIRAGRAM JN,26.365237,90.186189,,
SUF,SESAPANI,26.386181999999998,90.225701,,
KOJ,KOKRAJHAR,26.405057,90.274125,,
SLKX,SALAKATI,26.44577,90.357339,,
BSGN,BASUGAON,26.460164000000002,90.42014999999999,,
DTX,DANGTAL,26.465846,90.46504900000001,,
NBQY,NEW BONGAIGAON YARD,26.4721133248,90.52148600919999,,
NBQ,NEW BONGAIGAON,26.4758354405,90.53684346440001,,
BNGN,BONGAIGAON,26.478293,90.560548,,
CPQ,CHAPRAKATA,26.4928550164,90.6120253168,,
JPR,JAKPUR,22.362509000000003,87.389853,,
MPD,MADPUR,22.369694000000003,87.44326799999999,,
SMCK,SHYAM CHAK,22.363450999999998,87.500479,,
BCK,BALICHAK,22.35818589,87.55335416,,
DUAN,DUAN,22.354105,87.58821800000001,,
RDU,RADHAMOHANPUR,22.356484,87.612611,,
HAUR,HAUR,22.365254,87.655069,,
KHAI,KHIRAI,22.374504,87.69662799999999,,
PKU,PANSKURA,22.393102763,87.7430237079,,
PKEO,PANSKURA EAST OUTER,22.39974,87.773512,,
NPMR,NARAYAN PAKURIA,22.399692,87.773985,,
BOP,BHOGPUR,22.401522,87.809079,,
NDGJ,NANDAHGANJA,22.404098,87.832458,,
MCA,MECHEDA,22.414105,87.85883,,
KIG,KOLAGHAT GOODS,22.435188999999998,87.88087399999999,,
DTE,DEULTI,22.452857,87.914003,,
GGTA,GHORAGHATA,22.458315,87.94424,,
BZN,BAGNAN,22.462515,87.97071100000001,,
KGY,KULGACHIA,22.472352,88.020395,,
ERSD,ERNAKULAM D CABIN,9.979712000000001,76.306549,,
TRTR,TRIUPUNITTURA,9.9501,76.352761,,
KFE,KURIKAD,9.923276999999999,76.37635,,
MNTT,MULANTURUTTI,9.901576,76.389673,,
KPTM,KANJIRAMITTAM,9.862331,76.410949,,
TVC,TRIVANDRUM CENTRAL,8.486679,76.95120999999999,,
TVP,TRIVANDRUM PETTAI,8.494524,76.931673,,
PVRD,PIRAVAM ROAD,9.828669,76.454731,,
VARD,VAIKAM ROAD,9.777648,76.47461100000001,,
KDTY,KADUTURUTTI HALT,9.756128,76.49260000000001,,
KRPP,KURUPPANTHARA,9.734535000000001,76.51060899999999,,
ETM,ETTUMANUR,9.676196000000001,76.545152,,
KFQ,KUMARANALLUR,9.617136,76.531679,,
KTYM,KOTTAYAM,9.594177,76.532168,,
CGV,CHINGAVANAM,9.537757000000001,76.525885,,
CGY,CHANGANASERI,9.449881,76.54841400000001,,
TRVL,TIRUVALLA,9.392148,76.580267,,
CNGR,CHENGANNUR,9.319504,76.608271,,
CYN,CHERIYANAD,9.273119000000001,76.585087,,
MVLK,MAVELIKARA,9.239487,76.545692,,
KYJ,KAYANKULAM JN,9.182586,76.512933,,
OCR,OCHIRA,9.132022999999998,76.525576,,
KPY,KARUNAGAPALLI,9.065268000000001,76.54402300000001,,
STKT,SASTHANKOTTA,9.0323103106,76.59888294679999,,
MQO,MUNROTURUTTU,8.9949977685,76.6119083966,,
PRND,PERINAD,8.947916000000001,76.620341,,
QLN,KOLLAM JN,8.886586000000001,76.59675299999999,,
IRP,IRAVIPURAM,8.866947999999999,76.623059,,
MYY,MAYYANAD,8.837759,76.64733100000001,,
PVU,PARAVUR,8.815758,76.66823799999999,,
KFI,KAPPIL,8.779435,76.67962999999999,,
EVA,EDAVAI,8.762883,76.69747699999999,,
VAK,VARKALA,8.740732,76.722872,,
AMY,AKATHUMURI,8.70031,76.758792,,
KVU,KADAKAVUR,8.679078,76.766672,,
CRY,CHIRAYINKIL,8.658337900000001,76.7853703,,
PGZ,PERUNGUZHI,8.631561,76.808211,,
MQU,MURUKKAMPUZHA,8.613629999999999,76.830245,,
KXP,KANIYAPURAM,8.587612,76.854482,,
KZK,KAZHAKUTTAM,8.555848000000001,76.872235,,
VELI,VELI,8.5225364873,76.8829192029,,
KCVL,KOCHUVELI,8.509254,76.8961,,
BUW,BURHWAL,27.087081,81.39016,,
CKG,CHOWKA GHAT,27.100002,81.449932,,
SPC,SITAPUR CITY,27.583612,80.679695,,
STRK,SITAPUR KUTCHERY HALT,27.5646029424,80.6871628082,,
SCC,SITAPUR CANT,27.559468,80.698784,,
TKUR,TAPPA KHAJURIA,27.579425,80.761641,,
PSN,PARSENDI,27.582038,80.836816,,
RAMR,RAMAIPUR HALT,27.545116,80.897107,,
BVN,BISWAN,27.4894825714,80.990464292,,
SKLP,SHANKARPUR,27.447221,81.01440500000001,,
SYU,SARAYAN,27.396332,81.042877,,
BBPR,BABUPUR,27.349971,81.070314,,
MMB,MAHMUDABAD AVADH,27.288294999999998,81.114404,,
MGPA,MUNDA GOPAL ASHRAM,27.255493,81.139283,,
PPE,PAINTEPUR,27.230021,81.157557,,
TSF,TAHSIL FATEHPUR,27.168445000000002,81.203969,,
SDAM,SUNDHIAMAU,27.121414190200003,81.28688016720001,,
BRTA,BARTARA,27.837593,80.007541,,
UCH,UNCHAULIA,27.80926,80.068986,,
LNQ,LAKHNAURIA,27.782774131100002,80.1392638623,,
JBG,JUNG BAHADURGNJ,27.768418999999998,80.172851,,
MZN,MAHMUDPUR SARAIYAN,27.754198000000002,80.20962499999999,,
JKH,JAHANIKHERA,27.743837588199998,80.2393415985,,
MINJ,MAIKALGANJ,27.7175372166,80.3378219061,,
NERI,NERI,27.688832,80.393681,,
LCN,LALPUR CHANDRA,27.659295999999998,80.451791,,
MAHO,MAHOLI,27.64872,80.47707299999999,,
UDX,URDAULI,27.632870999999998,80.514006,,
HMP,HEMPUR,27.6162823291,80.5626491565,,
KATA,KATILI,27.616759000000002,80.614094,,
BGDS,BHAGWANPUR DESU,25.827009999999998,85.846025,,
ARG,ANGAR GHAT,25.795385,85.907174,,
NRN,NARHAN,25.746997,85.975081,,
ROA,RUSERA GHAT,25.746302,86.035742,,
MABB,MABBI HALT,25.7492132968,86.0634696423,,
NWC,NAYA NAGAR,25.749917999999997,86.111011,,
KGG,KHAGARIA JN,25.505891,86.46525100000001,,
MNE,MANSI JN,25.509398,86.554446,,
CDBN,CHEDHABANNI HALT,25.491823628699997,86.5971965247,,
BAPN,BARAIPURA HALT,25.7394205815,86.1373006799,,
HPO,HASANPUR ROAD,25.714772,86.18537099999999,,
SSRH,SHASAN HALT,25.685978,86.19704200000001,,
DSKG,DSKG,,,,
SOPR,SONMA PRANPUR(H,25.631435999999997,86.226371,,
SLNA,SALAUNA,25.603476,86.260279,,
IMLI,IMLI,25.555629,86.302557,,
PRGA,PAHARJAGANGAU,25.531869,86.324828,,
OLP,OLAPUR,25.517459,86.37012200000001,,
MSK,MAHES KHUNT,25.46082,86.641818,,
GAI,GOUCHHARI,25.438433999999997,86.674696,,
PSR,PASRAHA,25.403765,86.743883,,
BRKD,BHARATKHAND HALT,25.400724,86.806223,,
BRKB,BHARATKHAND HALT,25.400254,86.805753,,
NNR,NARAYANPUR,25.398348,86.85938800000001,,
THB,THANA BIHPUR JN,25.393571,86.934758,,
BIGH,BAGRIGRAM HALT,25.391339123,86.9852379138,,
KHQ,KHARIK,25.388883,87.014958,,
NNA,NAUGACHIA,25.385261,87.09387,,
KTRH,KATAREAH,25.400488,87.19483600000001,,
KUE,KURSELA,25.440774,87.253655,,
BKHR,BAKHRI,25.4998407393,87.3353004456,,
BRZR,BARARI BAZAR,25.4900643144,87.3553198425,,
CRR,KARAGOLA ROAD,25.500006821499998,87.3778270438,,
SMO,SEMAPUR,25.524483,87.47044100000001,,
NYT,NAYATOLA,25.5613904376,87.6025963629,,
DNQ,DANDKHORA,25.5724052479,87.6422368182,,
GRR,GORPHAR,25.5854196549,87.67179759090001,,
SI,SONALLI,25.604753957099998,87.7176386707,,
BHNP,BISHANPUR HALT,25.614900999,87.74611696720001,,
JAU,JHAUA,25.613217456300003,87.775042724,,
MENP,MEENAPUR,25.6140514163,87.8024827136,,
SRI,SALMARI,25.6156715055,87.8375132959,,
BDYD,BDYD,,,,
SGBB,SGBB,,,,
BSPC,BSPC,,,,
BSGS,BSGS,,,,
VAY,VAYALAR,9.741742,76.311408,,
SRTL,SHERTALAI,9.690992,76.325151,,
TRVZ,TIRUVIZHA,9.641848,76.32628100000001,,
MAKM,MARARIKULAM,9.597994,76.31801800000001,,
KAVR,KALAVUR HALT,9.567254,76.318097,,
TMPY,TUMBOLI,9.519169999999999,76.321857,,
ALLP,ALLEPPEY,9.483759,76.32247600000001,,
TPM,TOTIYAPALAYAM,11.292723,77.681926,,
KMX,KOMATIPALLI,18.381027,83.34104699999999,,
MQJ,MARADAM HALT,18.400797,83.346343,,
MOD,MORAMPUDI,16.3531150213,80.620208194,,
GPI,GAJAPATINAGARAM,18.293291,83.33390200000001,,
GRBL,GARUDUBILLI,18.214489999999998,83.350493,,
GTLM,GOTLAM,18.111319,83.39573399999999,,
LDX,LADDA,19.102692,83.412196,,
JMPT,JIMIDIPETA,19.044582000000002,83.42234400000001,,
AOR,ARGORA,23.347039,85.314358,,
KNRT,KUNERU,18.966946,83.440724,,
GMDA,GUMADA,18.889176000000003,83.457557,,
PVPT,PARVATIPURAM TN,18.783875,83.433701,,
PVP,PARVATIPURAM,18.770670000000003,83.42696600000001,,
NSX,NARSIPURAM HALT,18.737614999999998,83.406282,,
SNM,SITANAGARAM,18.672547,83.375524,,
VBL,BOBBILI,18.576763999999997,83.34572200000001,,
DNV,DONKINAVALASA,18.468756,83.350942,,
BLH,BELGHARIA,22.661900000000003,88.389455,,
AGP,AGARPARA,22.682505000000003,88.384761,,
SEP,SODPUR,22.698850999999998,88.382193,,
KDH,KHARDAHA,22.725065,88.37715700000001,,
TGH,TITAGARH,22.741680000000002,88.37405700000001,,
BP,BARRACKPORE,22.7610653,88.371428,,
PTF,PALTA,22.782449,88.369524,,
IP,ICHHAPUR,22.799819,88.37342,,
SNR,SHYAMNAGAR,22.828781,88.380423,,
JGDL,JAGADAL,22.850814,88.39459599999999,,
KNR,KANKINARA,22.86517,88.40450100000001,,
NH,NAIHATI JN,22.888555,88.4185,,
GFAE,GARIFA,22.908445,88.409935,,
HYG,HOOGHLY GHAT,22.5572086,88.3319472,,
DNH,DEONAGAR,23.758691,86.16169,,
DDGA,DUGDA,23.75873842,86.16192797000001,,
LOT,LOHRA,25.3156017921,82.93066368230001,,
CHH,CHAUKHANDI,25.3398947588,82.83483412599999,,
SWPR,SEWAPURI,25.35077,82.76954900000001,,
KEH,KAPSETI,25.357848,82.717694,,
PRF,PARSIPUR,25.37052,82.63716199999999,,
BOY,BHADOHI,25.3952636,82.5583597,,
MOF,MONDH,25.427572,82.48463699999999,,
SAW,SURIAWAN,25.461039999999997,82.423665,,
SQN,SARAI KANSRAI,25.516633,82.34519800000001,,
JNH,JANGHAI JN,25.549911,82.310962,,
CPB,KANPUR BRIDGE LEFT BANK,26.477460999999998,80.379316,,
MGW,MAGARWARA,26.523705,80.428892,,
ON,UNNAO JN,26.548354,80.486199,,
SIC,SONIK,26.586191,80.559833,,
AJ,AJGAIN,26.61721,80.62098800000001,,
KVX,KUSUMBHI,26.639853447100002,80.6542605011,,
JTU,JAITIPUR,26.6635672889,80.68894609920001,,
HRN,HARAUNI,26.70651,80.74800300000001,,
AMV,LUCKNOW ALAMBAGH,26.794514000000003,80.87313999999999,,
LKOY,LKOY,,,,
POF,PIPARSAND,26.743403999999998,80.798664,,
AMS,AMAUSI,26.77443,80.841544,,
MKG,MANAK NAGAR,26.810176,80.890615,,
MLJ,MOHANLALGANJ,26.687033,80.984093,,
KKAH,KANKAHA,26.618868,81.007582,,
NHN,NIGOHAN,26.567225,81.045358,,
SAGR,SHRIRAJNAGAR,26.522626,81.077837,,
BCN,BACHHRAWAN,26.4773211,81.10545649999999,,
KVG,KUNEANGANJ,26.395661,81.13642,,
HCP,HARCHANDPUR,26.34316,81.160841,,
GANG,GANGAGANJ,26.291456,81.201419,,
RBL,RAE BARELI JN,26.232684,81.23932,,
RUM,RUPAMAU,26.230209,81.325346,,
FTG,FURSATGANJ,26.244522,81.41565100000001,,
JAIS,JAIS,26.262162,81.51914,,
KCJ,KASIMPUR,26.257189,81.539941,,
BANI,BANI,26.227487999999997,81.620936,,
GNG,GAURIGANJ,26.20341,81.68672600000001,,
TLKH,TALAKHAJURI,26.1769257746,81.7361317209,,
AME,AMETHI,26.153024000000002,81.806276,,
MFL,MISRAULI,26.114370421700002,81.84839619259999,,
SHJP,SAHAJIPUR HALT,26.096303,81.864192,,
ANTU,ANTU,26.055162063100003,81.8977879919,,
JGJ,JAGESHARGANJ,26.0276401405,81.92886622500001,,
CIL,CHILBILA JN,25.947331,82.004241,,
PBH,PARTAPGARH JN,25.913308,82.00177799999999,,
PHV,PIRTHIGANJ,25.855539958599998,82.012834469,,
DND,DANDUPUR,25.801595,82.040632,,
GRX,GAURA,25.749367000000003,82.091774,,
SWS,SUWANSA,25.698842000000003,82.14656199999999,,
BSE,BADSHAHPUR,25.652268,82.190552,,
NBP,NIBHAPUR,25.600347,82.24969700000001,,
MACR,MANGULI CHOWDWAR,20.529594,85.943313,,
KGPW,KGPW,,,,
GDBR,GOONDA BIHAR,23.067871,86.08116700000001,,
JHMR,JHIMRI,23.082344321900003,86.0297573352,,
HNSL,HASLANG P.H.,23.091614317500003,86.0119228906,,
LTMD,LATEMDA,23.098392,85.98911700000001,,
BKKI,BAKARKUDI,23.095049,85.970936,,
TUL,TIRALDIH,23.132246,85.930834,,
SSIA,SUISA,23.196775,85.909013,,
TRAN,TORANG,23.26814,85.858638,,
ILO,ILLOO,23.291632860900002,85.8587351117,,
ANVT,ANAND VIHAR TRM,28.650503565399998,77.31521255,,
WIR,WAIR,28.347316,77.699434,,
WSC,SHIVARAMPUR,27.244947755000002,78.2071583875,,
GMH,GAMHARIA,22.796889,86.102793,,
TELO,TELO,23.811038,86.13389199999999,,
ADTP,ADITYAPUR,22.782212,86.158954,,
TATA,TATANAGAR JN,22.768954,86.20056000000001,,
SLJR,SALGA JHARI,22.75832,86.228747,,
GVDP,GVDP,,,,
ASB,ASANBONI,22.712394,86.313908,,
RHE,RAKHA MINES,22.674292,86.354133,,
GUD,GALUDIH,22.648871999999997,86.410494,,
GTS,GHATSILA,22.58616,86.479768,,
DVM,DALBHUMGARH,22.506293,86.551921,,
KKPR,KOKPARA,22.474065,86.642797,,
CKU,CHAKULIA,22.478149,86.721161,,
KNM,KANIMAHULI,22.482202,86.77839399999999,,
GII,GIDNI,22.488471999999998,86.853201,,
KATB,KHATKURA,22.477455,86.93022400000001,,
BIRP,BIRARAJPUR,22.8235001,86.06450201000001,,
KND,KANDRA,22.852966,86.047863,,
BBDA,BARBENDA (RNC DIVISION),23.420983,86.110242,,
KZU,KUNKI,22.875933,86.067757,,
GUG,GARH JAIPUR,23.416141999999997,86.142459,,
MIK,MANIKUL,22.919528,86.066359,,
CAS,CHAS ROAD,23.415513,86.225425,,
CNI,CHANDIL JN,22.956014,86.07210900000001,,
GTD,GOURINATHDHAM,23.396293999999997,86.275105,,
NIM,NIMDIH,22.993643,86.142118,,
BRMD,BIRAMDIH,23.04578437,86.19920954,,
BBM,BARABHUM,23.0912864,86.2112372,,
URMA,URMA,23.157777,86.253775,,
KTD,KANTADIH,23.21838,86.29629,,
TAO,TAMNA,23.268988,86.352313,,
PRR,PURULIA JN,23.324911,86.37787,,
JGM,JHARGRAM,22.4549644863,86.9985316705,,
BNB,BANSTOLA,22.420974052600002,87.062669671,,
SUA,SARDIHA,22.380612,87.12364500000001,,
KSO,KHEMASULI,22.337768,87.18486299999999,,
KKQ,KALAIKUNDA,22.32945442,87.24399951,,
NMP,NIMPURA,22.332403,87.26468600000001,,
KIS,KAPILAS ROAD,20.558554,85.993925,,
SJDR,SRI JHADESHWAR,20.5965342443,86.0192559912,,
BYY,BYREE,20.628257,86.034947,,
BRTG,BARITHENGARH,20.65696901,86.05967143000001,,
DNM,DHANMANDAL,20.687806,86.11228,,
HDS,HARIDASPUR,20.725882000000002,86.116431,,
NGMP,NEW GARH MADHOPUR,20.798857,86.07210599999999,,
JEN,JENAPUR,20.850842,86.06508,,
BRMI,BRAHMANI PH,20.862952007599997,86.0562098645,,
JKPR,JAKHAPURA,20.917821,86.06533999999999,,
JJKR,JAJPUR KEONJHAR ROAD,20.943544,86.132518,,
KRIH,KORAI HALT,20.959417000000002,86.17599399999999,,
BTV,BAITARANI ROAD,20.986995999999998,86.23539299999999,,
DLPT,DULAKHAPATNA,21.007019,86.28087400000001,,
MZZ,MANJURI ROAD,21.012135999999998,86.319698,,
KED,KENDUAPADA,21.030623000000002,86.38353099999999,,
KPLD,KAPALI ROAD,21.040967000000002,86.407911,,
BUDR,BAUDPUR,21.063446010800003,86.4629040051,,
BHC,BHADRAKH,21.091745799999998,86.5162305,,
RLJC,RLJC,,,,
RNTL,RANITAL,21.149665,86.55647400000001,,
MKO,MARKONA,21.195555,86.596117,,
SZZ,SABIRA,21.236882,86.62923699999999,,
SORO,SORO,21.291083999999998,86.69253900000001,,
BNBR,BAHANAGA BAZAR,21.33613403,86.76172839,,
PNPN,PANPANA,21.358714999999997,86.790524,,
KHF,KHANTAPARA,21.39628,86.822911,,
NGRD,NILGIRI ROAD,21.426415000000002,86.855469,,
BLS,BALASORE,21.500521,86.91958199999999,,
TKPL,TIKIRAPAL HALT,21.535575,86.944638,,
HIP,HALDIPADA,21.571438999999998,86.996648,,
ROP,RUPSA JN,21.621995,87.018507,,
LONI,LONI,18.491630999999998,74.02051399999999,,
URI,URULI,18.494237,74.13682,,
PUNE,PUNE JN,18.529378,73.873086,,
GPRW,GHORPURI WEST,18.531687546900002,73.8917897095,,
HDP,HADAPSAR,18.526887000000002,73.927844,,
MJBK,MANJARI BUDRUK,18.512039,73.971424,,
YT,YEVAT,18.4889359723,74.2563176276,,
KTT,KHUTBAV,18.4861041325,74.3154633105,,
KDG,KEDGAON,18.482085398400002,74.3763730994,,
KDTN,KADETHAN,18.4778037603,74.42173336430001,,
PAA,PATAS,18.4732663908,74.4696527191,,
DDAP,DAUND PATAS ROAD,18.468688,74.520934,,
DD,DAUND JN,18.463547,74.578622,,
DDAM,DAUND A MMR,18.464752713200003,74.5689755029,,
DDJA,DAUND GOODS YARD,18.4659368312,74.5607624341,,
KSTH,KASHTI,18.5252942346,74.5994004132,,
SGND,SHRIGONDA ROAD,18.598243,74.641466,,
BWD,BELVANDI,18.710718,74.621981,,
VPR,VISAPUR,18.82295,74.598861,,
RNJD,RANJANGAON RD,18.870972,74.60070300000001,,
SRL,SAROLA,18.947656000000002,74.64829499999999,,
AKR,AKOLNER,18.985409,74.66906999999999,,
ANG,AHMADNAGAR,19.075519477700002,74.721882467,,
NNB,NIMBLAK,19.1183528756,74.68854097469999,,
VL,VILAD,19.198579,74.675069,,
VBR,VAMBORI,19.298579999999998,74.684974,,
RRI,RAHURI,19.411550000000002,74.677702,,
TKMY,TAKLIMIYA,19.453844,74.679765,,
PDGN,PADHEGAON,19.536709000000002,74.69233,,
NPW,NIPANI VADGAON,19.587951,74.70471599999999,,
BAP,BELAPUR,19.619569311800003,74.6617443079,,
CIT,CHITALI,19.6913918118,74.6239138208,,
PB,PUNTAMBA,19.762025526800002,74.621959715,,
KNGN,KANHEGAON,19.8172996303,74.57128710079999,,
SNVR,SANVATSAR,19.8832775017,74.56058409549999,,
KPG,KOPARGAON,19.902943,74.503328,,
YL,YEOLA,20.043188999999998,74.503246,,
ANK,ANKAI,20.1510279143,74.4697560736,,
AAK,ANKAI KILA,20.183180430100002,74.4368553961,,
SS,SHIRSOLI,20.932994,75.507613,,
MWD,MHASAVAD,20.870401921,75.4584622504,,
MYJ,MAHEJI,20.7689244313,75.424619975,,
RCGT,RICHUGHUTU,23.659779,84.58081,,
DEMU,DEMU,23.69708,84.52562,,
LTHR,LATEHAR,23.725092,84.46812,,
BFQ,BENDI,23.763612000000002,84.416974,,
KMND,KUMENDI,23.766868000000002,84.352452,,
HHG,HEHEGARA HALT (E),23.790124,84.258524,,
CPDR,CHHIPADOHAR,23.8133333478,84.2023836389,,
BRWD,BARWADIH JN,23.843836,84.11877999999999,,
MAZ,MANGRA,23.881768,84.111898,,
KCKI,KECKHI,23.928362999999997,84.146829,,
CNF,CHIANKI,23.973902,84.11566,,
DTO,DALTONGANJ,24.033075,84.07484299999999,,
KFT,KAJRI,24.1067922143,84.0725284845,,
RHR,RAJHURA,24.154400000000003,84.01554999999999,,
LBT,LALGARH BIHAR HALT,24.161147,83.979632,,
TRZ,TOLRA,24.18584,83.923324,,
GHD,GARWA ROAD,24.214419,83.885116,,
BCJ,BAGAHABISHUNPUR,24.811468,84.204658,,
BSYA,BARKISALALYA,24.773978,84.178495,,
ANH,ANKORAH AKORHA,24.761166999999997,84.169539,,
NBG,NABENAGAR ROAD,24.653944,84.094044,,
KYF,KAJRAT NAWADIH,24.591041,84.05014,,
JPL,JAPLA,24.538968999999998,84.00286600000001,,
HDN,HAIDARNAGAR,24.498081,83.951049,,
KVQ,KOSIARA,24.478657000000002,83.908564,,
MDJ,MUHAMMADGANJ,24.42644,83.869978,,
SZF,SATBAHINI,24.386582,83.84911,,
URD,UNTARE ROAD,24.34094,83.834497,,
KRTA,KARKATA,24.296038000000003,83.837652,,
SQS,SIGSIGI,24.260566999999998,83.853323,,
RMT,RAMGARH CANT,23.617327,85.520249,,
BRKA,BARKAKANA,23.624159,85.469553,,
MAEL,MAEL,23.574668000000003,85.626042,,
BHKD,BHURKUNDA,23.6375642,85.3721452,,
BRKP,BARKIPONA,23.568766,85.64647599999999,,
PTRU,PATRATU,23.667024,85.30587700000001,,
GRE,GOLA ROAD,23.545551,85.697139,,
TKS,TOKISUD,23.678639,85.239282,,
HRBR,HARUBERA,23.4999492658,85.76022876969999,,
HNDR,HENDEGIR,23.697803,85.169817,,
SND,SONDIMRA,23.476936582300002,85.782435799,,
KOLE,KOLE,23.695961,85.104901,,
BLNG,BARLANGA,23.449913,85.833473,,
RAY,RAY,23.690082,85.077816,,
KLRE,KHALARI,23.651055,85.001627,,
MGME,MCCLUSKIEGANJ,23.651781,84.940855,,
MMLN,MAHUAMILAN,23.662240999999998,84.854527,,
TORI,TORI,23.680808,84.739774,,
CTQ,CHETAR,23.682881000000002,84.646426,,
KCAB,K-CABIN BONDAMUNDA,22.233321,84.91385700000001,,
ACAB,A-CABIN BONDAMUNDA,22.23969,84.945577,,
LNKC,LINK C-CABIN,22.267173000000003,84.974611,,
RNC,RANCHI,23.348811,85.33352,,
NKM,NAMKON,23.351755,85.37667200000001,,
TIS,TATISILWAI,23.369844999999998,85.435706,,
GAG,GANGAGHAT,23.3613982411,85.5070501038,,
KWKC,KHERWA KOCHA,23.360567527599997,85.5948557446,,
JON,JONHA,23.3589592105,85.6089136389,,
KITA,KITA,23.364884802800002,85.76424803159999,,
SLF,SILLI,23.351563397099998,85.82812938660001,,
MURI,MURI,23.376284371,85.8669906885,,
THO,TULIN,23.378363,85.902125,,
JAA,JHALIDA,23.370005,85.97528199999999,,
BKDR,BEGUN KUDAR,23.383687,86.01258700000001,,
KSX,KOTSHILA,23.411691,86.079548,,
DRGU,DAMRU GHUTU,23.451359999999998,86.08981,,
RPMY,RPMY,,,,
NFKS,NFKS,,,,
NFKN,NFKN,,,,
PNW,PUNDHAG,23.508909,86.08957600000001,,
RDF,RADHAGAON,23.59787,86.08906499999999,,
BKCA,BOKARO STEEL CITY A CABIN,23.649514,86.08772599999999,,
BKSC,BOKARO STEEL CITY,23.656551,86.08501600000001,,
BKSN,BKSC NORTH CABIN,23.671356,86.078541,,
TKB,TUPKADIH,23.7136175901,86.0638904572,,
RJB,RAJABERA,23.751105,86.080936,,
CRP,CHANDRAPURA,23.755676,86.119775,,
JNNA,JAMUNIATANR HALT,23.754897530999997,86.1921944211,,
JMX,JAMUNI,23.762742,86.193727,,
PLJE,PHULWARTANR,23.77515,86.226577,,
BDQ,BUDORA,23.7785572386,86.23544766479999,,
TNO,TUNDU,23.788733,86.252293,,
SZE,SONARDIH,23.7915,86.265063,,
TNJE,TENTULLA,23.790335,86.277173,,
KTH,KATRASGARH,23.795757000000002,86.302399,,
ANJE,ANGARPATHRA HALT,23.793062,86.319368,,
SJA,SIJUA,23.7901556866,86.3297280994,,
BZS,BANSJORA,23.789931,86.354545,,
BZE,BASERIA,23.786754,86.381653,,
KDS,KASUNDA JN,23.7899886114,86.39589356020001,,
BWPB,BHAWANIPUR BIHAR,25.5946164603,87.8677507141,,
MFA,MAKURIA,25.6292447936,87.88715343380001,,
BOE,BARSOI JN,25.651242200000002,87.9229421,,
HDB,HALDIBARI,26.334952,88.78193599999999,,
KSBI,KASHIABARI,26.384653999999998,88.76856599999999,,
MDG,MANDAL GHAT,26.430757,88.754758,,
KDX,KADABARI HAT,26.476201,88.73098599999999,,
JPG,JALPAIGURI,26.51816,88.723026,,
MOP,MOHITNAGAR,26.53055,88.669651,,
BAHN,BABHABGAON HALT,25.4483399037,87.8098941528,,
KWE,KHURIAL,25.4911139274,87.82685530639999,,
KMPH,KAMALPUR HALT,25.5183120087,87.8374616345,,
AZR,AZAMNAGAR ROAD,25.555555642399998,87.8523278357,,
KHMP,KHEMPUR,,,,
SJGM,SANJAY GRAM,25.706241000000002,87.890377,,
SUD,SUDHANI,25.727853611399997,87.87948867189999,,
AHL,AJHARAIL,25.781637999999997,87.848322,,
TETA,TELTA,25.806579,87.84221,,
DLK,DALKOLHA,25.873416,87.83887700000001,,
SJKL,SURJA KAMAL,25.935932,87.849258,,
KKA,KANKI,26.003232999999998,87.864524,,
HWR,HATWAR,26.044989,87.89303199999999,,
THED,TAUHEED,26.0849205699,87.9308854236,,
KNE,KISHANGANJ,26.097746,87.949657,,
PJP,PANJIPARA,26.140165652700002,88.0180577417,,
IKC,IKARCHALA,,,,
GIL,GAISAL,26.1848261159,88.0895072131,,
GEOR,GUNJARIA,26.218465000000002,88.132222,,
AUB,ALUABARI ROAD,26.269681,88.18561000000001,,
DBQ,DHULABARI,26.361571,88.231234,,
MXJ,MANGURJAN,26.412488,88.256909,,
TMH,TIN MILE HAT,26.436601,88.279995,,
DMZ,DUMDANGI,26.47724,88.296508,,
CAT,CHATTAR HAT,26.548827,88.323376,,
NJB,NIJBARI,26.587597,88.337505,,
RNI,RANGAPANI,26.664263000000002,88.37438599999999,,
NJP,NEW JALPAIGURI,26.683025,88.443391,,
ABFC,AMBARI FALAKATA,26.641553000000002,88.510593,,
BLK,BELAKOBA,26.591441,88.583312,,
RQJ,RANINAGAR JALPAIGIRI,26.544663,88.64829300000001,,
SMI,SITAMARHI JN,26.594374000000002,85.504707,,
BHSA,BHISA HALT,26.576528999999997,85.533501,,
PSZ,PARSAUNI,26.55631,85.574611,,
BJT,BAJPATTI,26.546976,85.62061299999999,,
AWPR,AWAPUR,26.508916000000003,85.652916,,
BCPR,BACHHARPUR HALT,26.4946286292,85.66252866580001,,
JNR,JANAKPUR ROAD,26.467914,85.70085599999999,,
CNX,CHANDAUNA HALT,26.440884,85.72316500000001,,
JGA,JOGIARA,26.407114392700002,85.74673274050001,,
DBLI,DEBRABANDHAULI HALT,26.384826,85.76995,,
MRTA,MURAITHA,26.369764999999997,85.786612,,
KML,KAMTAUL,26.337348000000002,85.808624,,
TQR,TEKTAR,26.275833,85.846291,,
MHP,MUHAMMADPUR,26.236878,85.852798,,
SHEO,SHISHO,26.206032,85.863867,,
MFP,MUZAFFARPUR JN,26.122311,85.378006,,
NRPA,NARAYANPUR ANANT,26.089052,85.409122,,
SLT,SILAUT,26.048926,85.44337800000001,,
SIHO,SIHO,26.00841,85.50594000000001,,
DOL,DHOLI,25.976952,85.562495,,
DUBH,DUBAHA,25.948784999999997,85.617108,,
VBH,VISHNUPUR BATHUA HALT,25.931020256700002,85.64428754389999,,
KRBP,KHUDIRAM B PUSA,25.906434,85.672677,,
KPGM,KARPURIGRAM,25.869802,85.72417800000001,,
KUQ,KURETHA,25.4955599448,87.64432343200001,,
SAJH,SAHJA HALT,25.478182,87.67395400000001,,
PQD,PRANPUR ROAD,25.4623621243,87.70486823670001,,
LAV,LABHA,25.439646755400002,87.74514032169999,,
DVJ,DILLI DEWAN GANJ,25.432721,87.778612,,
MBC,MAHANANDA BGE,25.1883357022,88.0833990649,,
KMRJ,KUMARGANJ,25.218816,88.065592,,
SRPU,SRIPUR HALT,25.2570761576,88.0440169482,,
SM,SAMSI,25.276197,88.00975700000001,,
MFZ,MALAHAR,25.303708999999998,87.95782,,
BKRD,BHALUKA ROAD F,25.3425716,87.9121276,,
MQG,MILANGARH,25.368746039300003,87.8962231482,,
HCR,HARISCHANDRPUR,25.403999000000002,87.867051,,
KDPR,KUMEDPUR,25.4334484028,87.80435766599999,,
KIR,KATIHAR JN,25.548947,87.566409,,
MIYN,MANIYAN,25.5232741031,87.6069420667,,
KIRB,KATIHAR CBO MB,25.552735,87.578873,,
DLF,DALAN,25.6118,87.560853,,
RWA,RAUTARA,25.674635000000002,87.523472,,
RNX,RANIPATRA,25.735576,87.514183,,
PRNA,PURNIA JN,25.790678,87.519124,,
KUB,KASBA,25.860675,87.529476,,
GBN,GARH BANAILI,25.915091,87.535041,,
JAG,JALARGARH,25.953959,87.529496,,
SATR,SATR HALT,26.001172999999998,87.508427,,
KSY,KUSIARGAON,26.057858000000003,87.47981800000001,,
ARQ,ARARIYA COURT,26.114921000000002,87.446912,,
ARR,ARARIYA,26.137118266799998,87.41199809689999,,
HOD,HALDITA BIHAR,26.165935176599998,87.35900971560001,,
SMH,SIMRAHA,26.1944356285,87.32135753540001,,
GPE,GOGIPOTHIA HALT,26.250043,87.284335,,
DLZ,DHOLBAJA,26.2748,87.27139700000001,,
FBG,FORBESGANJ,26.298901,87.262803,,
BTF,BATHNAHA,26.341854,87.237767,,
JBN,JOGBANI,26.402263,87.263262,,
BZL,BELANAGAR,22.661604999999998,88.318224,,
BLGT,BALURGHAT,25.232648,88.757636,,
MKRH,MALLICKPUR HAT,25.325703,88.676426,,
RMPB,RAMPUR BAZAR,25.358763,88.60611,,
MLNH,MALANCHA,25.368716000000003,88.586067,,
GRMP,GANGARAMPUR,25.390399,88.516447,,
BNDP,BUNIADPUR,25.386267,88.402088,,
DLPH,DAULATPUR HAT,25.32611273,88.33278722,,
DOTL,DEOTALA,25.274328999999998,88.294214,,
MANG,MAHANAGAR,25.247077,88.251102,,
GZO,GAZOLE,25.224984,88.19888499999999,,
BDAG,BONIDANGA,24.82345158,87.81052581,,
BDBS,BINDUBASINI HAL,24.792848,87.859263,,
TDLE,TILDANGA,24.786749,87.873801,,
NFKB,NEW FARAKKA-B-CABIN,24.782115,87.91579300000001,,
NFK,NEW FARAKKA JN,24.794558,87.915236,,
CMX,CHAMAGRAM,24.821334,87.96334499999999,,
KTJ,KHALTIPUR,24.875742000000002,88.021646,,
JMQ,JAMIRGHATA,24.916623,88.06775999999999,,
GZM,GOUR MALDA,24.947944439999997,88.11078197,,
MLDT,MALDA TOWN,25.015659,88.130338,,
OMLF,OLD MALDA,25.053174000000002,88.143718,,
ADF,ADINA,25.114396999999997,88.12318,,
EKI,EKLAKHI,25.167868000000002,88.099492,,
YY-BJUC,YY-BJUC,,,,
JDA,JASODA,27.08393,79.820294,,
KHDP,KHUDLAPUR,27.098961,79.78027300000001,,
GHJ,GURSAHAIGANJ,27.118804,79.732035,,
MLKP,MALIKPUR,27.161781,79.690181,,
KDJ,KHUDAGANJ,27.184464000000002,79.666264,,
SGRP,SINGHIRAMPUR,27.262707,79.62941099999999,,
KLJ,KAMALGANJ,27.292663,79.620832,,
YAG,YAQUTGANJ,27.32595,79.618493,,
FGR,FATEHGARH,27.369608,79.62159,,
FBD,FARRUKHABAD,27.38236,79.57173700000001,,
HSY,HARSINGPUR GOBA,27.4300235579,79.49825360349999,,
SHX,SHUKHARULLAPUR,27.44826,79.471943,,
SSD,SHAMSABAD,27.469911999999997,79.438167,,
BHTS,BHATASA,27.50375661,79.38388843,,
KMJ,KAIMGANJ,27.5409770085,79.3272155493,,
KXF,KAMPIL ROAD,27.567619,79.265007,,
RDN,RUDAIN,27.579928,79.186618,,
BAPR,BALLUPUR,27.5865985855,79.1451478125,,
DRO,DARYAOGONJ,27.5980988686,79.0824955792,,
NHX,NARTHAR,27.6329307124,79.02313742000001,,
PTI,PATIALI,27.6843201328,78.9841732028,,
GWA,GANJ DUNDWARA,27.7264028171,78.939319176,,
GRAK,GARKHA,27.748517604099998,78.8842900433,,
SWRT,SAHAWAR TOWN,27.794835,78.831344,,
BHK,BADHARI KALAN,27.799053,78.734589,,
KSJ,KASGANJ,27.801887,78.64602599999999,,
MHA,MARAHRA,27.746474000000003,78.55504400000001,,
AUL,AGSAULI,27.705676999999998,78.44455300000001,,
SKA,SIKANDRA RAO,27.684085999999997,78.387573,,
BTRO,BASTOI HALT,27.66742,78.285451,,
RKN,RATI KA NAGLA,27.654398,78.24056900000001,,
HTJ,HATHRAS ROAD,27.622436999999998,78.136899,,
MEU,MENDU,27.614247,78.09995699999999,,
HTC,HATHRAS CITY,27.599816899999997,78.05506869999999,,
MSN,MURSAN,27.574211,77.9363,,
SYZ,SONAI,27.570504,77.88736,,
RAYA,RAYA,27.5524062276,77.7868838446,,
MRT,MATHURA CANT,27.491013,77.685113,,
MTUJ,MTUJ,,,,
CPA,KANPUR ANWARGANJ,26.456232999999997,80.328444,,
RPO,RAWATPUR,26.482981000000002,80.298113,,
KAP,KALIANPUR,26.503485,80.25289199999999,,
MDA,MANDHANA JN,26.557002,80.222507,,
CBR,CHAUBEPUR,26.598927999999997,80.21142400000001,,
BJR,BARRAJPUR,26.685165899999998,80.13867760000001,,
UTP,UTRIPURA,26.73974,80.095478,,
DUO,DHAURSALAR,26.798349,80.08140399999999,,
BLU,BILHAUR,26.839002,80.060383,,
BKTS,BAKOTHIKHAS,26.87806,80.03776699999999,,
ARL,AROUL,26.920662,80.01863300000001,,
GWP,GANGAWAPUR HALT,26.958804182199998,79.9979940411,,
MNMU,MANI MAU,26.98913852,79.9651825488,,
KJN,KANNAUJ,27.026507,79.926109,,
KJNC,KANNAUJ CITY,27.039814,79.909983,,
JPP,JALALPUR PANWARA,27.0623131608,79.8736107968,,
BC,BAREILLY CITY,28.3556564,79.403718,,
NMDA,NEW MORINDA,30.776469,76.518125,,
NLDM,NANGAL DAM,31.370543,76.37261500000001,,
BNLY,BHANUPLI,31.2990814767,76.420351792,,
ANSB,ANANDPUR SAHIB,31.2305136,76.50060350000001,,
KART,KIRATPUR SAHIB,31.186811000000002,76.563302,,
BARJ,BHARATGARH,31.1104617696,76.59140316889999,,
GANL,GHANAULI,31.025994,76.59214300000001,,
RPAR,RUPNAGAR,30.972816,76.533241,,
MNPR,MINAPUR,30.911265,76.567332,,
CTLI,CHATOULI,30.856220295700002,76.580921825,,
KRLI,KURALI,30.835005000000002,76.57193000000001,,
MRND,MORINDA,30.791519,76.502461,,
NGWN,NOGANWAN,30.738403,76.44328700000001,,
BSPN,BASSI PATHANAM,30.6884592,76.4096692,,
FGSB,FATEHGARH SAHIB,30.650726,76.38812399999999,,
CCSJ,CCSJ,,,,
MTI,MITAWAL,27.292310999999998,78.19892399999999,,
BRN,BARHAN,27.32891,78.19231699999999,,
DSBP,DELHI SHAHDARA B PANEL,28.670746,77.342818,,
CNJ,CHANDER NAGAR,28.662871000000003,77.33120100000001,,
ANVR,ANAND VIHAR,28.6486144,77.3140236,,
MWC,MANDAWALI CHANDER VIHAR,28.613384,77.253315,,
CMR,CHAMROLA,27.393031999999998,78.180143,,
JLS,JALESAR ROAD,27.44546,78.16993,,
PORA,PORA,27.532025,78.154207,,
HRS,HATHRAS JN,27.62483,78.13706699999999,,
SNS,SASNI,27.704263607599998,78.1224601752,,
MXK,MANDRAK,27.7686349988,78.1102865904,,
DAQ,DAUD KHAN,27.830504,78.09879699999999,,
ALJN,ALIGARH JN,27.889584,78.074559,,
SBB,SAHIBABAD,28.674037,77.364182,,
GZB,GHAZIABAD,28.649702,77.431099,,
CYZ,CHIPYANA BUZURG,28.627976999999998,77.45934600000001,,
MIU,MARIPAT,28.586886,77.495428,,
DER,DADRI,28.537940000000003,77.537422,,
BRKY,BORAKI,28.507907999999997,77.56361700000001,,
AJR,AJAIBPUR,28.4728347205,77.59373730349999,,
DKDE,DANKAUR,28.415313,77.64321100000001,,
WAIR,WAIR,28.347255,77.69926699999999,,
CHL,CHOLA,28.31216512,77.72940894,,
GNRL,GANGRAUL,28.28297,77.75473000000001,,
SKQ,SIKANDARPUR,28.247759000000002,77.783931,,
KRJ,KHURJA JN,28.206407000000002,77.81903999999999,,
KAMP,KAMALPUR,28.182673,77.83998100000001,,
DAR,DANWAR,28.129968509999998,77.88391252,,
SOM,SOMNA,28.052674,77.948193,,
KLA,KULWA,27.982509,78.007062,,
MWUE,MAHRAWAL,27.937875000000002,78.04247000000001,,
KUR,KHURDA ROAD JN,20.153076,85.70823399999999,,
RTN,RETANG,20.199417999999998,85.760851,,
SRKT,SARKANTRA,20.228282,85.79623099999999,,
LGTR,LINGARAJ TEMPLE ROAD,20.234947,85.81587200000001,,
BBS,BHUBANESWAR,20.265388,85.84259499999999,,
BNBH,BANI BIHAR,20.292611,85.852653,,
MCS,MANCHESWAR,20.321861,85.84486600000001,,
PTAB,PATIA HALT,20.349273,85.841374,,
BRAG,BARANG,20.400699,85.832573,,
PURI,PURI,19.811459000000003,85.839992,,
MLT,MALATIPATPUR,19.865258,85.83177,,
JKDP,JANKIDAIPUR,19.888365,85.81927,,
SIL,SAKHI GOPAL,19.942882,85.816074,,
BRST,BIR PURUSHOTTAMPUR,19.99039983,85.80635131,,
JPRD,JENAPUR ROAD,20.018355,85.786572,,
JERD,JENAPUR PH,20.018615,85.786976,,
DEG,DELANG,20.038474,85.76695,,
KASR,KANAS ROAD,20.06205,85.7428,,
MWQ,MOTARI HALT,20.090583,85.72919200000001,,
HPGM,HARIPUR GRAM,20.133571999999997,85.707856,,
NQR,NARAJ MARTHAPUR,20.459324,85.779525,,
SPSR,SARPESWAR PH,20.482906,85.744973,,
GHNH,GHANTIKHAL NIDHIPUR,20.510921999999997,85.736186,,
RQP,RADHAKISHOREPUR,20.559919999999998,85.754538,,
RJGR,RAJTHAGARH,20.576104,85.741633,,
JRZ,JORANDA ROAD,20.623365,85.640413,,
KSRK,KASRAK HALT,28.025029999999997,79.684256,,
SCPR,SHYAMA CHARANPUR HALT,20.642413,85.616279,,
MZM,MUZZAMPUR NARAIN,29.58301,78.222356,,
DOKY,DUKHERI,30.294992,76.8839,,
KES,KESRI,30.264574,76.933887,,
TDW,TANDWAL,30.23388,76.98871199999999,,
RAA,BARARA,30.213325,77.035501,,
MFB,MUSTAFABAD,30.181009,77.123303,,
DZP,DARAZPUR,30.152546,77.195721,,
JUDW,JAGADHRI WORKSHOP,30.135558,77.240819,,
JUD,YAMUNANAGAR-JAGADHRI,30.116844,77.287602,,
KNZ,KALANOUR,30.082428,77.341227,,
SSW,SARSAWA,30.024226,77.42396000000001,,
PKY,PILKHANI,29.997528,77.472879,,
SRE,SAHARANPUR,29.960529,77.54173899999999,,
HNC,HINDAN CABIN,29.940002,77.597212,,
BAE,BALIAKHERI,29.9285,77.63368,,
SNKE,SUNEHTI KHARKHARI,29.913102000000002,77.683524,,
YJUD,YAMUNANAGAR JAGADHARI,30.1174255334,77.28757996649999,,
BHAW,BLOCK HUT A (BHA),26.802226,80.98059500000001,,
UTR,UTRAHTIA,26.763061,80.974031,,
BHDH,BAHADURPUR HALT,27.9522550839,79.7825431824,,
BTRA,BANTHRA,27.929239,79.82818,,
SPN,SHAHJEHANPUR,27.894224,79.904605,,
SXK,SHAJAHANPURCORT,27.890862000000002,79.913517,,
ROZA,ROZA JN,27.853121,79.956038,,
PRPM,PT RAM PRASAD BISMIL,27.814705,79.957596,,
MGMY,MUGHAL SARAI MARSHALING YARD,25.287126389900003,83.1361698425,,
KKRH,KARAHIA,25.471614,83.771397,,
GMR,GAHMAR,25.488685,83.80443100000001,,
BQW,BARAKALAN,25.4915162541,83.8494928638,,
CSA,CHAUSA,25.4984911003,83.89633140379999,,
KH,KAHILIYA,27.775896,79.960138,,
AIG,ALGAWAN,27.700598000000003,79.963236,,
AJI,ANJHI SHAHABAD,27.643994,79.973314,,
SHRM,SHARMA,27.603853,80.003288,,
TDP,TODARPUR,27.579601,80.020029,,
BEG,BEHTAGOKUL,27.530433600000002,80.054854,,
LBH,DILKUSHA CABIN,26.83113,80.966867,,
ZBD,ZAFARABAD JN,25.708436,82.719014,,
SIQ,SARKONI,25.643114,82.75211999999999,,
JLL,JALALGANJ,25.612516,82.772465,,
TLMD,TRILOCHAN MAHDO,25.564702,82.804378,,
KSF,KHALISPUR,25.525798,82.83174700000001,,
PDRD,PINDRA ROAD,25.497052,82.851162,,
BTP,BABATPUR,25.453616,82.8800248,,
BRPT,BIRAPATTI,25.398912999999997,82.917265,,
SOP,SHIUPUR,25.355419,82.946972,,
BSBY,VARANASI YARD,25.3252123487,82.9751998096,,
PWXP,PAWANI KUMARPUR HALT,25.5276889185,83.9359635205,,
BXR,BUXAR,25.562067,83.982184,,
BUE,BARUNA,25.569781000000003,84.08917199999999,,
BKKS,BAKAS,26.776082000000002,81.051489,,
APG,ANUPGANJ,26.757292,81.126093,,
RMNR,RAHMAT NAGAR,26.744797359499998,81.1558950446,,
CDRL,CHHANDRAULI,26.699202,81.23044,,
TEG,TIRBEDIGANJ,26.667533,81.281105,,
HGH,HAIDERGARH,26.621533,81.363162,,
CHBS,CHAUBISI,26.576806771900003,81.43362396730001,,
AKJ,AKBARGANJ,26.531456000000002,81.501628,,
SYW,SINDURWA,26.492121,81.56944,,
NHH,NIHALGARH,26.460131,81.632581,,
WGJ,WARIS GANJ HALT,26.434504081500002,81.6954767206,,
AHZ,ADHINPUR,26.418478,81.726848,,
MFKA,MUSAFIR KHANA,26.379585,81.79981699999999,,
SHNG,SHIVNAGAR,26.336305000000003,81.882608,,
BDKN,BANDHUA KALAN,26.271965,81.99539200000001,,
SLN,SULTANPUR,26.263027,82.066106,,
PKX,PAKHRULI,26.205027,82.122568,,
BDIN,BHADAIYAN,26.171113000000002,82.169148,,
LBA,LAMBHUA,26.133687000000002,82.223283,,
MWP,MAHRANI PACHHIM,26.087672,82.288578,,
CHDA,CHANDA (HALT),26.063822,82.30754300000001,,
KEPR,KOIRIPUR,26.02164,82.33959499999999,,
NIMG,NIMA GOPALPUR,25.992862000000002,82.364038,,
HRPG,HARPALGANJ,25.947582999999998,82.405421,,
SKN,SRIKRISHNA NAGAR,25.88403,82.447803,,
SVZ,SARAI HARKHU,25.835891,82.506309,,
BKSA,BAKHSHA,25.78236,82.57318000000001,,
JOP,JAUNPUR CITY,25.734125,82.666999,,
JNUK,JAUNPUR KUTCHERRY,25.725186,82.692607,,
ARA,ARA,25.548889,84.66259600000001,,
JMIR,JAMIRA HALT,25.558928076100003,84.70946636229999,,
KUA,KULHARIA,25.568172999999998,84.757807,,
CPPR,CPPR,,,,
DURE,DUMRAON,25.571984,84.14386499999999,,
TWG,TWINING GANJ,25.568766,84.218022,,
VKDH,VEER KUNWAR HALT,25.567584999999998,84.254875,,
RPR,RAGHUNATHPUR,25.565439,84.305227,,
SKRI,SIKARIA,25.5633290199,84.34768584109999,,
BYN,BANAHI,25.561301,84.389916,,
ASJP,AMAR SAHEED JAGDEV P HALT,25.560087000000003,84.409699,,
BEA,BIHIYA,25.558893,84.448984,,
RNTE,RAMANAND,25.554842,84.49105300000001,,
XSAN,SARVODAYA HALT,25.554117487,84.5006828052,,
KYA,KAURIYA,25.5509123644,84.5212854932,,
KRS,KARISATH,25.549488,84.563141,,
JGWL,JAGJIVAN HALT,25.547891999999997,84.630119,,
KWR,KOELWAR,25.5687,84.792055,,
VHCH,BLOCK CABIN CHAKKI,25.559662,84.806277,,
PAIL,PAIL,,,,
BTA,BIHTA,25.560948600000003,84.8740874,,
PATL,PATEL HALT,25.5647952991,84.89852553829999,,
SDE,SADISOPUR,25.566169000000002,84.916992,,
GNHI,GANDHI HALT,25.5720007108,84.961546925,,
NEO,NEORA,25.57459,84.986523,,
DNR,DANAPUR,25.581921,85.044629,,
PWS,PHULWARI SHARIF,25.586297,85.07942999999999,,
SCY,SACHIWALAY HALT,25.5962020296,85.1173521326,,
ULR,ULTADANGA ROAD,,,,
CLWS,CLWS,,,,
JUNC,JUNC,,,,
ETYD,ETYD,,,,
LCAB,LCAB,,,,
CP,KOLKATA,22.566792999999997,88.375198,,
TALA,TALLA,22.606458,88.37956299999999,,
BBR,BAGH BAZAR,22.60512587,88.36524556,,
SOLA,SOVABAZAR-AHIRI,22.597663999999998,88.35493799999999,,
BZB,BARRA BAZAR,22.590907,88.351803,,
BBDB,BENOY BADAL DINESH GARDENS,22.577047,88.34685800000001,,
EDG,EDEN GARDENS,22.565207,88.339472,,
PPGT,PRINCEP GHAT,22.557153999999997,88.33202200000001,,
KIRP,KHIDIRPUR,22.5357,88.315889,,
RMTR,REMOUNT ROAD,22.525427999999998,88.316273,,
MJT,MAJERHAT,22.518978,88.322256,,
NACC,NEW ALIPUR (CALCUTTA),22.510862,88.33492,,
TLG,TOLLY GANJ,22.507909,88.346908,,
MILE,MILE-FIVEB,22.509943999999997,88.343231,,
LKF,LAKE GARDENS,22.50794733,88.35237095000001,,
BLN,BALLYGUNGE JN,22.51983196,88.37206854,,
PQS,PARK CIRCUS,22.541428999999997,88.374176,,
BELG,BELG,,,,
DNKL,DHENKANAL,20.676825,85.59087799999999,,
DKUR,DOKUR,16.592578000000003,77.85341299999999,,
RJAP,RAJAPUR,16.859603,78.163648,,
DNDL,DANDI MAL,20.715235,85.53418,,
SBP,SAMBALPUR,21.4830514376,83.9603252667,,
SBPD,SAMBALPUR ROAD,21.4779003477,83.9757114679,,
SSPR,SADASHIBAPUR,20.735286,85.504693,,
MHDB,MAHADIA PH,20.750947,85.475883,,
HND,HINDOL ROAD,20.768563,85.424456,,
NBT,NAYABAGIRTHIPUR,20.781585,85.382445,,
MRDL,MERAMANDOLIL,20.802387,85.30494300000001,,
BDPK,BURHAPANKA,20.853156679999998,85.25582286000001,,
TLHD,TALCHER ROAD,20.886651,85.207934,,
ANGL,ANGUL,20.859445,85.099994,,
KPJG,KEREJANGA,20.855813,84.97670600000001,,
JRPD,JARAPADA,20.885087,84.887597,,
BONA,BOINDA,20.9200366,84.74820639999999,,
HNPA,HANDAPA,20.943324,84.684665,,
SRGP,SARAGIPALLI,20.98404,84.565386,,
BAMR,BAMUR,21.006738,84.475865,,
RAIR,RAIRAKHOL,21.046744999999998,84.333562,,
CHAR,CHARMAL,21.095391,84.204417,,
JUJA,JUJUMURA,21.239342,84.134611,,
HATB,HATIBARI,21.309386,84.11793899999999,,
MANE,MANESWAR,21.411344,84.04398800000001,,
SBPY,SAMBALPUR CITY,21.4770222859,84.0076171613,,
JSME,JASIDIH JN,24.514517,86.644255,,
TTN,TULSITANR,24.568995679700002,86.6144068317,,
LHB,LAHABON,24.6403400956,86.6001380908,,
TLB,TALWA BAZAR,24.694736735,86.55630277830001,,
STL,SIMULTALA,24.713365,86.541782,,
GHN,GHORPARAN,24.741624780800002,86.4985295715,,
NRGO,NARGANJO HALT,24.7439751193,86.4578033173,,
RJLA,RAJLA,24.7563630003,86.4230669043,,
JAJ,JHAJHA,24.779456,86.399854,,
DPX,DADPUR,24.829399000000002,86.34907600000001,,
GHR,GIDHAUR,24.856169,86.324005,,
CUX,CHAURA,24.918896,86.287062,,
JMU,JAMUI,24.971949,86.25477500000001,,
KDER,KUNDER HALT,25.0513208329,86.1856142041,,
BFM,BHALUI,25.0732160325,86.172874585,,
MNP,MANANPUR,25.1049319287,86.15540512449999,,
BLHR,BALAHAPUR HALT,25.1202705418,86.14781537840001,,
BSQP,BANSIPUR,25.1245132245,86.1448204578,,
LCK,LAKHOCHAK HALT,25.139184912599998,86.13641071170001,,
MHLT,MAHESH LETA HALT,25.1511094241,86.1301575793,,
MOR,MOR,25.43034549,85.8567601593,,
GZH,GULZARBAGH,25.597542,85.205232,,
PNC,PATNA SAHEB,25.585856,85.230942,,
DDGJ,DEEDARGANJ,25.5695431489,85.2575111389,,
BKG,BANKA GHAT,25.547008,85.27274200000001,,
FUT,FATWA,25.50144,85.305488,,
BCYN,BUDHDEVCHAK Y NAGAR,25.4968269712,85.3313080389,,
HDE,HARDAS BIGHA,25.496924,85.3276678,,
KOO,KHUSROPUR,25.484893,85.387309,,
MJM,MANJHAULIGRAM H,25.478252,85.422051,,
KWO,KARAUTA,25.468639,85.46824000000001,,
SMBH,SALIM PUR BIHAR,25.473618,85.44577199999999,,
TKBG,TEKA BIGHA HALT,25.465009000000002,85.485186,,
BKP,BAKHTIYARPUR JN,25.456110000000002,85.52956400000001,,
JPML,JAI PRAKASH MAHULI,25.453799999999998,85.600631,,
ATL,ATHMAL GOLA,25.453014977800002,85.6213724115,,
ACU,ACHUARA HALT,25.45273,85.661087,,
BARH,BARH,25.46165,85.70942600000001,,
SHT,SAHARI HALT,25.475692697299998,85.7277666345,,
RLE,RAILEY ENGLISH HALT,25.4829711754,85.75569245480001,,
LEB,LEMUABAD,25.482271329699998,85.7783575873,,
PHK,PUNARAKH,25.481495000000002,85.803757,,
MMKB,MEMRAKHABAD,25.472507999999998,85.82685199999999,,
KNHP,KANHAIPUR,25.45827,85.838512,,
BHAD,BARHAPUR HALT,25.427352,85.86024300000001,,
SIVN,SIVNAR HALT,25.40468,85.880824,,
MKA,MOKAMEH JN,25.391885,85.91304899999999,,
ANAH,AUNTA HALT,25.3804334414,85.94936398009999,,
PNBE,PATNA JN,25.60256,85.136824,,
RJPB,RAJENDRA NAGAR BIHAR,25.603351,85.162449,,
KBQ,KUMRABAD ROHINI,24.467308,86.64534800000001,,
SNQ,SANKARPUR,24.427623,86.637552,,
MUW,MATHURAPUR,24.386518000000002,86.631692,,
NPZ,NAWAPATRA,24.318387,86.64786699999999,,
MDP,MADHUPUR JN,24.270633,86.642183,,
JRW,JORAMOW,24.201663,86.707773,,
MNC,MADANKATA,24.140881,86.70195,,
VDS,VIDYASAGAR,24.103820000000002,86.69841500000001,,
KEE,KASEETAR,24.004444,86.75251,,
JMT,JAMTARA,23.958904,86.805183,,
BM,BODMA,23.897286,86.852624,,
CRJ,CHITTARANJAN,23.857138000000003,86.878036,,
RNPR,RUPNARAYANPUR,23.818703000000003,86.885481,,
SLS,SALANPUR,23.760355,86.876395,,
CPY,CHAPRAMARI,22.600493,88.39220399999999,,
PTKR,PATIPUKUR,22.605667999999998,88.395055,,
GNT,GUNTUR JN,16.300784,80.44197299999999,,
NLPD,NALLAPADU,16.308263,80.397756,,
PRCA,PERECHERLA,16.319601000000002,80.339519,,
PPM,PHIRANGIPURAM,16.292376,80.255894,,
NDPU,NUDURUPADU,16.273407,80.193376,,
STUR,SATULUR,16.254465,80.13881099999999,,
NRT,NARASARAOPET,16.231527,80.041607,,
MUK,MUNUMAKA,16.190922,79.981319,,
SAB,SANTAMAGULUR,16.147071,79.91505599999999,,
VLE,VELLALCHERUVU H,16.1317836869,79.8886640826,,
SYM,SAVALYAPURAM,16.102801,79.81953,,
VKN,VINUKONDA,16.050748,79.748004,,
CEM,CHEEKATEEGALPLM,16.011698,79.682842,,
GKM,GUNDALUKAMMA,15.985909,79.645362,,
KCD,KURICHEDU,15.913391,79.572175,,
POO,POTLAPADU,15.873337,79.523864,,
DKD,DONAKONDA,15.834631000000002,79.484112,,
GJJ,GAJJELAKONDA,15.777382,79.401298,,
KOAA,KOLKATA CHITPUR,22.601174999999998,88.385179,,
KANL,KANL,,,,
INCI,ISHAN CHANDI HALT,23.3336497763,87.7396679724,,
GLI,GALSI,23.358032,87.681236,,
PAJ,PARAJ,23.387863,87.62750500000001,,
MNAE,MANKAR,23.420373,87.555822,,
PAN,PANAGARH,23.443034,87.439587,,
RBH,RAJBANDH,23.476136,87.372314,,
DGR,DURGAPUR,23.495046000000002,87.297902,,
DCOP,DURGAPUR COKE OVEN PLANT EXCHANGE YARD SDG WARIA,23.505136,87.298232,,
OYR,WARIA,23.537562,87.246177,,
POL,PINJRAPOL,23.549642,87.232307,,
EOC,UDL EAST OUTER CABIN,23.569452000000002,87.20360799999999,,
UDLE,ANDAL-EAST/CABIN,23.57172,87.199696,,
UDL,ANDAL JN,23.579012000000002,87.181194,,
UDLW,ANDAL WEST CABIN,23.584024,87.168796,,
CCK,CHICHAKI,24.053224666,85.9917268481,,
GRBH,GAREA BIHAR,24.1289485964,85.9155275354,,
BHN,BHULI,23.8022772592,86.39469277709999,,
TET,TETULMARI,23.814441,86.34357,,
NPJE,NICHITPUR,23.825908,86.28776500000001,,
MRQ,MATARI,23.840519,86.239035,,
GMO,GOMOH JN,23.873106,86.14823,,
BLME,BHOLLDIH,23.898444,86.116898,,
NMG,NIMIAGHAT,23.932092,86.07621300000001,,
PNME,PARASNATH,23.987971,86.037862,,
CEME,CHEGRO,24.0842485151,85.964766012,,
CDB,CHAUDHRIBANDH,24.1118528783,85.9464457367,,
KRMB,KARMABAD BH,24.07875,85.973866,,
HZD,HAZARIBAGH ROAD,24.174583,85.892035,,
KSHR,KESHWARI,24.194872999999998,85.86420199999999,,
CBH,CHAUBE,24.2372952691,85.8160239368,,
DSME,DASARA,24.274602265600002,85.790855545,,
PSB,PARSABAD,24.307559,85.73873,,
YDD,YADUDIH,24.329874999999998,85.70089899999999,,
SMND,SARMATANR,24.344874,85.65550400000001,,
HRE,HIRODIH,24.38304,85.596658,,
LRB,LARABAD,24.407020999999997,85.562123,,
KQR,KODERMA,24.434741000000002,85.52945799999999,,
GJD,GUJHANDI,24.498121,85.463683,,
LBZ,LALBAG BH,24.509662,85.446702,,
DLW,DILWA,24.53731788,85.41970863,,
NGY,NATH GANJ,24.545616,85.385094,,
BSCP,BASKATWA B. H.,24.547613,85.366148,,
YGM,YADUGRAM BH,24.543289,85.32401399999999,,
GAP,GURPA,24.562542,85.29708,,
PRP,PAHARPUR,24.624931999999998,85.204571,,
BNSL,BANSINALA HALT,24.66529241,85.16182409000001,,
TKN,TANKUPPA,24.704046,85.119402,,
BNF,BANDHUA,24.75197374,85.06620037,,
MPO,MANPUR JN,24.807111000000003,85.044738,,
SICY,SHAHEED ISHWAR CHOWDHARY HALT,24.80741419,85.01490964999999,,
GAYA,GAYA JN,24.803978,84.999294,,
WCB,WEST CABIN GAYA,24.798676,84.971299,,
KSTA,KASTHA,24.802484,84.921751,,
PRY,PARAIYA,24.809464,84.85079200000001,,
GRRU,GURARU,24.811113,84.791831,,
IMGE,ISMAILPUR,24.815523000000002,84.723433,,
RFJ,RAFIGANJ,24.819694000000002,84.634804,,
DORD,DEO ROAD,24.823073676299998,84.5634225305,,
JHN,JAKHIM,24.8288034748,84.52567784239999,,
PES,PHESAR,24.845489,84.41808499999999,,
AUBR,ANUGRAHA NARAYAN ROAD,24.855955599999998,84.3298444,,
CPBH,CHIRAILA,24.863478,84.269003,,
SEB,SON NAGAR,24.882212999999997,84.22927299999999,,
ADSR,ADSR,24.909345,84.19221399999999,,
DOS,DEHRI ON SONE,24.914894999999998,84.185434,,
PHE,PAHALEJA HALT,24.932644,84.144817,,
MRK,MARKAPUR ROAD,15.714678,79.301115,,
RAI,RAIBHA,27.181549999999998,77.803634,,
BCP,BICHPURI,27.176397,77.91435,,
IDH,IDGAH AGRA JN,27.17265,77.997807,,
AF,AGRA FORT,27.183308,78.0191,,
JAB,YAMUNA BRIDGE AGRA,27.191512,78.03812699999999,,
CHLR,CHHALESAR,27.212079000000003,78.084141,,
KBP,KUBERPUR,27.221966,78.128812,,
ETUE,ETMADPUR,27.221535999999997,78.197973,,
COI,CHEOKI,25.379668,81.864916,,
KCN,KARCHANA,25.313666,81.916127,,
BEP,BHEERPUR,25.265024,81.98924,,
MJA,MEJA ROAD,25.221545,82.089337,,
UND,UNCHDIH,25.1924197817,82.1633748193,,
JIA,JIGNA,25.157891,82.32555500000001,,
GAE,GAIPURA,25.16045,82.38624899999999,,
BEO,BIROHE,25.173789,82.449749,,
BKN,BIKANER JN,28.014139,73.31659800000001,,
UMS,UDRAMSAR,27.922973867499998,73.3438365942,,
PAE,PALANA,27.845285999999998,73.273605,,
DSO,DESHNOK,27.791303,73.338483,,
SPO,SURPURA,27.706677000000003,73.442249,,
NOK,NOKHA,27.556203,73.47484800000001,,
CLO,CHILO,27.446624,73.52546099999999,,
SBLJ,SHRI BALAJI,27.416761083900003,73.5373822888,,
ALAI,ALAI,27.337097,73.58576799999999,,
BWS,BADWASI,27.311355,73.663015,,
NGO,NAGAUR,27.199991,73.72357199999999,,
MDW,MARWAR MUNDWA,27.063606,73.815965,,
KJW,KHAJWANA,26.923262,73.861764,,
DSL,DESWAL,26.850374000000002,73.885443,,
MCPE,MARWAR CHAPRI,26.7834880329,73.9073942175,,
GADJ,GANDHINAGAR JAIPUR,26.873067000000002,75.79827999999999,,
BMH,BETAMCHERLA,15.449372,78.148636,,
GTJT,GETOR JAGATPURA,26.836925,75.832384,,
KWP,KHATIPURA,26.835709,75.89049800000001,,
KUT,KANAUTA,26.842216007599998,75.955996106,,
BAI,BASSI,26.840616999999998,76.047213,,
JHIR,JHIR,26.852187381900002,76.1146920331,,
KXI,KURUMURTHI,16.494924,77.863463,,
BSKO,BANSKHO,26.856115,76.142206,,
TLU,TARLUPADU,15.660536,79.21946200000001,,
JW,JATWARA,26.8688202925,76.2140548169,,
CBM,CUMBUM,15.592947,79.110832,,
KRNT,KURNOOL TOWN,15.833715,78.032655,,
ALPR,ALAMPUR ROAD,15.895657,78.047012,,
BNDN,BHANDANA,26.878914,76.25247399999999,,
SBBJ,JOGULAMBA HALT,15.915692,78.04160499999999,,
MOA,MANOPAD,15.994114,77.941968,,
IKI,ITKYALA,16.074589,77.852531,,
DO,DAUSA,26.900046999999997,76.330336,,
PDNA,PEDDADINNE,16.100078,77.83502,,
PDO,PUDURU,16.153896999999997,77.820931,,
GWD,GADWAL,16.22509,77.80967199999999,,
BAK,BHAN KARI,26.962546793999998,76.4094554639,,
ARPL,AREPALLI HALT,16.270533999999998,77.862369,,
SRNR,SRIRAMNAGAR,16.306568,77.865894,,
AJK,AJAKOLLU,16.3467833327,77.8736361627,,
KVGM,KOLVAGRAM,26.9894838995,76.46876528439999,,
WPR,WANPARTI ROAD,16.3820535896,77.88514998289999,,
KONN,KONNUR,16.424621000000002,77.884404,,
KQQ,KAUKUNTLA,16.538962,77.850451,,
DKC,DEVARKADRE,16.630504,77.838261,,
KTKA,KOTAKADRA,16.668744,77.869477,,
MQN,MANYAMKONDA,16.683425,77.904883,,
MHBT,MAHBUBNAGAR TOWN HALT,16.742879000000002,77.982649,,
MBNR,MAHBUBNAGAR,16.757768,77.999429,,
YNG,YENUGONDA,16.758073,78.036337,,
BKI,BANDIKUI JN,27.039271,76.56672300000001,,
JBK,JAGGAMBOTLA KRISHNAPURAM,15.551155999999999,79.071072,,
SDV,SOMIDEVIPALLE,15.4534,79.038111,,
GMA,GUDIMETTA,15.424449000000001,79.010485,,
YADA,YADA,,,,
GID,GIDDALUR,15.379008,78.925583,,
KSTE,KISTAMSETTIPALI,15.372380000000001,78.883844,,
DMT,DIGUVAMETTA,15.394929999999999,78.826206,,
CMZ,CHALAMA,15.422638000000001,78.695312,,
GZL,GAZULAPALLI,15.430850000000001,78.600125,,
NDL,NANDYAL,15.468024,78.472545,,
PNM,PANYAM,15.50076,78.339158,,
ARNA,ARNIA,27.0101287751,76.5171796234,,
KEF,KRISHNAMA KONA,15.505221,78.267907,,
BEY,B CEMENT NAGAR,15.48632233,78.19541209,,
RGM,RANGAPURAM,15.406776,78.059153,,
MLK,MALKAPURAM,15.368943999999999,77.96755599999999,,
BVO,BOGOLU,15.473393,77.914295,,
DHNE,DHONE,15.396729,77.865727,,
VDI,VELDURTI,15.553699,77.927621,,
UKD,ULINDAKONDA,15.652934,77.968687,,
DUU,DUPADU,15.742888,78.01325899999999,,
KOLA,KOTLA,15.8120341064,78.03755196290001,,
DTP,DIVITI PALLI,16.740883,78.08417499999999,,
CDAE,CHANDANPUR,22.8813,88.17617700000001,,
PBZ,PORABAZAR,22.916427,88.15914000000001,,
BMAE,BELMURI,22.93272742,88.15233111,,
DNHL,DHANIAKHALI,22.95019,88.143651,,
SHBC,SIBAICHANDI,22.974465,88.13369,,
CRAE,CHERAGRAM BH.,22.993969,88.126806,,
HIH,HAJIGARH,23.007032,88.121403,,
GRAE,GURAP,23.02534,88.112282,,
JPQ,JHAPANDANGA,23.064129,88.091187,,
JRAE,JAUGRAM,23.078737,88.080887,,
NBAE,NABAGRAM,23.09918,88.06690900000001,,
MSAE,MASAGRAM,23.134791,88.042182,,
CHC,CHANCHAI,23.157905,88.025521,,
PRAE,PALLA ROAD,23.179393,88.00912100000001,,
DKAE,DANKUNI,22.677422,88.291491,,
GBRA,GOBRA,22.695504,88.279274,,
JOX,JANAI ROAD,22.722379,88.26510999999999,,
BPAE,BEGUMPUR,22.737627,88.255644,,
BRPA,BARUIPARA,22.766787,88.237381,,
MBE,MIRZAPUR BANKIPUR,22.78738,88.224626,,
BLAE,BALARAMBATI,22.8068127,88.21216842,,
KQU,KAMARKUNDU,22.821631,88.205127,,
KQLS,KAMARKUNDU,22.820899,88.204309,,
MDSE,MADHU SUDANPUR,22.845108,88.193499,,
SDAH,KOLKATA SEALDAH,22.566758,88.374713,,
NKG,NARKALDENGA COACHING YARD,22.5719746424,88.37910995610001,,
KGK,KANKURGACHHI ROAD,22.572603,88.385079,,
BNXR,BIDHAN NAGAR,22.592432,88.391045,,
DDJ,DUM DUM,22.621717,88.392835,,
BARN,BARANAGAR ROAD,22.6530928,88.37831077,,
DAKE,DAKSHINESWAR,22.6534841,88.36363519999999,,
BLYG,BALLY GHAT,22.652173,88.347431,,
BLYH,BALIHALT,22.652604,88.33860800000001,,
RCD,RAJCHANDRAPUR,22.652739,88.321219,,
CCRL,CC RLY LINK CAB,22.652855,88.315286,,
CCLW,CCLINK-WEST,22.657411,88.305512,,
GGSY,GANGA SAHAI,25.269767,86.018783,,
DMRX,DUMRI HALT,25.2459362417,86.0283957056,,
JCL,JADCHERLA,16.752658,78.141972,,
DJS,DHURANT JWAS HALT,25.220474,86.047715,,
JYG,JAYNAGAR,26.589465,86.134871,,
SPJ,SAMASTIPUR JN,25.858304,85.78736,,
KRHA,KORAHIA,26.529839579999997,86.15361374000001,,
KJI,KHAJAULI,26.4839415697,86.1614216113,,
GHX,GARHARA,25.4409119004,86.0053080969,,
LLPR,LALIT LAKSHMIPR,26.436785,86.1562,,
RJA,RAJANAGAR,26.401801,86.152987,,
HTZU,HATHIDAH UPPER,25.351823,85.987422,,
MGPI,MANGARPATTI HALT,26.371005066000002,86.1100315369,,
MBI,MADHUBANI,26.348165,86.076784,,
BLRI,BELARI HALT,25.845989179900002,85.79465626460001,,
SPRN,SALEMPUR HALT,26.30637807,86.0816757483,,
UJP,UJIARPUR,25.780378,85.799605,,
PDW,PANDAUL,26.2804866136,86.0866355896,,
NAZJ,NAZIRGANJ,25.724315,85.80632700000001,,
UGNA,UGNA HALT,26.2506466399,86.0925137378,,
BSRA,BASARHIA HALT,25.6921049276,85.8109824023,,
SKI,SAKRI JN,26.208947000000002,86.078137,,
DSS,DALSINGH SARAI,25.6647486,85.84146519999999,,
SSNS,SHAHEED S N SINGH HALT,26.2010198369,86.04289692260001,,
TRS,TARSARAI,26.194364999999998,86.013311,,
BJIH,BIJULI HALT,26.186676,85.976126,,
KKHT,KAKARGHATTI,26.183484,85.94826499999999,,
STJT,SATHAJAGAT,25.631007269799998,85.86778899539999,,
BCA,BACHWARA JN,25.5812576,85.90014240000001,,
DKGS,SIMARIA,25.411453,86.014464,,
MPNH,MAJNUPUR NAWADA,25.5321961227,85.9312678741,,
TGA,TEGHRA,25.511020000000002,85.941774,,
BUJ,BARAUNI FLAG,25.4735905867,85.96507848819999,,
DBG,DARBHANGA JN,26.157088,85.907575,,
LSI,LAHERIA SARAI,26.110633,85.903825,,
TLWA,THALWARA,26.072734999999998,85.89750699999999,,
HYT,HAIAGHAT,26.020321,85.87821199999999,,
RBZ,RAMBHADDARPUR,25.977172,85.86518199999999,,
KSP,KISHANPUR,25.925351000000003,85.840384,,
MKPR,MUKTAPUR,25.884676,85.79556,,
KRPA,KHARIAPIPRA HALT,25.242819,86.626717,,
TALL,TALL JN,25.3787000521,85.9546829749,,
RDUM,RAMPUR DUMRA,25.3308632845,86.0006415784,,
BRYA,BARHIYA,25.2832026,86.01507679999999,,
MKB,MANKATHA,25.207216,86.056352,,
LKR,LUCKEESARAI JN,25.1716617005,86.093210587,,
KIUL,KIUL JN,25.171504,86.106198,,
RMPR,RAMPUR HALT,25.1721586608,86.1406539392,,
DNRE,DHANAURI,25.1719686608,86.1591750293,,
PWBN,PAWAI BROHMASTHAN HALT,25.1712233008,86.1965221936,,
UREN,UREN,25.1712379405,86.2142016541,,
KJH,KAJRA,25.182766,86.261571,,
GIBP,GHOGHI BARIARPUR,25.2058083716,86.3040822156,,
AHA,ABHAIPUR,25.2159864584,86.32307245909999,,
MSDN,MASUDAN,25.2352713892,86.3578830731,,
DRH,DHARHARA,25.2578934114,86.4115380682,,
DRTP,DASHARATHPUR,25.265181819000002,86.46453228029999,,
SRB,SAROBAG,25.273371220999998,86.4765552539,,
JMP,JAMALPUR JN,25.313906,86.492285,,
PATM,PATAM HALT,25.323255198600002,86.5327701855,,
RPUR,RATANPUR,25.279794000000003,86.57608,,
RIKD,RISHIKUND,25.294435959199998,86.5623576038,,
BUP,BARIARPUR,25.2810286076,86.5740372229,,
KPRD,KALYANPUR ROAD,25.275564886399998,86.5806353711,,
KAPP,KHARIAPIPRA HALT,25.243589,86.627487,,
GNNA,GANGANI,25.265514,86.593002,,
KMGH,KAMARGANJ,25.2369518098,86.6457233716,,
SGG,SULTANGANJ,25.24085,86.736175,,
AJUG,ABJUGANJ,25.242369,86.775451,,
MVV,MAHESHI,25.236912,86.799239,,
AKN,AKBARNAGAR,25.234880766899998,86.8345333624,,
CTMP,CHHIT MAKHANPUR,25.234493190600002,86.87393632569999,,
MPY,MURARPUR,25.232759,86.886908,,
NAT,NATHNAGAR,25.237052000000002,86.935373,,
BGP,BHAGALPUR,25.241909300000003,86.9767918,,
SBO,SABAUR,25.239083,87.045918,,
LMM,LAILAKH MAMLKHA,25.21827008,87.1050667084,,
GGA,GHOGA,25.2103054225,87.16086164,,
EKC,EKCHARI,25.227623048199998,87.2138658521,,
CLG,KAHALGAON,25.2621879424,87.2337518945,,
BKSL,BIKRAM SHILA,25.30004436,87.3002182,,
SVRP,SHIVANARAYANPUR,25.2937259592,87.3330938318,,
LKB,LAKSHMIPUR BHORANG,25.288258000000003,87.36336,,
PPT,PIRPAINTI,25.2903753934,87.4218244568,,
AMPL,AMMAPALLI HALT,25.2724414889,87.4585745682,,
MZC,MIRZA CHEUKI,25.2587767836,87.4979796002,,
KRMA,KARAMTOLA,25.2554212612,87.5531429022,,
SBG,SAHIBGANJ JN,25.241391999999998,87.63457700000001,,
SLJ,SAKRIGALI JN,25.243358999999998,87.715967,,
MJP,MOHARAJPUR,25.219587,87.74030800000001,,
KPTO,KARANPUR ATO,25.136401449999997,87.7340281628,,
TLJ,TALJHARI,25.0823504143,87.7416879089,,
KXE,KALIAN CHAK,25.03452,87.736758,,
TPH,TINPAHAR JN,24.996925863999998,87.7438070306,,
DDX,DHAMDHAMIA,24.9603876804,87.7615573059,,
GLY,GOLLAPALLY,16.818903000000002,78.157285,,
SNT,SAINTHIA,23.949741,87.68120499999999,,
GHLE,GADADHARPUR,24.013197,87.691891,,
MLV,MALLARPUR,24.080029,87.726275,,
TPF,TARAPITH ROAD,24.1265252897,87.7522050836,,
RPH,RAMPUR HAT,24.179797,87.78214700000001,,
SDLE,SWADINPUR,24.253477999999998,87.822587,,
NHT,NALHATI JN,24.295706,87.83867000000001,,
CTR,CHATRA,24.372846,87.849257,,
MRR,MURARAI,24.440886,87.85865299999999,,
BSBR,BANSHLAI BRIDGE,24.502610999999998,87.862439,,
RJG,RAJGRAM,24.544607,87.86763599999999,,
NGF,NAGARNABI,24.590321491500003,87.8680748517,,
PKR,PAKUR,24.638002,87.856054,,
TBB,TILBHITA,24.677287999999997,87.842581,,
KLP,KOTALPUKUR,24.741141,87.823724,,
GMAN,GUMANI,24.798952096399997,87.8052776343,,
JTL,JHAPATER DHAL,23.367646,87.750181,,
BPS,BANPAS,23.40073073,87.74725106999999,,
NRX,NOADAR DHAL,23.433926999999997,87.745014,,
GKH,GUSKARA,23.489998,87.733397,,
PCQ,PICHKURIRDHAL,23.54342,87.720914,,
BDH,BHEDIA,23.586642,87.711813,,
BHP,BOLPUR SHANTINIKETAN,23.657804000000002,87.698136,,
PNE,PRANTIK,23.694435000000002,87.693501,,
KPLE,KOPAI,23.759063,87.689548,,
AMP,AHMADPUR JN,23.8325090573,87.6928410938,,
BSLE,BATASPUR,23.8802785594,87.6806814746,,
SKG,SAKTIGARH,23.205879,87.971782,,
GRP,GANGPUR,23.223525000000002,87.928116,,
BWN,BARDDHAMAN JN,23.249718,87.87028099999999,,
PLAE,PALSIT,23.197030709800003,88.00322154050001,,
TIT,TALIT,23.29331,87.819122,,
RSLR,RASULPUR,23.187229000000002,88.039994,,
KAN,KHANA JN,23.320577,87.769547,,
NMF,NIMO,23.180297999999997,88.069346,,
MYM,MEMARI,23.172935,88.095637,,
BDC,BANDEL JN,22.9236565,88.3793623,,
BGF,BAGILA,23.16014581,88.12200441,,
HGY,HOOGHLY,22.904835,88.375632,,
DBP,DEBIPUR,23.1446129567,88.15599765809999,,
CNS,CHUCHURA,22.890190999999998,88.3695,,
BOI,BAINCHI,23.1191243,88.196286,,
CGR,CHANDAN NAGAR,22.867469999999997,88.354421,,
BCGM,BAINCHIGRAM,23.10588031,88.21629817,,
MUU,MANKUNDU,22.846462000000002,88.346368,,
SLG,SIMLAGARH,23.095679,88.23121300000001,,
PDA,PUNDOOAH,23.070861999999998,88.270115,,
BHR,BHADRESHWAR,22.8279397,88.34153486,,
KHN,KHANYAN,23.046222,88.314472,,
BBAE,BAIDYABATI,22.79549199,88.33203765,,
TLO,TALANDU,23.009788,88.345088,,
MUG,MAGRA,22.983124999999998,88.36829,,
SHE,SEORAPHULI,22.774749,88.328809,,
ADST,ADI SAPTAGRAM,22.95447,88.378872,,
SRP,SERAMPORE,22.753967999999997,88.338031,,
RIS,RISHRA,22.726146,88.343378,,
KOG,KONNAGAR,22.6994528322,88.34183442140001,,
HMZ,HIND MOTOR,22.683736,88.341605,,
UPA,UTTARPARA,22.667652,88.34131699999999,,
BLY,BALLY,22.6552655812,88.3406065536,,
BEQ,BELUR,22.635912010000002,88.33950084,,
LLH,LILUAH,22.621521,88.339559,,
SYAE,LILUAH (SORTING YARD),22.609028,88.336795,,
HWHG,HOWRAH GOODS,22.5900953465,88.33468799799999,,
HWH,HOWRAH JN,22.584077999999998,88.34099900000001,,
BKLE,BAKUDI,24.9345107267,87.7749068933,,
BHW,BARHARWA JN,24.857748,87.77449299999999,,
BDLC,BONIDANGA LINK CABIN,24.822167,87.798331,,
KRPU,KORAPUT,18.792189999999998,82.719436,,
KRPB,KORAPUT B CABIN B.H.,18.797786,82.72400599999999,,
DMRT,DUMURIPUT,18.780367000000002,82.803933,,
DMNJ,DAMANJODI,18.767771,82.865768,,
BGUA,BAIGUDA,18.827043709999998,82.96578736,,
KKGM,KAKIRIGUMMA,18.923382,83.007309,,
LKMR,LAXMIPUR ROAD,19.003986,83.104298,,
SGRM,SINGARAM,19.110931,83.10500400000001,,
TKRI,TIKIRI,19.177667000000003,83.09910500000001,,
RUL,RAULI,19.230268,83.16728,,
LLGM,LELIGUMA,19.304006,83.208299,,
BLMK,BHALUMASKA,19.32812783,83.29429956000001,,
SKPI,SIKARPAI,19.391899549999998,83.32010335,,
KTGA,KEUTGUDA,19.303471000000002,83.368072,,
RGDA,RAYAGADA,19.175642,83.410505,,
SPRD,SINGAPURAM ROAD,19.258673,83.403066,,
THV,THERUBALI,19.335826,83.42130900000001,,
BMCK,BISSAMCUTTACK,19.487437999999997,83.458973,,
SNRL,SANSARTALI,19.529222,83.47977300000001,,
MNGD,MUNIGUDA,19.62753,83.488343,,
DKLU,DOIKALLU,19.74188249,83.48161132000001,,
AMB,AMBODALA,19.8363234649,83.45635247989999,,
LJR,LANJIGARH ROAD,19.9434221772,83.4003416858,,
NRLR,NORLA ROAD,20.041394,83.373301,,
RPRD,RUPRA ROAD,20.08447,83.330956,,
KDLR,KANDEL ROAD,20.126381000000002,83.27892999999999,,
KSNG,KESINGA,20.188102999999998,83.224709,,
RRGA,RANGAREDDY GUDA,16.901936,78.18083299999999,,
DPP,DHIRPUR,30.0663927023,76.84405122380001,,
DHMZ,DHOLA MAZRA,30.120677999999998,76.854437,,
SHDM,SHAHBAD MARKNDA,30.166186,76.861554,,
MOY,MOHRI,30.255264,76.850054,,
PGMD,PRAGATI MAIDAN,28.615267999999997,77.247277,,
BJA,BIJROTHA,24.9469398,78.4216048,,
FDB,FARIDABAD,28.411473,77.30734799999999,,
NZM,DELHI H NIZAMUDDIN,28.587329999999998,77.254249,,
TKJ,TILAK BRIDGE,28.627633,77.237995,,
CSB,SHIVAJI BRIDGE,28.634101,77.226612,,
NDLS,NEW DELHI,28.642314,77.22000399999999,,
DSB,DELHI SADAR BAZAR,28.658656,77.216852,,
SZM,SUBZI MANDI,28.668683,77.199696,,
DAZ,DELHI AZADPUR,28.702645999999998,77.176713,,
AMIN,AMIN,29.904968,76.900028,,
DHKR,DHODA KHEDI,30.018915000000003,76.842512,,
CORD,BILASPUR CHORD CABIN,22.082796000000002,82.125212,,
USL,USALAPUR,22.102548,82.111546,,
GTK,GHUTKU,22.16819,82.085321,,
KLTR,KALMITAR,22.2342458973,82.0576347339,,
KGB,KARGI ROAD,22.297935,82.026832,,
SLKR,SALKAROAD,22.36745,82.010606,,
BIG,BELGAHNA,22.431085,82.032374,,
TGQ,TENGANMADA,22.507027,81.99575,,
KGS,KHONGSARA,22.551352,81.934151,,
BHTK,BHANWAR TONK,22.607916,81.897794,,
KOI,KHODRI,22.665094,81.93569600000001,,
SBRA,SARBAHARA,22.710501999999998,81.91042900000001,,
PND,PENDRA ROAD,22.755824999999998,81.89917,,
HRB,HARRI,22.82794,81.882604,,
VKR,VENKATNAGRA,22.923269,81.872187,,
NIQ,NIGAURA,22.961546000000002,81.874215,,
JTI,JAITHARI,23.0451865524,81.7970919489,,
CLF,CHHULHA,23.106724,81.73707,,
APR,ANUPPUR JN,23.117312,81.695967,,
AAL,AMLAI,23.173469,81.593507,,
BUH,BURHAR,23.213203999999998,81.528406,,
CHDX,CHHADA,23.237624,81.47142699999999,,
SNGP,SINGHPUR,23.253960575599997,81.4075072687,,
SDL,SHAHDOL,23.285961999999998,81.36407299999999,,
BDWA,BADHWA BARA,23.2939334,81.28636818000001,,
GGT,GHUNGHUTI,23.3436391121,81.1862407697,,
MDXR,MUDARIA,23.3586036574,81.0950669171,,
BRS,BIRSINGHPUR,23.367211700000002,81.0433529,,
NRZB,NOWROZABAD,23.394425,80.980363,,
KKI,KARKELI,23.460957,80.919056,,
UMR,UMARIA,23.52273,80.823244,,
LOA,LORHA,23.581228,80.75161299999999,,
CHD,CHANDIA ROAD,23.6454399,80.701436,,
VYK,VILAYATKALAN RD,23.708924,80.610102,,
RPD,RUPAUND,23.731755,80.573345,,
JLW,JHALWARA,23.772191,80.473608,,
BABR,BALANAGAR,16.947622000000003,78.188891,,
ULM,URLAM,18.435565999999998,83.989515,,
TIU,TILARU,18.4704858205,84.0726809924,,
HCM,HARISHCHANDRAPURAM,18.4790934357,84.1214378076,,
KBM,KOTABOMMALI,18.488355,84.199842,,
DGB,DINDU GOPALA PURAM HALT,18.542976,84.241768,,
NWP,NAUPADA JN,18.5794097271,84.2829220099,,
RMZ,ROUTHPURAM HALT,18.6209643431,84.3356803912,,
PUN,PUNDI,18.665917999999998,84.370679,,
PSA,PALASA,18.756782,84.42209100000001,,
SUDV,SUMMADEVI,18.808896999999998,84.467259,,
MMS,MANDASA ROAD,18.840628000000002,84.494113,,
BAV,BARUVA,18.900748,84.554233,,
SPT,SOMPETA,18.981296999999998,84.58149999999999,,
JPI,JHADUPUDI,19.028201,84.613031,,
IPM,ICHCHPURAM,19.110752,84.680427,,
SLRD,SURLA ROAD,19.177016000000002,84.719145,,
GTA,GOLANTHRA,19.219065,84.740668,,
BAM,BRAHMAPUR,19.2961348,84.7966912,,
JNP,JAGAN NATHAPUR,19.330648607,84.8681439825,,
NRSP,NARASIMHAPURA,19.3632939389,84.9387492847,,
CAP,CHATRAPUR,19.3589572,84.97327299999999,,
CAPC,CHATRAPUR COURT,19.358941,84.982543,,
GAM,GANJAM,19.395827,85.046719,,
HMA,HUMMA,19.443283,85.07588799999999,,
RBA,RAMBHA,19.537957,85.09407900000001,,
KIT,KHALLIKOT,19.611204999999998,85.128091,,
KLJI,KALIJAI,19.647603999999998,85.151414,,
CLKA,CHILKA,19.686694,85.17991400000001,,
BALU,BALUGAON,19.747366,85.200953,,
SLZ,SOLARI,19.800255,85.24778599999999,,
GNGD,GANGADHARPUR,19.815673,85.29323500000001,,
KUU,KUHURI,19.859987,85.3527,,
KAPG,KALUPARA GHAT,19.896585,85.40365100000001,,
MKTP,MUKETASHWAR,19.919138,85.437914,,
BSDP,BHUSANDPUR,19.951792700000002,85.4764825,,
NKP,NIRAKARPUR,19.991740999999998,85.53046400000001,,
GLBA,GOLABAI,20.016866,85.555928,,
TAP,TAPANG,20.052879,85.580989,,
DLMH,DHAULIMUHAN,20.079331999999997,85.60477200000001,,
KPXR,KAIPADA ROAD,20.10484,85.639666,,
ARGL,ARGUL,20.12442672,85.67088007,,
VSKP,VISHAKAPATNAM,17.72159,83.289514,,
MIPM,MARRIPALEM,17.7363,83.252629,,
SCM,SIMHACHALAM,17.744667,83.220449,,
SCMN,SIMHACHALAM NORTH,17.752094,83.209636,,
PDT,PENDURTI,17.813498,83.195211,,
KTV,KOTTAVALASA,17.892374999999998,83.18509999999999,,
KPL,KANTAKAPALLE,17.954718999999997,83.20820499999999,,
ALM,ALAMANDA,18.012510000000002,83.271604,,
KUK,KORUKONDA,18.054196,83.320296,,
VZM,VIZIANAGRAM JN,18.111374,83.39558600000001,,
NML,NELLIMARIA,18.183131,83.456046,,
GUL,GUJJANGIVALASA,18.230678746400002,83.5108882898,,
GVI,GARIVIDI,18.2732681907,83.5308410095,,
CPP,CHIPURUPALLE,18.316259000000002,83.569608,,
BTVA,BATUVA,18.34308678,83.62409646,,
SGDM,SIGADAM,18.360601,83.68144099999999,,
PDU,PONDURU,18.362876,83.776548,,
DUSI,DUSI,18.369969,83.857682,,
CHE,SRIKAKULAM ROAD,18.408679,83.903771,,
SHNR,SHADNAGAR,17.064646,78.213273,,
CUL,CHULI,23.006336,71.340823,,
SRBR,SURBARI,23.231063000000002,70.696477,,
KCG,KACHEGUDA,17.389561,78.499756,,
MXT,MALAKPET KACHEGUDA,17.375398,78.494244,,
DQR,KACHEGUDA DBR,17.366083,78.490284,,
YAKUT PUR(YKA,YAKUT PUR(YKA,,,,
HPG,HUPPUGUDA,17.34071,78.48196499999999,,
FM,KACHEGUDA FALAKNUMA,17.332197,78.474481,,
TMX,TIMMAPUR,17.169347000000002,78.288344,,
UR,UMDANAGAR,17.262932000000003,78.393143,,
BDVL,BUDVEL,17.3093773,78.4245182,,
ADI,AHMEDABAD JN,23.025515,72.601516,,
KKF,KANKARIA,23.008817,72.607102,,
MAN,MANI NAGAR,23.000142,72.610413,,
VTA,VATVA,22.959728549199998,72.6294363164,,
GER,GERATPUR,22.917292,72.65515099999999,,
BJD,BAREJADI,22.895426699999998,72.6778863,,
KANJ,KANIL,22.867203999999997,72.705473,,
NEP,NENPUR,22.847183,72.725207,,
MHD,MAHEMDAVAD KHEDA RD,22.819556000000002,72.752481,,
GTE,GOTHAJ,22.759953846400002,72.8013557965,,
ND,NADIAD JN,22.694105999999998,72.855718,,
UTD,UTARSANDA,22.654716,72.88880999999999,,
KBRV,KANJARI BORIYAV,22.614849,72.921535,,
NOL,NIYOL,21.160311,72.902305,,
CHM,CHALTHAN,21.157909,72.95617,,
BGMR,BAGUMRA,21.149694,72.996091,,
GGAR,GANGADHARA,21.141419000000003,73.043566,,
BIY,BARDOLI,21.1342405,73.1058944,,
TBV,TIMBARVA,21.146312,73.144398,,
MGRL,MANGROLLA,21.156258,73.182172,,
MID,MADHI,21.145672,73.24268000000001,,
KRAI,KAHET,21.137196,73.294162,,
LTV,LOTARVA,21.153797,73.202399,,
VYA,VYARA,21.118142,73.383847,,
KKRD,KIKAKUI ROAD,21.12908,73.481234,,
DSD,DOSVADA,21.130512,73.502728,,
USD,UKAI SONGADH,21.147743,73.55554,,
LKKD,LAKKADKOT,21.163562,73.603025,,
BBAI,BHADBHUNJA,21.166264,73.693754,,
NWU,NAVAPUR,21.166844,73.771183,,
KFF,KOLDA,21.165523,73.893108,,
CPD,CHINCHPADA,21.206379000000002,73.93924200000001,,
KHTG,KHATGAON,21.26417,73.992081,,
KBH,KHANDBAARA,21.324398,74.101865,,
BAWD,BHADWAD,21.323159150000002,74.09831697,,
DWD,DHEKVAD,21.339179,74.13857,,
NDB,NANDURBAR,21.374812,74.246482,,
CUE,CHOUPALE,21.377019,74.319097,,
TISI,TISI,21.382994,74.364777,,
RNL,RANALA,21.372813,74.47179,,
DDE,DONDAICHA,21.331414,74.563104,,
VKH,VIKHRAN ROAD,21.302739000000003,74.617881,,
SNSL,SONSHELU,21.274379,74.66225600000001,,
SNK,SINDKHEDA,21.234022,74.73536700000001,,
HOL,HOL,21.198376,74.784857,,
NDN,NARDANA,21.178209,74.82874699999999,,
BEW,BETAVAD,21.149244,74.886199,,
PDP,PADSE,21.132043,74.924335,,
BRTK,BHORTEX,21.102507999999997,74.995996,,
AN,AMALNER,21.049008999999998,75.057314,,
TKHE,TAKARKHEDE,21.03491,75.167017,,
BHNE,BHONE,21.018946,75.22247700000001,,
DXG,DHARANGAON,21.006447,75.286092,,
CHLK,CHAVALKHEDE,21.024084000000002,75.352237,,
PLD,PALDHI,21.022831999999998,75.46157,,
MIB,NAGPUR MOTI BAGH,21.146062,79.088986,,
RVH,RAIPUR R-V BLOCK,21.26848,81.64428199999999,,
MNDH,MANDIR HASAUD,21.226191999999998,81.772807,,
LAE,LAKHOLI,21.201827,81.890652,,
ANMD,ARANG MAHANADI,21.189614,81.955513,,
BLSN,BELSONDA,21.155027,82.03562500000001,,
MSMD,MAHASAMUND,21.113138000000003,82.10389,,
ARN,ARAND,21.102097,82.183013,,
BMKJ,BHIMKHOJ,21.080325,82.289327,,
BGBR,BAGBAHRA,21.0462946,82.3841486,,
KMK,KOMAKHAN,20.979703,82.45769200000001,,
KRAR,KHARIAR ROAD,20.901385555799997,82.510513277,,
NPD,NAWAPARA ROAD,20.809717,82.562564,,
LKNA,LAKHNA,20.729266,82.662489,,
HSK,HARISHANKER RD,20.6267890734,82.7660362524,,
TIG,TITLAGARH,20.284399,83.154382,,
TRKR,TUREKALA ROAD,20.563094809,82.8147164221,,
SFK,SIKIR,20.337936,83.199696,,
KBJ,KANTABANJI,20.474059,82.906517,,
BUDM,BADMAL,20.384900000000002,83.27114900000001,,
MRBL,MURIBAHAL,20.385885000000002,83.016704,,
SFC,SAINTALA,20.433878,83.335045,,
RNBT,RAHENBATA,20.329013,83.08993099999999,,
DFR,DEOGAN ROAD,20.554779,83.430063,,
BLGR,BALANGIR,20.688591,83.494207,,
BNRD,BALANGIR ROAD,20.715094,83.498557,,
LSX,LOISINGHA,20.852667,83.514083,,
KHPL,KHALIPALI,20.950218,83.536231,,
DJX,DUNGRIPADI,21.060872999999997,83.559213,,
BRPL,BARPALI,21.183637700000002,83.59487580000001,,
BRGA,BARGARH ROAD,21.332902999999998,83.642586,,
ATS,ATTABIRA,21.388039,83.792637,,
GBQ,GODBHAGA,21.416457,83.856969,,
HKG,HIRAKUD,21.479827,83.905097,,
JSRY,JHARSUGUDA R YARD,21.8876435594,84.0718776697,,
DTV,DHUTRA,21.896881999999998,84.09109799999999,,
PNPL,PANPALI,21.915685999999997,84.139173,,
BEH,BAGDIHI,21.951046,84.18631,,
DIH,DHARUADIHI,21.995145,84.223691,,
BMB,BAMRA,22.051355,84.291044,,
TGM,TANGARMUNDA,22.09407,84.35861200000001,,
GPH,GARPOS,22.134204,84.418434,,
SOGR,SOGRA,22.153756,84.459478,,
SXN,SONAKHAN,22.166579000000002,84.519562,,
GP,RAJ GANGPUR,22.186062000000003,84.58205099999999,,
KXN,KANSHBAHAL,22.215278,84.66628899999999,,
TLHR,TALCHER,20.932262,85.200385,,
TLTM,TALCHER THERMAL,20.91053519,85.21416081,,
TTPT,TALCHER THERMAL,20.905032,85.21712600000001,,
KLG,KALUNGA,22.222144,84.73367300000001,,
PPO,PANPOSH,22.228538,84.804627,,
ROU,ROURKELA,22.22844,84.86313200000001,,
BNDM,BONDAMUNDA,22.2355174,84.92505809999999,,
BGKA,BANGURKELA,22.3505683976,84.9552704382,,
BSPK,BISPUR,22.3740198995,84.9464074011,,
NXN,NUAGAON,22.386583,84.94203300000001,,
ORGA,ORGA,22.448548,84.91578,,
PBB,PARBATONIA,22.497616999999998,84.949201,,
TATI,TATI,22.558381999999998,84.918457,,
BRBR,BARBERA,22.5755618647,84.8694214429,,
KNRN,KANAROAN,22.600484,84.877026,,
BANO,BANO,22.6647837973,84.90298541140001,,
MCZ,MAHABUANG,22.7199286684,84.9352760571,,
KRKR,KURKURA,22.763217,84.931238,,
PKC,PAKRA,22.828158,84.93690600000001,,
PKF,POKLA,22.89496,84.951364,,
BKPR,BAKASPUR,22.9810196446,84.9537296552,,
JGX,JARIAGARH,23.0088422742,84.9866928088,,
GBX,GOVINDPUR ROAD,23.061857490599998,85.0435794019,,
KRRA,KARRA,23.1219323537,85.1327416565,,
BNGO,BINGAON,23.1666884029,85.1658139636,,
LOM,LODHMA,23.2233502762,85.2001212549,,
BLRG,BALASIRING,23.2691273563,85.2812029169,,
HTE,HATIA,23.311612999999998,85.308218,,
ITR,ITWARI,21.157819,79.11923700000001,,
MTD,MERTA ROAD JN,26.728077000000003,73.917896,,
KQW,KHEDULI,26.759393000000003,74.014573,,
REN,REN,26.788798,74.07446200000001,,
JAC,JALSU,26.844883,74.194547,,
JACN,JALSU NANAK,26.868694,74.250429,,
DNA,DEGANA JN,26.897349,74.316388,,
GCH,GACHHIPURA,26.953522,74.454426,,
BSRL,BESROLI,26.990674000000002,74.560725,,
BOW,BORAWAR,27.0283068063,74.66939656189999,,
MKN,MAKRANA JN,27.037532,74.72314899999999,,
KMNC,KUCHAMAN CITY,27.0535465396,74.8514568066,,
THMR,THATHANA MITHRI,27.055138193999998,74.8979728705,,
NYK,NAYA KHARADIA,27.0383856624,74.93509671199999,,
NAC,NAWA CITY,27.029479,74.99883200000001,,
GVMR,GOVINDI MARWAR,27.03169,75.093144,,
GA,GUDHA,26.950042,75.128292,,
SBR,SAMBHAR LAKE,26.904308,75.179915,,
FL,PHULERA JN,26.872814,75.24545599999999,,
HDA,HIRNODA,26.885336000000002,75.327459,,
DHND,DHINDA,26.890931,75.361206,,
JU,JODHPUR JN,26.283765,73.02319,,
RKB,RAIKA BAGH,26.291628000000003,73.039744,,
JUCT,JODHPUR CANTT,26.304264,73.075277,,
BNO,BANAR,26.33951,73.146431,,
JWL,JAJIWAL,26.3680583662,73.2228278314,,
AAS,ASRANADA,26.397374,73.30532500000001,,
KSW,KHERI SALWA,26.4285105345,73.3907543195,,
PPR,PIPAR ROAD JN,26.452849999999998,73.448703,,
SWF,SATHIN ROAD,26.48978,73.509748,,
UMED,UMED,26.549322,73.605896,,
KXG,KHARIA KHANGARH,26.609843,73.686313,,
GOTN,GOTAN,26.652200999999998,73.737284,,
JOM,JOGI MAGRA,26.697862,73.818142,,
SWM,SAWAI MADHOPUR,26.018279,76.35622,,
KTA,KUSHTALA,25.961351,76.326705,,
RWJ,RAWANIA DUNGAR,25.887841,76.313705,,
AMLI,AMLI,25.828156,76.286156,,
JOB,ASALPUR JOBNER,26.900084,75.423467,,
IDG,INDARGARH,25.727874,76.232938,,
BOBS,BOBAS,26.9056364,75.4980458,,
SHNX,SHEO SINGH PURA,26.913378,75.567278,,
LKE,LAKHERI,25.639864,76.192147,,
MSO,MISROD,23.168701000000002,77.45804600000001,,
HBJ,HABIBGANJ,23.221979,77.43942899999999,,
BPL,BHOPAL JN,23.266884384300003,77.4131428577,,
BIH,BAIRAGARH,23.273607199999997,77.33622,,
BQE,BAKANIAN BHAUNR,23.261737,77.252499,,
LBN,LABAN,25.574304,76.207965,,
KPZ,KAPREN,25.444815000000002,76.08649199999999,,
KTSC,KOTA JN SOUTH C,25.198051,75.88511100000001,,
DKNT,DAKANIYA TALAV,25.145187999999997,75.865501,,
DDV,DADHDEVI,25.077840000000002,75.898016,,
ALNI,ALNIYA,25.0316757156,75.90874587280001,,
DKQ,DHANI KASAR,24.9874595619,75.93221182010001,,
RDT,RAVTHA ROAD,24.933449,75.958203,,
DARA,DARA,24.832608999999998,76.005784,,
KIW,KANWALPURA,24.788625,75.98301000000001,,
MKX,MORAK,24.730953,75.97333900000001,,
RMA,RAMGANJ MANDI,24.644606,75.939411,,
JHW,JHALAWAR ROAD,24.541893,75.919686,,
DKRA,DHUANKHERI,24.504973000000003,75.89805,,
BWM,BHAWANI MANDI,24.419472000000003,75.82981,,
KRLS,KURLAS,24.354200582,75.7260090143,,
GOH,GAROT,24.2790919912,75.68432197690001,,
SGZ,SHAMGARH,24.191141000000002,75.642842,,
HNU,HANSPURA,24.1312068327,75.64670478090001,,
SVA,SUWASRA,24.069844,75.64834400000001,,
NKH,NATHUKHERI,24.0200433795,75.64345572270001,,
CMU,CHAU MAHLA,23.948204999999998,75.60086100000001,,
TLZ,TALAVLI,23.903499,75.596821,,
THUR,THURIA,23.833165,75.55457,,
VMA,VIKRAMGARH ALOT,23.765121,75.53837899999999,,
LNR,LUNI RICHHA,23.660393,75.51367,,
MEP,MAHIDPUR ROAD,23.567509,75.500338,,
RLK,ROHAL KHURD,23.482264,75.460561,,
PUD,PHANDA,23.232986,77.189255,,
PNWN,PACHWAN,23.208785000000002,77.128302,,
DNK,DHANAKYA,26.91819,75.605607,,
SEH,SEHORE,23.215095,77.07788199999999,,
BDYK,BINDAYAKA,26.924224,75.659572,,
KKU,KANAKPURA,26.92883,75.702559,,
BKTL,BAKTAL,23.234083000000002,77.038514,,
PRB,PARBATI,23.250527,77.012393,,
JBX,JABRI,23.294103999999997,76.889341,,
KPP,KALAPIPAL,23.332775,76.834002,,
CKOD,CHAKROD,23.3530905936,76.779716546,,
SJP,SHUJALPUR,23.381235999999998,76.72347500000001,,
UJN,UJJAIN JN,23.178154,75.781403,,
MQE,MOHAMMADKHERA,23.384268,76.665757,,
AKD,AKODIA,23.378255,76.599245,,
BLX,BOLAI,23.361400652599997,76.4864047449,,
KSH,KALI SINDH,23.344476,76.430306,,
KONY,KISONI,23.301733000000002,76.371773,,
BCH,BERCHHA,23.282480800000002,76.33419289999999,,
PUO,PIR UMROD,23.2558608677,76.2299643091,,
MKC,MAKSI,23.251625,76.159116,,
SVT,SHIVPURA,23.2563508677,76.0076378418,,
TJP,TAJPUR,23.2169677672,75.9235679364,,
PLW,PINGLESHWAR,23.2111360434,75.8603440417,,
UJNC,UJN C CABIN,23.184543,75.801153,,
DPZ,DEVPURA,26.03271,76.251747,,
SURL,SURELI,26.118939,76.077102,,
ISA,ISARDA,26.170515,76.030637,,
SRAS,SIRAS,26.2571138478,76.00108138670001,,
BNLW,BANSTHALI NIWAI,26.383927808699998,75.93511006349999,,
CHNN,CHANNANI,26.49509,75.920457,,
CKS,CHAKSU,26.592917999999997,75.910778,,
SAS,SHIVDASPURA PADAMPURA,26.71363,75.88328200000001,,
BTSD,BHATISUDA,23.392187,75.421478,,
PPG,PIPLODA BAGLA,23.357472,75.433639,,
UNL,UNHEL,23.316776,75.472209,,
PSO,PALSORA MAKRAWA,23.260650211799998,75.5315691821,,
ASL,ASLAODA,23.231264309,75.60816015629999,,
GRFB,GAMBHIR BR,23.226323,75.637187,,
NKI,NAIKHERI,23.196778,75.689198,,
SNGN,SANGANER,26.814113,75.772245,,
DPA,DURGAPURA,26.855947,75.786436,,
BSGD,BAIS GODAM,26.90199441,75.7898479,,
GNQ,GODHANI,21.21103,79.068176,,
BWRA,BHARATWADA,21.231695,79.0171081,,
KSWR,KALMESHWAR,21.229072,78.91586099999999,,
KOHL,KOHLI,21.273749,78.807616,,
SNKB,SONKHAMB,21.274259,78.725612,,
MER,METPANJRA,21.26917,78.65915899999999,,
KATL,KATOL,21.263201,78.590664,,
KLBA,KALAMBHA,21.344635,78.558413,,
TNH,TINKHEDA,21.407727,78.523446,,
NRKR,NARKHER,21.468725,78.52481399999999,,
DDMT,DARIMETA,21.536803,78.5411,,
PAR,PANDHURNA,21.589996,78.525394,,
TEO,TEEGAON,21.637046,78.460308,,
GDKP,GHUNDANKHAPA,21.655105000000002,78.42563,,
CCD,CHICHONDA,21.709709,78.352032,,
HTN,HATNA PUR,21.761852,78.334344,,
MTY,MULTAI,21.783543,78.26283000000001,,
AMLA,AMLA JN,21.919717000000002,78.123187,,
MALK,MALKAPUR ROAD,21.904426,77.967468,,
BZU,BETUL,21.896393,77.90589700000001,,
MJY,MARAMJHIRI,21.946123,77.883002,,
DHQ,DHARAKHOH,22.009297,77.949934,,
GDYA,GHORADONGRI,22.126423,78.001987,,
BBTR,BARBATPUR,22.197033,77.920758,,
MGRD,MAGARDOH,22.248104,77.894738,,
DOH,DHODRA MOHAR,22.281504,77.875226,,
POX,POLA-PATTHAR,22.347657,77.85334900000001,,
KQE,KALA AKHAR,22.394548999999998,77.818115,,
SAHL,SAHELI,22.488281,77.819849,,
TAKU,TAKU,22.5155599418,77.8158087866,,
KSLA,KESLA,22.541216959,77.8065090723,,
KRTH,KIRATGARH,22.538155,77.77251,,
JHP,JUHJARPUR,22.598117000000002,77.755836,,
HN,HATHBANDH,21.632219,81.846233,,
BYT,BHATAPARA,21.732464,81.946062,,
NPI,NIPANIA,21.826434,82.044275,,
DGS,DAGORI,21.905693,82.069143,,
SLRA,SARALA,21.511822,84.017534,,
SSN,SASON,21.5595350543,84.03917034669999,,
RGL,RENGALI,21.636895,84.042299,,
LPG,LAPANGA,21.732794,84.03998,,
BXQ,BRUNDAMAL,21.806503000000003,84.016216,,
JSGR,JHARSUGUDA ROAD,21.850125,84.010526,,
BBSN,BHUBANESWAR NEW,20.382175,85.83518699999999,,
GBK,GOPALPUR BALKDA,20.432634999999998,85.87790899999999,,
KTJI,KATHA JORI,20.45107,85.896353,,
CTC,CUTTACK,20.466587999999998,85.90156,,
KNPR,KENDRAPARA ROAD,20.498481,85.917437,,
NRG,NERGUNDI,20.538381,85.959078,,
MZY,MACHAPUR,20.569003,85.768912,,
GJTA,GARUDIJHATIA,20.570067,85.828478,,
BDPG,BADA PADAGAON,20.570588309999998,85.87382799,,
CBT,CHARBATIA,20.569383900000002,85.9113306,,
SQQ,SALAGAON,20.56434,85.957487,,
SVK,SIVARAKOTTAI,9.738427999999999,77.986107,,
SLGM,SANKARALINGAPRM,9.524914,77.88414,,
CPM,CHOLAPURAM,9.354660443863636,77.57086691235357,,
MDU,MADURAI JN,9.919907,78.11031399999999,,
TDN,TIRUPARANKNDRM,9.879446999999999,78.065958,,
TMQ,TIRUMANGALAM,9.824778,77.99090199999999,,
KGD,KALLIGUDI,9.695381000000001,77.97402,,
VPT,VIRUDUNAGAR JN,9.596405,77.95773700000001,,
SCT,SENGOTTAI,8.9874125,77.24185,,
TSI,TENKASI JN,8.963993,77.30733799999999,,
KDNL,KADAYNALLUR,9.085394,77.36319769999999,,
PBKS,PAMBA KOVIL SHANDY,9.130538,77.431001,,
SNKL,SANKARANKOVIL,9.176539,77.525924,,
RJPM,RAJAPALAYAM,9.452404,77.561026,,
SVPR,SRIVILLIPUTTUR,9.497497,77.64494,,
SVKS,SIVAKASI,9.463321,77.78924400000001,,
TTL,TIRUTTANGAL,9.4772991528,77.8108864374,,
MKSP,MUKHASA PARUR,11.566638000000001,79.240919,,
KKTI,KUTTAKUDI,11.591907,79.154962,,
PRV,PUKKIRIVARI,11.633792,78.989079,,
SRVT,SIRUVATTUR,11.636294000000001,78.943922,,
CHSM,CHINNA SALEM,11.631062,78.873821,,
MLYR,MELNARIYAPANUR,11.615910999999999,78.814791,,
TVS,TALAIVASAL,11.596392,78.75084,,
ATU,ATTUR,11.594788,78.592092,,
PDKM,PEDANAYAKANPALAYAM,11.647063000000001,78.5053,,
MGSJ,MAGNESITE JN,11.696253,78.096286,,
ETP,ETTAPUR ROAD,11.651009,78.468545,,
SA,SALEM JN,11.671726000000001,78.113415,,
VGE,VALAPPADI G HLT,11.654623999999998,78.400452,,
MPLI,MINNAMPALLI,11.671079675900002,78.2849851605,,
APN,AYODHYAPATTANAM,11.671392,78.233642,,
SLME,SALEM EAST,11.662932,78.178121,,
SXT,SALEM TOWN,11.660046,78.162096,,
SAMT,SALEM MARKET,11.654084,78.142621,,
OML,OMALUR,11.7385543,78.04678001590001,,
TOS,TOLASAMPATTI,11.761619,77.979547,,
MCRD,MECHERI ROAD,11.804210999999999,77.921857,,
MTDM,METUR DAM,11.807081,77.83200799999999,,
