train_number,journey_date,event_time,received_at,last_station_code,next_station_code,delay_minutes,source,source_event_id,payload_hash,quality_flags
52282,03-11-2025,2025-11-03T21:47:45.600000,2025-11-03T21:47:45.600000,CPR,CI,12.8,synthetic,52282_CPR_THE_0,,
52282,03-11-2025,2025-11-03T21:55:54.840000,2025-11-03T21:55:54.840000,CI,KYH,11.9,synthetic,52282_CPR_THE_1,,
52282,03-11-2025,2025-11-03T22:25:05.556000,2025-11-03T22:25:05.556000,KYH,PEE,24.1,synthetic,52282_CPR_THE_2,,
52282,03-11-2025,2025-11-03T22:38:39.200400,2025-11-03T22:38:39.200400,PEE,MEW,21.7,synthetic,52282_CPR_THE_3,,
52282,03-11-2025,2025-11-03T22:58:40.680360,2025-11-03T22:58:40.680360,MEW,SMKR,19.7,synthetic,52282_CPR_THE_4,,
52282,03-11-2025,2025-11-03T23:31:24.012324,2025-11-03T23:31:24.012324,SMKR,MHC,22.4,synthetic,52282_CPR_THE_5,,
52282,03-11-2025,2025-11-03T23:49:11.411092,2025-11-03T23:49:11.411092,MHC,RPV,20.2,synthetic,52282_CPR_THE_6,,
52282,03-11-2025,2025-11-04T00:32:16.269982,2025-11-04T00:32:16.269982,RPV,DWDI,48.3,synthetic,52282_CPR_THE_7,,
52282,03-11-2025,2025-11-04T00:44:18.842984,2025-11-04T00:44:18.842984,DWDI,SQW,43.3,synthetic,52282_CPR_THE_8,,
52282,03-11-2025,2025-11-04T01:05:16.958686,2025-11-04T01:05:16.958686,SQW,MJV,39.3,synthetic,52282_CPR_THE_9,,
52282,03-11-2025,2025-11-04T01:53:37.462817,2025-11-04T01:53:37.462817,MJV,GOPG,39.6,synthetic,52282_CPR_THE_10,,
52282,03-11-2025,2025-11-04T02:14:34.316535,2025-11-04T02:14:34.316535,GOPG,THE,35.6,synthetic,52282_CPR_THE_11,,
52282,03-11-2025,2025-11-04T02:32:17.084882,2025-11-04T02:32:17.084882,THE,,32.3,synthetic,52282_CPR_THE_12,,
53487,31-07-2026,2026-07-31T16:27:50.400000,2026-07-31T16:27:50.400000,TPH,RJL,7.8,synthetic,53487_TPH_RJL_0,,
53487,31-07-2026,2026-07-31T16:52:19.560000,2026-07-31T16:52:19.560000,RJL,,7.3,synthetic,53487_TPH_RJL_1,,
57456,14-09-2026,2026-09-14T14:20:23.400000,2026-09-14T14:20:23.400000,MBNR,DTP,10.4,synthetic,57456_MBNR_KCG_0,,
57456,14-09-2026,2026-09-14T14:28:04.260000,2026-09-14T14:28:04.260000,DTP,JCL,9.1,synthetic,57456_MBNR_KCG_1,,
57456,14-09-2026,2026-09-14T14:36:28.434000,2026-09-14T14:36:28.434000,JCL,GLY,8.5,synthetic,57456_MBNR_KCG_2,,
57456,14-09-2026,2026-09-14T14:45:04.590600,2026-09-14T14:45:04.590600,GLY,RJAP,8.1,synthetic,57456_MBNR_KCG_3,,
57456,14-09-2026,2026-09-14T14:49:48.531540,2026-09-14T14:49:48.531540,RJAP,RRGA,6.8,synthetic,57456_MBNR_KCG_4,,
57456,14-09-2026,2026-09-14T14:55:13.078386,2026-09-14T14:55:13.078386,RRGA,BABR,6.2,synthetic,57456_MBNR_KCG_5,,
57456,14-09-2026,2026-09-14T15:02:26.770547,2026-09-14T15:02:26.770547,BABR,SHNR,5.4,synthetic,57456_MBNR_KCG_6,,
57456,14-09-2026,2026-09-14T15:17:30.693493,2026-09-14T15:17:30.693493,SHNR,TMX,4.5,synthetic,57456_MBNR_KCG_7,,
57456,14-09-2026,2026-09-14T15:34:51.624143,2026-09-14T15:34:51.624143,TMX,UR,3.9,synthetic,57456_MBNR_KCG_8,,
57456,14-09-2026,2026-09-14T16:01:07.461729,2026-09-14T16:01:07.461729,UR,BDVL,16.1,synthetic,57456_MBNR_KCG_9,,
57456,14-09-2026,2026-09-14T16:08:20.515556,2026-09-14T16:08:20.515556,BDVL,NSVP,14.3,synthetic,57456_MBNR_KCG_10,,
57456,14-09-2026,2026-09-14T16:12:09.464001,2026-09-14T16:12:09.464001,NSVP,FM,13.2,synthetic,57456_MBNR_KCG_11,,
57456,14-09-2026,2026-09-14T16:19:48.717600,2026-09-14T16:19:48.717600,FM,HPG,11.8,synthetic,57456_MBNR_KCG_12,,
57456,14-09-2026,2026-09-14T16:22:40.245840,2026-09-14T16:22:40.245840,HPG,YKA,10.7,synthetic,57456_MBNR_KCG_13,,
57456,14-09-2026,2026-09-14T16:25:36.221256,2026-09-14T16:25:36.221256,YKA,DQR,9.6,synthetic,57456_MBNR_KCG_14,,
57456,14-09-2026,2026-09-14T16:26:37.399131,2026-09-14T16:26:37.399131,DQR,MXT,8.6,synthetic,57456_MBNR_KCG_15,,
57456,14-09-2026,2026-09-14T16:28:40.259218,2026-09-14T16:28:40.259218,MXT,KCG,7.7,synthetic,57456_MBNR_KCG_16,,
57456,14-09-2026,2026-09-14T16:41:44.033296,2026-09-14T16:41:44.033296,KCG,,6.7,synthetic,57456_MBNR_KCG_17,,
54613,09-05-2026,2026-05-09T06:23:20.400000,2026-05-09T06:23:20.400000,ASR,VKA,8.3,synthetic,54613_ASR_PTK_0,,
54613,09-05-2026,2026-05-09T06:33:11.160000,2026-05-09T06:33:11.160000,VKA,KNG,7.2,synthetic,54613_ASR_PTK_1,,
54613,09-05-2026,2026-05-09T06:44:23.844000,2026-05-09T06:44:23.844000,KNG,JNT,6.4,synthetic,54613_ASR_PTK_2,,
54613,09-05-2026,2026-05-09T06:54:46.659600,2026-05-09T06:54:46.659600,JNT,BAT,5.8,synthetic,54613_ASR_PTK_3,,
54613,09-05-2026,2026-05-09T07:06:59.393640,2026-05-09T07:06:59.393640,BAT,CHN,5.0,synthetic,54613_ASR_PTK_4,,
54613,09-05-2026,2026-05-09T07:29:31.254276,2026-05-09T07:29:31.254276,CHN,DHW,4.5,synthetic,54613_ASR_PTK_5,,
54613,09-05-2026,2026-05-09T07:52:54.528848,2026-05-09T07:52:54.528848,DHW,SOHL,3.9,synthetic,54613_ASR_PTK_6,,
54613,09-05-2026,2026-05-09T08:07:44.875964,2026-05-09T08:07:44.875964,SOHL,JHWR,3.7,synthetic,54613_ASR_PTK_7,,
54613,09-05-2026,2026-05-09T08:17:52.988367,2026-05-09T08:17:52.988367,JHWR,GSP,7.9,synthetic,54613_ASR_PTK_8,,
54613,09-05-2026,2026-05-09T08:24:09.889530,2026-05-09T08:24:09.889530,GSP,DNN,7.2,synthetic,54613_ASR_PTK_9,,
54613,09-05-2026,2026-05-09T08:58:38.300577,2026-05-09T08:58:38.300577,DNN,PMQ,27.6,synthetic,54613_ASR_PTK_10,,
54613,09-05-2026,2026-05-09T09:12:08.070520,2026-05-09T09:12:08.070520,PMQ,JK,25.1,synthetic,54613_ASR_PTK_11,,
54613,09-05-2026,2026-05-09T09:18:01.263468,2026-05-09T09:18:01.263468,JK,SRM,23.0,synthetic,54613_ASR_PTK_12,,
54613,09-05-2026,2026-05-09T09:22:56.337121,2026-05-09T09:22:56.337121,SRM,BHRL,20.9,synthetic,54613_ASR_PTK_13,,
54613,09-05-2026,2026-05-09T09:29:08.703409,2026-05-09T09:29:08.703409,BHRL,PTK,19.1,synthetic,54613_ASR_PTK_14,,
54613,09-05-2026,2026-05-09T09:52:04.233068,2026-05-09T09:52:04.233068,PTK,,17.1,synthetic,54613_ASR_PTK_15,,
56860,24-05-2026,2026-05-24T05:03:39,2026-05-24T05:03:39,VM,MYP,3.6,synthetic,56860_VM_TBM_0,,
56860,24-05-2026,2026-05-24T05:09:10.500000,2026-05-24T05:09:10.500000,MYP,VVN,3.2,synthetic,56860_VM_TBM_1,,
56860,24-05-2026,2026-05-24T05:13:51.450000,2026-05-24T05:13:51.450000,VVN,PEI,2.9,synthetic,56860_VM_TBM_2,,
56860,24-05-2026,2026-05-24T05:21:32.505000,2026-05-24T05:21:32.505000,PEI,MTL,2.5,synthetic,56860_VM_TBM_3,,
56860,24-05-2026,2026-05-24T05:28:13.654500,2026-05-24T05:28:13.654500,MTL,TMV,2.2,synthetic,56860_VM_TBM_4,,
56860,24-05-2026,2026-05-24T05:35:09.289050,2026-05-24T05:35:09.289050,TMV,OLA,2.2,synthetic,56860_VM_TBM_5,,
56860,24-05-2026,2026-05-24T05:46:49.160145,2026-05-24T05:46:49.160145,OLA,KSGL,1.8,synthetic,56860_VM_TBM_6,,
56860,24-05-2026,2026-05-24T05:51:26.844131,2026-05-24T05:51:26.844131,KSGL,TZD,1.4,synthetic,56860_VM_TBM_7,,
56860,24-05-2026,2026-05-24T05:55:21.159717,2026-05-24T05:55:21.159717,TZD,ACK,1.4,synthetic,56860_VM_TBM_8,,
56860,24-05-2026,2026-05-24T05:59:13.643746,2026-05-24T05:59:13.643746,ACK,MLMR,1.2,synthetic,56860_VM_TBM_9,,
56860,24-05-2026,2026-05-24T06:04:03.279371,2026-05-24T06:04:03.279371,MLMR,MMK,1.1,synthetic,56860_VM_TBM_10,,
56860,24-05-2026,2026-05-24T06:13:56.951434,2026-05-24T06:13:56.951434,MMK,KGZ,0.9,synthetic,56860_VM_TBM_11,,
56860,24-05-2026,2026-05-24T06:18:48.856291,2026-05-24T06:18:48.856291,KGZ,PTM,0.8,synthetic,56860_VM_TBM_12,,
56860,24-05-2026,2026-05-24T06:23:54.170662,2026-05-24T06:23:54.170662,PTM,OV,0.9,synthetic,56860_VM_TBM_13,,
56860,24-05-2026,2026-05-24T06:28:26.553595,2026-05-24T06:28:26.553595,OV,CGL,0.4,synthetic,56860_VM_TBM_14,,
56860,24-05-2026,2026-05-24T06:48:39.498236,2026-05-24T06:48:39.498236,CGL,PWU,0.7,synthetic,56860_VM_TBM_15,,
56860,24-05-2026,2026-05-24T06:55:32.548412,2026-05-24T06:55:32.548412,PWU,SKL,0.5,synthetic,56860_VM_TBM_16,,
56860,24-05-2026,2026-05-24T06:59:33.493571,2026-05-24T06:59:33.493571,SKL,MMNK,0.6,synthetic,56860_VM_TBM_17,,
56860,24-05-2026,2026-05-24T07:05:42.744214,2026-05-24T07:05:42.744214,MMNK,CTM,2.7,synthetic,56860_VM_TBM_18,,
56860,24-05-2026,2026-05-24T07:09:10.269793,2026-05-24T07:09:10.269793,CTM,POTI,2.2,synthetic,56860_VM_TBM_19,,
56860,24-05-2026,2026-05-24T07:11:10.442813,2026-05-24T07:11:10.442813,POTI,GI,2.2,synthetic,56860_VM_TBM_20,,
56860,24-05-2026,2026-05-24T07:22:16.598532,2026-05-24T07:22:16.598532,GI,UPM,8.3,synthetic,56860_VM_TBM_21,,
56860,24-05-2026,2026-05-24T07:34:16.738679,2026-05-24T07:34:16.738679,UPM,VDR,7.3,synthetic,56860_VM_TBM_22,,
56860,24-05-2026,2026-05-24T07:45:31.864811,2026-05-24T07:45:31.864811,VDR,PRGL,6.5,synthetic,56860_VM_TBM_23,,
56860,24-05-2026,2026-05-24T07:56:31.078330,2026-05-24T07:56:31.078330,PRGL,TBM,9.5,synthetic,56860_VM_TBM_24,,
56860,24-05-2026,2026-05-24T08:08:23.770497,2026-05-24T08:08:23.770497,TBM,,8.4,synthetic,56860_VM_TBM_25,,
55811,04-06-2026,2026-06-04T06:00:52.800000,2026-06-04T06:00:52.800000,GHY,NNGE,0.9,synthetic,55811_GHY_LMG_0,,
55811,04-06-2026,2026-06-04T06:11:43.920000,2026-06-04T06:11:43.920000,NNGE,PHI,0.7,synthetic,55811_GHY_LMG_1,,
55811,04-06-2026,2026-06-04T06:22:38.928000,2026-06-04T06:22:38.928000,PHI,TKC,0.6,synthetic,55811_GHY_LMG_2,,
55811,04-06-2026,2026-06-04T06:33:21.835200,2026-06-04T06:33:21.835200,TKC,PNB,0.4,synthetic,55811_GHY_LMG_3,,
55811,04-06-2026,2026-06-04T06:45:16.051680,2026-06-04T06:45:16.051680,PNB,DGU,0.3,synthetic,55811_GHY_LMG_4,,
55811,04-06-2026,2026-06-04T07:14:20.446512,2026-06-04T07:14:20.446512,DGU,TTLA,0.3,synthetic,55811_GHY_LMG_5,,
55811,04-06-2026,2026-06-04T07:26:17.801861,2026-06-04T07:26:17.801861,TTLA,KKET,0.3,synthetic,55811_GHY_LMG_6,,
55811,04-06-2026,2026-06-04T07:39:08.221675,2026-06-04T07:39:08.221675,KKET,BRHU,3.1,synthetic,55811_GHY_LMG_7,,
55811,04-06-2026,2026-06-04T07:49:14.599507,2026-06-04T07:49:14.599507,BRHU,JID,3.2,synthetic,55811_GHY_LMG_8,,
55811,04-06-2026,2026-06-04T08:03:56.939557,2026-06-04T08:03:56.939557,JID,AJRE,2.9,synthetic,55811_GHY_LMG_9,,
55811,04-06-2026,2026-06-04T08:12:26.645601,2026-06-04T08:12:26.645601,AJRE,DML,2.4,synthetic,55811_GHY_LMG_10,,
55811,04-06-2026,2026-06-04T08:34:05.981041,2026-06-04T08:34:05.981041,DML,TGE,2.1,synthetic,55811_GHY_LMG_11,,
55811,04-06-2026,2026-06-04T09:00:51.582937,2026-06-04T09:00:51.582937,TGE,CPK,1.9,synthetic,55811_GHY_LMG_12,,
55811,04-06-2026,2026-06-04T09:21:36.824643,2026-06-04T09:21:36.824643,CPK,LPN,6.6,synthetic,55811_GHY_LMG_13,,
55811,04-06-2026,2026-06-04T09:37:55.942179,2026-06-04T09:37:55.942179,LPN,KWM,5.9,synthetic,55811_GHY_LMG_14,,
55811,04-06-2026,2026-06-04T09:55:47.347961,2026-06-04T09:55:47.347961,KWM,JMK,11.8,synthetic,55811_GHY_LMG_15,,
55811,04-06-2026,2026-06-04T10:09:11.413165,2026-06-04T10:09:11.413165,JMK,JGJN,10.2,synthetic,55811_GHY_LMG_16,,
55811,04-06-2026,2026-06-04T10:25:46.871848,2026-06-04T10:25:46.871848,JGJN,HJI,8.8,synthetic,55811_GHY_LMG_17,,
55811,04-06-2026,2026-06-04T10:36:49.384663,2026-06-04T10:36:49.384663,HJI,DHRY,7.8,synthetic,55811_GHY_LMG_18,,
55811,04-06-2026,2026-06-04T10:49:54.046197,2026-06-04T10:49:54.046197,DHRY,LKA,6.9,synthetic,55811_GHY_LMG_19,,
55811,04-06-2026,2026-06-04T11:05:04.841577,2026-06-04T11:05:04.841577,LKA,HWX,6.1,synthetic,55811_GHY_LMG_20,,
55811,04-06-2026,2026-06-04T11:14:02.557420,2026-06-04T11:14:02.557420,HWX,LKG,5.0,synthetic,55811_GHY_LMG_21,,
55811,04-06-2026,2026-06-04T11:45:34.701678,2026-06-04T11:45:34.701678,LKG,PKB,4.6,synthetic,55811_GHY_LMG_22,,
55811,04-06-2026,2026-06-04T12:06:19.231510,2026-06-04T12:06:19.231510,PKB,LMG,4.3,synthetic,55811_GHY_LMG_23,,
55811,04-06-2026,2026-06-04T12:34:08.908359,2026-06-04T12:34:08.908359,LMG,,4.1,synthetic,55811_GHY_LMG_24,,
16559,17-07-2026,2026-07-17T13:37:06.600000,2026-07-17T13:37:06.600000,MYS,MNGT,7.1,synthetic,16559_MYS_YPR_0,,
16559,17-07-2026,2026-07-17T13:38:14.940000,2026-07-17T13:38:14.940000,MNGT,NHY,6.2,synthetic,16559_MYS_YPR_1,,
16559,17-07-2026,2026-07-17T13:42:39.246000,2026-07-17T13:42:39.246000,NHY,S,5.7,synthetic,16559_MYS_YPR_2,,
16559,17-07-2026,2026-07-17T13:49:00.521400,2026-07-17T13:49:00.521400,S,PANP,5.0,synthetic,16559_MYS_YPR_3,,
16559,17-07-2026,2026-07-17T13:52:32.269260,2026-07-17T13:52:32.269260,PANP,CGKP,4.5,synthetic,16559_MYS_YPR_4,,
16559,17-07-2026,2026-07-17T13:58:10.442334,2026-07-17T13:58:10.442334,CGKP,CGKR,4.2,synthetic,16559_MYS_YPR_5,,
16559,17-07-2026,2026-07-17T13:57:50.198101,2026-07-17T13:57:50.198101,CGKR,BDRL,3.8,synthetic,16559_MYS_YPR_6,,
16559,17-07-2026,2026-07-17T14:00:39.778291,2026-07-17T14:00:39.778291,BDRL,Y,3.7,synthetic,16559_MYS_YPR_7,,
16559,17-07-2026,2026-07-17T14:06:55.000461,2026-07-17T14:06:55.000461,Y,MYA,2.9,synthetic,16559_MYS_YPR_8,,
16559,17-07-2026,2026-07-17T14:15:32.700415,2026-07-17T14:15:32.700415,MYA,HNK,2.5,synthetic,16559_MYS_YPR_9,,
16559,17-07-2026,2026-07-17T14:27:25.230374,2026-07-17T14:27:25.230374,HNK,MAD,2.4,synthetic,16559_MYS_YPR_10,,
16559,17-07-2026,2026-07-17T14:36:59.307336,2026-07-17T14:36:59.307336,MAD,NZH,2.0,synthetic,16559_MYS_YPR_11,,
16559,17-07-2026,2026-07-17T14:44:05.976603,2026-07-17T14:44:05.976603,NZH,SET,2.1,synthetic,16559_MYS_YPR_12,,
16559,17-07-2026,2026-07-17T14:49:59.978943,2026-07-17T14:49:59.978943,SET,CPT,2.0,synthetic,16559_MYS_YPR_13,,
16559,17-07-2026,2026-07-17T14:55:54.581048,2026-07-17T14:55:54.581048,CPT,RMGM,1.9,synthetic,16559_MYS_YPR_14,,
16559,17-07-2026,2026-07-17T15:09:38.322943,2026-07-17T15:09:38.322943,RMGM,KHLL,3.6,synthetic,16559_MYS_YPR_15,,
16559,17-07-2026,2026-07-17T15:18:08.090649,2026-07-17T15:18:08.090649,KHLL,BID,3.1,synthetic,16559_MYS_YPR_16,,
16559,17-07-2026,2026-07-17T15:27:04.881584,2026-07-17T15:27:04.881584,BID,HJL,3.1,synthetic,16559_MYS_YPR_17,,
16559,17-07-2026,2026-07-17T15:33:49.393426,2026-07-17T15:33:49.393426,HJL,KGI,2.8,synthetic,16559_MYS_YPR_18,,
16559,17-07-2026,2026-07-17T15:45:22.854083,2026-07-17T15:45:22.854083,KGI,GNB,2.4,synthetic,16559_MYS_YPR_19,,
16559,17-07-2026,2026-07-17T16:07:17.568675,2026-07-17T16:07:17.568675,GNB,NYH,2.3,synthetic,16559_MYS_YPR_20,,
16559,17-07-2026,2026-07-17T16:13:14.611807,2026-07-17T16:13:14.611807,NYH,SBC,2.2,synthetic,16559_MYS_YPR_21,,
16559,17-07-2026,2026-07-17T16:52:16.150627,2026-07-17T16:52:16.150627,SBC,MWM,2.3,synthetic,16559_MYS_YPR_22,,
16559,17-07-2026,2026-07-17T17:09:21.135564,2026-07-17T17:09:21.135564,MWM,YPR,2.4,synthetic,16559_MYS_YPR_23,,
16559,17-07-2026,2026-07-17T17:16:46.022008,2026-07-17T17:16:46.022008,YPR,,1.8,synthetic,16559_MYS_YPR_24,,
53492,05-08-2026,2026-08-05T20:02:27,2026-08-05T20:02:27,RJL,TPH,2.5,synthetic,53492_RJL_TPH_0,,
53492,05-08-2026,2026-08-05T20:26:47.700000,2026-08-05T20:26:47.700000,TPH,,1.8,synthetic,53492_RJL_TPH_1,,
58702,15-10-2025,2025-10-15T07:54:54,2025-10-15T07:54:54,ABKP,KLPG,9.9,synthetic,58702_ABKP_SDL_0,,
58702,15-10-2025,2025-10-15T08:02:07.800000,2025-10-15T08:02:07.800000,KLPG,BSPR,9.1,synthetic,58702_ABKP_SDL_1,,
58702,15-10-2025,2025-10-15T08:27:26.820000,2025-10-15T08:27:26.820000,BSPR,KJZ,20.4,synthetic,58702_ABKP_SDL_2,,
58702,15-10-2025,2025-10-15T08:38:41.538000,2025-10-15T08:38:41.538000,KJZ,SJQ,18.7,synthetic,58702_ABKP_SDL_3,,
58702,15-10-2025,2025-10-15T08:45:33.184200,2025-10-15T08:45:33.184200,SJQ,SPDR,16.6,synthetic,58702_ABKP_SDL_4,,
58702,15-10-2025,2025-10-15T08:55:46.665780,2025-10-15T08:55:46.665780,SPDR,KTO,14.8,synthetic,58702_ABKP_SDL_5,,
58702,15-10-2025,2025-10-15T09:04:10.799202,2025-10-15T09:04:10.799202,KTO,BRH,13.2,synthetic,58702_ABKP_SDL_6,,
58702,15-10-2025,2025-10-15T09:20:42.119282,2025-10-15T09:20:42.119282,BRH,NGE,11.7,synthetic,58702_ABKP_SDL_7,,
58702,15-10-2025,2025-10-15T09:33:27.107354,2025-10-15T09:33:27.107354,NGE,DTL,10.5,synthetic,58702_ABKP_SDL_8,,
58702,15-10-2025,2025-10-15T09:43:14.796618,2025-10-15T09:43:14.796618,DTL,NPRD,9.2,synthetic,58702_ABKP_SDL_9,,
58702,15-10-2025,2025-10-15T09:48:43.916956,2025-10-15T09:48:43.916956,NPRD,UKR,7.7,synthetic,58702_ABKP_SDL_10,,
58702,15-10-2025,2025-10-15T10:14:18.525261,2025-10-15T10:14:18.525261,UKR,BRND,21.3,synthetic,58702_ABKP_SDL_11,,
58702,15-10-2025,2025-10-15T10:40:10.072735,2025-10-15T10:40:10.072735,BRND,BJRI,19.2,synthetic,58702_ABKP_SDL_12,,
58702,15-10-2025,2025-10-15T10:58:02.465461,2025-10-15T10:58:02.465461,BJRI,BATL,18.0,synthetic,58702_ABKP_SDL_13,,
58702,15-10-2025,2025-10-15T11:14:05.818915,2025-10-15T11:14:05.818915,BATL,KTMA,18.1,synthetic,58702_ABKP_SDL_14,,
58702,15-10-2025,2025-10-15T11:23:22.037024,2025-10-15T11:23:22.037024,KTMA,HRV,16.4,synthetic,58702_ABKP_SDL_15,,
58702,15-10-2025,2025-10-15T11:31:30.033321,2025-10-15T11:31:30.033321,HRV,DRSN,14.5,synthetic,58702_ABKP_SDL_16,,
58702,15-10-2025,2025-10-15T11:39:16.229989,2025-10-15T11:39:16.229989,DRSN,MZH,13.3,synthetic,58702_ABKP_SDL_17,,
58702,15-10-2025,2025-10-15T11:46:50.006990,2025-10-15T11:46:50.006990,MZH,APR,11.8,synthetic,58702_ABKP_SDL_18,,
58702,15-10-2025,2025-10-15T12:05:18.606291,2025-10-15T12:05:18.606291,APR,AAL,10.3,synthetic,58702_ABKP_SDL_19,,
58702,15-10-2025,2025-10-15T12:19:14.945662,2025-10-15T12:19:14.945662,AAL,BUH,9.2,synthetic,58702_ABKP_SDL_20,,
58702,15-10-2025,2025-10-15T12:29:25.451096,2025-10-15T12:29:25.451096,BUH,SNGP,8.4,synthetic,58702_ABKP_SDL_21,,
58702,15-10-2025,2025-10-15T12:42:55.305986,2025-10-15T12:42:55.305986,SNGP,SDL,7.9,synthetic,58702_ABKP_SDL_22,,
58702,15-10-2025,2025-10-15T13:12:20.975388,2025-10-15T13:12:20.975388,SDL,,7.3,synthetic,58702_ABKP_SDL_23,,
54329,21-12-2025,2025-12-21T17:33:55.800000,2025-12-21T17:33:55.800000,BLM,BGH,3.9,synthetic,54329_BLM_SPN_0,,
54329,21-12-2025,2025-12-21T17:49:59.820000,2025-12-21T17:49:59.820000,BGH,MST,12.0,synthetic,54329_BLM_SPN_1,,
54329,21-12-2025,2025-12-21T17:57:27.438000,2025-12-21T17:57:27.438000,MST,KAR,10.5,synthetic,54329_BLM_SPN_2,,
54329,21-12-2025,2025-12-21T19:37:38.494200,2025-12-21T19:37:38.494200,KAR,HRI,101.6,synthetic,54329_BLM_SPN_3,,
54329,21-12-2025,2025-12-21T19:38:32.244780,2025-12-21T19:38:32.244780,HRI,KUF,91.5,synthetic,54329_BLM_SPN_4,,
54329,21-12-2025,2025-12-21T19:40:28.420302,2025-12-21T19:40:28.420302,KUF,BEG,82.5,synthetic,54329_BLM_SPN_5,,
54329,21-12-2025,2025-12-21T19:42:31.578272,2025-12-21T19:42:31.578272,BEG,TDP,74.5,synthetic,54329_BLM_SPN_6,,
54329,21-12-2025,2025-12-21T19:42:57.820445,2025-12-21T19:42:57.820445,TDP,SHRM,67.0,synthetic,54329_BLM_SPN_7,,
54329,21-12-2025,2025-12-21T19:42:17.838400,2025-12-21T19:42:17.838400,SHRM,AJI,60.3,synthetic,54329_BLM_SPN_8,,
54329,21-12-2025,2025-12-21T19:43:30.454560,2025-12-21T19:43:30.454560,AJI,AIG,54.5,synthetic,54329_BLM_SPN_9,,
54329,21-12-2025,2025-12-21T19:52:03.409104,2025-12-21T19:52:03.409104,AIG,KH,54.1,synthetic,54329_BLM_SPN_10,,
54329,21-12-2025,2025-12-21T19:57:31.868194,2025-12-21T19:57:31.868194,KH,ROZA,48.5,synthetic,54329_BLM_SPN_11,,
54329,21-12-2025,2025-12-21T20:13:57.481374,2025-12-21T20:13:57.481374,ROZA,SPN,44.0,synthetic,54329_BLM_SPN_12,,
54329,21-12-2025,2025-12-21T20:59:20.533237,2025-12-21T20:59:20.533237,SPN,,39.3,synthetic,54329_BLM_SPN_13,,
54626,13-08-2026,2026-08-13T16:50:04.800000,2026-08-13T16:50:04.800000,JJJ,MGWD,5.1,synthetic,54626_JJJ_JUC_0,,
54626,13-08-2026,2026-08-13T16:55:46.320000,2026-08-13T16:55:46.320000,MGWD,SQJ,4.8,synthetic,54626_JJJ_JUC_1,,
54626,13-08-2026,2026-08-13T17:01:31.488000,2026-08-13T17:01:31.488000,SQJ,SNB,4.5,synthetic,54626_JJJ_JUC_2,,
54626,13-08-2026,2026-08-13T17:08:10.939200,2026-08-13T17:08:10.939200,SNB,GSR,4.2,synthetic,54626_JJJ_JUC_3,,
54626,13-08-2026,2026-08-13T17:15:02.045280,2026-08-13T17:15:02.045280,GSR,NSS,4.0,synthetic,54626_JJJ_JUC_4,,
54626,13-08-2026,2026-08-13T17:28:31.840752,2026-08-13T17:28:31.840752,NSS,RHU,3.5,synthetic,54626_JJJ_JUC_5,,
54626,13-08-2026,2026-08-13T17:42:13.056677,2026-08-13T17:42:13.056677,RHU,NSS,3.2,synthetic,54626_JJJ_JUC_6,,
54626,13-08-2026,2026-08-13T18:03:08.751009,2026-08-13T18:03:08.751009,NSS,KYY,3.1,synthetic,54626_JJJ_JUC_7,,
54626,13-08-2026,2026-08-13T18:41:28.275908,2026-08-13T18:41:28.275908,KYY,KHHJ,32.5,synthetic,54626_JJJ_JUC_8,,
54626,13-08-2026,2026-08-13T18:47:40.448317,2026-08-13T18:47:40.448317,KHHJ,BXB,32.7,synthetic,54626_JJJ_JUC_9,,
54626,13-08-2026,2026-08-13T18:56:25.603486,2026-08-13T18:56:25.603486,BXB,MXP,32.4,synthetic,54626_JJJ_JUC_10,,
54626,13-08-2026,2026-08-13T19:05:16.443137,2026-08-13T19:05:16.443137,MXP,BHM,29.3,synthetic,54626_JJJ_JUC_11,,
54626,13-08-2026,2026-08-13T19:09:14.798823,2026-08-13T19:09:14.798823,BHM,KASH,26.2,synthetic,54626_JJJ_JUC_12,,
54626,13-08-2026,2026-08-13T19:14:30.118941,2026-08-13T19:14:30.118941,KASH,MYE,23.5,synthetic,54626_JJJ_JUC_13,,
54626,13-08-2026,2026-08-13T19:17:12.707047,2026-08-13T19:17:12.707047,MYE,PGW,21.2,synthetic,54626_JJJ_JUC_14,,
54626,13-08-2026,2026-08-13T19:28:30.036342,2026-08-13T19:28:30.036342,PGW,CEU,19.5,synthetic,54626_JJJ_JUC_15,,
54626,13-08-2026,2026-08-13T19:37:41.432708,2026-08-13T19:37:41.432708,CEU,JRC,17.7,synthetic,54626_JJJ_JUC_16,,
54626,13-08-2026,2026-08-13T19:44:55.889437,2026-08-13T19:44:55.889437,JRC,JUC,15.9,synthetic,54626_JJJ_JUC_17,,
54626,13-08-2026,2026-08-13T20:06:08.300493,2026-08-13T20:06:08.300493,JUC,,21.1,synthetic,54626_JJJ_JUC_18,,
16861,28-11-2025,2025-11-28T05:29:11.400000,2025-11-28T05:29:11.400000,TTP,TAM,14.2,synthetic,16861_TTP_KKDI_0,,
16861,28-11-2025,2025-11-28T05:47:19.860000,2025-11-28T05:47:19.860000,TAM,MTT,12.3,synthetic,16861_TTP_KKDI_1,,
16861,28-11-2025,2025-11-28T05:59:08.874000,2025-11-28T05:59:08.874000,MTT,AMM,11.1,synthetic,16861_TTP_KKDI_2,,
16861,28-11-2025,2025-11-28T06:17:58.986600,2025-11-28T06:17:58.986600,AMM,PKT,10.0,synthetic,16861_TTP_KKDI_3,,
16861,28-11-2025,2025-11-28T06:37:53.687940,2025-11-28T06:37:53.687940,PKT,TCT,8.9,synthetic,16861_TTP_KKDI_4,,
16861,28-11-2025,2025-11-28T06:58:10.519146,2025-11-28T06:58:10.519146,TCT,PVI,8.2,synthetic,16861_TTP_KKDI_5,,
16861,28-11-2025,2025-11-28T07:13:52.067231,2025-11-28T07:13:52.067231,PVI,AYI,8.9,synthetic,16861_TTP_KKDI_6,,
16861,28-11-2025,2025-11-28T07:25:21.660508,2025-11-28T07:25:21.660508,AYI,ATQ,7.4,synthetic,16861_TTP_KKDI_7,,
16861,28-11-2025,2025-11-28T07:50:53.094457,2025-11-28T07:50:53.094457,ATQ,VMM,6.9,synthetic,16861_TTP_KKDI_8,,
16861,28-11-2025,2025-11-28T08:06:48.385012,2025-11-28T08:06:48.385012,VMM,KNPL,9.8,synthetic,16861_TTP_KKDI_9,,
16861,28-11-2025,2025-11-28T08:22:53.746511,2025-11-28T08:22:53.746511,KNPL,KKDI,8.9,synthetic,16861_TTP_KKDI_10,,
16861,28-11-2025,2025-11-28T08:53:27.971859,2025-11-28T08:53:27.971859,KKDI,,8.5,synthetic,16861_TTP_KKDI_11,,
41125,22-02-2026,2026-02-22T20:29:38.400000,2026-02-22T20:29:38.400000,MSB,MSF,9.6,synthetic,41125_MSB_VLCY_0,,
41125,22-02-2026,2026-02-22T20:31:39.360000,2026-02-22T20:31:39.360000,MSF,MPKT,8.7,synthetic,41125_MSB_VLCY_1,,
41125,22-02-2026,2026-02-22T20:32:45.024000,2026-02-22T20:32:45.024000,MPKT,MCPT,7.8,synthetic,41125_MSB_VLCY_2,,
41125,22-02-2026,2026-02-22T20:33:51.321600,2026-02-22T20:33:51.321600,MCPT,MCPK,6.9,synthetic,41125_MSB_VLCY_3,,
41125,22-02-2026,2026-02-22T21:02:04.189440,2026-02-22T21:02:04.189440,MCPK,MTCN,33.1,synthetic,41125_MSB_VLCY_4,,
41125,22-02-2026,2026-02-22T21:00:48.770496,2026-02-22T21:00:48.770496,MTCN,MLHS,29.8,synthetic,41125_MSB_VLCY_5,,
41125,22-02-2026,2026-02-22T20:59:47.493446,2026-02-22T20:59:47.493446,MLHS,MTMY,26.8,synthetic,41125_MSB_VLCY_6,,
41125,22-02-2026,2026-02-22T20:59:54.744102,2026-02-22T20:59:54.744102,MTMY,MNDY,23.9,synthetic,41125_MSB_VLCY_7,,
41125,22-02-2026,2026-02-22T20:59:40.269692,2026-02-22T20:59:40.269692,MNDY,GWYR,21.7,synthetic,41125_MSB_VLCY_8,,
41125,22-02-2026,2026-02-22T20:59:30.842722,2026-02-22T20:59:30.842722,GWYR,KTPM,19.5,synthetic,41125_MSB_VLCY_9,,
41125,22-02-2026,2026-02-22T20:59:15.758450,2026-02-22T20:59:15.758450,KTPM,KTBR,17.3,synthetic,41125_MSB_VLCY_10,,
41125,22-02-2026,2026-02-22T20:59:40.582605,2026-02-22T20:59:40.582605,KTBR,INDR,15.7,synthetic,41125_MSB_VLCY_11,,
41125,22-02-2026,2026-02-22T21:00:08.924345,2026-02-22T21:00:08.924345,INDR,TYMR,14.1,synthetic,41125_MSB_VLCY_12,,
41125,22-02-2026,2026-02-22T21:05:29.031910,2026-02-22T21:05:29.031910,TYMR,TRMN,18.5,synthetic,41125_MSB_VLCY_13,,
41125,22-02-2026,2026-02-22T21:07:05.128719,2026-02-22T21:07:05.128719,TRMN,PRGD,17.1,synthetic,41125_MSB_VLCY_14,,
41125,22-02-2026,2026-02-22T21:07:26.815847,2026-02-22T21:07:26.815847,PRGD,VLCY,15.4,synthetic,41125_MSB_VLCY_15,,
41125,22-02-2026,2026-02-22T21:13:39.734263,2026-02-22T21:13:39.734263,VLCY,,13.7,synthetic,41125_MSB_VLCY_16,,
54511,10-09-2026,2026-09-10T07:38:57,2026-09-10T07:38:57,UMB,DKT,4.0,synthetic,54511_UMB_NLDM_0,,
54511,10-09-2026,2026-09-10T08:05:32.700000,2026-09-10T08:05:32.700000,DKT,LLU,19.5,synthetic,54511_UMB_NLDM_1,,
54511,10-09-2026,2026-09-10T08:15:34.830000,2026-09-10T08:15:34.830000,LLU,DHPR,17.6,synthetic,54511_UMB_NLDM_2,,
54511,10-09-2026,2026-09-10T08:20:20.547000,2026-09-10T08:20:20.547000,DHPR,GHG,15.3,synthetic,54511_UMB_NLDM_3,,
54511,10-09-2026,2026-09-10T08:29:38.892300,2026-09-10T08:29:38.892300,GHG,CDG,13.6,synthetic,54511_UMB_NLDM_4,,
54511,10-09-2026,2026-09-10T08:47:11.603070,2026-09-10T08:47:11.603070,CDG,SASN,12.2,synthetic,54511_UMB_NLDM_5,,
54511,10-09-2026,2026-09-10T09:18:14.042763,2026-09-10T09:18:14.042763,SASN,KRHR,18.2,synthetic,54511_UMB_NLDM_6,,
54511,10-09-2026,2026-09-10T09:41:36.638487,2026-09-10T09:41:36.638487,KRHR,MRND,19.6,synthetic,54511_UMB_NLDM_7,,
54511,10-09-2026,2026-09-10T10:01:27.574638,2026-09-10T10:01:27.574638,MRND,KRLI,17.5,synthetic,54511_UMB_NLDM_8,,
54511,10-09-2026,2026-09-10T10:14:02.017174,2026-09-10T10:14:02.017174,KRLI,MNPR,17.0,synthetic,54511_UMB_NLDM_9,,
54511,10-09-2026,2026-09-10T10:26:23.415457,2026-09-10T10:26:23.415457,MNPR,RPAR,15.4,synthetic,54511_UMB_NLDM_10,,
54511,10-09-2026,2026-09-10T10:45:50.473911,2026-09-10T10:45:50.473911,RPAR,GANL,20.8,synthetic,54511_UMB_NLDM_11,,
54511,10-09-2026,2026-09-10T10:57:33.426520,2026-09-10T10:57:33.426520,GANL,BARJ,18.6,synthetic,54511_UMB_NLDM_12,,
54511,10-09-2026,2026-09-10T11:06:47.483868,2026-09-10T11:06:47.483868,BARJ,KART,16.8,synthetic,54511_UMB_NLDM_13,,
54511,10-09-2026,2026-09-10T11:13:55.335481,2026-09-10T11:13:55.335481,KART,ANSB,14.9,synthetic,54511_UMB_NLDM_14,,
54511,10-09-2026,2026-09-10T11:22:19.801933,2026-09-10T11:22:19.801933,ANSB,NLDM,13.3,synthetic,54511_UMB_NLDM_15,,
54511,10-09-2026,2026-09-10T11:52:54.421740,2026-09-10T11:52:54.421740,NLDM,,12.9,synthetic,54511_UMB_NLDM_16,,
51768,11-09-2026,2026-09-11T11:33:42.600000,2026-09-11T11:33:42.600000,STA,LGCE,13.7,synthetic,51768_STA_KTE_0,,
51768,11-09-2026,2026-09-11T11:41:06.540000,2026-09-11T11:41:06.540000,LGCE,UHR,12.1,synthetic,51768_STA_KTE_1,,
51768,11-09-2026,2026-09-11T11:52:31.086000,2026-09-11T11:52:31.086000,UHR,MYR,11.5,synthetic,51768_STA_KTE_2,,
51768,11-09-2026,2026-09-11T12:11:18.977400,2026-09-11T12:11:18.977400,MYR,BUU,10.3,synthetic,51768_STA_KTE_3,,
51768,11-09-2026,2026-09-11T12:26:43.479660,2026-09-11T12:26:43.479660,BUU,UDR,9.7,synthetic,51768_STA_KTE_4,,
51768,11-09-2026,2026-09-11T12:48:33.731694,2026-09-11T12:48:33.731694,UDR,PKRD,17.6,synthetic,51768_STA_KTE_5,,
51768,11-09-2026,2026-09-11T12:59:54.358525,2026-09-11T12:59:54.358525,PKRD,JKE,15.9,synthetic,51768_STA_KTE_6,,
51768,11-09-2026,2026-09-11T13:11:03.922672,2026-09-11T13:11:03.922672,JKE,PTWA,14.1,synthetic,51768_STA_KTE_7,,
51768,11-09-2026,2026-09-11T13:21:59.330405,2026-09-11T13:21:59.330405,PTWA,KTE,13.0,synthetic,51768_STA_KTE_8,,
51768,11-09-2026,2026-09-11T13:51:44.397364,2026-09-11T13:51:44.397364,KTE,,11.7,synthetic,51768_STA_KTE_9,,
58607,10-08-2026,2026-08-10T14:59:43.200000,2026-08-10T14:59:43.200000,GMO,KHRI,9.7,synthetic,58607_GMO_CKP_0,,
58607,10-08-2026,2026-08-10T15:18:38.280000,2026-08-10T15:18:38.280000,KHRI,MHQ,8.6,synthetic,58607_GMO_CKP_1,,
58607,10-08-2026,2026-08-10T15:30:02.652000,2026-08-10T15:30:02.652000,MHQ,MLQ,9.0,synthetic,58607_GMO_CKP_2,,
58607,10-08-2026,2026-08-10T15:45:07.786800,2026-08-10T15:45:07.786800,MLQ,TSAH,8.1,synthetic,58607_GMO_CKP_3,,
58607,10-08-2026,2026-08-10T15:53:28.008120,2026-08-10T15:53:28.008120,TSAH,LYD,7.5,synthetic,58607_GMO_CKP_4,,
58607,10-08-2026,2026-08-10T15:59:31.807308,2026-08-10T15:59:31.807308,LYD,KRKN,8.5,synthetic,58607_GMO_CKP_5,,
58607,10-08-2026,2026-08-10T16:05:50.826577,2026-08-10T16:05:50.826577,KRKN,VAA,7.8,synthetic,58607_GMO_CKP_6,,
58607,10-08-2026,2026-08-10T16:17:22.943919,2026-08-10T16:17:22.943919,VAA,JBO,7.4,synthetic,58607_GMO_CKP_7,,
58607,10-08-2026,2026-08-10T16:32:21.849528,2026-08-10T16:32:21.849528,JBO,BCB,17.4,synthetic,58607_GMO_CKP_8,,
58607,10-08-2026,2026-08-10T16:39:36.464575,2026-08-10T16:39:36.464575,BCB,SDMD,15.6,synthetic,58607_GMO_CKP_9,,
58607,10-08-2026,2026-08-10T16:46:54.418117,2026-08-10T16:46:54.418117,SDMD,BJE,13.9,synthetic,58607_GMO_CKP_10,,
58607,10-08-2026,2026-08-10T17:12:48.976306,2026-08-10T17:12:48.976306,BJE,SNTD,12.8,synthetic,58607_GMO_CKP_11,,
58607,10-08-2026,2026-08-10T17:23:33.878675,2026-08-10T17:23:33.878675,SNTD,RUI,14.6,synthetic,58607_GMO_CKP_12,,
58607,10-08-2026,2026-08-10T17:49:11.290808,2026-08-10T17:49:11.290808,RUI,SNKR,29.2,synthetic,58607_GMO_CKP_13,,
58607,10-08-2026,2026-08-10T17:54:23.961727,2026-08-10T17:54:23.961727,SNKR,ADRA,26.4,synthetic,58607_GMO_CKP_14,,
58607,10-08-2026,2026-08-10T18:26:21.565554,2026-08-10T18:26:21.565554,ADRA,GRB,26.4,synthetic,58607_GMO_CKP_15,,
58607,10-08-2026,2026-08-10T19:12:44.008999,2026-08-10T19:12:44.008999,GRB,ANR,27.7,synthetic,58607_GMO_CKP_16,,
58607,10-08-2026,2026-08-10T19:19:00.008099,2026-08-10T19:19:00.008099,ANR,BGA,25.0,synthetic,58607_GMO_CKP_17,,
58607,10-08-2026,2026-08-10T19:27:36.607289,2026-08-10T19:27:36.607289,BGA,KSU,22.6,synthetic,58607_GMO_CKP_18,,
58607,10-08-2026,2026-08-10T19:33:41.946560,2026-08-10T19:33:41.946560,KSU,CHRA,20.7,synthetic,58607_GMO_CKP_19,,
58607,10-08-2026,2026-08-10T19:37:29.351904,2026-08-10T19:37:29.351904,CHRA,PRR,18.5,synthetic,58607_GMO_CKP_20,,
58607,10-08-2026,2026-08-10T19:46:54.616714,2026-08-10T19:46:54.616714,PRR,TAO,16.9,synthetic,58607_GMO_CKP_21,,
58607,10-08-2026,2026-08-10T19:58:29.955042,2026-08-10T19:58:29.955042,TAO,KTD,15.5,synthetic,58607_GMO_CKP_22,,
58607,10-08-2026,2026-08-10T20:04:58.759538,2026-08-10T20:04:58.759538,KTD,URMA,14.0,synthetic,58607_GMO_CKP_23,,
58607,10-08-2026,2026-08-10T20:11:22.283584,2026-08-10T20:11:22.283584,URMA,BBM,12.4,synthetic,58607_GMO_CKP_24,,
58607,10-08-2026,2026-08-10T20:18:05.655226,2026-08-10T20:18:05.655226,BBM,BRMD,11.1,synthetic,58607_GMO_CKP_25,,
58607,10-08-2026,2026-08-10T20:27:00.889703,2026-08-10T20:27:00.889703,BRMD,NIM,10.0,synthetic,58607_GMO_CKP_26,,
58607,10-08-2026,2026-08-10T20:34:12.800733,2026-08-10T20:34:12.800733,NIM,CNI,9.2,synthetic,58607_GMO_CKP_27,,
58607,10-08-2026,2026-08-10T21:18:29.520660,2026-08-10T21:18:29.520660,CNI,MIK,8.5,synthetic,58607_GMO_CKP_28,,
58607,10-08-2026,2026-08-10T21:30:49.968594,2026-08-10T21:30:49.968594,MIK,KZU,7.8,synthetic,58607_GMO_CKP_29,,
58607,10-08-2026,2026-08-10T21:37:07.171734,2026-08-10T21:37:07.171734,KZU,KND,7.1,synthetic,58607_GMO_CKP_30,,
58607,10-08-2026,2026-08-10T21:44:26.854561,2026-08-10T21:44:26.854561,KND,SINI,6.4,synthetic,58607_GMO_CKP_31,,
58607,10-08-2026,2026-08-10T22:02:42.169105,2026-08-10T22:02:42.169105,SINI,MMV,5.7,synthetic,58607_GMO_CKP_32,,
58607,10-08-2026,2026-08-10T22:11:51.152194,2026-08-10T22:11:51.152194,MMV,RKSN,4.9,synthetic,58607_GMO_CKP_33,,
58607,10-08-2026,2026-08-10T22:21:17.836975,2026-08-10T22:21:17.836975,RKSN,BRM,4.3,synthetic,58607_GMO_CKP_34,,
58607,10-08-2026,2026-08-10T22:29:35.853277,2026-08-10T22:29:35.853277,BRM,CKP,3.6,synthetic,58607_GMO_CKP_35,,
58607,10-08-2026,2026-08-10T23:03:25.667950,2026-08-10T23:03:25.667950,CKP,,3.4,synthetic,58607_GMO_CKP_36,,
56612,07-06-2026,2026-06-07T06:48:15,2026-06-07T06:48:15,NIL,VNB,3.2,synthetic,56612_NIL_SRR_0,,
56612,07-06-2026,2026-06-07T07:17:42.900000,2026-06-07T07:17:42.900000,VNB,TDPM,20.7,synthetic,56612_NIL_SRR_1,,
56612,07-06-2026,2026-06-07T07:21:19.410000,2026-06-07T07:21:19.410000,TDPM,TUV,18.3,synthetic,56612_NIL_SRR_2,,
56612,07-06-2026,2026-06-07T07:26:16.869000,2026-06-07T07:26:16.869000,TUV,MLTR,16.3,synthetic,56612_NIL_SRR_3,,
56612,07-06-2026,2026-06-07T07:32:34.382100,2026-06-07T07:32:34.382100,MLTR,PKQ,14.6,synthetic,56612_NIL_SRR_4,,
56612,07-06-2026,2026-06-07T07:41:06.943890,2026-06-07T07:41:06.943890,PKQ,AAM,13.1,synthetic,56612_NIL_SRR_5,,
56612,07-06-2026,2026-06-07T07:53:04.449501,2026-06-07T07:53:04.449501,AAM,CQA,12.1,synthetic,56612_NIL_SRR_6,,
56612,07-06-2026,2026-06-07T08:01:44.804551,2026-06-07T08:01:44.804551,CQA,KZC,10.7,synthetic,56612_NIL_SRR_7,,
56612,07-06-2026,2026-06-07T08:12:03.724096,2026-06-07T08:12:03.724096,KZC,VPZ,12.1,synthetic,56612_NIL_SRR_8,,
56612,07-06-2026,2026-06-07T08:18:20.751686,2026-06-07T08:18:20.751686,VPZ,VDKS,10.3,synthetic,56612_NIL_SRR_9,,
56612,07-06-2026,2026-06-07T08:24:13.276518,2026-06-07T08:24:13.276518,VDKS,SRR,9.2,synthetic,56612_NIL_SRR_10,,
56612,07-06-2026,2026-06-07T08:43:28.748866,2026-06-07T08:43:28.748866,SRR,,8.5,synthetic,56612_NIL_SRR_11,,
53351,30-05-2026,2026-05-30T03:02:57.600000,2026-05-30T03:02:57.600000,BRWD,KCKI,3.0,synthetic,53351_BRWD_CAR_0,,
53351,30-05-2026,2026-05-30T03:17:39.240000,2026-05-30T03:17:39.240000,KCKI,CNF,2.7,synthetic,53351_BRWD_CAR_1,,
53351,30-05-2026,2026-05-30T03:26:32.316000,2026-05-30T03:26:32.316000,CNF,DTO,2.5,synthetic,53351_BRWD_CAR_2,,
53351,30-05-2026,2026-05-30T03:37:21.284400,2026-05-30T03:37:21.284400,DTO,KFT,2.4,synthetic,53351_BRWD_CAR_3,,
53351,30-05-2026,2026-05-30T03:52:08.355960,2026-05-30T03:52:08.355960,KFT,RHR,2.1,synthetic,53351_BRWD_CAR_4,,
53351,30-05-2026,2026-05-30T04:01:48.920364,2026-05-30T04:01:48.920364,RHR,TRZ,1.8,synthetic,53351_BRWD_CAR_5,,
53351,30-05-2026,2026-05-30T04:21:23.628328,2026-05-30T04:21:23.628328,TRZ,GHD,7.4,synthetic,53351_BRWD_CAR_6,,
53351,30-05-2026,2026-05-30T04:52:00.265495,2026-05-30T04:52:00.265495,GHD,GHQ,17.0,synthetic,53351_BRWD_CAR_7,,
53351,30-05-2026,2026-05-30T05:15:29.038945,2026-05-30T05:15:29.038945,GHQ,MQX,24.5,synthetic,53351_BRWD_CAR_8,,
53351,30-05-2026,2026-05-30T05:27:09.335051,2026-05-30T05:27:09.335051,MQX,RMF,22.2,synthetic,53351_BRWD_CAR_9,,
53351,30-05-2026,2026-05-30T05:38:00.001546,2026-05-30T05:38:00.001546,RMF,NUQ,20.0,synthetic,53351_BRWD_CAR_10,,
53351,30-05-2026,2026-05-30T05:50:19.201391,2026-05-30T05:50:19.201391,NUQ,WDM,20.3,synthetic,53351_BRWD_CAR_11,,
53351,30-05-2026,2026-05-30T06:02:38.281252,2026-05-30T06:02:38.281252,WDM,MXY,18.6,synthetic,53351_BRWD_CAR_12,,
53351,30-05-2026,2026-05-30T06:13:45.853127,2026-05-30T06:13:45.853127,MXY,DXN,16.8,synthetic,53351_BRWD_CAR_13,,
53351,30-05-2026,2026-05-30T06:25:44.867814,2026-05-30T06:25:44.867814,DXN,JRQ,15.7,synthetic,53351_BRWD_CAR_14,,
53351,30-05-2026,2026-05-30T06:33:15.781033,2026-05-30T06:33:15.781033,JRQ,RNQ,14.3,synthetic,53351_BRWD_CAR_15,,
53351,30-05-2026,2026-05-30T06:52:55.002929,2026-05-30T06:52:55.002929,RNQ,BXLL,12.9,synthetic,53351_BRWD_CAR_16,,
53351,30-05-2026,2026-05-30T07:59:29.102637,2026-05-30T07:59:29.102637,BXLL,CPU,11.5,synthetic,53351_BRWD_CAR_17,,
53351,30-05-2026,2026-05-30T08:25:12.392373,2026-05-30T08:25:12.392373,CPU,AGY,10.2,synthetic,53351_BRWD_CAR_18,,
53351,30-05-2026,2026-05-30T09:00:16.553136,2026-05-30T09:00:16.553136,AGY,CUK,16.3,synthetic,53351_BRWD_CAR_19,,
53351,30-05-2026,2026-05-30T09:28:13.697822,2026-05-30T09:28:13.697822,CUK,RBGJ,14.2,synthetic,53351_BRWD_CAR_20,,
53351,30-05-2026,2026-05-30T10:06:05.128040,2026-05-30T10:06:05.128040,RBGJ,KHRY,32.1,synthetic,53351_BRWD_CAR_21,,
53351,30-05-2026,2026-05-30T10:27:53.215236,2026-05-30T10:27:53.215236,KHRY,LUSA,28.9,synthetic,53351_BRWD_CAR_22,,
53351,30-05-2026,2026-05-30T10:50:14.893712,2026-05-30T10:50:14.893712,LUSA,SKGH,26.2,synthetic,53351_BRWD_CAR_23,,
53351,30-05-2026,2026-05-30T11:17:22.404341,2026-05-30T11:17:22.404341,SKGH,CAR,23.4,synthetic,53351_BRWD_CAR_24,,
53351,30-05-2026,2026-05-30T12:15:56.763907,2026-05-30T12:15:56.763907,CAR,,20.9,synthetic,53351_BRWD_CAR_25,,
51435,11-01-2026,2026-01-11T17:18:21.600000,2026-01-11T17:18:21.600000,PUNE,GPR,13.4,synthetic,51435_PUNE_STR_0,,
51435,11-01-2026,2026-01-11T17:23:03.240000,2026-01-11T17:23:03.240000,GPR,SSV,12.1,synthetic,51435_PUNE_STR_1,,
51435,11-01-2026,2026-01-11T17:40:57.516000,2026-01-11T17:40:57.516000,SSV,FSG,17.0,synthetic,51435_PUNE_STR_2,,
51435,11-01-2026,2026-01-11T17:52:01.364400,2026-01-11T17:52:01.364400,FSG,ALN,20.0,synthetic,51435_PUNE_STR_3,,
51435,11-01-2026,2026-01-11T17:59:55.827960,2026-01-11T17:59:55.827960,ALN,SHIV,17.9,synthetic,51435_PUNE_STR_4,,
51435,11-01-2026,2026-01-11T18:09:11.245164,2026-01-11T18:09:11.245164,SHIV,ABLE,16.2,synthetic,51435_PUNE_STR_5,,
51435,11-01-2026,2026-01-11T18:23:59.920648,2026-01-11T18:23:59.920648,ABLE,RJW,15.0,synthetic,51435_PUNE_STR_6,,
51435,11-01-2026,2026-01-11T18:29:25.728583,2026-01-11T18:29:25.728583,RJW,JJR,13.4,synthetic,51435_PUNE_STR_7,,
51435,11-01-2026,2026-01-11T18:45:56.155725,2026-01-11T18:45:56.155725,JJR,DNJ,11.9,synthetic,51435_PUNE_STR_8,,
51435,11-01-2026,2026-01-11T18:59:33.140152,2026-01-11T18:59:33.140152,DNJ,WLH,10.6,synthetic,51435_PUNE_STR_9,,
51435,11-01-2026,2026-01-11T19:17:07.026137,2026-01-11T19:17:07.026137,WLH,NIRA,15.1,synthetic,51435_PUNE_STR_10,,
51435,11-01-2026,2026-01-11T19:52:42.923523,2026-01-11T19:52:42.923523,NIRA,LNN,24.7,synthetic,51435_PUNE_STR_11,,
51435,11-01-2026,2026-01-11T20:00:45.831171,2026-01-11T20:00:45.831171,LNN,SLP,21.8,synthetic,51435_PUNE_STR_12,,
51435,11-01-2026,2026-01-11T20:13:43.648054,2026-01-11T20:13:43.648054,SLP,AKI,19.7,synthetic,51435_PUNE_STR_13,,
51435,11-01-2026,2026-01-11T20:23:39.883248,2026-01-11T20:23:39.883248,AKI,WTR,17.7,synthetic,51435_PUNE_STR_14,,
51435,11-01-2026,2026-01-11T20:55:03.494924,2026-01-11T20:55:03.494924,WTR,PLV,21.1,synthetic,51435_PUNE_STR_15,,
51435,11-01-2026,2026-01-11T21:04:40.345431,2026-01-11T21:04:40.345431,PLV,JSV,20.7,synthetic,51435_PUNE_STR_16,,
51435,11-01-2026,2026-01-11T21:16:53.710888,2026-01-11T21:16:53.710888,JSV,STR,18.9,synthetic,51435_PUNE_STR_17,,
51435,11-01-2026,2026-01-11T21:56:41.139799,2026-01-11T21:56:41.139799,STR,,16.7,synthetic,51435_PUNE_STR_18,,
54293,22-11-2025,2025-11-22T05:47:33.600000,2025-11-22T05:47:33.600000,PBH,CIL,7.6,synthetic,54293_PBH_LKO_0,,
54293,22-11-2025,2025-11-22T05:56:01.440000,2025-11-22T05:56:01.440000,CIL,JGJ,7.0,synthetic,54293_PBH_LKO_1,,
54293,22-11-2025,2025-11-22T06:04:52.896000,2025-11-22T06:04:52.896000,JGJ,ANTU,5.9,synthetic,54293_PBH_LKO_2,,
54293,22-11-2025,2025-11-22T06:13:59.606400,2025-11-22T06:13:59.606400,ANTU,SHJP,5.0,synthetic,54293_PBH_LKO_3,,
54293,22-11-2025,2025-11-22T06:17:17.045760,2025-11-22T06:17:17.045760,SHJP,MFL,4.3,synthetic,54293_PBH_LKO_4,,
54293,22-11-2025,2025-11-22T06:27:52.541184,2025-11-22T06:27:52.541184,MFL,AME,3.9,synthetic,54293_PBH_LKO_5,,
54293,22-11-2025,2025-11-22T06:36:47.287066,2025-11-22T06:36:47.287066,AME,TLKH,3.8,synthetic,54293_PBH_LKO_6,,
54293,22-11-2025,2025-11-22T06:47:25.758359,2025-11-22T06:47:25.758359,TLKH,GNG,3.4,synthetic,54293_PBH_LKO_7,,
54293,22-11-2025,2025-11-22T06:56:01.582523,2025-11-22T06:56:01.582523,GNG,BANI,3.0,synthetic,54293_PBH_LKO_8,,
54293,22-11-2025,2025-11-22T07:05:56.624271,2025-11-22T07:05:56.624271,BANI,KCJ,2.9,synthetic,54293_PBH_LKO_9,,
54293,22-11-2025,2025-11-22T07:17:41.361844,2025-11-22T07:17:41.361844,KCJ,JAIS,2.7,synthetic,54293_PBH_LKO_10,,
54293,22-11-2025,2025-11-22T07:26:30.625659,2025-11-22T07:26:30.625659,JAIS,FTG,8.5,synthetic,54293_PBH_LKO_11,,
54293,22-11-2025,2025-11-22T07:41:33.563093,2025-11-22T07:41:33.563093,FTG,RUM,12.6,synthetic,54293_PBH_LKO_12,,
54293,22-11-2025,2025-11-22T07:51:15.206784,2025-11-22T07:51:15.206784,RUM,RBL,11.3,synthetic,54293_PBH_LKO_13,,
54293,22-11-2025,2025-11-22T09:35:26.286106,2025-11-22T09:35:26.286106,RBL,GANG,10.4,synthetic,54293_PBH_LKO_14,,
54293,22-11-2025,2025-11-22T09:58:07.457495,2025-11-22T09:58:07.457495,GANG,HCP,9.1,synthetic,54293_PBH_LKO_15,,
54293,22-11-2025,2025-11-22T10:06:37.911746,2025-11-22T10:06:37.911746,HCP,KVG,8.6,synthetic,54293_PBH_LKO_16,,
54293,22-11-2025,2025-11-22T10:14:49.720571,2025-11-22T10:14:49.720571,KVG,BCN,7.8,synthetic,54293_PBH_LKO_17,,
54293,22-11-2025,2025-11-22T10:25:08.148514,2025-11-22T10:25:08.148514,BCN,SAGR,7.1,synthetic,54293_PBH_LKO_18,,
54293,22-11-2025,2025-11-22T10:32:00.733663,2025-11-22T10:32:00.733663,SAGR,NHN,6.0,synthetic,54293_PBH_LKO_19,,
54293,22-11-2025,2025-11-22T10:43:23.460296,2025-11-22T10:43:23.460296,NHN,KKAH,8.4,synthetic,54293_PBH_LKO_20,,
54293,22-11-2025,2025-11-22T10:52:08.514267,2025-11-22T10:52:08.514267,KKAH,MLJ,7.1,synthetic,54293_PBH_LKO_21,,
54293,22-11-2025,2025-11-22T11:01:07.062840,2025-11-22T11:01:07.062840,MLJ,UTR,6.1,synthetic,54293_PBH_LKO_22,,
54293,22-11-2025,2025-11-22T11:11:26.156556,2025-11-22T11:11:26.156556,UTR,LKO,5.4,synthetic,54293_PBH_LKO_23,,
54293,22-11-2025,2025-11-22T11:49:37.940900,2025-11-22T11:49:37.940900,LKO,,4.6,synthetic,54293_PBH_LKO_24,,
54376,13-09-2026,2026-09-13T17:08:18,2026-09-13T17:08:18,JNU,ZBD,8.3,synthetic,54376_JNU_PRG_0,,
54376,13-09-2026,2026-09-13T17:17:22.800000,2026-09-13T17:17:22.800000,ZBD,KJTW,7.4,synthetic,54376_JNU_PRG_1,,
54376,13-09-2026,2026-09-13T17:29:29.520000,2026-09-13T17:29:29.520000,KJTW,SAF,10.5,synthetic,54376_JNU_PRG_2,,
54376,13-09-2026,2026-09-13T17:38:22.968000,2026-09-13T17:38:22.968000,SAF,SPPR,9.4,synthetic,54376_JNU_PRG_3,,
54376,13-09-2026,2026-09-13T17:49:29.071200,2026-09-13T17:49:29.071200,SPPR,MAY,8.5,synthetic,54376_JNU_PRG_4,,
54376,13-09-2026,2026-09-13T17:59:12.964080,2026-09-13T17:59:12.964080,MAY,WRGN,7.2,synthetic,54376_JNU_PRG_5,,
54376,13-09-2026,2026-09-13T18:09:25.467672,2026-09-13T18:09:25.467672,WRGN,VNN,6.4,synthetic,54376_JNU_PRG_6,,
54376,13-09-2026,2026-09-13T18:27:01.320905,2026-09-13T18:27:01.320905,VNN,BSY,13.0,synthetic,54376_JNU_PRG_7,,
54376,13-09-2026,2026-09-13T18:37:28.788814,2026-09-13T18:37:28.788814,BSY,JUA,11.5,synthetic,54376_JNU_PRG_8,,
54376,13-09-2026,2026-09-13T18:49:45.709933,2026-09-13T18:49:45.709933,JUA,JNH,10.8,synthetic,54376_JNU_PRG_9,,
54376,13-09-2026,2026-09-13T19:18:47.738940,2026-09-13T19:18:47.738940,JNH,BYHA,9.8,synthetic,54376_JNU_PRG_10,,
54376,13-09-2026,2026-09-13T19:27:29.765046,2026-09-13T19:27:29.765046,BYHA,URPR,8.5,synthetic,54376_JNU_PRG_11,,
54376,13-09-2026,2026-09-13T19:37:11.188541,2026-09-13T19:37:11.188541,URPR,PLP,8.2,synthetic,54376_JNU_PRG_12,,
54376,13-09-2026,2026-09-13T19:47:11.269687,2026-09-13T19:47:11.269687,PLP,SYC,7.2,synthetic,54376_JNU_PRG_13,,
54376,13-09-2026,2026-09-13T20:00:38.342718,2026-09-13T20:00:38.342718,SYC,THW,6.6,synthetic,54376_JNU_PRG_14,,
54376,13-09-2026,2026-09-13T20:20:18.308446,2026-09-13T20:20:18.308446,THW,PFM,6.3,synthetic,54376_JNU_PRG_15,,
54376,13-09-2026,2026-09-13T20:41:37.477602,2026-09-13T20:41:37.477602,PFM,PRG,5.6,synthetic,54376_JNU_PRG_16,,
54376,13-09-2026,2026-09-13T21:10:39.129842,2026-09-13T21:10:39.129842,PRG,,15.7,synthetic,54376_JNU_PRG_17,,
59211,13-12-2025,2025-12-13T14:14:24.600000,2025-12-13T14:14:24.600000,RJT,KHDI,4.4,synthetic,59211_RJT_PBR_0,,
59211,13-12-2025,2025-12-13T14:26:06.540000,2025-12-13T14:26:06.540000,KHDI,PDH,4.1,synthetic,59211_RJT_PBR_1,,
59211,13-12-2025,2025-12-13T14:40:15.486000,2025-12-13T14:40:15.486000,PDH,HM,3.3,synthetic,59211_RJT_PBR_2,,
59211,13-12-2025,2025-12-13T15:01:59.537400,2025-12-13T15:01:59.537400,HM,JALD,3.0,synthetic,59211_RJT_PBR_3,,
59211,13-12-2025,2025-12-13T15:09:41.583660,2025-12-13T15:09:41.583660,JALD,WTJ,2.7,synthetic,59211_RJT_PBR_4,,
59211,13-12-2025,2025-12-13T15:21:34.425294,2025-12-13T15:21:34.425294,WTJ,ALB,2.6,synthetic,59211_RJT_PBR_5,,
59211,13-12-2025,2025-12-13T15:34:14.782765,2025-12-13T15:34:14.782765,ALB,HAPA,2.2,synthetic,59211_RJT_PBR_6,,
59211,13-12-2025,2025-12-13T15:49:18.104488,2025-12-13T15:49:18.104488,HAPA,JAM,2.3,synthetic,59211_RJT_PBR_7,,
59211,13-12-2025,2025-12-13T16:06:35.494039,2025-12-13T16:06:35.494039,JAM,LKBL,1.6,synthetic,59211_RJT_PBR_8,,
59211,13-12-2025,2025-12-13T16:23:12.744635,2025-12-13T16:23:12.744635,LKBL,PPLI,1.2,synthetic,59211_RJT_PBR_9,,
59211,13-12-2025,2025-12-13T16:39:31.270172,2025-12-13T16:39:31.270172,PPLI,KNLS,1.5,synthetic,59211_RJT_PBR_10,,
59211,13-12-2025,2025-12-13T17:26:55.143155,2025-12-13T17:26:55.143155,KNLS,LPJ,16.9,synthetic,59211_RJT_PBR_11,,
59211,13-12-2025,2025-12-13T18:07:20.828839,2025-12-13T18:07:20.828839,LPJ,GOP,15.3,synthetic,59211_RJT_PBR_12,,
59211,13-12-2025,2025-12-13T18:27:51.145955,2025-12-13T18:27:51.145955,GOP,BNVD,13.9,synthetic,59211_RJT_PBR_13,,
59211,13-12-2025,2025-12-13T18:48:26.831360,2025-12-13T18:48:26.831360,BNVD,WSJ,12.4,synthetic,59211_RJT_PBR_14,,
59211,13-12-2025,2025-12-13T19:13:25.348224,2025-12-13T19:13:25.348224,WSJ,SKR,11.4,synthetic,59211_RJT_PBR_15,,
59211,13-12-2025,2025-12-13T19:23:15.013401,2025-12-13T19:23:15.013401,SKR,RNBD,10.3,synthetic,59211_RJT_PBR_16,,
59211,13-12-2025,2025-12-13T19:28:10.512061,2025-12-13T19:28:10.512061,RNBD,RWO,9.2,synthetic,59211_RJT_PBR_17,,
59211,13-12-2025,2025-12-13T19:43:52.060855,2025-12-13T19:43:52.060855,RWO,PBR,11.9,synthetic,59211_RJT_PBR_18,,
59211,13-12-2025,2025-12-13T20:10:35.454770,2025-12-13T20:10:35.454770,PBR,,10.6,synthetic,59211_RJT_PBR_19,,
41131,17-06-2026,2026-06-17T21:42:48,2026-06-17T21:42:48,MSB,MSF,7.8,synthetic,41131_MSB_VLCY_0,,
41131,17-06-2026,2026-06-17T21:45:12,2026-06-17T21:45:12,MSF,MPKT,7.2,synthetic,41131_MSB_VLCY_1,,
41131,17-06-2026,2026-06-17T21:46:37.200000,2026-06-17T21:46:37.200000,MPKT,MCPT,6.6,synthetic,41131_MSB_VLCY_2,,
41131,17-06-2026,2026-06-17T21:47:55.080000,2026-06-17T21:47:55.080000,MCPT,MCPK,5.9,synthetic,41131_MSB_VLCY_3,,
41131,17-06-2026,2026-06-17T21:49:27.372000,2026-06-17T21:49:27.372000,MCPK,MTCN,5.5,synthetic,41131_MSB_VLCY_4,,
41131,17-06-2026,2026-06-17T21:50:57.634800,2026-06-17T21:50:57.634800,MTCN,MLHS,5.0,synthetic,41131_MSB_VLCY_5,,
41131,17-06-2026,2026-06-17T21:52:28.471320,2026-06-17T21:52:28.471320,MLHS,MTMY,4.5,synthetic,41131_MSB_VLCY_6,,
41131,17-06-2026,2026-06-17T21:54:58.024188,2026-06-17T21:54:58.024188,MTMY,MNDY,4.0,synthetic,41131_MSB_VLCY_7,,
41131,17-06-2026,2026-06-17T21:58:40.821769,2026-06-17T21:58:40.821769,MNDY,GWYR,5.7,synthetic,41131_MSB_VLCY_8,,
41131,17-06-2026,2026-06-17T22:00:21.139592,2026-06-17T22:00:21.139592,GWYR,KTPM,5.4,synthetic,41131_MSB_VLCY_9,,
41131,17-06-2026,2026-06-17T22:01:56.825633,2026-06-17T22:01:56.825633,KTPM,KTBR,4.9,synthetic,41131_MSB_VLCY_10,,
41131,17-06-2026,2026-06-17T22:03:33.143070,2026-06-17T22:03:33.143070,KTBR,INDR,4.6,synthetic,41131_MSB_VLCY_11,,
41131,17-06-2026,2026-06-17T22:04:44.828763,2026-06-17T22:04:44.828763,INDR,TYMR,3.7,synthetic,41131_MSB_VLCY_12,,
41131,17-06-2026,2026-06-17T22:05:18.745886,2026-06-17T22:05:18.745886,TYMR,TRMN,3.3,synthetic,41131_MSB_VLCY_13,,
41131,17-06-2026,2026-06-17T22:08:03.671298,2026-06-17T22:08:03.671298,TRMN,PRGD,3.1,synthetic,41131_MSB_VLCY_14,,
41131,17-06-2026,2026-06-17T22:09:54.904168,2026-06-17T22:09:54.904168,PRGD,VLCY,2.9,synthetic,41131_MSB_VLCY_15,,
41131,17-06-2026,2026-06-17T22:29:27.213751,2026-06-17T22:29:27.213751,VLCY,,14.5,synthetic,41131_MSB_VLCY_16,,
59510,29-10-2025,2025-10-29T06:12:03,2025-10-29T06:12:03,VG,JKS,12.1,synthetic,59510_VG_MSH_0,,
59510,29-10-2025,2025-10-29T06:22:49.500000,2025-10-29T06:22:49.500000,JKS,BKD,10.8,synthetic,59510_VG_MSH_1,,
59510,29-10-2025,2025-10-29T06:40:28.950000,2025-10-29T06:40:28.950000,BKD,DTJ,18.5,synthetic,59510_VG_MSH_2,,
59510,29-10-2025,2025-10-29T06:52:50.655000,2025-10-29T06:52:50.655000,DTJ,GLD,16.8,synthetic,59510_VG_MSH_3,,
59510,29-10-2025,2025-10-29T06:59:26.989500,2025-10-29T06:59:26.989500,GLD,KTRD,15.4,synthetic,59510_VG_MSH_4,,
59510,29-10-2025,2025-10-29T07:06:05.690550,2025-10-29T07:06:05.690550,KTRD,BSKN,14.1,synthetic,59510_VG_MSH_5,,
59510,29-10-2025,2025-10-29T07:30:48.921495,2025-10-29T07:30:48.921495,BSKN,LCH,12.8,synthetic,59510_VG_MSH_6,,
59510,29-10-2025,2025-10-29T07:40:24.829346,2025-10-29T07:40:24.829346,LCH,MSH,13.4,synthetic,59510_VG_MSH_7,,
59510,29-10-2025,2025-10-29T08:07:06.146411,2025-10-29T08:07:06.146411,MSH,,12.1,synthetic,59510_VG_MSH_8,,
59354,02-10-2025,2025-10-02T20:44:16.200000,2025-10-02T20:44:16.200000,UJN,NKI,4.3,synthetic,59354_UJN_NAD_0,,
59354,02-10-2025,2025-10-02T20:57:55.380000,2025-10-02T20:57:55.380000,NKI,ASL,3.9,synthetic,59354_UJN_NAD_1,,
59354,02-10-2025,2025-10-02T21:11:30.642000,2025-10-02T21:11:30.642000,ASL,PSO,3.5,synthetic,59354_UJN_NAD_2,,
59354,02-10-2025,2025-10-02T21:19:13.777800,2025-10-02T21:19:13.777800,PSO,UNL,3.2,synthetic,59354_UJN_NAD_3,,
59354,02-10-2025,2025-10-02T21:28:03.400020,2025-10-02T21:28:03.400020,UNL,PPG,3.1,synthetic,59354_UJN_NAD_4,,
59354,02-10-2025,2025-10-02T21:35:41.460018,2025-10-02T21:35:41.460018,PPG,BTSD,2.7,synthetic,59354_UJN_NAD_5,,
59354,02-10-2025,2025-10-02T21:43:52.914016,2025-10-02T21:43:52.914016,BTSD,NAD,2.9,synthetic,59354_UJN_NAD_6,,
59354,02-10-2025,2025-10-02T22:17:24.822615,2025-10-02T22:17:24.822615,NAD,,2.4,synthetic,59354_UJN_NAD_7,,
55529,21-12-2025,2025-12-21T07:41:59.400000,2025-12-21T07:41:59.400000,SPJ,KPGM,2.0,synthetic,55529_SPJ_RXL_0,,
55529,21-12-2025,2025-12-21T07:50:57.660000,2025-12-21T07:50:57.660000,KPGM,KRBP,2.0,synthetic,55529_SPJ_RXL_1,,
55529,21-12-2025,2025-12-21T07:51:44.094000,2025-12-21T07:51:44.094000,KRBP,DUBH,1.7,synthetic,55529_SPJ_RXL_2,,
55529,21-12-2025,2025-12-21T08:10:12.084600,2025-12-21T08:10:12.084600,DUBH,DOL,1.2,synthetic,55529_SPJ_RXL_3,,
55529,21-12-2025,2025-12-21T08:18:20.476140,2025-12-21T08:18:20.476140,DOL,SIHO,1.3,synthetic,55529_SPJ_RXL_4,,
55529,21-12-2025,2025-12-21T08:27:55.628526,2025-12-21T08:27:55.628526,SIHO,SLT,0.9,synthetic,55529_SPJ_RXL_5,,
55529,21-12-2025,2025-12-21T08:50:00.865673,2025-12-21T08:50:00.865673,SLT,NRPA,1.0,synthetic,55529_SPJ_RXL_6,,
55529,21-12-2025,2025-12-21T09:18:10.979106,2025-12-21T09:18:10.979106,NRPA,MFP,1.2,synthetic,55529_SPJ_RXL_7,,
55529,21-12-2025,2025-12-21T09:41:18.881195,2025-12-21T09:41:18.881195,MFP,KVC,11.3,synthetic,55529_SPJ_RXL_8,,
55529,21-12-2025,2025-12-21T10:12:27.793076,2025-12-21T10:12:27.793076,KVC,KTI,20.5,synthetic,55529_SPJ_RXL_9,,
55529,21-12-2025,2025-12-21T10:19:30.413768,2025-12-21T10:19:30.413768,KTI,NRV,18.5,synthetic,55529_SPJ_RXL_10,,
55529,21-12-2025,2025-12-21T10:32:23.172391,2025-12-21T10:32:23.172391,NRV,MTR,16.4,synthetic,55529_SPJ_RXL_11,,
55529,21-12-2025,2025-12-21T10:52:01.055152,2025-12-21T10:52:01.055152,MTR,MHL,15.0,synthetic,55529_SPJ_RXL_12,,
55529,21-12-2025,2025-12-21T10:59:30.949637,2025-12-21T10:59:30.949637,MHL,MAI,13.5,synthetic,55529_SPJ_RXL_13,,
55529,21-12-2025,2025-12-21T11:09:15.254673,2025-12-21T11:09:15.254673,MAI,HRNG,12.3,synthetic,55529_SPJ_RXL_14,,
55529,21-12-2025,2025-12-21T11:16:11.329206,2025-12-21T11:16:11.329206,HRNG,CAA,11.2,synthetic,55529_SPJ_RXL_15,,
55529,21-12-2025,2025-12-21T11:22:06.596285,2025-12-21T11:22:06.596285,CAA,PPA,10.1,synthetic,55529_SPJ_RXL_16,,
55529,21-12-2025,2025-12-21T11:48:13.136657,2025-12-21T11:48:13.136657,PPA,JDR,9.2,synthetic,55529_SPJ_RXL_17,,
55529,21-12-2025,2025-12-21T12:07:10.622991,2025-12-21T12:07:10.622991,JDR,MKI,8.2,synthetic,55529_SPJ_RXL_18,,
55529,21-12-2025,2025-12-21T12:33:33.560692,2025-12-21T12:33:33.560692,MKI,BMKI,8.6,synthetic,55529_SPJ_RXL_19,,
55529,21-12-2025,2025-12-21T12:37:31.404623,2025-12-21T12:37:31.404623,BMKI,SRA,7.5,synthetic,55529_SPJ_RXL_20,,
55529,21-12-2025,2025-12-21T12:52:57.064161,2025-12-21T12:52:57.064161,SRA,SGL,14.0,synthetic,55529_SPJ_RXL_21,,
55529,21-12-2025,2025-12-21T13:07:38.757745,2025-12-21T13:07:38.757745,SGL,RGH,12.6,synthetic,55529_SPJ_RXL_22,,
55529,21-12-2025,2025-12-21T13:44:10.881970,2025-12-21T13:44:10.881970,RGH,RXL,11.2,synthetic,55529_SPJ_RXL_23,,
55529,21-12-2025,2025-12-21T14:04:22.993773,2025-12-21T14:04:22.993773,RXL,,9.4,synthetic,55529_SPJ_RXL_24,,
63543,24-02-2026,2026-02-24T18:24:06.600000,2026-02-24T18:24:06.600000,ASN,BCQ,14.1,synthetic,63543_ASN_GMO_0,,
63543,24-02-2026,2026-02-24T18:27:20.940000,2026-02-24T18:27:20.940000,BCQ,STN,12.3,synthetic,63543_ASN_GMO_1,,
63543,24-02-2026,2026-02-24T18:33:25.446000,2026-02-24T18:33:25.446000,STN,ULT,11.4,synthetic,63543_ASN_GMO_2,,
63543,24-02-2026,2026-02-24T18:37:01.901400,2026-02-24T18:37:01.901400,ULT,BRR,10.0,synthetic,63543_ASN_GMO_3,,
63543,24-02-2026,2026-02-24T18:40:08.311260,2026-02-24T18:40:08.311260,BRR,KMME,9.1,synthetic,63543_ASN_GMO_4,,
63543,24-02-2026,2026-02-24T18:42:57.880134,2026-02-24T18:42:57.880134,KMME,MMU,8.0,synthetic,63543_ASN_GMO_5,,
63543,24-02-2026,2026-02-24T18:47:26.292121,2026-02-24T18:47:26.292121,MMU,TNW,7.4,synthetic,63543_ASN_GMO_6,,
63543,24-02-2026,2026-02-24T18:54:02.062909,2026-02-24T18:54:02.062909,TNW,KAO,7.0,synthetic,63543_ASN_GMO_7,,
63543,24-02-2026,2026-02-24T18:57:05.456618,2026-02-24T18:57:05.456618,KAO,CAM,6.1,synthetic,63543_ASN_GMO_8,,
63543,24-02-2026,2026-02-24T19:08:32.510956,2026-02-24T19:08:32.510956,CAM,PKA,5.5,synthetic,63543_ASN_GMO_9,,
63543,24-02-2026,2026-02-24T19:16:04.659860,2026-02-24T19:16:04.659860,PKA,DHN,5.1,synthetic,63543_ASN_GMO_10,,
63543,24-02-2026,2026-02-24T19:28:38.393874,2026-02-24T19:28:38.393874,DHN,BHN,4.6,synthetic,63543_ASN_GMO_11,,
63543,24-02-2026,2026-02-24T19:39:20.754487,2026-02-24T19:39:20.754487,BHN,TET,4.3,synthetic,63543_ASN_GMO_12,,
63543,24-02-2026,2026-02-24T19:42:34.879038,2026-02-24T19:42:34.879038,TET,NPJE,3.6,synthetic,63543_ASN_GMO_13,,
63543,24-02-2026,2026-02-24T19:52:55.991134,2026-02-24T19:52:55.991134,NPJE,MRQ,2.9,synthetic,63543_ASN_GMO_14,,
63543,24-02-2026,2026-02-24T20:02:37.192021,2026-02-24T20:02:37.192021,MRQ,GMO,2.6,synthetic,63543_ASN_GMO_15,,
63543,24-02-2026,2026-02-24T20:17:32.272819,2026-02-24T20:17:32.272819,GMO,,2.5,synthetic,63543_ASN_GMO_16,,
56233,06-06-2026,2026-06-06T05:21:46.200000,2026-06-06T05:21:46.200000,SBC,NYH,6.8,synthetic,56233_SBC_MYS_0,,
56233,06-06-2026,2026-06-06T05:34:52.380000,2026-06-06T05:34:52.380000,NYH,GNB,5.9,synthetic,56233_SBC_MYS_1,,
56233,06-06-2026,2026-06-06T05:37:25.542000,2026-06-06T05:37:25.542000,GNB,KGI,5.4,synthetic,56233_SBC_MYS_2,,
56233,06-06-2026,2026-06-06T05:41:57.187800,2026-06-06T05:41:57.187800,KGI,HJL,5.0,synthetic,56233_SBC_MYS_3,,
56233,06-06-2026,2026-06-06T06:15:34.069020,2026-06-06T06:15:34.069020,HJL,BID,27.6,synthetic,56233_SBC_MYS_4,,
56233,06-06-2026,2026-06-06T06:18:38.462118,2026-06-06T06:18:38.462118,BID,KHLL,24.6,synthetic,56233_SBC_MYS_5,,
56233,06-06-2026,2026-06-06T06:23:58.615906,2026-06-06T06:23:58.615906,KHLL,RMGM,22.0,synthetic,56233_SBC_MYS_6,,
56233,06-06-2026,2026-06-06T06:28:46.754316,2026-06-06T06:28:46.754316,RMGM,CPT,19.8,synthetic,56233_SBC_MYS_7,,
56233,06-06-2026,2026-06-06T06:40:42.078884,2026-06-06T06:40:42.078884,CPT,SET,21.7,synthetic,56233_SBC_MYS_8,,
56233,06-06-2026,2026-06-06T07:22:04.270996,2026-06-06T07:22:04.270996,SET,NZH,55.1,synthetic,56233_SBC_MYS_9,,
56233,06-06-2026,2026-06-06T07:22:26.643896,2026-06-06T07:22:26.643896,NZH,MAD,49.4,synthetic,56233_SBC_MYS_10,,
56233,06-06-2026,2026-06-06T07:22:43.179506,2026-06-06T07:22:43.179506,MAD,HNK,44.7,synthetic,56233_SBC_MYS_11,,
56233,06-06-2026,2026-06-06T07:29:29.261556,2026-06-06T07:29:29.261556,HNK,MYA,40.5,synthetic,56233_SBC_MYS_12,,
56233,06-06-2026,2026-06-06T08:00:26.335400,2026-06-06T08:00:26.335400,MYA,Y,36.4,synthetic,56233_SBC_MYS_13,,
56233,06-06-2026,2026-06-06T08:12:29.101860,2026-06-06T08:12:29.101860,Y,BDRL,38.5,synthetic,56233_SBC_MYS_14,,
56233,06-06-2026,2026-06-06T08:18:30.391674,2026-06-06T08:18:30.391674,BDRL,CGKR,34.5,synthetic,56233_SBC_MYS_15,,
56233,06-06-2026,2026-06-06T08:18:23.152507,2026-06-06T08:18:23.152507,CGKR,CGKP,31.4,synthetic,56233_SBC_MYS_16,,
56233,06-06-2026,2026-06-06T08:17:04.037256,2026-06-06T08:17:04.037256,CGKP,PANP,28.1,synthetic,56233_SBC_MYS_17,,
56233,06-06-2026,2026-06-06T08:24:07.833530,2026-06-06T08:24:07.833530,PANP,S,25.1,synthetic,56233_SBC_MYS_18,,
56233,06-06-2026,2026-06-06T08:29:50.250177,2026-06-06T08:29:50.250177,S,NHY,22.8,synthetic,56233_SBC_MYS_19,,
56233,06-06-2026,2026-06-06T08:39:36.825160,2026-06-06T08:39:36.825160,NHY,MNGT,20.6,synthetic,56233_SBC_MYS_20,,
56233,06-06-2026,2026-06-06T09:01:42.142644,2026-06-06T09:01:42.142644,MNGT,MYS,18.7,synthetic,56233_SBC_MYS_21,,
56233,06-06-2026,2026-06-06T09:11:31.928379,2026-06-06T09:11:31.928379,MYS,,16.5,synthetic,56233_SBC_MYS_22,,
59511,09-02-2026,2026-02-09T19:28:10.200000,2026-02-09T19:28:10.200000,MSH,LCH,8.2,synthetic,59511_MSH_VG_0,,
59511,09-02-2026,2026-02-09T19:51:32.580000,2026-02-09T19:51:32.580000,LCH,BSKN,19.5,synthetic,59511_MSH_VG_1,,
59511,09-02-2026,2026-02-09T19:59:32.322000,2026-02-09T19:59:32.322000,BSKN,KTRD,17.5,synthetic,59511_MSH_VG_2,,
59511,09-02-2026,2026-02-09T20:25:56.689800,2026-02-09T20:25:56.689800,KTRD,GLD,15.9,synthetic,59511_MSH_VG_3,,
59511,09-02-2026,2026-02-09T20:34:34.820820,2026-02-09T20:34:34.820820,GLD,DTJ,14.6,synthetic,59511_MSH_VG_4,,
59511,09-02-2026,2026-02-09T20:40:16.338738,2026-02-09T20:40:16.338738,DTJ,BKD,13.3,synthetic,59511_MSH_VG_5,,
59511,09-02-2026,2026-02-09T20:51:05.704864,2026-02-09T20:51:05.704864,BKD,JKS,12.1,synthetic,59511_MSH_VG_6,,
59511,09-02-2026,2026-02-09T21:01:53.134378,2026-02-09T21:01:53.134378,JKS,VG,10.9,synthetic,59511_MSH_VG_7,,
59511,09-02-2026,2026-02-09T21:24:46.020940,2026-02-09T21:24:46.020940,VG,,9.8,synthetic,59511_MSH_VG_8,,
63550,29-11-2025,2025-11-29T07:26:53.400000,2025-11-29T07:26:53.400000,KQR,HRE,6.9,synthetic,63550_KQR_DHN_0,,
63550,29-11-2025,2025-11-29T07:33:04.860000,2025-11-29T07:33:04.860000,HRE,SMND,6.1,synthetic,63550_KQR_DHN_1,,
63550,29-11-2025,2025-11-29T07:40:46.974000,2025-11-29T07:40:46.974000,SMND,YDD,5.8,synthetic,63550_KQR_DHN_2,,
63550,29-11-2025,2025-11-29T07:46:17.076600,2025-11-29T07:46:17.076600,YDD,PSB,5.3,synthetic,63550_KQR_DHN_3,,
63550,29-11-2025,2025-11-29T07:51:52.568940,2025-11-29T07:51:52.568940,PSB,HZD,4.9,synthetic,63550_KQR_DHN_4,,
63550,29-11-2025,2025-11-29T07:58:04.712046,2025-11-29T07:58:04.712046,HZD,CBH,4.1,synthetic,63550_KQR_DHN_5,,
63550,29-11-2025,2025-11-29T08:01:31.840841,2025-11-29T08:01:31.840841,CBH,HZD,3.5,synthetic,63550_KQR_DHN_6,,
63550,29-11-2025,2025-11-29T08:22:40.056757,2025-11-29T08:22:40.056757,HZD,CBH,11.7,synthetic,63550_KQR_DHN_7,,
63550,29-11-2025,2025-11-29T08:25:27.651082,2025-11-29T08:25:27.651082,CBH,CCK,10.5,synthetic,63550_KQR_DHN_8,,
63550,29-11-2025,2025-11-29T08:32:20.685973,2025-11-29T08:32:20.685973,CCK,CDB,9.3,synthetic,63550_KQR_DHN_9,,
63550,29-11-2025,2025-11-29T08:41:16.217376,2025-11-29T08:41:16.217376,CDB,PNME,8.3,synthetic,63550_KQR_DHN_10,,
63550,29-11-2025,2025-11-29T08:49:42.795638,2025-11-29T08:49:42.795638,PNME,NMG,7.7,synthetic,63550_KQR_DHN_11,,
63550,29-11-2025,2025-11-29T08:56:12.716075,2025-11-29T08:56:12.716075,NMG,GMO,7.2,synthetic,63550_KQR_DHN_12,,
63550,29-11-2025,2025-11-29T09:15:52.844467,2025-11-29T09:15:52.844467,GMO,MRQ,15.9,synthetic,63550_KQR_DHN_13,,
63550,29-11-2025,2025-11-29T09:22:20.560020,2025-11-29T09:22:20.560020,MRQ,NPJE,14.3,synthetic,63550_KQR_DHN_14,,
63550,29-11-2025,2025-11-29T09:26:47.904018,2025-11-29T09:26:47.904018,NPJE,TET,12.8,synthetic,63550_KQR_DHN_15,,
63550,29-11-2025,2025-11-29T09:40:30.513617,2025-11-29T09:40:30.513617,TET,BHN,21.5,synthetic,63550_KQR_DHN_16,,
63550,29-11-2025,2025-11-29T09:48:20.862255,2025-11-29T09:48:20.862255,BHN,DHN,19.3,synthetic,63550_KQR_DHN_17,,
63550,29-11-2025,2025-11-29T10:02:27.776029,2025-11-29T10:02:27.776029,DHN,,17.5,synthetic,63550_KQR_DHN_18,,
58876,07-05-2026,2026-05-07T15:30:09,2026-05-07T15:30:09,JBP,HBG,20.1,synthetic,58876_JBP_NIR_0,,
58876,07-05-2026,2026-05-07T15:33:19.500000,2026-05-07T15:33:19.500000,HBG,GRG,18.3,synthetic,58876_JBP_NIR_1,,
58876,07-05-2026,2026-05-07T15:55:32.550000,2026-05-07T15:55:32.550000,GRG,KDHI,16.5,synthetic,58876_JBP_NIR_2,,
58876,07-05-2026,2026-05-07T16:38:11.895000,2026-05-07T16:38:11.895000,KDHI,BUQ,15.2,synthetic,58876_JBP_NIR_3,,
58876,07-05-2026,2026-05-07T16:41:38.305500,2026-05-07T16:41:38.305500,BUQ,SOY,13.6,synthetic,58876_JBP_NIR_4,,
58876,07-05-2026,2026-05-07T17:07:30.274950,2026-05-07T17:07:30.274950,SOY,SKY,12.5,synthetic,58876_JBP_NIR_5,,
58876,07-05-2026,2026-05-07T17:37:31.447455,2026-05-07T17:37:31.447455,SKY,VNK,16.5,synthetic,58876_JBP_NIR_6,,
58876,07-05-2026,2026-05-07T18:07:47.502710,2026-05-07T18:07:47.502710,VNK,GNS,14.8,synthetic,58876_JBP_NIR_7,,
58876,07-05-2026,2026-05-07T18:41:15.752439,2026-05-07T18:41:15.752439,GNS,PDE,13.3,synthetic,58876_JBP_NIR_8,,
58876,07-05-2026,2026-05-07T20:30:26.177195,2026-05-07T20:30:26.177195,PDE,NIR,61.4,synthetic,58876_JBP_NIR_9,,
58876,07-05-2026,2026-05-07T21:46:02.559475,2026-05-07T21:46:02.559475,NIR,,56.0,synthetic,58876_JBP_NIR_10,,
55046,23-09-2026,2026-09-23T14:37:18.600000,2026-09-23T14:37:18.600000,SPN,SXK,2.3,synthetic,55046_SPN_SCC_0,,
55046,23-09-2026,2026-09-23T14:41:16.140000,2026-09-23T14:41:16.140000,SXK,ROZA,2.3,synthetic,55046_SPN_SCC_1,,
55046,23-09-2026,2026-09-23T14:55:22.926000,2026-09-23T14:55:22.926000,ROZA,UCH,6.4,synthetic,55046_SPN_SCC_2,,
55046,23-09-2026,2026-09-23T15:11:56.633400,2026-09-23T15:11:56.633400,UCH,JBG,5.9,synthetic,55046_SPN_SCC_3,,
55046,23-09-2026,2026-09-23T15:25:31.770060,2026-09-23T15:25:31.770060,JBG,JKH,5.5,synthetic,55046_SPN_SCC_4,,
55046,23-09-2026,2026-09-23T15:38:05.793054,2026-09-23T15:38:05.793054,JKH,MINJ,5.1,synthetic,55046_SPN_SCC_5,,
55046,23-09-2026,2026-09-23T15:56:38.813749,2026-09-23T15:56:38.813749,MINJ,MAHO,4.6,synthetic,55046_SPN_SCC_6,,
55046,23-09-2026,2026-09-23T16:19:22.932374,2026-09-23T16:19:22.932374,MAHO,HMP,4.4,synthetic,55046_SPN_SCC_7,,
55046,23-09-2026,2026-09-23T16:32:47.639136,2026-09-23T16:32:47.639136,HMP,SPC,3.8,synthetic,55046_SPN_SCC_8,,
55046,23-09-2026,2026-09-23T17:16:49.475223,2026-09-23T17:16:49.475223,SPC,STRK,16.8,synthetic,55046_SPN_SCC_9,,
55046,23-09-2026,2026-09-23T17:53:21.127700,2026-09-23T17:53:21.127700,STRK,SCC,15.4,synthetic,55046_SPN_SCC_10,,
55046,23-09-2026,2026-09-23T18:03:29.214930,2026-09-23T18:03:29.214930,SCC,,13.5,synthetic,55046_SPN_SCC_11,,
56621,07-07-2026,2026-07-07T20:05:34.200000,2026-07-07T20:05:34.200000,SRR,VDKS,20.6,synthetic,56621_SRR_NIL_0,,
56621,07-07-2026,2026-07-07T20:09:22.980000,2026-07-07T20:09:22.980000,VDKS,VPZ,18.4,synthetic,56621_SRR_NIL_1,,
56621,07-07-2026,2026-07-07T20:16:23.082000,2026-07-07T20:16:23.082000,VPZ,KZC,18.4,synthetic,56621_SRR_NIL_2,,
56621,07-07-2026,2026-07-07T20:22:46.573800,2026-07-07T20:22:46.573800,KZC,CQA,16.8,synthetic,56621_SRR_NIL_3,,
56621,07-07-2026,2026-07-07T20:30:19.716420,2026-07-07T20:30:19.716420,CQA,AAM,15.3,synthetic,56621_SRR_NIL_4,,
56621,07-07-2026,2026-07-07T20:38:46.544778,2026-07-07T20:38:46.544778,AAM,PKQ,13.8,synthetic,56621_SRR_NIL_5,,
56621,07-07-2026,2026-07-07T20:51:22.690300,2026-07-07T20:51:22.690300,PKQ,MLTR,17.4,synthetic,56621_SRR_NIL_6,,
56621,07-07-2026,2026-07-07T20:59:30.621270,2026-07-07T20:59:30.621270,MLTR,TUV,15.5,synthetic,56621_SRR_NIL_7,,
56621,07-07-2026,2026-07-07T21:06:04.759143,2026-07-07T21:06:04.759143,TUV,TDPM,14.1,synthetic,56621_SRR_NIL_8,,
56621,07-07-2026,2026-07-07T21:12:42.683229,2026-07-07T21:12:42.683229,TDPM,VNB,12.7,synthetic,56621_SRR_NIL_9,,
56621,07-07-2026,2026-07-07T21:16:30.014906,2026-07-07T21:16:30.014906,VNB,NIL,11.5,synthetic,56621_SRR_NIL_10,,
56621,07-07-2026,2026-07-07T21:40:18.613415,2026-07-07T21:40:18.613415,NIL,,10.3,synthetic,56621_SRR_NIL_11,,
53352,04-10-2025,2025-10-04T14:13:14.400000,2025-10-04T14:13:14.400000,CAR,SKGH,13.2,synthetic,53352_CAR_CPU_0,,
53352,04-10-2025,2025-10-04T14:41:17.760000,2025-10-04T14:41:17.760000,SKGH,LUSA,12.3,synthetic,53352_CAR_CPU_1,,
53352,04-10-2025,2025-10-04T15:10:37.584000,2025-10-04T15:10:37.584000,LUSA,KHRY,11.6,synthetic,53352_CAR_CPU_2,,
53352,04-10-2025,2025-10-04T15:39:18.825600,2025-10-04T15:39:18.825600,KHRY,RBGJ,10.3,synthetic,53352_CAR_CPU_3,,
53352,04-10-2025,2025-10-04T16:13:33.143040,2025-10-04T16:13:33.143040,RBGJ,CUK,9.6,synthetic,53352_CAR_CPU_4,,
53352,04-10-2025,2025-10-04T16:25:35.828736,2025-10-04T16:25:35.828736,CUK,AGY,8.6,synthetic,53352_CAR_CPU_5,,
53352,04-10-2025,2025-10-04T16:51:25.045862,2025-10-04T16:51:25.045862,AGY,CPU,7.4,synthetic,53352_CAR_CPU_6,,
53352,04-10-2025,2025-10-04T17:16:16.541276,2025-10-04T17:16:16.541276,CPU,,6.3,synthetic,53352_CAR_CPU_7,,
56230,22-02-2026,2026-02-22T16:37:09.600000,2026-02-22T16:37:09.600000,SBC,NYH,12.2,synthetic,56230_SBC_MYS_0,,
56230,22-02-2026,2026-02-22T16:53:03.840000,2026-02-22T16:53:03.840000,NYH,GNB,11.1,synthetic,56230_SBC_MYS_1,,
56230,22-02-2026,2026-02-22T16:56:03.456000,2026-02-22T16:56:03.456000,GNB,KGI,10.1,synthetic,56230_SBC_MYS_2,,
56230,22-02-2026,2026-02-22T17:01:00.110400,2026-02-22T17:01:00.110400,KGI,HJL,9.0,synthetic,56230_SBC_MYS_3,,
56230,22-02-2026,2026-02-22T17:09:43.299360,2026-02-22T17:09:43.299360,HJL,BID,7.7,synthetic,56230_SBC_MYS_4,,
56230,22-02-2026,2026-02-22T17:14:55.169424,2026-02-22T17:14:55.169424,BID,KHLL,6.9,synthetic,56230_SBC_MYS_5,,
56230,22-02-2026,2026-02-22T17:27:29.852482,2026-02-22T17:27:29.852482,KHLL,RMGM,12.5,synthetic,56230_SBC_MYS_6,,
56230,22-02-2026,2026-02-22T17:33:56.267233,2026-02-22T17:33:56.267233,RMGM,CPT,10.9,synthetic,56230_SBC_MYS_7,,
56230,22-02-2026,2026-02-22T17:42:46.440510,2026-02-22T17:42:46.440510,CPT,SET,9.8,synthetic,56230_SBC_MYS_8,,
56230,22-02-2026,2026-02-22T17:49:43.596459,2026-02-22T17:49:43.596459,SET,NZH,8.7,synthetic,56230_SBC_MYS_9,,
56230,22-02-2026,2026-02-22T17:59:34.436813,2026-02-22T17:59:34.436813,NZH,MAD,10.6,synthetic,56230_SBC_MYS_10,,
56230,22-02-2026,2026-02-22T18:03:47.793132,2026-02-22T18:03:47.793132,MAD,HNK,9.8,synthetic,56230_SBC_MYS_11,,
56230,22-02-2026,2026-02-22T18:14:03.413819,2026-02-22T18:14:03.413819,HNK,MYA,9.1,synthetic,56230_SBC_MYS_12,,
56230,22-02-2026,2026-02-22T18:24:22.272437,2026-02-22T18:24:22.272437,MYA,Y,8.4,synthetic,56230_SBC_MYS_13,,
56230,22-02-2026,2026-02-22T18:33:40.445193,2026-02-22T18:33:40.445193,Y,BDRL,7.7,synthetic,56230_SBC_MYS_14,,
56230,22-02-2026,2026-02-22T18:43:55.600674,2026-02-22T18:43:55.600674,BDRL,CGKR,6.9,synthetic,56230_SBC_MYS_15,,
56230,22-02-2026,2026-02-22T18:48:00.240606,2026-02-22T18:48:00.240606,CGKR,CGKP,6.0,synthetic,56230_SBC_MYS_16,,
56230,22-02-2026,2026-02-22T18:53:56.616546,2026-02-22T18:53:56.616546,CGKP,PANP,10.9,synthetic,56230_SBC_MYS_17,,
56230,22-02-2026,2026-02-22T18:59:49.154891,2026-02-22T18:59:49.154891,PANP,S,9.8,synthetic,56230_SBC_MYS_18,,
56230,22-02-2026,2026-02-22T19:04:45.439402,2026-02-22T19:04:45.439402,S,NHY,8.8,synthetic,56230_SBC_MYS_19,,
56230,22-02-2026,2026-02-22T19:16:52.295462,2026-02-22T19:16:52.295462,NHY,MNGT,7.9,synthetic,56230_SBC_MYS_20,,
56230,22-02-2026,2026-02-22T19:51:59.065916,2026-02-22T19:51:59.065916,MNGT,MYS,7.0,synthetic,56230_SBC_MYS_21,,
56230,22-02-2026,2026-02-22T20:11:24.359324,2026-02-22T20:11:24.359324,MYS,,6.4,synthetic,56230_SBC_MYS_22,,
51284,05-04-2026,2026-04-05T13:02:33.600000,2026-04-05T13:02:33.600000,AMI,BD,2.6,synthetic,51284_AMI_BSL_0,,
51284,05-04-2026,2026-04-05T13:31:54.840000,2026-04-05T13:31:54.840000,BD,TKI,1.9,synthetic,51284_AMI_BSL_1,,
51284,05-04-2026,2026-04-05T14:00:28.356000,2026-04-05T14:00:28.356000,TKI,KUM,18.5,synthetic,51284_AMI_BSL_2,,
51284,05-04-2026,2026-04-05T14:06:38.720400,2026-04-05T14:06:38.720400,KUM,MNDA,16.6,synthetic,51284_AMI_BSL_3,,
51284,05-04-2026,2026-04-05T14:11:46.848360,2026-04-05T14:11:46.848360,MNDA,MANA,14.8,synthetic,51284_AMI_BSL_4,,
51284,05-04-2026,2026-04-05T14:16:21.763524,2026-04-05T14:16:21.763524,MANA,MZR,13.4,synthetic,51284_AMI_BSL_5,,
51284,05-04-2026,2026-04-05T14:26:04.587172,2026-04-05T14:26:04.587172,MZR,KTP,12.1,synthetic,51284_AMI_BSL_6,,
51284,05-04-2026,2026-04-05T14:36:34.128454,2026-04-05T14:36:34.128454,KTP,BGN,10.6,synthetic,51284_AMI_BSL_7,,
51284,05-04-2026,2026-04-05T14:44:29.515609,2026-04-05T14:44:29.515609,BGN,YAD,9.5,synthetic,51284_AMI_BSL_8,,
51284,05-04-2026,2026-04-05T14:52:56.564048,2026-04-05T14:52:56.564048,YAD,AK,8.9,synthetic,51284_AMI_BSL_9,,
51284,05-04-2026,2026-04-05T14:57:57.507643,2026-04-05T14:57:57.507643,AK,GAO,8.0,synthetic,51284_AMI_BSL_10,,
51284,05-04-2026,2026-04-05T15:20:55.356879,2026-04-05T15:20:55.356879,GAO,PS,6.9,synthetic,51284_AMI_BSL_11,,
51284,05-04-2026,2026-04-05T15:30:18.021191,2026-04-05T15:30:18.021191,PS,NGZ,6.3,synthetic,51284_AMI_BSL_12,,
51284,05-04-2026,2026-04-05T15:43:47.419072,2026-04-05T15:43:47.419072,NGZ,SEG,5.8,synthetic,51284_AMI_BSL_13,,
51284,05-04-2026,2026-04-05T15:54:48.677165,2026-04-05T15:54:48.677165,SEG,JM,5.8,synthetic,51284_AMI_BSL_14,,
51284,05-04-2026,2026-04-05T16:04:12.609448,2026-04-05T16:04:12.609448,JM,NN,5.2,synthetic,51284_AMI_BSL_15,,
51284,05-04-2026,2026-04-05T16:14:19.148503,2026-04-05T16:14:19.148503,NN,KJL,5.3,synthetic,51284_AMI_BSL_16,,
51284,05-04-2026,2026-04-05T16:18:55.033653,2026-04-05T16:18:55.033653,KJL,BIS,4.9,synthetic,51284_AMI_BSL_17,,
51284,05-04-2026,2026-04-05T16:28:19.530288,2026-04-05T16:28:19.530288,BIS,MKU,4.3,synthetic,51284_AMI_BSL_18,,
51284,05-04-2026,2026-04-05T16:52:51.177259,2026-04-05T16:52:51.177259,MKU,KMKD,3.9,synthetic,51284_AMI_BSL_19,,
51284,05-04-2026,2026-04-05T17:09:07.659533,2026-04-05T17:09:07.659533,KMKD,BDWD,10.1,synthetic,51284_AMI_BSL_20,,
51284,05-04-2026,2026-04-05T17:47:02.093580,2026-04-05T17:47:02.093580,BDWD,ACG,30.0,synthetic,51284_AMI_BSL_21,,
51284,05-04-2026,2026-04-05T17:53:54.684222,2026-04-05T17:53:54.684222,ACG,VNA,26.9,synthetic,51284_AMI_BSL_22,,
51284,05-04-2026,2026-04-05T18:03:03.615800,2026-04-05T18:03:03.615800,VNA,BSL,24.1,synthetic,51284_AMI_BSL_23,,
51284,05-04-2026,2026-04-05T19:21:17.054220,2026-04-05T19:21:17.054220,BSL,,21.3,synthetic,51284_AMI_BSL_24,,
40045,07-05-2026,2026-05-07T10:14:13.200000,2026-05-07T10:14:13.200000,MSB,MSF,17.2,synthetic,40045_MSB_TBM_0,,
40045,07-05-2026,2026-05-07T10:15:29.880000,2026-05-07T10:15:29.880000,MSF,MPKT,15.5,synthetic,40045_MSB_TBM_1,,
40045,07-05-2026,2026-05-07T10:16:08.292000,2026-05-07T10:16:08.292000,MPKT,MPK,14.1,synthetic,40045_MSB_TBM_2,,
40045,07-05-2026,2026-05-07T10:15:35.062800,2026-05-07T10:15:35.062800,MPK,MS,12.6,synthetic,40045_MSB_TBM_3,,
40045,07-05-2026,2026-05-07T10:17:23.756520,2026-05-07T10:17:23.756520,MS,MSC,11.4,synthetic,40045_MSB_TBM_4,,
40045,07-05-2026,2026-05-07T10:19:00.980868,2026-05-07T10:19:00.980868,MSC,NBK,10.0,synthetic,40045_MSB_TBM_5,,
40045,07-05-2026,2026-05-07T10:34:02.682781,2026-05-07T10:34:02.682781,NBK,MKK,22.0,synthetic,40045_MSB_TBM_6,,
40045,07-05-2026,2026-05-07T10:33:56.414503,2026-05-07T10:33:56.414503,MKK,MBM,19.9,synthetic,40045_MSB_TBM_7,,
40045,07-05-2026,2026-05-07T10:34:03.373053,2026-05-07T10:34:03.373053,MBM,SP,18.1,synthetic,40045_MSB_TBM_8,,
40045,07-05-2026,2026-05-07T10:35:22.235747,2026-05-07T10:35:22.235747,SP,GDY,16.4,synthetic,40045_MSB_TBM_9,,
40045,07-05-2026,2026-05-07T10:36:45.212173,2026-05-07T10:36:45.212173,GDY,STM,14.8,synthetic,40045_MSB_TBM_10,,
40045,07-05-2026,2026-05-07T10:38:25.690955,2026-05-07T10:38:25.690955,STM,PZA,13.4,synthetic,40045_MSB_TBM_11,,
40045,07-05-2026,2026-05-07T10:40:09.921860,2026-05-07T10:40:09.921860,PZA,MN,12.2,synthetic,40045_MSB_TBM_12,,
40045,07-05-2026,2026-05-07T10:41:44.929674,2026-05-07T10:41:44.929674,MN,TLM,10.7,synthetic,40045_MSB_TBM_13,,
40045,07-05-2026,2026-05-07T10:42:39.236707,2026-05-07T10:42:39.236707,TLM,PV,9.7,synthetic,40045_MSB_TBM_14,,
40045,07-05-2026,2026-05-07T10:44:46.713036,2026-05-07T10:44:46.713036,PV,CMP,8.8,synthetic,40045_MSB_TBM_15,,
40045,07-05-2026,2026-05-07T10:46:51.641732,2026-05-07T10:46:51.641732,CMP,TBMS,7.9,synthetic,40045_MSB_TBM_16,,
40045,07-05-2026,2026-05-07T10:48:40.477559,2026-05-07T10:48:40.477559,TBMS,TBM,6.7,synthetic,40045_MSB_TBM_17,,
40045,07-05-2026,2026-05-07T10:58:02.229803,2026-05-07T10:58:02.229803,TBM,,6.0,synthetic,40045_MSB_TBM_18,,
40023,09-07-2026,2026-07-09T08:45:42,2026-07-09T08:45:42,MSB,MSF,13.7,synthetic,40023_MSB_STM_0,,
40023,09-07-2026,2026-07-09T08:53:44.400000,2026-07-09T08:53:44.400000,MSF,MPKT,17.7,synthetic,40023_MSB_STM_1,,
40023,09-07-2026,2026-07-09T08:52:59.160000,2026-07-09T08:52:59.160000,MPKT,MPK,16.0,synthetic,40023_MSB_STM_2,,
40023,09-07-2026,2026-07-09T08:54:19.044000,2026-07-09T08:54:19.044000,MPK,MS,15.3,synthetic,40023_MSB_STM_3,,
40023,09-07-2026,2026-07-09T08:54:28.539600,2026-07-09T08:54:28.539600,MS,MSC,13.5,synthetic,40023_MSB_STM_4,,
40023,09-07-2026,2026-07-09T08:56:08.885640,2026-07-09T08:56:08.885640,MSC,NBK,12.1,synthetic,40023_MSB_STM_5,,
40023,09-07-2026,2026-07-09T08:56:05.597076,2026-07-09T08:56:05.597076,NBK,MKK,11.1,synthetic,40023_MSB_STM_6,,
40023,09-07-2026,2026-07-09T09:07:17.637368,2026-07-09T09:07:17.637368,MKK,MBM,21.3,synthetic,40023_MSB_STM_7,,
40023,09-07-2026,2026-07-09T09:07:08.073632,2026-07-09T09:07:08.073632,MBM,SP,19.1,synthetic,40023_MSB_STM_8,,
40023,09-07-2026,2026-07-09T09:11:01.866268,2026-07-09T09:11:01.866268,SP,GDY,20.0,synthetic,40023_MSB_STM_9,,
40023,09-07-2026,2026-07-09T09:10:46.079642,2026-07-09T09:10:46.079642,GDY,STM,17.8,synthetic,40023_MSB_STM_10,,
40023,09-07-2026,2026-07-09T09:20:01.871677,2026-07-09T09:20:01.871677,STM,,22.0,synthetic,40023_MSB_STM_11,,
52994,08-06-2026,2026-06-08T19:18:03.600000,2026-06-08T19:18:03.600000,AK,KQV,19.1,synthetic,52994_AK_MHOW_0,,
52994,08-06-2026,2026-06-08T19:36:18.840000,2026-06-08T19:36:18.840000,KQV,UGWE,17.3,synthetic,52994_AK_MHOW_1,,
52994,08-06-2026,2026-06-08T19:34:36.756000,2026-06-08T19:34:36.756000,UGWE,PTZ,15.6,synthetic,52994_AK_MHOW_2,,
52994,08-06-2026,2026-06-08T20:25:34.880400,2026-06-08T20:25:34.880400,PTZ,AKOT,26.6,synthetic,52994_AK_MHOW_3,,
52994,08-06-2026,2026-06-08T20:52:58.992360,2026-06-08T20:52:58.992360,AKOT,ABZ,24.0,synthetic,52994_AK_MHOW_4,,
52994,08-06-2026,2026-06-08T21:20:12.293124,2026-06-08T21:20:12.293124,ABZ,HKR,21.2,synthetic,52994_AK_MHOW_5,,
52994,08-06-2026,2026-06-08T21:43:17.663812,2026-06-08T21:43:17.663812,HKR,WND,19.3,synthetic,52994_AK_MHOW_6,,
52994,08-06-2026,2026-06-08T22:11:44.697430,2026-06-08T22:11:44.697430,WND,DGT,17.7,synthetic,52994_AK_MHOW_7,,
52994,08-06-2026,2026-06-08T22:44:55.827687,2026-06-08T22:44:55.827687,DGT,DBKA,15.9,synthetic,52994_AK_MHOW_8,,
52994,08-06-2026,2026-06-08T23:08:00.444919,2026-06-08T23:08:00.444919,DBKA,TTZ,14.0,synthetic,52994_AK_MHOW_9,,
52994,08-06-2026,2026-06-08T23:31:42.400427,2026-06-08T23:31:42.400427,TTZ,AMX,12.7,synthetic,52994_AK_MHOW_10,,
52994,08-06-2026,2026-06-09T00:06:00.960384,2026-06-09T00:06:00.960384,AMX,GUX,12.0,synthetic,52994_AK_MHOW_11,,
52994,08-06-2026,2026-06-09T00:44:44.064346,2026-06-09T00:44:44.064346,GUX,MRDD,10.7,synthetic,52994_AK_MHOW_12,,
52994,08-06-2026,2026-06-09T01:28:40.257911,2026-06-09T01:28:40.257911,MRDD,KNW,9.7,synthetic,52994_AK_MHOW_13,,
52994,08-06-2026,2026-06-09T02:38:18.832120,2026-06-09T02:38:18.832120,KNW,ANI,8.3,synthetic,52994_AK_MHOW_14,,
52994,08-06-2026,2026-06-09T03:06:16.348908,2026-06-09T03:06:16.348908,ANI,ATR,7.3,synthetic,52994_AK_MHOW_15,,
52994,08-06-2026,2026-06-09T03:25:31.514017,2026-06-09T03:25:31.514017,ATR,KTKH,6.5,synthetic,52994_AK_MHOW_16,,
52994,08-06-2026,2026-06-09T03:37:09.162615,2026-06-09T03:37:09.162615,KTKH,NKR,6.2,synthetic,52994_AK_MHOW_17,,
52994,08-06-2026,2026-06-09T03:41:19.046354,2026-06-09T03:41:19.046354,NKR,SWD,5.3,synthetic,52994_AK_MHOW_18,,
52994,08-06-2026,2026-06-09T03:51:28.541719,2026-06-09T03:51:28.541719,SWD,OM,4.5,synthetic,52994_AK_MHOW_19,,
52994,08-06-2026,2026-06-09T04:02:42.487547,2026-06-09T04:02:42.487547,OM,BWW,3.7,synthetic,52994_AK_MHOW_20,,
52994,08-06-2026,2026-06-09T04:17:35.838792,2026-06-09T04:17:35.838792,BWW,MKT,3.6,synthetic,52994_AK_MHOW_21,,
52994,08-06-2026,2026-06-09T04:38:17.254913,2026-06-09T04:38:17.254913,MKT,CRL,3.3,synthetic,52994_AK_MHOW_22,,
52994,08-06-2026,2026-06-09T05:06:13.129422,2026-06-09T05:06:13.129422,CRL,KKD,3.2,synthetic,52994_AK_MHOW_23,,
52994,08-06-2026,2026-06-09T05:39:44.216479,2026-06-09T05:39:44.216479,KKD,PTP,20.7,synthetic,52994_AK_MHOW_24,,
52994,08-06-2026,2026-06-09T06:27:49.994831,2026-06-09T06:27:49.994831,PTP,MHOW,23.8,synthetic,52994_AK_MHOW_25,,
52994,08-06-2026,2026-06-09T07:02:20.395348,2026-06-09T07:02:20.395348,MHOW,,42.3,synthetic,52994_AK_MHOW_26,,
59165,07-04-2026,2026-04-07T05:10:09,2026-04-07T05:10:09,ANND,SNA,10.2,synthetic,59165_ANND_GDA_0,,
59165,07-04-2026,2026-04-07T05:15:48.900000,2026-04-07T05:15:48.900000,SNA,BAJ,8.8,synthetic,59165_ANND_GDA_1,,
59165,07-04-2026,2026-04-07T05:31:05.010000,2026-04-07T05:31:05.010000,BAJ,OD,16.1,synthetic,59165_ANND_GDA_2,,
59165,07-04-2026,2026-04-07T05:38:27.309000,2026-04-07T05:38:27.309000,OD,UMH,14.5,synthetic,59165_ANND_GDA_3,,
59165,07-04-2026,2026-04-07T06:02:17.978100,2026-04-07T06:02:17.978100,UMH,DK,23.3,synthetic,59165_ANND_GDA_4,,
59165,07-04-2026,2026-04-07T06:20:02.980290,2026-04-07T06:20:02.980290,DK,TAS,21.0,synthetic,59165_ANND_GDA_5,,
59165,07-04-2026,2026-04-07T06:31:09.282261,2026-04-07T06:31:09.282261,TAS,AAV,19.2,synthetic,59165_ANND_GDA_6,,
59165,07-04-2026,2026-04-07T06:59:34.154035,2026-04-07T06:59:34.154035,AAV,AGCI,41.6,synthetic,59165_ANND_GDA_7,,
59165,07-04-2026,2026-04-07T07:00:13.938631,2026-04-07T07:00:13.938631,AGCI,SVL,37.2,synthetic,59165_ANND_GDA_8,,
59165,07-04-2026,2026-04-07T07:07:45.544768,2026-04-07T07:07:45.544768,SVL,TBA,33.8,synthetic,59165_ANND_GDA_9,,
59165,07-04-2026,2026-04-07T07:12:19.390291,2026-04-07T07:12:19.390291,TBA,TUWA,30.3,synthetic,59165_ANND_GDA_10,,
59165,07-04-2026,2026-04-07T07:21:07.851262,2026-04-07T07:21:07.851262,TUWA,VKG,27.1,synthetic,59165_ANND_GDA_11,,
59165,07-04-2026,2026-04-07T07:39:10.666136,2026-04-07T07:39:10.666136,VKG,GDA,33.2,synthetic,59165_ANND_GDA_12,,
59165,07-04-2026,2026-04-07T08:05:02.399522,2026-04-07T08:05:02.399522,GDA,,30.0,synthetic,59165_ANND_GDA_13,,
56268,05-08-2026,2026-08-05T18:30:31.200000,2026-08-05T18:30:31.200000,MYS,BLGA,10.5,synthetic,56268_MYS_ASK_0,,
56268,05-08-2026,2026-08-05T18:42:17.280000,2026-08-05T18:42:17.280000,BLGA,KJS,9.3,synthetic,56268_MYS_ASK_1,,
56268,05-08-2026,2026-08-05T18:45:25.152000,2026-08-05T18:45:25.152000,KJS,KLYH,8.4,synthetic,56268_MYS_ASK_2,,
56268,05-08-2026,2026-08-05T18:54:37.636800,2026-08-05T18:54:37.636800,KLYH,STE,7.6,synthetic,56268_MYS_ASK_3,,
56268,05-08-2026,2026-08-05T18:59:33.273120,2026-08-05T18:59:33.273120,STE,DOY,6.6,synthetic,56268_MYS_ASK_4,,
56268,05-08-2026,2026-08-05T19:09:02.945808,2026-08-05T19:09:02.945808,DOY,KRNR,6.0,synthetic,56268_MYS_ASK_5,,
56268,05-08-2026,2026-08-05T19:14:47.051227,2026-08-05T19:14:47.051227,KRNR,HPA,5.8,synthetic,56268_MYS_ASK_6,,
56268,05-08-2026,2026-08-05T19:19:25.546104,2026-08-05T19:19:25.546104,HPA,ARNH,5.4,synthetic,56268_MYS_ASK_7,,
56268,05-08-2026,2026-08-05T19:25:42.791494,2026-08-05T19:25:42.791494,ARNH,HAH,4.7,synthetic,56268_MYS_ASK_8,,
56268,05-08-2026,2026-08-05T19:33:19.312345,2026-08-05T19:33:19.312345,HAH,AKK,4.3,synthetic,56268_MYS_ASK_9,,
56268,05-08-2026,2026-08-05T19:43:18.581110,2026-08-05T19:43:18.581110,AKK,BRBL,4.3,synthetic,56268_MYS_ASK_10,,
56268,05-08-2026,2026-08-05T19:47:42.522999,2026-08-05T19:47:42.522999,BRBL,MGF,3.7,synthetic,56268_MYS_ASK_11,,
56268,05-08-2026,2026-08-05T19:58:48.470699,2026-08-05T19:58:48.470699,MGF,SRVN,2.8,synthetic,56268_MYS_ASK_12,,
56268,05-08-2026,2026-08-05T20:05:21.423629,2026-08-05T20:05:21.423629,SRVN,ANC,2.4,synthetic,56268_MYS_ASK_13,,
56268,05-08-2026,2026-08-05T20:10:16.281266,2026-08-05T20:10:16.281266,ANC,HLN,2.3,synthetic,56268_MYS_ASK_14,,
56268,05-08-2026,2026-08-05T20:19:00.253140,2026-08-05T20:19:00.253140,HLN,MVC,2.0,synthetic,56268_MYS_ASK_15,,
56268,05-08-2026,2026-08-05T20:32:42.227826,2026-08-05T20:32:42.227826,MVC,HAS,1.7,synthetic,56268_MYS_ASK_16,,
56268,05-08-2026,2026-08-05T20:54:32.005043,2026-08-05T20:54:32.005043,HAS,BGPA,1.5,synthetic,56268_MYS_ASK_17,,
56268,05-08-2026,2026-08-05T21:18:45.004539,2026-08-05T21:18:45.004539,BGPA,HHT,1.8,synthetic,56268_MYS_ASK_18,,
56268,05-08-2026,2026-08-05T21:40:46.504085,2026-08-05T21:40:46.504085,HHT,ASK,1.8,synthetic,56268_MYS_ASK_19,,
56268,05-08-2026,2026-08-05T22:36:41.853676,2026-08-05T22:36:41.853676,ASK,,1.7,synthetic,56268_MYS_ASK_20,,
52540,10-08-2026,2026-08-10T09:17:46.800000,2026-08-10T09:17:46.800000,DJ,GHUM,2.8,synthetic,52540_DJ_KGN_0,,
52540,10-08-2026,2026-08-10T09:44:39.120000,2026-08-10T09:44:39.120000,GHUM,SAD,2.7,synthetic,52540_DJ_KGN_1,,
52540,10-08-2026,2026-08-10T10:28:19.008000,2026-08-10T10:28:19.008000,SAD,TUNG,2.3,synthetic,52540_DJ_KGN_2,,
52540,10-08-2026,2026-08-10T11:05:03.907200,2026-08-10T11:05:03.907200,TUNG,KGN,2.1,synthetic,52540_DJ_KGN_3,,
52540,10-08-2026,2026-08-10T11:56:46.116480,2026-08-10T11:56:46.116480,KGN,,1.8,synthetic,52540_DJ_KGN_4,,
56736,16-03-2026,2026-03-16T15:55:28.200000,2026-03-16T15:55:28.200000,SCT,TSI,5.5,synthetic,56736_SCT_MDU_0,,
56736,16-03-2026,2026-03-16T16:07:51.180000,2026-03-16T16:07:51.180000,TSI,KDNL,4.9,synthetic,56736_SCT_MDU_1,,
56736,16-03-2026,2026-03-16T16:30:07.062000,2026-03-16T16:30:07.062000,KDNL,PBKS,11.1,synthetic,56736_SCT_MDU_2,,
56736,16-03-2026,2026-03-16T16:40:48.355800,2026-03-16T16:40:48.355800,PBKS,SNKL,9.8,synthetic,56736_SCT_MDU_3,,
56736,16-03-2026,2026-03-16T16:52:49.520220,2026-03-16T16:52:49.520220,SNKL,RJPM,8.8,synthetic,56736_SCT_MDU_4,,
56736,16-03-2026,2026-03-16T17:28:48.768198,2026-03-16T17:28:48.768198,RJPM,SVPR,9.8,synthetic,56736_SCT_MDU_5,,
56736,16-03-2026,2026-03-16T17:38:28.291378,2026-03-16T17:38:28.291378,SVPR,SVKS,8.5,synthetic,56736_SCT_MDU_6,,
56736,16-03-2026,2026-03-16T17:57:51.262240,2026-03-16T17:57:51.262240,SVKS,TTL,10.9,synthetic,56736_SCT_MDU_7,,
56736,16-03-2026,2026-03-16T18:01:41.936016,2026-03-16T18:01:41.936016,TTL,VPT,9.7,synthetic,56736_SCT_MDU_8,,
56736,16-03-2026,2026-03-16T18:27:05.342415,2026-03-16T18:27:05.342415,VPT,KGD,9.1,synthetic,56736_SCT_MDU_9,,
56736,16-03-2026,2026-03-16T18:38:58.208173,2026-03-16T18:38:58.208173,KGD,SVK,8.0,synthetic,56736_SCT_MDU_10,,
56736,16-03-2026,2026-03-16T18:50:09.787356,2026-03-16T18:50:09.787356,SVK,TMQ,12.2,synthetic,56736_SCT_MDU_11,,
56736,16-03-2026,2026-03-16T19:00:47.808620,2026-03-16T19:00:47.808620,TMQ,TDN,10.8,synthetic,56736_SCT_MDU_12,,
56736,16-03-2026,2026-03-16T19:09:18.427758,2026-03-16T19:09:18.427758,TDN,MDU,9.3,synthetic,56736_SCT_MDU_13,,
56736,16-03-2026,2026-03-16T19:38:21.984982,2026-03-16T19:38:21.984982,MDU,,8.4,synthetic,56736_SCT_MDU_14,,
57286,08-08-2026,2026-08-08T13:19:45,2026-08-08T13:19:45,MCLA,RCA,14.8,synthetic,57286_MCLA_NDKD_0,,
57286,08-08-2026,2026-08-08T13:40:15.900000,2026-08-08T13:40:15.900000,RCA,NDKD,13.3,synthetic,57286_MCLA_NDKD_1,,
57286,08-08-2026,2026-08-08T14:16:41.310000,2026-08-08T14:16:41.310000,NDKD,,11.7,synthetic,57286_MCLA_NDKD_2,,
52124,27-03-2026,2026-03-27T17:10:00,2026-03-27T17:10:00,JMNR,BGR,5.0,synthetic,52124_JMNR_PC_0,,
52124,27-03-2026,2026-03-27T17:24:34.200000,2026-03-27T17:24:34.200000,BGR,PHU,4.6,synthetic,52124_JMNR_PC_1,,
52124,27-03-2026,2026-03-27T17:41:46.980000,2026-03-27T17:41:46.980000,PHU,SDRN,3.8,synthetic,52124_JMNR_PC_2,,
52124,27-03-2026,2026-03-27T18:02:47.082000,2026-03-27T18:02:47.082000,SDRN,PMGN,3.8,synthetic,52124_JMNR_PC_3,,
52124,27-03-2026,2026-03-27T18:23:21.973800,2026-03-27T18:23:21.973800,PMGN,VRKD,3.4,synthetic,52124_JMNR_PC_4,,
52124,27-03-2026,2026-03-27T18:40:58.776420,2026-03-27T18:40:58.776420,VRKD,PC,3.0,synthetic,52124_JMNR_PC_5,,
52124,27-03-2026,2026-03-27T19:07:39.098778,2026-03-27T19:07:39.098778,PC,,2.7,synthetic,52124_JMNR_PC_6,,
54413,03-04-2026,2026-04-03T03:43:45,2026-04-03T03:43:45,DLI,DSB,3.8,synthetic,54413_DLI_RE_0,,
54413,03-04-2026,2026-04-03T03:48:39.300000,2026-04-03T03:48:39.300000,DSB,DKZ,3.7,synthetic,54413_DLI_RE_1,,
54413,03-04-2026,2026-04-03T03:56:12.570000,2026-04-03T03:56:12.570000,DKZ,DEE,3.2,synthetic,54413_DLI_RE_2,,
54413,03-04-2026,2026-04-03T03:57:38.313000,2026-04-03T03:57:38.313000,DEE,DBSI,2.6,synthetic,54413_DLI_RE_3,,
54413,03-04-2026,2026-04-03T04:08:12.881700,2026-04-03T04:08:12.881700,DBSI,PTNR,9.2,synthetic,54413_DLI_RE_4,,
54413,03-04-2026,2026-04-03T04:10:34.993530,2026-04-03T04:10:34.993530,PTNR,KRTN,8.6,synthetic,54413_DLI_RE_5,,
54413,03-04-2026,2026-04-03T04:11:44.694177,2026-04-03T04:11:44.694177,KRTN,DEC,7.7,synthetic,54413_DLI_RE_6,,
54413,03-04-2026,2026-04-03T04:20:41.424759,2026-04-03T04:20:41.424759,DEC,PM,6.7,synthetic,54413_DLI_RE_7,,
54413,03-04-2026,2026-04-03T04:26:58.282283,2026-04-03T04:26:58.282283,PM,SMDP,6.0,synthetic,54413_DLI_RE_8,,
54413,03-04-2026,2026-04-03T04:51:40.454055,2026-04-03T04:51:40.454055,SMDP,BWSN,23.7,synthetic,54413_DLI_RE_9,,
54413,03-04-2026,2026-04-03T04:55:19.008650,2026-04-03T04:55:19.008650,BWSN,GGN,21.3,synthetic,54413_DLI_RE_10,,
54413,03-04-2026,2026-04-03T05:02:23.107785,2026-04-03T05:02:23.107785,GGN,BDXT,19.4,synthetic,54413_DLI_RE_11,,
54413,03-04-2026,2026-04-03T05:07:20.797006,2026-04-03T05:07:20.797006,BDXT,GHH,17.3,synthetic,54413_DLI_RE_12,,
54413,03-04-2026,2026-04-03T05:23:48.717306,2026-04-03T05:23:48.717306,GHH,PT,24.8,synthetic,54413_DLI_RE_13,,
54413,03-04-2026,2026-04-03T05:31:06.645575,2026-04-03T05:31:06.645575,PT,TJNR,22.1,synthetic,54413_DLI_RE_14,,
54413,03-04-2026,2026-04-03T05:36:41.981017,2026-04-03T05:36:41.981017,TJNR,JSKA,19.7,synthetic,54413_DLI_RE_15,,
54413,03-04-2026,2026-04-03T05:41:58.782916,2026-04-03T05:41:58.782916,JSKA,PTRD,18.0,synthetic,54413_DLI_RE_16,,
54413,03-04-2026,2026-04-03T05:48:10.304624,2026-04-03T05:48:10.304624,PTRD,IHP,16.2,synthetic,54413_DLI_RE_17,,
54413,03-04-2026,2026-04-03T05:53:47.074162,2026-04-03T05:53:47.074162,IHP,KIP,14.8,synthetic,54413_DLI_RE_18,,
54413,03-04-2026,2026-04-03T06:01:11.166746,2026-04-03T06:01:11.166746,KIP,KWMD,13.2,synthetic,54413_DLI_RE_19,,
54413,03-04-2026,2026-04-03T06:07:49.050071,2026-04-03T06:07:49.050071,KWMD,RE,11.8,synthetic,54413_DLI_RE_20,,
54413,03-04-2026,2026-04-03T06:50:37.545064,2026-04-03T06:50:37.545064,RE,,10.6,synthetic,54413_DLI_RE_21,,
47129,21-11-2025,2025-11-21T07:33:13.800000,2025-11-21T07:33:13.800000,LPI,CDNR,3.2,synthetic,47129_LPI_HYB_0,,
47129,21-11-2025,2025-11-21T07:35:45.420000,2025-11-21T07:35:45.420000,CDNR,HFZ,2.8,synthetic,47129_LPI_HYB_1,,
47129,21-11-2025,2025-11-21T07:40:18.678000,2025-11-21T07:40:18.678000,HFZ,HTCY,2.3,synthetic,47129_LPI_HYB_2,,
47129,21-11-2025,2025-11-21T07:43:58.210200,2025-11-21T07:43:58.210200,HTCY,BRBD,2.0,synthetic,47129_LPI_HYB_3,,
47129,21-11-2025,2025-11-21T07:46:28.989180,2025-11-21T07:46:28.989180,BRBD,BTNR,1.5,synthetic,47129_LPI_HYB_4,,
47129,21-11-2025,2025-11-21T08:00:42.290262,2025-11-21T08:00:42.290262,BTNR,SNF,13.7,synthetic,47129_LPI_HYB_5,,
47129,21-11-2025,2025-11-21T08:01:11.061236,2025-11-21T08:01:11.061236,SNF,FNB,12.2,synthetic,47129_LPI_HYB_6,,
47129,21-11-2025,2025-11-21T08:34:08.155112,2025-11-21T08:34:08.155112,FNB,NCHS,43.1,synthetic,47129_LPI_HYB_7,,
47129,21-11-2025,2025-11-21T08:30:39.739601,2025-11-21T08:30:39.739601,NCHS,BMT,38.7,synthetic,47129_LPI_HYB_8,,
47129,21-11-2025,2025-11-21T08:28:38.765641,2025-11-21T08:28:38.765641,BMT,NLRD,34.6,synthetic,47129_LPI_HYB_9,,
47129,21-11-2025,2025-11-21T08:29:55.289077,2025-11-21T08:29:55.289077,NLRD,KQD,30.9,synthetic,47129_LPI_HYB_10,,
47129,21-11-2025,2025-11-21T08:29:01.760169,2025-11-21T08:29:01.760169,KQD,LKPL,28.0,synthetic,47129_LPI_HYB_11,,
47129,21-11-2025,2025-11-21T08:28:07.584152,2025-11-21T08:28:07.584152,LKPL,HYB,25.1,synthetic,47129_LPI_HYB_12,,
47129,21-11-2025,2025-11-21T08:32:17.625737,2025-11-21T08:32:17.625737,HYB,,22.3,synthetic,47129_LPI_HYB_13,,
57539,14-05-2026,2026-05-14T14:22:05.400000,2026-05-14T14:22:05.400000,AK,SVW,7.1,synthetic,57539_AK_PRLI_0,,
57539,14-05-2026,2026-05-14T14:40:34.260000,2026-05-14T14:40:34.260000,SVW,BSQ,14.6,synthetic,57539_AK_PRLI_1,,
57539,14-05-2026,2026-05-14T14:49:31.434000,2026-05-14T14:49:31.434000,BSQ,LHD,12.5,synthetic,57539_AK_PRLI_2,,
57539,14-05-2026,2026-05-14T15:00:05.490600,2026-05-14T15:00:05.490600,LHD,AMW,11.1,synthetic,57539_AK_PRLI_3,,
57539,14-05-2026,2026-05-14T15:10:54.141540,2026-05-14T15:10:54.141540,AMW,JUK,9.9,synthetic,57539_AK_PRLI_4,,
57539,14-05-2026,2026-05-14T15:23:03.727386,2026-05-14T15:23:03.727386,JUK,KXX,9.1,synthetic,57539_AK_PRLI_5,,
57539,14-05-2026,2026-05-14T15:37:15.954647,2026-05-14T15:37:15.954647,KXX,WHM,8.3,synthetic,57539_AK_PRLI_6,,
57539,14-05-2026,2026-05-14T15:50:27.559183,2026-05-14T15:50:27.559183,WHM,KKG,7.5,synthetic,57539_AK_PRLI_7,,
57539,14-05-2026,2026-05-14T16:00:59.603264,2026-05-14T16:00:59.603264,KKG,PGG,7.0,synthetic,57539_AK_PRLI_8,,
57539,14-05-2026,2026-05-14T16:10:18.242938,2026-05-14T16:10:18.242938,PGG,KNRG,6.3,synthetic,57539_AK_PRLI_9,,
57539,14-05-2026,2026-05-14T16:15:08.618644,2026-05-14T16:15:08.618644,KNRG,MLSU,6.1,synthetic,57539_AK_PRLI_10,,
57539,14-05-2026,2026-05-14T16:46:49.156780,2026-05-14T16:46:49.156780,MLSU,NVLN,27.8,synthetic,57539_AK_PRLI_11,,
57539,14-05-2026,2026-05-14T16:59:28.641102,2026-05-14T16:59:28.641102,NVLN,HNL,30.5,synthetic,57539_AK_PRLI_12,,
57539,14-05-2026,2026-05-14T17:05:10.176992,2026-05-14T17:05:10.176992,HNL,DNE,27.2,synthetic,57539_AK_PRLI_13,,
57539,14-05-2026,2026-05-14T17:13:38.559292,2026-05-14T17:13:38.559292,DNE,NDPR,24.6,synthetic,57539_AK_PRLI_14,,
57539,14-05-2026,2026-05-14T17:26:20.303363,2026-05-14T17:26:20.303363,NDPR,BLC,22.3,synthetic,57539_AK_PRLI_15,,
57539,14-05-2026,2026-05-14T17:34:09.873027,2026-05-14T17:34:09.873027,BLC,SIF,20.2,synthetic,57539_AK_PRLI_16,,
57539,14-05-2026,2026-05-14T17:41:47.285724,2026-05-14T17:41:47.285724,SIF,CWI,17.8,synthetic,57539_AK_PRLI_17,,
57539,14-05-2026,2026-05-14T17:59:58.157152,2026-05-14T17:59:58.157152,CWI,BMF,16.0,synthetic,57539_AK_PRLI_18,,
57539,14-05-2026,2026-05-14T18:08:15.741437,2026-05-14T18:08:15.741437,BMF,MRV,14.3,synthetic,57539_AK_PRLI_19,,
57539,14-05-2026,2026-05-14T18:27:05.767293,2026-05-14T18:27:05.767293,MRV,PAU,13.1,synthetic,57539_AK_PRLI_20,,
57539,14-05-2026,2026-05-14T19:26:53.190564,2026-05-14T19:26:53.190564,PAU,MQL,11.9,synthetic,57539_AK_PRLI_21,,
57539,14-05-2026,2026-05-14T19:44:32.871507,2026-05-14T19:44:32.871507,MQL,PIZ,10.5,synthetic,57539_AK_PRLI_22,,
57539,14-05-2026,2026-05-14T19:53:40.384357,2026-05-14T19:53:40.384357,PIZ,PBN,9.7,synthetic,57539_AK_PRLI_23,,
57539,14-05-2026,2026-05-14T20:36:39.345921,2026-05-14T20:36:39.345921,PBN,SNGR,8.7,synthetic,57539_AK_PRLI_24,,
57539,14-05-2026,2026-05-14T20:51:42.011329,2026-05-14T20:51:42.011329,SNGR,PKNS,7.7,synthetic,57539_AK_PRLI_25,,
57539,14-05-2026,2026-05-14T21:00:43.810196,2026-05-14T21:00:43.810196,PKNS,DNDI,6.7,synthetic,57539_AK_PRLI_26,,
57539,14-05-2026,2026-05-14T21:05:07.029176,2026-05-14T21:05:07.029176,DNDI,GNH,6.1,synthetic,57539_AK_PRLI_27,,
57539,14-05-2026,2026-05-14T21:24:12.326259,2026-05-14T21:24:12.326259,GNH,VDGN,5.2,synthetic,57539_AK_PRLI_28,,
57539,14-05-2026,2026-05-14T21:48:33.293633,2026-05-14T21:48:33.293633,VDGN,UKH,4.6,synthetic,57539_AK_PRLI_29,,
57539,14-05-2026,2026-05-14T22:03:05.364270,2026-05-14T22:03:05.364270,UKH,PRLI,4.1,synthetic,57539_AK_PRLI_30,,
57539,14-05-2026,2026-05-14T22:58:37.227843,2026-05-14T22:58:37.227843,PRLI,,3.6,synthetic,57539_AK_PRLI_31,,
38423,04-09-2026,2026-09-04T10:25:08.400000,2026-09-04T10:25:08.400000,HWH,TPKR,20.1,synthetic,38423_HWH_PKU_0,,
38423,04-09-2026,2026-09-04T10:30:23.760000,2026-09-04T10:30:23.760000,TPKR,DSNR,18.4,synthetic,38423_HWH_PKU_1,,
38423,04-09-2026,2026-09-04T10:32:33.984000,2026-09-04T10:32:33.984000,DSNR,RMJ,16.6,synthetic,38423_HWH_PKU_2,,
38423,04-09-2026,2026-09-04T10:33:49.785600,2026-09-04T10:33:49.785600,RMJ,SRC,14.8,synthetic,38423_HWH_PKU_3,,
38423,04-09-2026,2026-09-04T10:36:29.807040,2026-09-04T10:36:29.807040,SRC,MRGM,13.5,synthetic,38423_HWH_PKU_4,,
38423,04-09-2026,2026-09-04T10:39:01.026336,2026-09-04T10:39:01.026336,MRGM,ADL,12.0,synthetic,38423_HWH_PKU_5,,
38423,04-09-2026,2026-09-04T11:01:08.123702,2026-09-04T11:01:08.123702,ADL,SEL,31.1,synthetic,38423_HWH_PKU_6,,
38423,04-09-2026,2026-09-04T11:03:09.111332,2026-09-04T11:03:09.111332,SEL,ABB,28.2,synthetic,38423_HWH_PKU_7,,
38423,04-09-2026,2026-09-04T11:03:26.200199,2026-09-04T11:03:26.200199,ABB,NALR,25.4,synthetic,38423_HWH_PKU_8,,
38423,04-09-2026,2026-09-04T11:03:57.780179,2026-09-04T11:03:57.780179,NALR,BVA,23.0,synthetic,38423_HWH_PKU_9,,
38423,04-09-2026,2026-09-04T11:05:19.602161,2026-09-04T11:05:19.602161,BVA,CGA,20.3,synthetic,38423_HWH_PKU_10,,
38423,04-09-2026,2026-09-04T11:06:59.641945,2026-09-04T11:06:59.641945,CGA,FLR,18.0,synthetic,38423_HWH_PKU_11,,
38423,04-09-2026,2026-09-04T11:09:22.477751,2026-09-04T11:09:22.477751,FLR,ULB,16.4,synthetic,38423_HWH_PKU_12,,
38423,04-09-2026,2026-09-04T11:11:33.429975,2026-09-04T11:11:33.429975,ULB,BSBP,14.6,synthetic,38423_HWH_PKU_13,,
38423,04-09-2026,2026-09-04T11:15:06.686978,2026-09-04T11:15:06.686978,BSBP,KGY,13.1,synthetic,38423_HWH_PKU_14,,
38423,04-09-2026,2026-09-04T11:17:53.418280,2026-09-04T11:17:53.418280,KGY,BZN,11.9,synthetic,38423_HWH_PKU_15,,
38423,04-09-2026,2026-09-04T11:22:35.476452,2026-09-04T11:22:35.476452,BZN,GGTA,10.6,synthetic,38423_HWH_PKU_16,,
38423,04-09-2026,2026-09-04T11:25:29.528807,2026-09-04T11:25:29.528807,GGTA,DTE,9.5,synthetic,38423_HWH_PKU_17,,
38423,04-09-2026,2026-09-04T11:27:45.175926,2026-09-04T11:27:45.175926,DTE,KIG,8.8,synthetic,38423_HWH_PKU_18,,
38423,04-09-2026,2026-09-04T11:31:47.858334,2026-09-04T11:31:47.858334,KIG,MCA,7.8,synthetic,38423_HWH_PKU_19,,
38423,04-09-2026,2026-09-04T11:34:46.672500,2026-09-04T11:34:46.672500,MCA,NDGJ,6.8,synthetic,38423_HWH_PKU_20,,
38423,04-09-2026,2026-09-04T11:51:08.405250,2026-09-04T11:51:08.405250,NDGJ,BOP,20.1,synthetic,38423_HWH_PKU_21,,
38423,04-09-2026,2026-09-04T11:53:05.164725,2026-09-04T11:53:05.164725,BOP,NPMR,18.1,synthetic,38423_HWH_PKU_22,,
38423,04-09-2026,2026-09-04T11:56:16.648253,2026-09-04T11:56:16.648253,NPMR,PKU,16.3,synthetic,38423_HWH_PKU_23,,
38423,04-09-2026,2026-09-04T12:04:47.983427,2026-09-04T12:04:47.983427,PKU,,14.8,synthetic,38423_HWH_PKU_24,,
58221,03-02-2026,2026-02-03T08:34:30.600000,2026-02-03T08:34:30.600000,CHRM,PRDL,4.5,synthetic,58221_CHRM_CHD_0,,
58221,03-02-2026,2026-02-03T08:55:16.740000,2026-02-03T08:55:16.740000,PRDL,MDGR,4.3,synthetic,58221_CHRM_CHD_1,,
58221,03-02-2026,2026-02-03T09:24:01.866000,2026-02-03T09:24:01.866000,MDGR,BRND,4.0,synthetic,58221_CHRM_CHD_2,,
58221,03-02-2026,2026-02-03T09:44:26.279400,2026-02-03T09:44:26.279400,BRND,BJRI,3.4,synthetic,58221_CHRM_CHD_3,,
58221,03-02-2026,2026-02-03T10:03:04.451460,2026-02-03T10:03:04.451460,BJRI,BATL,3.1,synthetic,58221_CHRM_CHD_4,,
58221,03-02-2026,2026-02-03T10:18:52.006314,2026-02-03T10:18:52.006314,BATL,KTMA,2.9,synthetic,58221_CHRM_CHD_5,,
58221,03-02-2026,2026-02-03T10:29:43.205683,2026-02-03T10:29:43.205683,KTMA,HRV,2.7,synthetic,58221_CHRM_CHD_6,,
58221,03-02-2026,2026-02-03T10:39:32.885114,2026-02-03T10:39:32.885114,HRV,DRSN,2.5,synthetic,58221_CHRM_CHD_7,,
58221,03-02-2026,2026-02-03T10:51:33.196603,2026-02-03T10:51:33.196603,DRSN,MZH,6.6,synthetic,58221_CHRM_CHD_8,,
58221,03-02-2026,2026-02-03T10:59:08.276943,2026-02-03T10:59:08.276943,MZH,APR,6.1,synthetic,58221_CHRM_CHD_9,,
58221,03-02-2026,2026-02-03T11:15:51.849248,2026-02-03T11:15:51.849248,APR,AAL,5.9,synthetic,58221_CHRM_CHD_10,,
58221,03-02-2026,2026-02-03T11:30:45.464324,2026-02-03T11:30:45.464324,AAL,BUH,5.8,synthetic,58221_CHRM_CHD_11,,
58221,03-02-2026,2026-02-03T11:41:19.917891,2026-02-03T11:41:19.917891,BUH,SNGP,5.3,synthetic,58221_CHRM_CHD_12,,
58221,03-02-2026,2026-02-03T11:57:58.126102,2026-02-03T11:57:58.126102,SNGP,SDL,5.0,synthetic,58221_CHRM_CHD_13,,
58221,03-02-2026,2026-02-03T12:04:46.913492,2026-02-03T12:04:46.913492,SDL,BDWA,4.8,synthetic,58221_CHRM_CHD_14,,
58221,03-02-2026,2026-02-03T12:27:01.422143,2026-02-03T12:27:01.422143,BDWA,GGT,4.0,synthetic,58221_CHRM_CHD_15,,
58221,03-02-2026,2026-02-03T12:35:24.679928,2026-02-03T12:35:24.679928,GGT,MDXR,3.4,synthetic,58221_CHRM_CHD_16,,
58221,03-02-2026,2026-02-03T12:42:27.611936,2026-02-03T12:42:27.611936,MDXR,BRS,3.5,synthetic,58221_CHRM_CHD_17,,
58221,03-02-2026,2026-02-03T12:45:14.050742,2026-02-03T12:45:14.050742,BRS,NRZB,3.2,synthetic,58221_CHRM_CHD_18,,
58221,03-02-2026,2026-02-03T12:56:01.845668,2026-02-03T12:56:01.845668,NRZB,KKI,3.0,synthetic,58221_CHRM_CHD_19,,
58221,03-02-2026,2026-02-03T13:06:26.861101,2026-02-03T13:06:26.861101,KKI,UMR,2.4,synthetic,58221_CHRM_CHD_20,,
58221,03-02-2026,2026-02-03T13:19:54.774991,2026-02-03T13:19:54.774991,UMR,LOA,1.9,synthetic,58221_CHRM_CHD_21,,
58221,03-02-2026,2026-02-03T13:40:55.297492,2026-02-03T13:40:55.297492,LOA,CHD,1.9,synthetic,58221_CHRM_CHD_22,,
58221,03-02-2026,2026-02-03T13:56:54.567743,2026-02-03T13:56:54.567743,CHD,,1.9,synthetic,58221_CHRM_CHD_23,,
52109,26-12-2025,2025-12-26T17:08:03,2025-12-26T17:08:03,NRL,MAE,3.0,synthetic,52109_NRL_MAE_0,,
52109,26-12-2025,2025-12-26T19:01:42.300000,2025-12-26T19:01:42.300000,MAE,,1.7,synthetic,52109_NRL_MAE_1,,
55540,25-07-2026,2026-07-25T14:41:51.600000,2026-07-25T14:41:51.600000,HJP,AYRN,1.9,synthetic,55540_HJP_KIR_0,,
55540,25-07-2026,2026-07-25T14:56:42.840000,2026-07-25T14:56:42.840000,AYRN,CSR,1.7,synthetic,55540_HJP_KIR_1,,
55540,25-07-2026,2026-07-25T15:04:34.956000,2026-07-25T15:04:34.956000,CSR,DES,1.6,synthetic,55540_HJP_KIR_2,,
55540,25-07-2026,2026-07-25T15:20:16.460400,2026-07-25T15:20:16.460400,DES,SDG,1.3,synthetic,55540_HJP_KIR_3,,
55540,25-07-2026,2026-07-25T15:30:00.414360,2026-07-25T15:30:00.414360,SDG,MNO,1.0,synthetic,55540_HJP_KIR_4,,
55540,25-07-2026,2026-07-25T15:37:56.772924,2026-07-25T15:37:56.772924,MNO,SPP,0.9,synthetic,55540_HJP_KIR_5,,
55540,25-07-2026,2026-07-25T16:04:44.495632,2026-07-25T16:04:44.495632,SPP,NNNL,0.7,synthetic,55540_HJP_KIR_6,,
55540,25-07-2026,2026-07-25T16:20:35.846068,2026-07-25T16:20:35.846068,NNNL,MOG,0.6,synthetic,55540_HJP_KIR_7,,
55540,25-07-2026,2026-07-25T16:39:37.061462,2026-07-25T16:39:37.061462,MOG,HBP,0.6,synthetic,55540_HJP_KIR_8,,
55540,25-07-2026,2026-07-25T16:47:52.555315,2026-07-25T16:47:52.555315,HBP,VPN,0.9,synthetic,55540_HJP_KIR_9,,
55540,25-07-2026,2026-07-25T17:14:59.299784,2026-07-25T17:14:59.299784,VPN,BCA,8.0,synthetic,55540_HJP_KIR_10,,
55540,25-07-2026,2026-07-25T18:11:23.369806,2026-07-25T18:11:23.369806,BCA,TGA,7.4,synthetic,55540_HJP_KIR_11,,
55540,25-07-2026,2026-07-25T18:26:30.032825,2026-07-25T18:26:30.032825,TGA,BJU,6.5,synthetic,55540_HJP_KIR_12,,
55540,25-07-2026,2026-07-25T18:49:04.829542,2026-07-25T18:49:04.829542,BJU,TIL,9.1,synthetic,55540_HJP_KIR_13,,
55540,25-07-2026,2026-07-25T19:13:14.546588,2026-07-25T19:13:14.546588,TIL,BGS,8.2,synthetic,55540_HJP_KIR_14,,
55540,25-07-2026,2026-07-25T19:24:01.691929,2026-07-25T19:24:01.691929,BGS,LAK,8.0,synthetic,55540_HJP_KIR_15,,
55540,25-07-2026,2026-07-25T19:49:04.522736,2026-07-25T19:49:04.522736,LAK,DPL,7.1,synthetic,55540_HJP_KIR_16,,
55540,25-07-2026,2026-07-25T20:07:43.070463,2026-07-25T20:07:43.070463,DPL,LKN,17.7,synthetic,55540_HJP_KIR_17,,
55540,25-07-2026,2026-07-25T20:12:59.763417,2026-07-25T20:12:59.763417,LKN,SKJ,16.0,synthetic,55540_HJP_KIR_18,,
55540,25-07-2026,2026-07-25T20:23:07.587075,2026-07-25T20:23:07.587075,SKJ,UMNR,14.1,synthetic,55540_HJP_KIR_19,,
55540,25-07-2026,2026-07-25T20:34:32.628367,2026-07-25T20:34:32.628367,UMNR,KGG,12.5,synthetic,55540_HJP_KIR_20,,
55540,25-07-2026,2026-07-25T20:51:15.565531,2026-07-25T20:51:15.565531,KGG,MNE,11.3,synthetic,55540_HJP_KIR_21,,
55540,25-07-2026,2026-07-25T21:08:34.408978,2026-07-25T21:08:34.408978,MNE,MSK,10.6,synthetic,55540_HJP_KIR_22,,
55540,25-07-2026,2026-07-25T21:24:20.768080,2026-07-25T21:24:20.768080,MSK,PSR,9.3,synthetic,55540_HJP_KIR_23,,
55540,25-07-2026,2026-07-25T21:39:51.091272,2026-07-25T21:39:51.091272,PSR,NNR,7.9,synthetic,55540_HJP_KIR_24,,
55540,25-07-2026,2026-07-25T22:01:51.982145,2026-07-25T22:01:51.982145,NNR,THB,6.9,synthetic,55540_HJP_KIR_25,,
55540,25-07-2026,2026-07-25T22:11:49.183930,2026-07-25T22:11:49.183930,THB,NNA,5.8,synthetic,55540_HJP_KIR_26,,
55540,25-07-2026,2026-07-25T22:30:14.865537,2026-07-25T22:30:14.865537,NNA,KTRH,5.2,synthetic,55540_HJP_KIR_27,,
55540,25-07-2026,2026-07-25T22:52:32.578983,2026-07-25T22:52:32.578983,KTRH,KUE,4.5,synthetic,55540_HJP_KIR_28,,
55540,25-07-2026,2026-07-25T23:07:56.921085,2026-07-25T23:07:56.921085,KUE,CRR,3.9,synthetic,55540_HJP_KIR_29,,
55540,25-07-2026,2026-07-25T23:27:20.628977,2026-07-25T23:27:20.628977,CRR,SMO,3.3,synthetic,55540_HJP_KIR_30,,
55540,25-07-2026,2026-07-25T23:43:52.766079,2026-07-25T23:43:52.766079,SMO,KIR,2.9,synthetic,55540_HJP_KIR_31,,
55540,25-07-2026,2026-07-26T00:07:49.289471,2026-07-26T00:07:49.289471,KIR,,2.8,synthetic,55540_HJP_KIR_32,,
52910,17-03-2026,2026-03-17T04:59:22.200000,2026-03-17T04:59:22.200000,ADI,SBI,4.4,synthetic,52910_ADI_MSH_0,,
52910,17-03-2026,2026-03-17T05:16:49.980000,2026-03-17T05:16:49.980000,SBI,SBT,3.8,synthetic,52910_ADI_MSH_1,,
52910,17-03-2026,2026-03-17T05:18:28.782000,2026-03-17T05:18:28.782000,SBT,KLRD,3.5,synthetic,52910_ADI_MSH_2,,
52910,17-03-2026,2026-03-17T05:23:12.703800,2026-03-17T05:23:12.703800,KLRD,CDK,3.2,synthetic,52910_ADI_MSH_3,,
52910,17-03-2026,2026-03-17T05:26:56.433420,2026-03-17T05:26:56.433420,CDK,CLDY,2.9,synthetic,52910_ADI_MSH_4,,
52910,17-03-2026,2026-03-17T05:30:43.590078,2026-03-17T05:30:43.590078,CLDY,KHD,2.7,synthetic,52910_ADI_MSH_5,,
52910,17-03-2026,2026-03-17T05:35:26.031070,2026-03-17T05:35:26.031070,KHD,SHRD,2.4,synthetic,52910_ADI_MSH_6,,
52910,17-03-2026,2026-03-17T05:45:18.027963,2026-03-17T05:45:18.027963,SHRD,KLL,2.3,synthetic,52910_ADI_MSH_7,,
52910,17-03-2026,2026-03-17T05:54:00.025167,2026-03-17T05:54:00.025167,KLL,CTRL,2.0,synthetic,52910_ADI_MSH_8,,
52910,17-03-2026,2026-03-17T05:59:40.222650,2026-03-17T05:59:40.222650,CTRL,EN,1.7,synthetic,52910_ADI_MSH_9,,
52910,17-03-2026,2026-03-17T06:05:50.600385,2026-03-17T06:05:50.600385,EN,PN,6.8,synthetic,52910_ADI_MSH_10,,
52910,17-03-2026,2026-03-17T06:10:43.140347,2026-03-17T06:10:43.140347,PN,JUL,7.7,synthetic,52910_ADI_MSH_11,,
52910,17-03-2026,2026-03-17T06:20:45.426312,2026-03-17T06:20:45.426312,JUL,GUS,11.8,synthetic,52910_ADI_MSH_12,,
52910,17-03-2026,2026-03-17T06:35:52.883681,2026-03-17T06:35:52.883681,GUS,DNW,10.9,synthetic,52910_ADI_MSH_13,,
52910,17-03-2026,2026-03-17T06:40:33.195313,2026-03-17T06:40:33.195313,DNW,KYSD,9.6,synthetic,52910_ADI_MSH_14,,
52910,17-03-2026,2026-03-17T06:46:52.675781,2026-03-17T06:46:52.675781,KYSD,UMN,8.9,synthetic,52910_ADI_MSH_15,,
52910,17-03-2026,2026-03-17T06:57:10.808203,2026-03-17T06:57:10.808203,UMN,JDN,8.2,synthetic,52910_ADI_MSH_16,,
52910,17-03-2026,2026-03-17T07:08:12.127383,2026-03-17T07:08:12.127383,JDN,SXS,7.2,synthetic,52910_ADI_MSH_17,,
52910,17-03-2026,2026-03-17T07:15:18.714645,2026-03-17T07:15:18.714645,SXS,MSH,6.3,synthetic,52910_ADI_MSH_18,,
52910,17-03-2026,2026-03-17T07:45:49.243180,2026-03-17T07:45:49.243180,MSH,,5.8,synthetic,52910_ADI_MSH_19,,
55211,17-08-2026,2026-08-17T08:00:26.400000,2026-08-17T08:00:26.400000,MFP,KVC,10.4,synthetic,55211_MFP_RXL_0,,
55211,17-08-2026,2026-08-17T08:08:14.760000,2026-08-17T08:08:14.760000,KVC,KTI,9.2,synthetic,55211_MFP_RXL_1,,
55211,17-08-2026,2026-08-17T08:13:39.084000,2026-08-17T08:13:39.084000,KTI,NRV,8.7,synthetic,55211_MFP_RXL_2,,
55211,17-08-2026,2026-08-17T08:24:47.775600,2026-08-17T08:24:47.775600,NRV,MTR,7.8,synthetic,55211_MFP_RXL_3,,
55211,17-08-2026,2026-08-17T08:42:45.398040,2026-08-17T08:42:45.398040,MTR,MHL,7.8,synthetic,55211_MFP_RXL_4,,
55211,17-08-2026,2026-08-17T08:51:20.458236,2026-08-17T08:51:20.458236,MHL,MAI,7.3,synthetic,55211_MFP_RXL_5,,
55211,17-08-2026,2026-08-17T09:00:13.612412,2026-08-17T09:00:13.612412,MAI,HRNG,7.2,synthetic,55211_MFP_RXL_6,,
55211,17-08-2026,2026-08-17T09:09:34.451171,2026-08-17T09:09:34.451171,HRNG,CAA,6.6,synthetic,55211_MFP_RXL_7,,
55211,17-08-2026,2026-08-17T09:19:12.406054,2026-08-17T09:19:12.406054,CAA,PPA,6.2,synthetic,55211_MFP_RXL_8,,
55211,17-08-2026,2026-08-17T09:56:59.165449,2026-08-17T09:56:59.165449,PPA,JDR,26.0,synthetic,55211_MFP_RXL_9,,
55211,17-08-2026,2026-08-17T11:39:25.048904,2026-08-17T11:39:25.048904,JDR,MKI,104.4,synthetic,55211_MFP_RXL_10,,
55211,17-08-2026,2026-08-17T11:44:57.344013,2026-08-17T11:44:57.344013,MKI,BMKI,94.0,synthetic,55211_MFP_RXL_11,,
55211,17-08-2026,2026-08-17T11:40:43.209612,2026-08-17T11:40:43.209612,BMKI,SRA,84.7,synthetic,55211_MFP_RXL_12,,
55211,17-08-2026,2026-08-17T11:50:12.488651,2026-08-17T11:50:12.488651,SRA,SGL,76.2,synthetic,55211_MFP_RXL_13,,
55211,17-08-2026,2026-08-17T12:38:44.839786,2026-08-17T12:38:44.839786,SGL,RGH,68.7,synthetic,55211_MFP_RXL_14,,
55211,17-08-2026,2026-08-17T13:14:48.155807,2026-08-17T13:14:48.155807,RGH,MSDH,61.8,synthetic,55211_MFP_RXL_15,,
55211,17-08-2026,2026-08-17T13:19:47.540226,2026-08-17T13:19:47.540226,MSDH,RXL,55.8,synthetic,55211_MFP_RXL_16,,
55211,17-08-2026,2026-08-17T13:45:18.786204,2026-08-17T13:45:18.786204,RXL,,50.3,synthetic,55211_MFP_RXL_17,,
58161,18-12-2025,2025-12-18T11:58:31.200000,2025-12-18T11:58:31.200000,HTE,BLRG,8.5,synthetic,58161_HTE_JSG_0,,
58161,18-12-2025,2025-12-18T12:06:44.280000,2025-12-18T12:06:44.280000,BLRG,LOM,7.7,synthetic,58161_HTE_JSG_1,,
58161,18-12-2025,2025-12-18T12:17:58.452000,2025-12-18T12:17:58.452000,LOM,BNGO,7.0,synthetic,58161_HTE_JSG_2,,
58161,18-12-2025,2025-12-18T12:33:07.606800,2025-12-18T12:33:07.606800,KRRA,GBX,6.1,synthetic,58161_HTE_JSG_4,,
58161,18-12-2025,2025-12-18T12:44:20.046120,2025-12-18T12:44:20.046120,GBX,JGX,5.3,synthetic,58161_HTE_JSG_5,,
58161,18-12-2025,2025-12-18T13:01:40.841508,2025-12-18T13:01:40.841508,BKPR,PKF,4.7,synthetic,58161_HTE_JSG_7,,
58161,18-12-2025,2025-12-18T13:11:27.757357,2025-12-18T13:11:27.757357,PKF,PKC,4.5,synthetic,58161_HTE_JSG_8,,
58161,18-12-2025,2025-12-18T13:20:57.381621,2025-12-18T13:20:57.381621,PKC,KRKR,4.0,synthetic,58161_HTE_JSG_9,,
58161,18-12-2025,2025-12-18T13:30:12.043459,2025-12-18T13:30:12.043459,KRKR,MCZ,3.2,synthetic,58161_HTE_JSG_10,,
58161,18-12-2025,2025-12-18T13:41:42.639113,2025-12-18T13:41:42.639113,MCZ,BANO,2.7,synthetic,58161_HTE_JSG_11,,
58161,18-12-2025,2025-12-18T13:56:41.975202,2025-12-18T13:56:41.975202,BANO,KNRN,2.7,synthetic,58161_HTE_JSG_12,,
58161,18-12-2025,2025-12-18T14:11:47.977682,2025-12-18T14:11:47.977682,KNRN,BRBR,2.8,synthetic,58161_HTE_JSG_13,,
58161,18-12-2025,2025-12-18T14:33:14.979914,2025-12-18T14:33:14.979914,TATI,PBB,3.2,synthetic,58161_HTE_JSG_15,,
58161,18-12-2025,2025-12-18T14:46:45.881922,2025-12-18T14:46:45.881922,PBB,ORGA,2.8,synthetic,58161_HTE_JSG_16,,
58161,18-12-2025,2025-12-18T14:56:34.093730,2025-12-18T14:56:34.093730,ORGA,NXN,2.6,synthetic,58161_HTE_JSG_17,,
58161,18-12-2025,2025-12-18T15:24:29.484357,2025-12-18T15:24:29.484357,NXN,BSPK,2.5,synthetic,58161_HTE_JSG_18,,
58161,18-12-2025,2025-12-18T15:36:07.935921,2025-12-18T15:36:07.935921,BGKA,LNKC,2.1,synthetic,58161_HTE_JSG_20,,
58161,18-12-2025,2025-12-18T15:54:00.542329,2025-12-18T15:54:00.542329,BNDM,KCAB,2.0,synthetic,58161_HTE_JSG_22,,
58161,18-12-2025,2025-12-18T16:17:51.488096,2025-12-18T16:17:51.488096,ROU,PPO,7.9,synthetic,58161_HTE_JSG_24,,
58161,18-12-2025,2025-12-18T17:14:59.539287,2025-12-18T17:14:59.539287,PPO,KLG,7.0,synthetic,58161_HTE_JSG_25,,
58161,18-12-2025,2025-12-18T17:23:03.185358,2025-12-18T17:23:03.185358,KLG,KXN,6.1,synthetic,58161_HTE_JSG_26,,
58161,18-12-2025,2025-12-18T17:30:23.266822,2025-12-18T17:30:23.266822,KXN,GP,5.4,synthetic,58161_HTE_JSG_27,,
58161,18-12-2025,2025-12-18T17:39:49.740140,2025-12-18T17:39:49.740140,GP,SXN,4.8,synthetic,58161_HTE_JSG_28,,
58161,18-12-2025,2025-12-18T17:48:12.366126,2025-12-18T17:48:12.366126,SXN,SOGR,4.2,synthetic,58161_HTE_JSG_29,,
58161,18-12-2025,2025-12-18T17:55:33.329513,2025-12-18T17:55:33.329513,SOGR,GPH,3.6,synthetic,58161_HTE_JSG_30,,
58161,18-12-2025,2025-12-18T18:02:15.596562,2025-12-18T18:02:15.596562,GPH,TGM,3.3,synthetic,58161_HTE_JSG_31,,
58161,18-12-2025,2025-12-18T18:10:36.836906,2025-12-18T18:10:36.836906,TGM,BMB,2.6,synthetic,58161_HTE_JSG_32,,
58161,18-12-2025,2025-12-18T18:19:24.753215,2025-12-18T18:19:24.753215,BMB,DIH,2.4,synthetic,58161_HTE_JSG_33,,
58161,18-12-2025,2025-12-18T18:29:10.277894,2025-12-18T18:29:10.277894,DIH,BEH,2.2,synthetic,58161_HTE_JSG_34,,
58161,18-12-2025,2025-12-18T18:37:38.650104,2025-12-18T18:37:38.650104,BEH,PNPL,1.6,synthetic,58161_HTE_JSG_35,,
58161,18-12-2025,2025-12-18T18:45:35.385094,2025-12-18T18:45:35.385094,PNPL,DTV,1.6,synthetic,58161_HTE_JSG_36,,
58161,18-12-2025,2025-12-18T18:52:54.046585,2025-12-18T18:52:54.046585,DTV,JSRY,0.9,synthetic,58161_HTE_JSG_37,,
58161,18-12-2025,2025-12-18T19:21:00.041926,2025-12-18T19:21:00.041926,JSG,,1.0,synthetic,58161_HTE_JSG_39,,
15766,29-04-2026,2026-04-29T15:36:01.200000,2026-04-29T15:36:01.200000,APDJ,RVK,6.0,synthetic,15766_APDJ_NJP_0,,
15766,29-04-2026,2026-04-29T15:45:23.880000,2026-04-29T15:45:23.880000,RVK,GRU,5.4,synthetic,15766_APDJ_NJP_1,,
15766,29-04-2026,2026-04-29T15:52:40.692000,2026-04-29T15:52:40.692000,GRU,KCF,4.7,synthetic,15766_APDJ_NJP_2,,
15766,29-04-2026,2026-04-29T15:55:12.622800,2026-04-29T15:55:12.622800,KCF,HOJ,4.2,synthetic,15766_APDJ_NJP_3,,
15766,29-04-2026,2026-04-29T16:00:01.160520,2026-04-29T16:00:01.160520,HOJ,HSA,4.0,synthetic,15766_APDJ_NJP_4,,
15766,29-04-2026,2026-04-29T16:12:57.444468,2026-04-29T16:12:57.444468,HSA,MDT,4.0,synthetic,15766_APDJ_NJP_5,,
15766,29-04-2026,2026-04-29T16:23:34.300021,2026-04-29T16:23:34.300021,MDT,MJE,3.6,synthetic,15766_APDJ_NJP_6,,
15766,29-04-2026,2026-04-29T16:29:51.870019,2026-04-29T16:29:51.870019,MJE,DLO,2.9,synthetic,15766_APDJ_NJP_7,,
15766,29-04-2026,2026-04-29T16:35:26.883017,2026-04-29T16:35:26.883017,DLO,BNV,2.4,synthetic,15766_APDJ_NJP_8,,
15766,29-04-2026,2026-04-29T16:44:00.194715,2026-04-29T16:44:00.194715,BNV,BNQ,2.0,synthetic,15766_APDJ_NJP_9,,
15766,29-04-2026,2026-04-29T16:50:04.375244,2026-04-29T16:50:04.375244,BNQ,CRX,2.1,synthetic,15766_APDJ_NJP_10,,
15766,29-04-2026,2026-04-29T17:01:41.737720,2026-04-29T17:01:41.737720,CRX,NKB,1.7,synthetic,15766_APDJ_NJP_11,,
15766,29-04-2026,2026-04-29T17:05:33.963948,2026-04-29T17:05:33.963948,NKB,CLD,1.6,synthetic,15766_APDJ_NJP_12,,
15766,29-04-2026,2026-04-29T17:18:13.767553,2026-04-29T17:18:13.767553,CLD,NMZ,1.2,synthetic,15766_APDJ_NJP_13,,
15766,29-04-2026,2026-04-29T17:24:59.790798,2026-04-29T17:24:59.790798,NMZ,DDM,1.0,synthetic,15766_APDJ_NJP_14,,
15766,29-04-2026,2026-04-29T17:40:09.411718,2026-04-29T17:40:09.411718,DDM,ODB,1.2,synthetic,15766_APDJ_NJP_15,,
15766,29-04-2026,2026-04-29T17:50:03.070546,2026-04-29T17:50:03.070546,ODB,BRQ,1.1,synthetic,15766_APDJ_NJP_16,,
15766,29-04-2026,2026-04-29T17:59:01.563491,2026-04-29T17:59:01.563491,BRQ,SVQ,1.0,synthetic,15766_APDJ_NJP_17,,
15766,29-04-2026,2026-04-29T18:25:50.007142,2026-04-29T18:25:50.007142,SVQ,GLMA,0.8,synthetic,15766_APDJ_NJP_18,,
15766,29-04-2026,2026-04-29T18:50:49.806428,2026-04-29T18:50:49.806428,GLMA,SGUJ,1.8,synthetic,15766_APDJ_NJP_19,,
15766,29-04-2026,2026-04-29T19:11:39.425785,2026-04-29T19:11:39.425785,SGUJ,SGUT,1.7,synthetic,15766_APDJ_NJP_20,,
15766,29-04-2026,2026-04-29T19:23:43.883207,2026-04-29T19:23:43.883207,SGUT,NJP,1.7,synthetic,15766_APDJ_NJP_21,,
15766,29-04-2026,2026-04-29T19:36:35.894886,2026-04-29T19:36:35.894886,NJP,,1.6,synthetic,15766_APDJ_NJP_22,,
52110,09-11-2025,2025-11-09T16:33:04.800000,2025-11-09T16:33:04.800000,MAE,NRL,3.1,synthetic,52110_MAE_NRL_0,,
52110,09-11-2025,2025-11-09T18:15:14.520000,2025-11-09T18:15:14.520000,NRL,,5.2,synthetic,52110_MAE_NRL_1,,
56010,14-11-2025,2025-11-14T16:13:55.800000,2025-11-14T16:13:55.800000,VLR,VT,3.9,synthetic,56010_VLR_AJJ_0,,
56010,14-11-2025,2025-11-14T16:14:16.620000,2025-11-14T16:14:16.620000,VT,KPD,3.3,synthetic,56010_VLR_AJJ_1,,
56010,14-11-2025,2025-11-14T16:32:58.158000,2025-11-14T16:32:58.158000,KPD,SVUR,3.0,synthetic,56010_VLR_AJJ_2,,
56010,14-11-2025,2025-11-14T17:13:01.942200,2025-11-14T17:13:01.942200,SVUR,THL,3.0,synthetic,56010_VLR_AJJ_3,,
56010,14-11-2025,2025-11-14T17:20:27.547980,2025-11-14T17:20:27.547980,THL,MCN,2.5,synthetic,56010_VLR_AJJ_4,,
56010,14-11-2025,2025-11-14T17:57:30.193182,2025-11-14T17:57:30.193182,MCN,WJR,32.5,synthetic,56010_VLR_AJJ_5,,
56010,14-11-2025,2025-11-14T18:04:07.373864,2025-11-14T18:04:07.373864,WJR,MRLM,29.1,synthetic,56010_VLR_AJJ_6,,
56010,14-11-2025,2025-11-14T18:11:30.636477,2025-11-14T18:11:30.636477,MRLM,TUG,26.5,synthetic,56010_VLR_AJJ_7,,
56010,14-11-2025,2025-11-14T18:12:53.372830,2025-11-14T18:12:53.372830,TUG,SHU,23.9,synthetic,56010_VLR_AJJ_8,,
56010,14-11-2025,2025-11-14T18:16:41.435547,2025-11-14T18:16:41.435547,SHU,AVN,21.7,synthetic,56010_VLR_AJJ_9,,
56010,14-11-2025,2025-11-14T18:29:16.891992,2025-11-14T18:29:16.891992,AVN,CTRE,19.3,synthetic,56010_VLR_AJJ_10,,
56010,14-11-2025,2025-11-14T18:34:27.202793,2025-11-14T18:34:27.202793,CTRE,AJJ,17.5,synthetic,56010_VLR_AJJ_11,,
56010,14-11-2025,2025-11-14T19:00:27.482514,2025-11-14T19:00:27.482514,AJJ,,15.5,synthetic,56010_VLR_AJJ_12,,
58224,25-03-2026,2026-03-25T12:56:55.200000,2026-03-25T12:56:55.200000,ABKP,KLPG,11.9,synthetic,58224_ABKP_MDGR_0,,
58224,25-03-2026,2026-03-25T13:13:30.480000,2026-03-25T13:13:30.480000,KLPG,BSPR,10.5,synthetic,58224_ABKP_MDGR_1,,
58224,25-03-2026,2026-03-25T13:19:42.432000,2026-03-25T13:19:42.432000,BSPR,KJZ,9.7,synthetic,58224_ABKP_MDGR_2,,
58224,25-03-2026,2026-03-25T13:33:05.188800,2026-03-25T13:33:05.188800,KJZ,SJQ,9.1,synthetic,58224_ABKP_MDGR_3,,
58224,25-03-2026,2026-03-25T13:44:22.669920,2026-03-25T13:44:22.669920,SJQ,SPDR,8.4,synthetic,58224_ABKP_MDGR_4,,
58224,25-03-2026,2026-03-25T13:56:24.002928,2026-03-25T13:56:24.002928,SPDR,KTO,7.4,synthetic,58224_ABKP_MDGR_5,,
58224,25-03-2026,2026-03-25T14:05:36.602635,2026-03-25T14:05:36.602635,KTO,BRH,6.6,synthetic,58224_ABKP_MDGR_6,,
58224,25-03-2026,2026-03-25T14:24:52.742372,2026-03-25T14:24:52.742372,BRH,NGE,5.9,synthetic,58224_ABKP_MDGR_7,,
58224,25-03-2026,2026-03-25T14:37:54.068135,2026-03-25T14:37:54.068135,NGE,DTL,4.9,synthetic,58224_ABKP_MDGR_8,,
58224,25-03-2026,2026-03-25T14:48:27.061321,2026-03-25T14:48:27.061321,DTL,NPRD,4.5,synthetic,58224_ABKP_MDGR_9,,
58224,25-03-2026,2026-03-25T14:57:12.955189,2026-03-25T14:57:12.955189,NPRD,UKR,4.2,synthetic,58224_ABKP_MDGR_10,,
58224,25-03-2026,2026-03-25T15:11:38.659670,2026-03-25T15:11:38.659670,UKR,BRND,3.6,synthetic,58224_ABKP_MDGR_11,,
58224,25-03-2026,2026-03-25T15:29:08.393703,2026-03-25T15:29:08.393703,BRND,MDGR,3.1,synthetic,58224_ABKP_MDGR_12,,
58224,25-03-2026,2026-03-25T17:17:51.354333,2026-03-25T17:17:51.354333,MDGR,,2.9,synthetic,58224_ABKP_MDGR_13,,
55328,05-12-2025,2025-12-05T05:47:00.600000,2025-12-05T05:47:00.600000,FBD,FGR,12.0,synthetic,55328_FBD_CNB_0,,
55328,05-12-2025,2025-12-05T06:00:51.540000,2025-12-05T06:00:51.540000,FGR,YAG,10.9,synthetic,55328_FBD_CNB_1,,
55328,05-12-2025,2025-12-05T06:10:56.586000,2025-12-05T06:10:56.586000,YAG,KLJ,12.9,synthetic,55328_FBD_CNB_2,,
55328,05-12-2025,2025-12-05T06:23:25.127400,2025-12-05T06:23:25.127400,KLJ,SGRP,11.4,synthetic,55328_FBD_CNB_3,,
55328,05-12-2025,2025-12-05T06:37:17.214660,2025-12-05T06:37:17.214660,SGRP,KDJ,19.3,synthetic,55328_FBD_CNB_4,,
55328,05-12-2025,2025-12-05T06:43:38.893194,2025-12-05T06:43:38.893194,KDJ,MLKP,19.6,synthetic,55328_FBD_CNB_5,,
55328,05-12-2025,2025-12-05T06:48:29.603875,2025-12-05T06:48:29.603875,MLKP,GHJ,17.5,synthetic,55328_FBD_CNB_6,,
55328,05-12-2025,2025-12-05T06:53:32.043487,2025-12-05T06:53:32.043487,GHJ,KHDP,15.5,synthetic,55328_FBD_CNB_7,,
55328,05-12-2025,2025-12-05T07:01:01.839138,2025-12-05T07:01:01.839138,KHDP,JDA,14.0,synthetic,55328_FBD_CNB_8,,
55328,05-12-2025,2025-12-05T07:05:13.655225,2025-12-05T07:05:13.655225,JDA,JPP,12.2,synthetic,55328_FBD_CNB_9,,
55328,05-12-2025,2025-12-05T07:10:45.889702,2025-12-05T07:10:45.889702,JPP,KJNC,10.8,synthetic,55328_FBD_CNB_10,,
55328,05-12-2025,2025-12-05T07:15:22.700732,2025-12-05T07:15:22.700732,KJNC,KJN,9.4,synthetic,55328_FBD_CNB_11,,
55328,05-12-2025,2025-12-05T07:19:21.030659,2025-12-05T07:19:21.030659,KJN,MNMU,8.4,synthetic,55328_FBD_CNB_12,,
55328,05-12-2025,2025-12-05T07:26:20.127593,2025-12-05T07:26:20.127593,MNMU,ARL,7.3,synthetic,55328_FBD_CNB_13,,
55328,05-12-2025,2025-12-05T07:42:23.514834,2025-12-05T07:42:23.514834,ARL,BLU,6.4,synthetic,55328_FBD_CNB_14,,
55328,05-12-2025,2025-12-05T07:58:55.363350,2025-12-05T07:58:55.363350,BLU,DUO,5.9,synthetic,55328_FBD_CNB_15,,
55328,05-12-2025,2025-12-05T08:07:11.427015,2025-12-05T08:07:11.427015,DUO,UTP,5.2,synthetic,55328_FBD_CNB_16,,
55328,05-12-2025,2025-12-05T08:12:55.284314,2025-12-05T08:12:55.284314,UTP,BJR,4.9,synthetic,55328_FBD_CNB_17,,
55328,05-12-2025,2025-12-05T08:19:30.555882,2025-12-05T08:19:30.555882,BJR,CBR,4.5,synthetic,55328_FBD_CNB_18,,
55328,05-12-2025,2025-12-05T08:33:13.700294,2025-12-05T08:33:13.700294,CBR,MDA,4.2,synthetic,55328_FBD_CNB_19,,
55328,05-12-2025,2025-12-05T08:44:44.730265,2025-12-05T08:44:44.730265,MDA,KAP,3.7,synthetic,55328_FBD_CNB_20,,
55328,05-12-2025,2025-12-05T08:54:25.257238,2025-12-05T08:54:25.257238,KAP,RPO,3.4,synthetic,55328_FBD_CNB_21,,
55328,05-12-2025,2025-12-05T09:08:30.531514,2025-12-05T09:08:30.531514,RPO,CPA,3.5,synthetic,55328_FBD_CNB_22,,
55328,05-12-2025,2025-12-05T09:21:25.078363,2025-12-05T09:21:25.078363,CPA,CNB,3.4,synthetic,55328_FBD_CNB_23,,
55328,05-12-2025,2025-12-05T09:34:12.970527,2025-12-05T09:34:12.970527,CNB,,4.2,synthetic,55328_FBD_CNB_24,,
53350,20-06-2026,2026-06-20T06:09:51.600000,2026-06-20T06:09:51.600000,DOS,SEB,19.9,synthetic,53350_DOS_BRWD_0,,
53350,20-06-2026,2026-06-20T06:15:04.440000,2026-06-20T06:15:04.440000,SEB,BSYA,18.1,synthetic,53350_DOS_BRWD_1,,
53350,20-06-2026,2026-06-20T06:29:16.596000,2026-06-20T06:29:16.596000,BSYA,ANH,16.3,synthetic,53350_DOS_BRWD_2,,
53350,20-06-2026,2026-06-20T06:29:34.136400,2026-06-20T06:29:34.136400,ANH,BSYA,14.6,synthetic,53350_DOS_BRWD_3,,
53350,20-06-2026,2026-06-20T06:36:21.722760,2026-06-20T06:36:21.722760,BSYA,ANH,13.4,synthetic,53350_DOS_BRWD_4,,
53350,20-06-2026,2026-06-20T06:37:16.550484,2026-06-20T06:37:16.550484,ANH,NBG,12.3,synthetic,53350_DOS_BRWD_5,,
53350,20-06-2026,2026-06-20T06:43:13.695436,2026-06-20T06:43:13.695436,NBG,KYF,11.2,synthetic,53350_DOS_BRWD_6,,
53350,20-06-2026,2026-06-20T06:52:17.725892,2026-06-20T06:52:17.725892,KYF,JPL,10.3,synthetic,53350_DOS_BRWD_7,,
53350,20-06-2026,2026-06-20T07:01:12.353303,2026-06-20T07:01:12.353303,JPL,HDN,9.2,synthetic,53350_DOS_BRWD_8,,
53350,20-06-2026,2026-06-20T07:16:06.317973,2026-06-20T07:16:06.317973,HDN,KVQ,12.1,synthetic,53350_DOS_BRWD_9,,
53350,20-06-2026,2026-06-20T07:24:02.086175,2026-06-20T07:24:02.086175,KVQ,MDJ,11.0,synthetic,53350_DOS_BRWD_10,,
53350,20-06-2026,2026-06-20T07:32:10.877558,2026-06-20T07:32:10.877558,MDJ,SZF,10.2,synthetic,53350_DOS_BRWD_11,,
53350,20-06-2026,2026-06-20T07:42:16.389802,2026-06-20T07:42:16.389802,SZF,URD,9.3,synthetic,53350_DOS_BRWD_12,,
53350,20-06-2026,2026-06-20T07:52:23.150822,2026-06-20T07:52:23.150822,URD,SQS,8.4,synthetic,53350_DOS_BRWD_13,,
53350,20-06-2026,2026-06-20T08:06:27.435740,2026-06-20T08:06:27.435740,SQS,GHD,7.5,synthetic,53350_DOS_BRWD_14,,
53350,20-06-2026,2026-06-20T08:21:40.892166,2026-06-20T08:21:40.892166,GHD,TRZ,6.7,synthetic,53350_DOS_BRWD_15,,
53350,20-06-2026,2026-06-20T08:34:50.002949,2026-06-20T08:34:50.002949,TRZ,RHR,5.8,synthetic,53350_DOS_BRWD_16,,
53350,20-06-2026,2026-06-20T08:53:24.002654,2026-06-20T08:53:24.002654,RHR,KFT,5.4,synthetic,53350_DOS_BRWD_17,,
53350,20-06-2026,2026-06-20T09:00:52.802389,2026-06-20T09:00:52.802389,KFT,DTO,4.9,synthetic,53350_DOS_BRWD_18,,
53350,20-06-2026,2026-06-20T09:20:55.922150,2026-06-20T09:20:55.922150,DTO,CNF,10.9,synthetic,53350_DOS_BRWD_19,,
53350,20-06-2026,2026-06-20T09:32:55.729935,2026-06-20T09:32:55.729935,CNF,KCKI,9.9,synthetic,53350_DOS_BRWD_20,,
53350,20-06-2026,2026-06-20T09:40:56.156941,2026-06-20T09:40:56.156941,KCKI,BRWD,8.9,synthetic,53350_DOS_BRWD_21,,
53350,20-06-2026,2026-06-20T10:07:55.341247,2026-06-20T10:07:55.341247,BRWD,,7.9,synthetic,53350_DOS_BRWD_22,,
52969,01-10-2025,2025-10-01T16:57:35.400000,2025-10-01T16:57:35.400000,UJN,CNN,7.6,synthetic,52969_UJN_FTD_0,,
52969,01-10-2025,2025-10-01T17:14:23.460000,2025-10-01T17:14:23.460000,CNN,LOD,14.4,synthetic,52969_UJN_FTD_1,,
52969,01-10-2025,2025-10-01T17:31:24.114000,2025-10-01T17:31:24.114000,LOD,FTD,20.4,synthetic,52969_UJN_FTD_2,,
52969,01-10-2025,2025-10-01T17:48:34.302600,2025-10-01T17:48:34.302600,FTD,,18.6,synthetic,52969_UJN_FTD_3,,
52457,22-08-2026,2026-08-22T04:23:09,2026-08-22T04:23:09,KLK,TSL,23.1,synthetic,52457_KLK_SML_0,,
52457,22-08-2026,2026-08-22T04:49:23.100000,2026-08-22T04:49:23.100000,TSL,GMM,31.4,synthetic,52457_KLK_SML_1,,
52457,22-08-2026,2026-08-22T05:01:07.590000,2026-08-22T05:01:07.590000,GMM,KOTI,28.1,synthetic,52457_KLK_SML_2,,
52457,22-08-2026,2026-08-22T05:16:33.231000,2026-08-22T05:16:33.231000,KOTI,SWO,25.6,synthetic,52457_KLK_SML_3,,
52457,22-08-2026,2026-08-22T05:42:49.707900,2026-08-22T05:42:49.707900,SWO,DMP,22.8,synthetic,52457_KLK_SML_4,,
52457,22-08-2026,2026-08-22T05:59:29.137110,2026-08-22T05:59:29.137110,DMP,KMTI,20.5,synthetic,52457_KLK_SML_5,,
52457,22-08-2026,2026-08-22T06:18:26.223399,2026-08-22T06:18:26.223399,KMTI,BOF,18.4,synthetic,52457_KLK_SML_6,,
52457,22-08-2026,2026-08-22T06:31:42.801059,2026-08-22T06:31:42.801059,BOF,SOL,16.7,synthetic,52457_KLK_SML_7,,
52457,22-08-2026,2026-08-22T06:51:38.520953,2026-08-22T06:51:38.520953,SOL,SBY,14.6,synthetic,52457_KLK_SML_8,,
52457,22-08-2026,2026-08-22T06:58:19.068858,2026-08-22T06:58:19.068858,SBY,SLR,13.3,synthetic,52457_KLK_SML_9,,
52457,22-08-2026,2026-08-22T07:08:57.961972,2026-08-22T07:08:57.961972,SLR,KDZ,12.0,synthetic,52457_KLK_SML_10,,
52457,22-08-2026,2026-08-22T07:28:01.165775,2026-08-22T07:28:01.165775,KDZ,KANO,14.0,synthetic,52457_KLK_SML_11,,
52457,22-08-2026,2026-08-22T07:49:17.849197,2026-08-22T07:49:17.849197,KANO,KEJ,12.3,synthetic,52457_KLK_SML_12,,
52457,22-08-2026,2026-08-22T08:18:46.064278,2026-08-22T08:18:46.064278,KEJ,SGS,20.8,synthetic,52457_KLK_SML_13,,
52457,22-08-2026,2026-08-22T08:33:49.257850,2026-08-22T08:33:49.257850,SGS,TVI,18.8,synthetic,52457_KLK_SML_14,,
52457,22-08-2026,2026-08-22T08:51:40.132065,2026-08-22T08:51:40.132065,TVI,JTO,16.7,synthetic,52457_KLK_SML_15,,
52457,22-08-2026,2026-08-22T09:05:16.318858,2026-08-22T09:05:16.318858,JTO,SHZ,15.3,synthetic,52457_KLK_SML_16,,
52457,22-08-2026,2026-08-22T09:21:18.886973,2026-08-22T09:21:18.886973,SHZ,SML,19.3,synthetic,52457_KLK_SML_17,,
52457,22-08-2026,2026-08-22T09:37:13.398275,2026-08-22T09:37:13.398275,SML,,17.2,synthetic,52457_KLK_SML_18,,
54402,03-09-2026,2026-09-03T05:32:58.800000,2026-09-03T05:32:58.800000,MTC,NRNR,8.0,synthetic,54402_MTC_KRJ_0,,
54402,03-09-2026,2026-09-03T05:41:16.320000,2026-09-03T05:41:16.320000,NRNR,CXA,7.3,synthetic,54402_MTC_KRJ_1,,
54402,03-09-2026,2026-09-03T05:50:34.488000,2026-09-03T05:50:34.488000,CXA,KXK,6.6,synthetic,54402_MTC_KRJ_2,,
54402,03-09-2026,2026-09-03T06:05:03.439200,2026-09-03T06:05:03.439200,KXK,KALI,6.1,synthetic,54402_MTC_KRJ_3,,
54402,03-09-2026,2026-09-03T06:16:11.495280,2026-09-03T06:16:11.495280,KALI,HPU,7.2,synthetic,54402_MTC_KRJ_4,,
54402,03-09-2026,2026-09-03T06:48:48.745752,2026-09-03T06:48:48.745752,HPU,HZR,18.8,synthetic,54402_MTC_KRJ_5,,
54402,03-09-2026,2026-09-03T08:05:57.071177,2026-09-03T08:05:57.071177,HZR,GLH,25.0,synthetic,54402_MTC_KRJ_6,,
54402,03-09-2026,2026-09-03T08:16:18.964059,2026-09-03T08:16:18.964059,GLH,CHWT,22.3,synthetic,54402_MTC_KRJ_7,,
54402,03-09-2026,2026-09-03T08:24:13.467653,2026-09-03T08:24:13.467653,CHWT,BARL,20.2,synthetic,54402_MTC_KRJ_8,,
54402,03-09-2026,2026-09-03T08:38:45.720888,2026-09-03T08:38:45.720888,BARL,BSC,24.8,synthetic,54402_MTC_KRJ_9,,
54402,03-09-2026,2026-09-03T08:51:14.748799,2026-09-03T08:51:14.748799,BSC,MOM,22.2,synthetic,54402_MTC_KRJ_10,,
54402,03-09-2026,2026-09-03T09:04:12.673919,2026-09-03T09:04:12.673919,MOM,KJY,25.2,synthetic,54402_MTC_KRJ_11,,
54402,03-09-2026,2026-09-03T09:21:40.806527,2026-09-03T09:21:40.806527,KJY,KRJ,22.7,synthetic,54402_MTC_KRJ_12,,
54402,03-09-2026,2026-09-03T09:38:05.525875,2026-09-03T09:38:05.525875,KRJ,,23.1,synthetic,54402_MTC_KRJ_13,,
58662,23-10-2025,2025-10-23T04:40:36,2025-10-23T04:40:36,HTE,AOR,10.6,synthetic,58662_HTE_TATA_0,,
58662,23-10-2025,2025-10-23T04:49:37.800000,2025-10-23T04:49:37.800000,AOR,RNC,9.6,synthetic,58662_HTE_TATA_1,,
58662,23-10-2025,2025-10-23T04:53:33.420000,2025-10-23T04:53:33.420000,RNC,NKM,8.6,synthetic,58662_HTE_TATA_2,,
58662,23-10-2025,2025-10-23T05:06:54.678000,2025-10-23T05:06:54.678000,NKM,TIS,7.9,synthetic,58662_HTE_TATA_3,,
58662,23-10-2025,2025-10-23T05:16:12.610200,2025-10-23T05:16:12.610200,TIS,GAG,7.2,synthetic,58662_HTE_TATA_4,,
58662,23-10-2025,2025-10-23T05:26:50.949180,2025-10-23T05:26:50.949180,GAG,GATD,6.8,synthetic,58662_HTE_TATA_5,,
58662,23-10-2025,2025-10-23T05:38:51.854262,2025-10-23T05:38:51.854262,GATD,KITA,5.9,synthetic,58662_HTE_TATA_6,,
58662,23-10-2025,2025-10-23T05:57:07.068836,2025-10-23T05:57:07.068836,KITA,SLF,5.1,synthetic,58662_HTE_TATA_7,,
58662,23-10-2025,2025-10-23T06:07:18.961952,2025-10-23T06:07:18.961952,SLF,MURI,4.3,synthetic,58662_HTE_TATA_8,,
58662,23-10-2025,2025-10-23T06:18:41.665757,2025-10-23T06:18:41.665757,MURI,THO,3.7,synthetic,58662_HTE_TATA_9,,
58662,23-10-2025,2025-10-23T06:31:12.299181,2025-10-23T06:31:12.299181,THO,JAA,3.2,synthetic,58662_HTE_TATA_10,,
58662,23-10-2025,2025-10-23T06:52:19.469263,2025-10-23T06:52:19.469263,JAA,KSX,11.3,synthetic,58662_HTE_TATA_11,,
58662,23-10-2025,2025-10-23T07:07:22.322337,2025-10-23T07:07:22.322337,KSX,GUG,10.4,synthetic,58662_HTE_TATA_12,,
58662,23-10-2025,2025-10-23T07:13:27.890103,2025-10-23T07:13:27.890103,GUG,CAS,9.5,synthetic,58662_HTE_TATA_13,,
58662,23-10-2025,2025-10-23T07:19:41.301093,2025-10-23T07:19:41.301093,CAS,GTD,8.7,synthetic,58662_HTE_TATA_14,,
58662,23-10-2025,2025-10-23T07:22:56.370984,2025-10-23T07:22:56.370984,GTD,PRR,7.9,synthetic,58662_HTE_TATA_15,,
58662,23-10-2025,2025-10-23T07:44:11.133885,2025-10-23T07:44:11.133885,PRR,TAO,7.2,synthetic,58662_HTE_TATA_16,,
58662,23-10-2025,2025-10-23T07:53:29.220497,2025-10-23T07:53:29.220497,TAO,KTD,6.5,synthetic,58662_HTE_TATA_17,,
58662,23-10-2025,2025-10-23T08:00:55.698447,2025-10-23T08:00:55.698447,KTD,URMA,5.9,synthetic,58662_HTE_TATA_18,,
58662,23-10-2025,2025-10-23T08:08:07.528602,2025-10-23T08:08:07.528602,URMA,BBM,5.1,synthetic,58662_HTE_TATA_19,,
58662,23-10-2025,2025-10-23T08:16:38.575742,2025-10-23T08:16:38.575742,BBM,BRMD,4.6,synthetic,58662_HTE_TATA_20,,
58662,23-10-2025,2025-10-23T08:22:52.718168,2025-10-23T08:22:52.718168,BRMD,NIM,3.9,synthetic,58662_HTE_TATA_21,,
58662,23-10-2025,2025-10-23T08:30:48.046351,2025-10-23T08:30:48.046351,NIM,CNI,3.8,synthetic,58662_HTE_TATA_22,,
58662,23-10-2025,2025-10-23T08:51:09.641716,2025-10-23T08:51:09.641716,CNI,MIK,3.2,synthetic,58662_HTE_TATA_23,,
58662,23-10-2025,2025-10-23T09:12:56.077544,2025-10-23T09:12:56.077544,MIK,KZU,15.9,synthetic,58662_HTE_TATA_24,,
58662,23-10-2025,2025-10-23T09:18:31.269790,2025-10-23T09:18:31.269790,KZU,KND,14.5,synthetic,58662_HTE_TATA_25,,
58662,23-10-2025,2025-10-23T09:27:11.942811,2025-10-23T09:27:11.942811,KND,BIRP,13.2,synthetic,58662_HTE_TATA_26,,
58662,23-10-2025,2025-10-23T09:34:55.148530,2025-10-23T09:34:55.148530,BIRP,GMH,11.9,synthetic,58662_HTE_TATA_27,,
58662,23-10-2025,2025-10-23T09:42:50.833677,2025-10-23T09:42:50.833677,GMH,ADTP,10.8,synthetic,58662_HTE_TATA_28,,
58662,23-10-2025,2025-10-23T09:54:46.350309,2025-10-23T09:54:46.350309,ADTP,TATA,9.8,synthetic,58662_HTE_TATA_29,,
58662,23-10-2025,2025-10-23T10:39:11.115278,2025-10-23T10:39:11.115278,TATA,,9.2,synthetic,58662_HTE_TATA_30,,
52212,02-06-2026,2026-06-02T10:03:37.800000,2026-06-02T10:03:37.800000,LKKA,PBW,3.6,synthetic,52212_LKKA_BRY_0,,
52212,02-06-2026,2026-06-02T10:15:28.020000,2026-06-02T10:15:28.020000,PBW,KHH,3.5,synthetic,52212_LKKA_BRY_1,,
52212,02-06-2026,2026-06-02T10:28:58.218000,2026-06-02T10:28:58.218000,KHH,BHI,3.0,synthetic,52212_LKKA_BRY_2,,
52212,02-06-2026,2026-06-02T10:50:33.796200,2026-06-02T10:50:33.796200,BHI,RR,2.6,synthetic,52212_LKKA_BRY_3,,
52212,02-06-2026,2026-06-02T11:02:11.816580,2026-06-02T11:02:11.816580,RR,DRN,2.2,synthetic,52212_LKKA_BRY_4,,
52212,02-06-2026,2026-06-02T11:14:06.434922,2026-06-02T11:14:06.434922,DRN,AMA,2.1,synthetic,52212_LKKA_BRY_5,,
52212,02-06-2026,2026-06-02T11:34:46.591430,2026-06-02T11:34:46.591430,AMA,BPR,1.8,synthetic,52212_LKKA_BRY_6,,
52212,02-06-2026,2026-06-02T11:56:07.732287,2026-06-02T11:56:07.732287,BPR,DOX,2.1,synthetic,52212_LKKA_BRY_7,,
52212,02-06-2026,2026-06-02T12:02:50.159058,2026-06-02T12:02:50.159058,DOX,IZN,1.8,synthetic,52212_LKKA_BRY_8,,
52212,02-06-2026,2026-06-02T12:11:30.743152,2026-06-02T12:11:30.743152,IZN,BC,1.5,synthetic,52212_LKKA_BRY_9,,
52212,02-06-2026,2026-06-02T12:40:04.868837,2026-06-02T12:40:04.868837,BC,BRY,1.1,synthetic,52212_LKKA_BRY_10,,
52212,02-06-2026,2026-06-02T13:00:39.781953,2026-06-02T13:00:39.781953,BRY,,0.7,synthetic,52212_LKKA_BRY_11,,
55246,01-05-2026,2026-05-01T21:52:05.400000,2026-05-01T21:52:05.400000,SEE,HJP,7.1,synthetic,55246_SEE_BJU_0,,
55246,01-05-2026,2026-05-01T22:00:13.260000,2026-05-01T22:00:13.260000,HJP,AYRN,6.2,synthetic,55246_SEE_BJU_1,,
55246,01-05-2026,2026-05-01T22:19:46.134000,2026-05-01T22:19:46.134000,AYRN,CSR,5.8,synthetic,55246_SEE_BJU_2,,
55246,01-05-2026,2026-05-01T22:31:14.520600,2026-05-01T22:31:14.520600,CSR,DES,5.2,synthetic,55246_SEE_BJU_3,,
55246,01-05-2026,2026-05-01T23:08:44.268540,2026-05-01T23:08:44.268540,DES,SDG,15.7,synthetic,55246_SEE_BJU_4,,
55246,01-05-2026,2026-05-01T23:14:59.641686,2026-05-01T23:14:59.641686,SDG,MNO,14.0,synthetic,55246_SEE_BJU_5,,
55246,01-05-2026,2026-05-01T23:21:26.677517,2026-05-01T23:21:26.677517,MNO,SPP,12.4,synthetic,55246_SEE_BJU_6,,
55246,01-05-2026,2026-05-01T23:33:15.609766,2026-05-01T23:33:15.609766,SPP,NNNL,11.3,synthetic,55246_SEE_BJU_7,,
55246,01-05-2026,2026-05-01T23:42:48.848789,2026-05-01T23:42:48.848789,NNNL,MOG,9.8,synthetic,55246_SEE_BJU_8,,
55246,01-05-2026,2026-05-02T00:01:31.963910,2026-05-02T00:01:31.963910,MOG,HBP,20.5,synthetic,55246_SEE_BJU_9,,
55246,01-05-2026,2026-05-02T00:11:25.767519,2026-05-02T00:11:25.767519,HBP,VPN,18.4,synthetic,55246_SEE_BJU_10,,
55246,01-05-2026,2026-05-02T00:17:36.990767,2026-05-02T00:17:36.990767,VPN,BCA,16.6,synthetic,55246_SEE_BJU_11,,
55246,01-05-2026,2026-05-02T00:36:58.491691,2026-05-02T00:36:58.491691,BCA,TGA,15.0,synthetic,55246_SEE_BJU_12,,
55246,01-05-2026,2026-05-02T00:51:06.442521,2026-05-02T00:51:06.442521,TGA,BUJ,14.1,synthetic,55246_SEE_BJU_13,,
55246,01-05-2026,2026-05-02T00:58:04.598269,2026-05-02T00:58:04.598269,BUJ,BJU,13.1,synthetic,55246_SEE_BJU_14,,
55246,01-05-2026,2026-05-02T01:11:43.738442,2026-05-02T01:11:43.738442,BJU,,11.7,synthetic,55246_SEE_BJU_15,,
55017,17-08-2026,2026-08-17T17:32:27,2026-08-17T17:32:27,CPR,GTST,2.5,synthetic,55017_CPR_MAU_0,,
55017,17-08-2026,2026-08-17T17:43:24.300000,2026-08-17T17:43:24.300000,GTST,RVT,2.4,synthetic,55017_CPR_MAU_1,,
55017,17-08-2026,2026-08-17T17:48:24.270000,2026-08-17T17:48:24.270000,RVT,MHT,2.4,synthetic,55017_CPR_MAU_2,,
55017,17-08-2026,2026-08-17T17:56:43.443000,2026-08-17T17:56:43.443000,MHT,BKLA,1.7,synthetic,55017_CPR_MAU_3,,
55017,17-08-2026,2026-08-17T18:04:34.898700,2026-08-17T18:04:34.898700,BKLA,SIP,1.6,synthetic,55017_CPR_MAU_4,,
55017,17-08-2026,2026-08-17T18:13:36.208830,2026-08-17T18:13:36.208830,SIP,DCP,1.6,synthetic,55017_CPR_MAU_5,,
55017,17-08-2026,2026-08-17T18:22:09.787947,2026-08-17T18:22:09.787947,DCP,ROI,1.2,synthetic,55017_CPR_MAU_6,,
55017,17-08-2026,2026-08-17T18:31:10.609152,2026-08-17T18:31:10.609152,ROI,STW,1.2,synthetic,55017_CPR_MAU_7,,
55017,17-08-2026,2026-08-17T18:41:04.148237,2026-08-17T18:41:04.148237,STW,CATA,1.1,synthetic,55017_CPR_MAU_8,,
55017,17-08-2026,2026-08-17T18:51:40.933413,2026-08-17T18:51:40.933413,CATA,BCD,0.7,synthetic,55017_CPR_MAU_9,,
55017,17-08-2026,2026-08-17T19:20:30.240072,2026-08-17T19:20:30.240072,BCD,BUI,10.5,synthetic,55017_CPR_MAU_10,,
55017,17-08-2026,2026-08-17T19:39:33.216065,2026-08-17T19:39:33.216065,BUI,SVI,9.6,synthetic,55017_CPR_MAU_11,,
55017,17-08-2026,2026-08-17T20:02:39.494458,2026-08-17T20:02:39.494458,SVI,PEP,8.7,synthetic,55017_CPR_MAU_12,,
55017,17-08-2026,2026-08-17T20:11:03.145013,2026-08-17T20:11:03.145013,PEP,CHR,8.1,synthetic,55017_CPR_MAU_13,,
55017,17-08-2026,2026-08-17T20:28:13.630511,2026-08-17T20:28:13.630511,CHR,RSR,7.2,synthetic,55017_CPR_MAU_14,,
55017,17-08-2026,2026-08-17T20:53:06.867460,2026-08-17T20:53:06.867460,RSR,RJMP,6.1,synthetic,55017_CPR_MAU_15,,
55017,17-08-2026,2026-08-17T21:02:23.580714,2026-08-17T21:02:23.580714,RJMP,RTP,5.4,synthetic,55017_CPR_MAU_16,,
55017,17-08-2026,2026-08-17T21:09:42.822643,2026-08-17T21:09:42.822643,RTP,HLP,4.7,synthetic,55017_CPR_MAU_17,,
55017,17-08-2026,2026-08-17T21:20:58.340378,2026-08-17T21:20:58.340378,HLP,IAA,4.0,synthetic,55017_CPR_MAU_18,,
55017,17-08-2026,2026-08-17T21:33:42.906341,2026-08-17T21:33:42.906341,IAA,MAU,3.7,synthetic,55017_CPR_MAU_19,,
55017,17-08-2026,2026-08-17T22:43:44.015707,2026-08-17T22:43:44.015707,MAU,,3.7,synthetic,55017_CPR_MAU_20,,
53154,30-05-2026,2026-05-30T11:38:31.200000,2026-05-30T11:38:31.200000,LGL,KRP,8.5,synthetic,53154_LGL_RHA_0,,
53154,30-05-2026,2026-05-30T11:48:38.880000,2026-05-30T11:48:38.880000,KRP,PRTL,14.6,synthetic,53154_LGL_RHA_1,,
53154,30-05-2026,2026-05-30T12:00:20.592000,2026-05-30T12:00:20.592000,PRTL,BQG,20.3,synthetic,53154_LGL_RHA_2,,
53154,30-05-2026,2026-05-30T12:06:02.932800,2026-05-30T12:06:02.932800,BQG,SBNM,19.0,synthetic,53154_LGL_RHA_3,,
53154,30-05-2026,2026-05-30T12:18:14.639520,2026-05-30T12:18:14.639520,SBNM,JJG,17.2,synthetic,53154_LGL_RHA_4,,
53154,30-05-2026,2026-05-30T12:23:20.975568,2026-05-30T12:23:20.975568,JJG,MBB,15.3,synthetic,53154_LGL_RHA_5,,
53154,30-05-2026,2026-05-30T12:31:51.278011,2026-05-30T12:31:51.278011,MBB,CSZ,13.9,synthetic,53154_LGL_RHA_6,,
53154,30-05-2026,2026-05-30T12:37:11.350210,2026-05-30T12:37:11.350210,CSZ,BPC,12.2,synthetic,53154_LGL_RHA_7,,
53154,30-05-2026,2026-05-30T12:43:06.015189,2026-05-30T12:43:06.015189,BPC,NBPH,11.1,synthetic,53154_LGL_RHA_8,,
53154,30-05-2026,2026-05-30T12:50:44.413670,2026-05-30T12:50:44.413670,NBPH,SGV,9.7,synthetic,53154_LGL_RHA_9,,
53154,30-05-2026,2026-05-30T12:55:50.172303,2026-05-30T12:55:50.172303,SGV,BFT,8.8,synthetic,53154_LGL_RHA_10,,
53154,30-05-2026,2026-05-30T13:00:42.155073,2026-05-30T13:00:42.155073,BFT,BEB,7.7,synthetic,53154_LGL_RHA_11,,
53154,30-05-2026,2026-05-30T13:08:25.339566,2026-05-30T13:08:25.339566,BEB,REJ,7.4,synthetic,53154_LGL_RHA_12,,
53154,30-05-2026,2026-05-30T13:25:13.205609,2026-05-30T13:25:13.205609,REJ,SRJN,10.2,synthetic,53154_LGL_RHA_13,,
53154,30-05-2026,2026-05-30T13:29:47.285048,2026-05-30T13:29:47.285048,SRJN,PLY,8.8,synthetic,53154_LGL_RHA_14,,
53154,30-05-2026,2026-05-30T13:35:49.756543,2026-05-30T13:35:49.756543,PLY,PCX,7.8,synthetic,53154_LGL_RHA_15,,
53154,30-05-2026,2026-05-30T13:42:09.380889,2026-05-30T13:42:09.380889,PCX,DEB,7.2,synthetic,53154_LGL_RHA_16,,
53154,30-05-2026,2026-05-30T13:48:34.242800,2026-05-30T13:48:34.242800,DEB,SVH,6.6,synthetic,53154_LGL_RHA_17,,
53154,30-05-2026,2026-05-30T13:55:47.018520,2026-05-30T13:55:47.018520,SVH,BTY,5.8,synthetic,53154_LGL_RHA_18,,
53154,30-05-2026,2026-05-30T14:01:34.516668,2026-05-30T14:01:34.516668,BTY,MGM,5.6,synthetic,53154_LGL_RHA_19,,
53154,30-05-2026,2026-05-30T14:30:51.465001,2026-05-30T14:30:51.465001,MGM,DHU,24.9,synthetic,53154_LGL_RHA_20,,
53154,30-05-2026,2026-05-30T14:35:02.518501,2026-05-30T14:35:02.518501,DHU,BPD,22.0,synthetic,53154_LGL_RHA_21,,
53154,30-05-2026,2026-05-30T14:40:09.466651,2026-05-30T14:40:09.466651,BPD,KNJ,20.2,synthetic,53154_LGL_RHA_22,,
53154,30-05-2026,2026-05-30T15:00:15.719986,2026-05-30T15:00:15.719986,KNJ,JKL,18.3,synthetic,53154_LGL_RHA_23,,
53154,30-05-2026,2026-05-30T15:05:12.947987,2026-05-30T15:05:12.947987,JKL,BDZ,16.2,synthetic,53154_LGL_RHA_24,,
53154,30-05-2026,2026-05-30T15:07:45.853189,2026-05-30T15:07:45.853189,BDZ,THP,14.8,synthetic,53154_LGL_RHA_25,,
53154,30-05-2026,2026-05-30T15:13:23.267870,2026-05-30T15:13:23.267870,THP,BIJ,13.4,synthetic,53154_LGL_RHA_26,,
53154,30-05-2026,2026-05-30T15:17:13.141083,2026-05-30T15:17:13.141083,BIJ,KLNP,12.2,synthetic,53154_LGL_RHA_27,,
53154,30-05-2026,2026-05-30T15:22:05.826974,2026-05-30T15:22:05.826974,KLNP,RHA,11.1,synthetic,53154_LGL_RHA_28,,
53154,30-05-2026,2026-05-30T15:35:04.644277,2026-05-30T15:35:04.644277,RHA,,10.1,synthetic,53154_LGL_RHA_29,,
37658,06-08-2026,2026-08-06T11:12:16.200000,2026-08-06T11:12:16.200000,MYM,BGF,2.3,synthetic,37658_MYM_HWH_0,,
37658,06-08-2026,2026-08-06T11:15:04.380000,2026-08-06T11:15:04.380000,BGF,DBP,2.1,synthetic,37658_MYM_HWH_1,,
37658,06-08-2026,2026-08-06T11:17:58.542000,2026-08-06T11:17:58.542000,DBP,BOI,2.0,synthetic,37658_MYM_HWH_2,,
37658,06-08-2026,2026-08-06T11:22:52.087800,2026-08-06T11:22:52.087800,BOI,BCGM,1.9,synthetic,37658_MYM_HWH_3,,
37658,06-08-2026,2026-08-06T11:25:48.079020,2026-08-06T11:25:48.079020,BCGM,SLG,1.8,synthetic,37658_MYM_HWH_4,,
37658,06-08-2026,2026-08-06T11:27:54.671118,2026-08-06T11:27:54.671118,SLG,PDA,1.9,synthetic,37658_MYM_HWH_5,,
37658,06-08-2026,2026-08-06T11:32:45.604006,2026-08-06T11:32:45.604006,PDA,KHN,1.8,synthetic,37658_MYM_HWH_6,,
37658,06-08-2026,2026-08-06T11:36:58.443606,2026-08-06T11:36:58.443606,KHN,TLO,2.0,synthetic,37658_MYM_HWH_7,,
37658,06-08-2026,2026-08-06T11:41:34.599245,2026-08-06T11:41:34.599245,TLO,MUG,1.6,synthetic,37658_MYM_HWH_8,,
37658,06-08-2026,2026-08-06T11:45:26.339321,2026-08-06T11:45:26.339321,MUG,ADST,1.4,synthetic,37658_MYM_HWH_9,,
37658,06-08-2026,2026-08-06T11:48:15.905388,2026-08-06T11:48:15.905388,ADST,BDC,1.3,synthetic,37658_MYM_HWH_10,,
37658,06-08-2026,2026-08-06T12:09:56.914850,2026-08-06T12:09:56.914850,BDC,HGY,0.9,synthetic,37658_MYM_HWH_11,,
37658,06-08-2026,2026-08-06T12:12:05.023365,2026-08-06T12:12:05.023365,HGY,CNS,1.1,synthetic,37658_MYM_HWH_12,,
37658,06-08-2026,2026-08-06T12:14:04.521028,2026-08-06T12:14:04.521028,CNS,CGR,1.1,synthetic,37658_MYM_HWH_13,,
37658,06-08-2026,2026-08-06T12:17:50.268925,2026-08-06T12:17:50.268925,CGR,MUU,0.8,synthetic,37658_MYM_HWH_14,,
37658,06-08-2026,2026-08-06T12:20:54.242033,2026-08-06T12:20:54.242033,MUU,BHR,1.9,synthetic,37658_MYM_HWH_15,,
37658,06-08-2026,2026-08-06T12:22:59.617830,2026-08-06T12:22:59.617830,BHR,BBAE,2.0,synthetic,37658_MYM_HWH_16,,
37658,06-08-2026,2026-08-06T12:25:07.456047,2026-08-06T12:25:07.456047,BBAE,SHE,2.1,synthetic,37658_MYM_HWH_17,,
37658,06-08-2026,2026-08-06T12:26:06.710442,2026-08-06T12:26:06.710442,SHE,SRP,2.1,synthetic,37658_MYM_HWH_18,,
37658,06-08-2026,2026-08-06T12:36:27.039398,2026-08-06T12:36:27.039398,SRP,RIS,9.5,synthetic,37658_MYM_HWH_19,,
37658,06-08-2026,2026-08-06T12:39:32.135458,2026-08-06T12:39:32.135458,RIS,KOG,8.5,synthetic,37658_MYM_HWH_20,,
37658,06-08-2026,2026-08-06T12:41:35.521912,2026-08-06T12:41:35.521912,KOG,HMZ,7.6,synthetic,37658_MYM_HWH_21,,
37658,06-08-2026,2026-08-06T12:43:00.169721,2026-08-06T12:43:00.169721,HMZ,UPA,7.0,synthetic,37658_MYM_HWH_22,,
37658,06-08-2026,2026-08-06T12:44:12.752749,2026-08-06T12:44:12.752749,UPA,BLY,6.2,synthetic,37658_MYM_HWH_23,,
37658,06-08-2026,2026-08-06T12:49:31.277474,2026-08-06T12:49:31.277474,BLY,BEQ,5.5,synthetic,37658_MYM_HWH_24,,
37658,06-08-2026,2026-08-06T12:57:09.549727,2026-08-06T12:57:09.549727,BEQ,LLH,5.2,synthetic,37658_MYM_HWH_25,,
37658,06-08-2026,2026-08-06T13:02:36.194754,2026-08-06T13:02:36.194754,LLH,HWH,4.6,synthetic,37658_MYM_HWH_26,,
37658,06-08-2026,2026-08-06T13:19:00.175279,2026-08-06T13:19:00.175279,HWH,,4.0,synthetic,37658_MYM_HWH_27,,
53348,16-03-2026,2026-03-16T06:01:03.600000,2026-03-16T06:01:03.600000,BRWD,CPDR,11.1,synthetic,53348_BRWD_GMO_0,,
53348,16-03-2026,2026-03-16T06:09:42.240000,2026-03-16T06:09:42.240000,CPDR,KMND,9.7,synthetic,53348_BRWD_GMO_1,,
53348,16-03-2026,2026-03-16T06:30:22.416000,2026-03-16T06:30:22.416000,KMND,BFQ,8.4,synthetic,53348_BRWD_GMO_2,,
53348,16-03-2026,2026-03-16T06:38:19.574400,2026-03-16T06:38:19.574400,BFQ,LTHR,7.3,synthetic,53348_BRWD_GMO_3,,
53348,16-03-2026,2026-03-16T06:44:38.016960,2026-03-16T06:44:38.016960,LTHR,DEMU,6.6,synthetic,53348_BRWD_GMO_4,,
53348,16-03-2026,2026-03-16T06:52:47.415264,2026-03-16T06:52:47.415264,DEMU,RCGT,5.8,synthetic,53348_BRWD_GMO_5,,
53348,16-03-2026,2026-03-16T07:01:14.473738,2026-03-16T07:01:14.473738,RCGT,CTQ,5.2,synthetic,53348_BRWD_GMO_6,,
53348,16-03-2026,2026-03-16T07:11:41.226364,2026-03-16T07:11:41.226364,CTQ,TORI,4.7,synthetic,53348_BRWD_GMO_7,,
53348,16-03-2026,2026-03-16T07:21:39.503727,2026-03-16T07:21:39.503727,TORI,MMLN,4.7,synthetic,53348_BRWD_GMO_8,,
53348,16-03-2026,2026-03-16T07:33:03.753355,2026-03-16T07:33:03.753355,MMLN,MGME,4.1,synthetic,53348_BRWD_GMO_9,,
53348,16-03-2026,2026-03-16T07:49:59.178019,2026-03-16T07:49:59.178019,MGME,KLRE,4.0,synthetic,53348_BRWD_GMO_10,,
53348,16-03-2026,2026-03-16T08:00:34.060217,2026-03-16T08:00:34.060217,KLRE,RAY,3.6,synthetic,53348_BRWD_GMO_11,,
53348,16-03-2026,2026-03-16T08:13:03.054196,2026-03-16T08:13:03.054196,RAY,HNDR,3.1,synthetic,53348_BRWD_GMO_12,,
53348,16-03-2026,2026-03-16T08:31:39.348776,2026-03-16T08:31:39.348776,HNDR,TKS,2.7,synthetic,53348_BRWD_GMO_13,,
53348,16-03-2026,2026-03-16T09:06:09.613898,2026-03-16T09:06:09.613898,TKS,PTRU,24.2,synthetic,53348_BRWD_GMO_14,,
53348,16-03-2026,2026-03-16T09:13:54.852509,2026-03-16T09:13:54.852509,PTRU,BHKD,21.9,synthetic,53348_BRWD_GMO_15,,
53348,16-03-2026,2026-03-16T09:23:32.567258,2026-03-16T09:23:32.567258,BHKD,BRKA,19.5,synthetic,53348_BRWD_GMO_16,,
53348,16-03-2026,2026-03-16T09:47:49.710532,2026-03-16T09:47:49.710532,BRKA,ARGD,17.8,synthetic,53348_BRWD_GMO_17,,
53348,16-03-2026,2026-03-16T10:23:01.539479,2026-03-16T10:23:01.539479,ARGD,RRME,16.0,synthetic,53348_BRWD_GMO_18,,
53348,16-03-2026,2026-03-16T10:31:06.785531,2026-03-16T10:31:06.785531,RRME,CNPR,14.1,synthetic,53348_BRWD_GMO_19,,
53348,16-03-2026,2026-03-16T10:48:14.506978,2026-03-16T10:48:14.506978,CNPR,DNEA,12.2,synthetic,53348_BRWD_GMO_20,,
53348,16-03-2026,2026-03-16T11:07:27.456280,2026-03-16T11:07:27.456280,DNEA,DMBR,11.5,synthetic,53348_BRWD_GMO_21,,
53348,16-03-2026,2026-03-16T11:48:27.110652,2026-03-16T11:48:27.110652,DMBR,GMIA,10.5,synthetic,53348_BRWD_GMO_22,,
53348,16-03-2026,2026-03-16T12:10:11.799587,2026-03-16T12:10:11.799587,GMIA,BKRO,9.2,synthetic,53348_BRWD_GMO_23,,
53348,16-03-2026,2026-03-16T12:35:32.819628,2026-03-16T12:35:32.819628,BKRO,JAN,24.5,synthetic,53348_BRWD_GMO_24,,
53348,16-03-2026,2026-03-16T12:43:08.537665,2026-03-16T12:43:08.537665,JAN,BRMO,22.1,synthetic,53348_BRWD_GMO_25,,
53348,16-03-2026,2026-03-16T12:48:47.283899,2026-03-16T12:48:47.283899,BRMO,AMLO,19.8,synthetic,53348_BRWD_GMO_26,,
53348,16-03-2026,2026-03-16T12:52:53.355509,2026-03-16T12:52:53.355509,AMLO,PUS,17.9,synthetic,53348_BRWD_GMO_27,,
53348,16-03-2026,2026-03-16T12:57:58.819958,2026-03-16T12:57:58.819958,PUS,BHME,16.0,synthetic,53348_BRWD_GMO_28,,
53348,16-03-2026,2026-03-16T13:07:19.937962,2026-03-16T13:07:19.937962,BHME,CRP,14.3,synthetic,53348_BRWD_GMO_29,,
53348,16-03-2026,2026-03-16T13:16:53.944166,2026-03-16T13:16:53.944166,CRP,TELO,12.9,synthetic,53348_BRWD_GMO_30,,
53348,16-03-2026,2026-03-16T13:30:16.149749,2026-03-16T13:30:16.149749,TELO,GMO,11.3,synthetic,53348_BRWD_GMO_31,,
53348,16-03-2026,2026-03-16T14:00:20.534774,2026-03-16T14:00:20.534774,GMO,,10.3,synthetic,53348_BRWD_GMO_32,,
40053,07-05-2026,2026-05-07T10:28:02.400000,2026-05-07T10:28:02.400000,MSB,MSF,5.0,synthetic,40053_MSB_TBM_0,,
40053,07-05-2026,2026-05-07T10:30:29.160000,2026-05-07T10:30:29.160000,MSF,MPKT,4.5,synthetic,40053_MSB_TBM_1,,
40053,07-05-2026,2026-05-07T10:31:52.044000,2026-05-07T10:31:52.044000,MPKT,MPK,3.9,synthetic,40053_MSB_TBM_2,,
40053,07-05-2026,2026-05-07T10:32:34.839600,2026-05-07T10:32:34.839600,MPK,MS,3.6,synthetic,40053_MSB_TBM_3,,
40053,07-05-2026,2026-05-07T10:47:01.955640,2026-05-07T10:47:01.955640,MS,MSC,15.0,synthetic,40053_MSB_TBM_4,,
40053,07-05-2026,2026-05-07T10:48:29.360076,2026-05-07T10:48:29.360076,MSC,NBK,13.5,synthetic,40053_MSB_TBM_5,,
40053,07-05-2026,2026-05-07T10:49:49.224068,2026-05-07T10:49:49.224068,NBK,MKK,11.8,synthetic,40053_MSB_TBM_6,,
40053,07-05-2026,2026-05-07T10:50:54.501662,2026-05-07T10:50:54.501662,MKK,MBM,10.9,synthetic,40053_MSB_TBM_7,,
40053,07-05-2026,2026-05-07T10:51:46.651495,2026-05-07T10:51:46.651495,MBM,SP,9.8,synthetic,40053_MSB_TBM_8,,
40053,07-05-2026,2026-05-07T10:53:55.186346,2026-05-07T10:53:55.186346,SP,GDY,8.9,synthetic,40053_MSB_TBM_9,,
40053,07-05-2026,2026-05-07T10:55:52.067711,2026-05-07T10:55:52.067711,GDY,STM,7.9,synthetic,40053_MSB_TBM_10,,
40053,07-05-2026,2026-05-07T10:58:18.060940,2026-05-07T10:58:18.060940,STM,PZA,7.3,synthetic,40053_MSB_TBM_11,,
40053,07-05-2026,2026-05-07T11:00:19.854846,2026-05-07T11:00:19.854846,PZA,MN,6.3,synthetic,40053_MSB_TBM_12,,
40053,07-05-2026,2026-05-07T11:03:34.069362,2026-05-07T11:03:34.069362,MN,TLM,5.6,synthetic,40053_MSB_TBM_13,,
40053,07-05-2026,2026-05-07T11:04:07.862425,2026-05-07T11:04:07.862425,TLM,PV,5.1,synthetic,40053_MSB_TBM_14,,
40053,07-05-2026,2026-05-07T11:06:29.876183,2026-05-07T11:06:29.876183,PV,CMP,4.5,synthetic,40053_MSB_TBM_15,,
40053,07-05-2026,2026-05-07T11:09:06.488565,2026-05-07T11:09:06.488565,CMP,TBMS,4.1,synthetic,40053_MSB_TBM_16,,
40053,07-05-2026,2026-05-07T11:11:31.039708,2026-05-07T11:11:31.039708,TBMS,TBM,3.5,synthetic,40053_MSB_TBM_17,,
40053,07-05-2026,2026-05-07T11:20:56.135737,2026-05-07T11:20:56.135737,TBM,,2.9,synthetic,40053_MSB_TBM_18,,
14706,06-02-2026,2026-02-06T16:21:38.400000,2026-02-06T16:21:38.400000,SDLP,HR,11.6,synthetic,14706_SDLP_DEE_0,,
14706,06-02-2026,2026-02-06T16:37:35.160000,2026-02-06T16:37:35.160000,HR,RMB,10.6,synthetic,14706_SDLP_DEE_1,,
14706,06-02-2026,2026-02-06T16:45:15.444000,2026-02-06T16:45:15.444000,RMB,PVZ,9.3,synthetic,14706_SDLP_DEE_2,,
14706,06-02-2026,2026-02-06T16:48:22.899600,2026-02-06T16:48:22.899600,PVZ,LHU,8.4,synthetic,14706_SDLP_DEE_3,,
14706,06-02-2026,2026-02-06T16:57:29.609640,2026-02-06T16:57:29.609640,LHU,SAWN,7.5,synthetic,14706_SDLP_DEE_4,,
14706,06-02-2026,2026-02-06T17:07:54.248676,2026-02-06T17:07:54.248676,SAWN,STNL,6.9,synthetic,14706_SDLP_DEE_5,,
14706,06-02-2026,2026-02-06T17:15:15.223808,2026-02-06T17:15:15.223808,STNL,ZP,6.3,synthetic,14706_SDLP_DEE_6,,
14706,06-02-2026,2026-02-06T17:27:36.501428,2026-02-06T17:27:36.501428,ZP,MHRG,5.6,synthetic,14706_SDLP_DEE_7,,
14706,06-02-2026,2026-02-06T17:33:16.051285,2026-02-06T17:33:16.051285,MHRG,BJWS,5.3,synthetic,14706_SDLP_DEE_8,,
14706,06-02-2026,2026-02-06T17:47:18.646156,2026-02-06T17:47:18.646156,BJWS,KNNK,4.3,synthetic,14706_SDLP_DEE_9,,
14706,06-02-2026,2026-02-06T17:52:32.981541,2026-02-06T17:52:32.981541,KNNK,DZB,3.5,synthetic,14706_SDLP_DEE_10,,
14706,06-02-2026,2026-02-06T18:03:02.083387,2026-02-06T18:03:02.083387,DZB,NNU,3.0,synthetic,14706_SDLP_DEE_11,,
14706,06-02-2026,2026-02-06T18:29:04.875048,2026-02-06T18:29:04.875048,NNU,RE,13.1,synthetic,14706_SDLP_DEE_12,,
14706,06-02-2026,2026-02-06T18:41:07.387543,2026-02-06T18:41:07.387543,RE,KWMD,11.1,synthetic,14706_SDLP_DEE_13,,
14706,06-02-2026,2026-02-06T18:49:03.048789,2026-02-06T18:49:03.048789,KWMD,KIP,10.1,synthetic,14706_SDLP_DEE_14,,
14706,06-02-2026,2026-02-06T18:53:21.943910,2026-02-06T18:53:21.943910,KIP,IHP,9.4,synthetic,14706_SDLP_DEE_15,,
14706,06-02-2026,2026-02-06T18:59:46.749519,2026-02-06T18:59:46.749519,IHP,PTRD,8.8,synthetic,14706_SDLP_DEE_16,,
14706,06-02-2026,2026-02-06T19:09:10.274567,2026-02-06T19:09:10.274567,PTRD,JSKA,14.2,synthetic,14706_SDLP_DEE_17,,
14706,06-02-2026,2026-02-06T19:13:23.047110,2026-02-06T19:13:23.047110,JSKA,TJNR,12.4,synthetic,14706_SDLP_DEE_18,,
14706,06-02-2026,2026-02-06T19:14:07.542399,2026-02-06T19:14:07.542399,TJNR,PT,11.1,synthetic,14706_SDLP_DEE_19,,
14706,06-02-2026,2026-02-06T19:14:46.388159,2026-02-06T19:14:46.388159,PT,GHH,9.8,synthetic,14706_SDLP_DEE_20,,
14706,06-02-2026,2026-02-06T19:18:39.349343,2026-02-06T19:18:39.349343,GHH,BDXT,8.7,synthetic,14706_SDLP_DEE_21,,
14706,06-02-2026,2026-02-06T19:22:01.214409,2026-02-06T19:22:01.214409,BDXT,GGN,8.0,synthetic,14706_SDLP_DEE_22,,
14706,06-02-2026,2026-02-06T19:24:01.092968,2026-02-06T19:24:01.092968,GGN,BWSN,7.0,synthetic,14706_SDLP_DEE_23,,
14706,06-02-2026,2026-02-06T19:40:07.583671,2026-02-06T19:40:07.583671,BWSN,SMDP,6.1,synthetic,14706_SDLP_DEE_24,,
14706,06-02-2026,2026-02-06T19:48:57.225304,2026-02-06T19:48:57.225304,SMDP,PM,8.0,synthetic,14706_SDLP_DEE_25,,
14706,06-02-2026,2026-02-06T19:55:56.902774,2026-02-06T19:55:56.902774,PM,DEC,6.9,synthetic,14706_SDLP_DEE_26,,
14706,06-02-2026,2026-02-06T20:02:59.012496,2026-02-06T20:02:59.012496,DEC,KRTN,6.0,synthetic,14706_SDLP_DEE_27,,
14706,06-02-2026,2026-02-06T20:19:06.911247,2026-02-06T20:19:06.911247,KRTN,PTNR,5.1,synthetic,14706_SDLP_DEE_28,,
14706,06-02-2026,2026-02-06T20:20:44.020122,2026-02-06T20:20:44.020122,PTNR,DBSI,4.7,synthetic,14706_SDLP_DEE_29,,
14706,06-02-2026,2026-02-06T20:25:24.618110,2026-02-06T20:25:24.618110,DBSI,DEE,4.4,synthetic,14706_SDLP_DEE_30,,
14706,06-02-2026,2026-02-06T20:28:40.756299,2026-02-06T20:28:40.756299,DEE,,3.7,synthetic,14706_SDLP_DEE_31,,
52083,05-11-2025,2025-11-05T10:25:55.800000,2025-11-05T10:25:55.800000,JP,DKBJ,15.9,synthetic,52083_JP_LHU_0,,
52083,05-11-2025,2025-11-05T10:29:59.820000,2025-11-05T10:29:59.820000,DKBJ,NDH,14.0,synthetic,52083_JP_LHU_1,,
52083,05-11-2025,2025-11-05T10:41:40.038000,2025-11-05T10:41:40.038000,NDH,BHG,12.7,synthetic,52083_JP_LHU_2,,
52083,05-11-2025,2025-11-05T10:55:38.434200,2025-11-05T10:55:38.434200,BHG,COM,11.6,synthetic,52083_JP_LHU_3,,
52083,05-11-2025,2025-11-05T11:02:37.590780,2025-11-05T11:02:37.590780,COM,LHW,10.6,synthetic,52083_JP_LHU_4,,
52083,05-11-2025,2025-11-05T11:12:58.431702,2025-11-05T11:12:58.431702,LHW,GND,10.0,synthetic,52083_JP_LHU_5,,
52083,05-11-2025,2025-11-05T11:22:54.988532,2025-11-05T11:22:54.988532,GND,COD,8.9,synthetic,52083_JP_LHU_6,,
52083,05-11-2025,2025-11-05T11:33:35.689679,2025-11-05T11:33:35.689679,COD,RGS,7.6,synthetic,52083_JP_LHU_7,,
52083,05-11-2025,2025-11-05T11:45:14.120711,2025-11-05T11:45:14.120711,RGS,SNTH,7.2,synthetic,52083_JP_LHU_8,,
52083,05-11-2025,2025-11-05T12:06:36.108640,2025-11-05T12:06:36.108640,SNTH,BOTI,6.6,synthetic,52083_JP_LHU_9,,
52083,05-11-2025,2025-11-05T12:13:47.497776,2025-11-05T12:13:47.497776,BOTI,PLSN,5.8,synthetic,52083_JP_LHU_10,,
52083,05-11-2025,2025-11-05T12:27:13.947998,2025-11-05T12:27:13.947998,PLSN,RNIS,5.2,synthetic,52083_JP_LHU_11,,
52083,05-11-2025,2025-11-05T12:38:58.153198,2025-11-05T12:38:58.153198,RNIS,GIO,5.0,synthetic,52083_JP_LHU_12,,
52083,05-11-2025,2025-11-05T12:47:35.537878,2025-11-05T12:47:35.537878,GIO,SIKR,4.6,synthetic,52083_JP_LHU_13,,
52083,05-11-2025,2025-11-05T13:39:35.584091,2025-11-05T13:39:35.584091,SIKR,JDD,4.6,synthetic,52083_JP_LHU_14,,
52083,05-11-2025,2025-11-05T14:02:51.825682,2025-11-05T14:02:51.825682,JDD,NWH,3.9,synthetic,52083_JP_LHU_15,,
52083,05-11-2025,2025-11-05T14:24:18.443113,2025-11-05T14:24:18.443113,NWH,BWPL,3.3,synthetic,52083_JP_LHU_16,,
52083,05-11-2025,2025-11-05T14:39:05.198802,2025-11-05T14:39:05.198802,BWPL,DOB,3.1,synthetic,52083_JP_LHU_17,,
52083,05-11-2025,2025-11-05T14:56:41.278922,2025-11-05T14:56:41.278922,DOB,BOX,2.7,synthetic,52083_JP_LHU_18,,
52083,05-11-2025,2025-11-05T15:13:17.951030,2025-11-05T15:13:17.951030,BOX,NUA,2.3,synthetic,52083_JP_LHU_19,,
52083,05-11-2025,2025-11-05T15:32:22.155927,2025-11-05T15:32:22.155927,NUA,JJN,2.4,synthetic,52083_JP_LHU_20,,
52083,05-11-2025,2025-11-05T15:52:01.340334,2025-11-05T15:52:01.340334,JJN,RSH,2.0,synthetic,52083_JP_LHU_21,,
52083,05-11-2025,2025-11-05T16:15:46.206301,2025-11-05T16:15:46.206301,RSH,NRKE,1.8,synthetic,52083_JP_LHU_22,,
52083,05-11-2025,2025-11-05T16:30:54.785671,2025-11-05T16:30:54.785671,NRKE,CRWA,1.9,synthetic,52083_JP_LHU_23,,
52083,05-11-2025,2025-11-05T16:43:36.107104,2025-11-05T16:43:36.107104,CRWA,SRGH,1.6,synthetic,52083_JP_LHU_24,,
52083,05-11-2025,2025-11-05T17:13:28.896393,2025-11-05T17:13:28.896393,SRGH,BOTR,1.5,synthetic,52083_JP_LHU_25,,
52083,05-11-2025,2025-11-05T17:41:44.606754,2025-11-05T17:41:44.606754,BOTR,LHU,8.7,synthetic,52083_JP_LHU_26,,
52083,05-11-2025,2025-11-05T18:07:49.746078,2025-11-05T18:07:49.746078,LHU,,7.8,synthetic,52083_JP_LHU_27,,
56136,24-03-2026,2026-03-24T07:14:42.600000,2026-03-24T07:14:42.600000,MTP,HLG,4.7,synthetic,56136_MTP_UAM_0,,
56136,24-03-2026,2026-03-24T08:49:30.540000,2026-03-24T08:49:30.540000,HLG,ONR,4.5,synthetic,56136_MTP_UAM_1,,
56136,24-03-2026,2026-03-24T10:34:07.686000,2026-03-24T10:34:07.686000,ONR,WEL,4.1,synthetic,56136_MTP_UAM_2,,
56136,24-03-2026,2026-03-24T10:50:48.917400,2026-03-24T10:50:48.917400,WEL,AVK,3.8,synthetic,56136_MTP_UAM_3,,
56136,24-03-2026,2026-03-24T11:02:48.825660,2026-03-24T11:02:48.825660,AVK,KXT,3.8,synthetic,56136_MTP_UAM_4,,
56136,24-03-2026,2026-03-24T11:22:47.543094,2026-03-24T11:22:47.543094,KXT,LOV,3.8,synthetic,56136_MTP_UAM_5,,
56136,24-03-2026,2026-03-24T11:42:18.188785,2026-03-24T11:42:18.188785,LOV,UAM,3.3,synthetic,56136_MTP_UAM_6,,
56136,24-03-2026,2026-03-24T12:03:01.969906,2026-03-24T12:03:01.969906,UAM,,3.0,synthetic,56136_MTP_UAM_7,,
58809,05-07-2026,2026-07-05T07:38:28.800000,2026-07-05T07:38:28.800000,RTK,AMDI,8.5,synthetic,58809_RTK_ITR_0,,
58809,05-07-2026,2026-07-05T07:46:28.320000,2026-07-05T07:46:28.320000,AMDI,DKU,7.5,synthetic,58809_RTK_ITR_1,,
58809,05-07-2026,2026-07-05T07:51:16.488000,2026-07-05T07:51:16.488000,DKU,KNHN,6.3,synthetic,58809_RTK_ITR_2,,
58809,05-07-2026,2026-07-05T08:07:47.839200,2026-07-05T08:07:47.839200,KNHN,KP,5.8,synthetic,58809_RTK_ITR_3,,
58809,05-07-2026,2026-07-05T08:16:24.455280,2026-07-05T08:16:24.455280,KP,KAV,5.4,synthetic,58809_RTK_ITR_4,,
58809,05-07-2026,2026-07-05T08:30:02.209752,2026-07-05T08:30:02.209752,KAV,ITR,5.0,synthetic,58809_RTK_ITR_5,,
58809,05-07-2026,2026-07-05T08:49:45.788777,2026-07-05T08:49:45.788777,ITR,,4.8,synthetic,58809_RTK_ITR_6,,
38633,21-03-2026,2026-03-21T18:30:54,2026-03-21T18:30:54,HWH,TPKR,5.9,synthetic,38633_HWH_KGP_0,,
38633,21-03-2026,2026-03-21T18:37:23.400000,2026-03-21T18:37:23.400000,TPKR,DSNR,5.4,synthetic,38633_HWH_KGP_1,,
38633,21-03-2026,2026-03-21T18:41:06.660000,2026-03-21T18:41:06.660000,DSNR,RMJ,5.1,synthetic,38633_HWH_KGP_2,,
38633,21-03-2026,2026-03-21T18:43:18.594000,2026-03-21T18:43:18.594000,RMJ,SRC,4.3,synthetic,38633_HWH_KGP_3,,
38633,21-03-2026,2026-03-21T18:46:50.334600,2026-03-21T18:46:50.334600,SRC,MRGM,3.8,synthetic,38633_HWH_KGP_4,,
38633,21-03-2026,2026-03-21T18:50:38.701140,2026-03-21T18:50:38.701140,MRGM,ADL,3.6,synthetic,38633_HWH_KGP_5,,
38633,21-03-2026,2026-03-21T18:53:22.831026,2026-03-21T18:53:22.831026,ADL,SEL,3.4,synthetic,38633_HWH_KGP_6,,
38633,21-03-2026,2026-03-21T18:58:01.347923,2026-03-21T18:58:01.347923,SEL,ABB,3.0,synthetic,38633_HWH_KGP_7,,
38633,21-03-2026,2026-03-21T19:00:55.213131,2026-03-21T19:00:55.213131,ABB,NALR,2.9,synthetic,38633_HWH_KGP_8,,
38633,21-03-2026,2026-03-21T19:03:41.891818,2026-03-21T19:03:41.891818,NALR,BVA,2.7,synthetic,38633_HWH_KGP_9,,
38633,21-03-2026,2026-03-21T19:07:35.902636,2026-03-21T19:07:35.902636,BVA,CGA,2.6,synthetic,38633_HWH_KGP_10,,
38633,21-03-2026,2026-03-21T19:11:19.112373,2026-03-21T19:11:19.112373,CGA,FLR,2.3,synthetic,38633_HWH_KGP_11,,
38633,21-03-2026,2026-03-21T19:18:40.001135,2026-03-21T19:18:40.001135,FLR,ULB,5.7,synthetic,38633_HWH_KGP_12,,
38633,21-03-2026,2026-03-21T19:22:24.001022,2026-03-21T19:22:24.001022,ULB,BSBP,5.4,synthetic,38633_HWH_KGP_13,,
38633,21-03-2026,2026-03-21T19:26:54.600920,2026-03-21T19:26:54.600920,BSBP,KGY,4.9,synthetic,38633_HWH_KGP_14,,
38633,21-03-2026,2026-03-21T19:30:32.340828,2026-03-21T19:30:32.340828,KGY,BZN,4.5,synthetic,38633_HWH_KGP_15,,
38633,21-03-2026,2026-03-21T19:35:42.306745,2026-03-21T19:35:42.306745,BZN,GGTA,3.7,synthetic,38633_HWH_KGP_16,,
38633,21-03-2026,2026-03-21T19:38:23.076070,2026-03-21T19:38:23.076070,GGTA,DTE,3.4,synthetic,38633_HWH_KGP_17,,
38633,21-03-2026,2026-03-21T19:42:10.568463,2026-03-21T19:42:10.568463,DTE,KIG,3.2,synthetic,38633_HWH_KGP_18,,
38633,21-03-2026,2026-03-21T19:46:01.711617,2026-03-21T19:46:01.711617,KIG,MCA,3.0,synthetic,38633_HWH_KGP_19,,
38633,21-03-2026,2026-03-21T19:49:33.940455,2026-03-21T19:49:33.940455,MCA,NDGJ,2.6,synthetic,38633_HWH_KGP_20,,
38633,21-03-2026,2026-03-21T19:50:58.146410,2026-03-21T19:50:58.146410,NDGJ,BOP,2.0,synthetic,38633_HWH_KGP_21,,
38633,21-03-2026,2026-03-21T20:13:20.531769,2026-03-21T20:13:20.531769,BOP,NPMR,18.3,synthetic,38633_HWH_KGP_22,,
38633,21-03-2026,2026-03-21T20:21:46.678592,2026-03-21T20:21:46.678592,NPMR,PKU,21.8,synthetic,38633_HWH_KGP_23,,
38633,21-03-2026,2026-03-21T20:25:01.210733,2026-03-21T20:25:01.210733,PKU,KHAI,20.0,synthetic,38633_HWH_KGP_24,,
38633,21-03-2026,2026-03-21T20:30:01.689659,2026-03-21T20:30:01.689659,KHAI,HAUR,18.0,synthetic,38633_HWH_KGP_25,,
38633,21-03-2026,2026-03-21T20:33:11.120694,2026-03-21T20:33:11.120694,HAUR,RDU,16.2,synthetic,38633_HWH_KGP_26,,
38633,21-03-2026,2026-03-21T20:36:42.408624,2026-03-21T20:36:42.408624,RDU,DUAN,14.7,synthetic,38633_HWH_KGP_27,,
38633,21-03-2026,2026-03-21T20:39:20.167762,2026-03-21T20:39:20.167762,DUAN,BCK,13.3,synthetic,38633_HWH_KGP_28,,
38633,21-03-2026,2026-03-21T20:47:03.750986,2026-03-21T20:47:03.750986,BCK,SMCK,17.1,synthetic,38633_HWH_KGP_29,,
38633,21-03-2026,2026-03-21T20:50:09.375887,2026-03-21T20:50:09.375887,SMCK,MPD,15.2,synthetic,38633_HWH_KGP_30,,
38633,21-03-2026,2026-03-21T20:55:52.838298,2026-03-21T20:55:52.838298,MPD,JPR,13.9,synthetic,38633_HWH_KGP_31,,
38633,21-03-2026,2026-03-21T21:00:35.554468,2026-03-21T21:00:35.554468,JPR,KGP,12.6,synthetic,38633_HWH_KGP_32,,
38633,21-03-2026,2026-03-21T21:21:00.799022,2026-03-21T21:21:00.799022,KGP,,11.0,synthetic,38633_HWH_KGP_33,,
52964,29-03-2026,2026-03-29T20:34:06,2026-03-29T20:34:06,MHOW,HKH,4.1,synthetic,52964_MHOW_RTM_0,,
52964,29-03-2026,2026-03-29T20:39:00.600000,2026-03-29T20:39:00.600000,HKH,RAU,4.0,synthetic,52964_MHOW_RTM_1,,
52964,29-03-2026,2026-03-29T20:50:00.540000,2026-03-29T20:50:00.540000,RAU,RJQ,3.0,synthetic,52964_MHOW_RTM_2,,
52964,29-03-2026,2026-03-29T21:04:43.686000,2026-03-29T21:04:43.686000,RJQ,LKMN,2.7,synthetic,52964_MHOW_RTM_3,,
52964,29-03-2026,2026-03-29T21:32:11.717400,2026-03-29T21:32:11.717400,LKMN,SFNR,16.2,synthetic,52964_MHOW_RTM_4,,
52964,29-03-2026,2026-03-29T21:36:24.945660,2026-03-29T21:36:24.945660,SFNR,INDM,16.4,synthetic,52964_MHOW_RTM_5,,
52964,29-03-2026,2026-03-29T21:44:50.051094,2026-03-29T21:44:50.051094,INDM,LMNR,14.8,synthetic,52964_MHOW_RTM_6,,
52964,29-03-2026,2026-03-29T22:04:28.245985,2026-03-29T22:04:28.245985,LMNR,PLA,13.5,synthetic,52964_MHOW_RTM_7,,
52964,29-03-2026,2026-03-29T22:19:22.421386,2026-03-29T22:19:22.421386,PLA,BLDK,12.4,synthetic,52964_MHOW_RTM_8,,
52964,29-03-2026,2026-03-29T22:29:47.179248,2026-03-29T22:29:47.179248,BLDK,AJN,13.8,synthetic,52964_MHOW_RTM_9,,
52964,29-03-2026,2026-03-29T22:36:05.261323,2026-03-29T22:36:05.261323,AJN,FTD,12.1,synthetic,52964_MHOW_RTM_10,,
52964,29-03-2026,2026-03-29T22:51:49.135190,2026-03-29T22:51:49.135190,FTD,OSRA,10.8,synthetic,52964_MHOW_RTM_11,,
52964,29-03-2026,2026-03-29T23:00:31.021671,2026-03-29T23:00:31.021671,OSRA,GPX,9.5,synthetic,52964_MHOW_RTM_12,,
52964,29-03-2026,2026-03-29T23:10:20.119504,2026-03-29T23:10:20.119504,GPX,PJH,8.3,synthetic,52964_MHOW_RTM_13,,
52964,29-03-2026,2026-03-29T23:23:33.107554,2026-03-29T23:23:33.107554,PJH,BNG,7.6,synthetic,52964_MHOW_RTM_14,,
52964,29-03-2026,2026-03-29T23:34:32.796798,2026-03-29T23:34:32.796798,BNG,SNBD,6.5,synthetic,52964_MHOW_RTM_15,,
52964,29-03-2026,2026-03-29T23:41:47.517119,2026-03-29T23:41:47.517119,SNBD,RNJ,5.8,synthetic,52964_MHOW_RTM_16,,
52964,29-03-2026,2026-03-29T23:55:10.965407,2026-03-29T23:55:10.965407,RNJ,PRNG,5.2,synthetic,52964_MHOW_RTM_17,,
52964,29-03-2026,2026-03-30T00:03:53.068866,2026-03-30T00:03:53.068866,PRNG,NGW,4.9,synthetic,52964_MHOW_RTM_18,,
52964,29-03-2026,2026-03-30T00:15:29.161979,2026-03-30T00:15:29.161979,NGW,RTM,4.5,synthetic,52964_MHOW_RTM_19,,
52964,29-03-2026,2026-03-30T00:57:37.045782,2026-03-30T00:57:37.045782,RTM,,7.6,synthetic,52964_MHOW_RTM_20,,
55028,11-06-2026,2026-06-11T17:17:39.600000,2026-06-11T17:17:39.600000,GD,BRCK,7.7,synthetic,55028_GD_GKP_0,,
55028,11-06-2026,2026-06-11T17:25:51.240000,2026-06-11T17:25:51.240000,BRCK,MOTG,6.9,synthetic,55028_GD_GKP_1,,
55028,11-06-2026,2026-06-11T17:33:31.716000,2026-06-11T17:33:31.716000,MOTG,JLHI,6.5,synthetic,55028_GD_GKP_2,,
55028,11-06-2026,2026-06-11T17:40:40.544400,2026-06-11T17:40:40.544400,JLHI,MUR,5.7,synthetic,55028_GD_GKP_3,,
55028,11-06-2026,2026-06-11T17:50:04.689960,2026-06-11T17:50:04.689960,MUR,LKNR,5.1,synthetic,55028_GD_GKP_4,,
55028,11-06-2026,2026-06-11T17:56:38.420964,2026-06-11T17:56:38.420964,LKNR,MSW,4.6,synthetic,55028_GD_GKP_5,,
55028,11-06-2026,2026-06-11T18:05:13.578868,2026-06-11T18:05:13.578868,MSW,SNC,4.2,synthetic,55028_GD_GKP_6,,
55028,11-06-2026,2026-06-11T18:12:47.620981,2026-06-11T18:12:47.620981,SNC,BNGY,3.8,synthetic,55028_GD_GKP_7,,
55028,11-06-2026,2026-06-11T18:17:59.658883,2026-06-11T18:17:59.658883,BNGY,BV,4.0,synthetic,55028_GD_GKP_8,,
55028,11-06-2026,2026-06-11T18:28:10.492994,2026-06-11T18:28:10.492994,BV,GAUR,3.2,synthetic,55028_GD_GKP_9,,
55028,11-06-2026,2026-06-11T18:48:46.043695,2026-06-11T18:48:46.043695,GAUR,TH,2.8,synthetic,55028_GD_GKP_10,,
55028,11-06-2026,2026-06-11T18:57:17.439326,2026-06-11T18:57:17.439326,TH,GOVR,2.3,synthetic,55028_GD_GKP_11,,
55028,11-06-2026,2026-06-11T19:07:09.695393,2026-06-11T19:07:09.695393,GOVR,BST,2.2,synthetic,55028_GD_GKP_12,,
55028,11-06-2026,2026-06-11T19:22:00.325854,2026-06-11T19:22:00.325854,BST,ORW,2.0,synthetic,55028_GD_GKP_13,,
55028,11-06-2026,2026-06-11T19:32:49.493268,2026-06-11T19:32:49.493268,ORW,MND,1.8,synthetic,55028_GD_GKP_14,,
55028,11-06-2026,2026-06-11T19:40:16.943941,2026-06-11T19:40:16.943941,MND,CRV,1.3,synthetic,55028_GD_GKP_15,,
55028,11-06-2026,2026-06-11T19:50:04.449547,2026-06-11T19:50:04.449547,CRV,KLD,1.1,synthetic,55028_GD_GKP_16,,
55028,11-06-2026,2026-06-11T20:02:53.804593,2026-06-11T20:02:53.804593,KLD,MHH,5.9,synthetic,55028_GD_GKP_17,,
55028,11-06-2026,2026-06-11T20:12:23.824133,2026-06-11T20:12:23.824133,MHH,SIPR,5.4,synthetic,55028_GD_GKP_18,,
55028,11-06-2026,2026-06-11T20:18:29.241720,2026-06-11T20:18:29.241720,SIPR,SWA,4.5,synthetic,55028_GD_GKP_19,,
55028,11-06-2026,2026-06-11T20:28:55.717548,2026-06-11T20:28:55.717548,SWA,JTB,3.9,synthetic,55028_GD_GKP_20,,
55028,11-06-2026,2026-06-11T20:47:28.545793,2026-06-11T20:47:28.545793,JTB,DMG,3.5,synthetic,55028_GD_GKP_21,,
55028,11-06-2026,2026-06-11T21:22:11.891214,2026-06-11T21:22:11.891214,DMG,GKP,3.2,synthetic,55028_GD_GKP_22,,
55028,11-06-2026,2026-06-11T21:47:38.902092,2026-06-11T21:47:38.902092,GKP,,2.6,synthetic,55028_GD_GKP_23,,
59357,18-10-2025,2025-10-18T09:10:28.800000,2025-10-18T09:10:28.800000,BXN,BAMA,0.5,synthetic,59357_BXN_JAB_0,,
59357,18-10-2025,2025-10-18T09:16:26.520000,2025-10-18T09:16:26.520000,BAMA,BR,0.4,synthetic,59357_BXN_JAB_1,,
59357,18-10-2025,2025-10-18T09:24:13.068000,2025-10-18T09:24:13.068000,BR,NGLT,0.2,synthetic,59357_BXN_JAB_2,,
59357,18-10-2025,2025-10-18T09:33:25.561200,2025-10-18T09:33:25.561200,NGLT,BIQ,0.4,synthetic,59357_BXN_JAB_3,,
59357,18-10-2025,2025-10-18T09:44:15.205080,2025-10-18T09:44:15.205080,BIQ,DXK,0.3,synthetic,59357_BXN_JAB_4,,
59357,18-10-2025,2025-10-18T09:55:43.684572,2025-10-18T09:55:43.684572,DXK,RBS,0.7,synthetic,59357_BXN_JAB_5,,
59357,18-10-2025,2025-10-18T10:08:49.516115,2025-10-18T10:08:49.516115,RBS,AED,0.8,synthetic,59357_BXN_JAB_6,,
59357,18-10-2025,2025-10-18T10:19:28.964503,2025-10-18T10:19:28.964503,AED,FTS,3.5,synthetic,59357_BXN_JAB_7,,
59357,18-10-2025,2025-10-18T10:32:22.468053,2025-10-18T10:32:22.468053,FTS,SNPR,3.4,synthetic,59357_BXN_JAB_8,,
59357,18-10-2025,2025-10-18T10:54:48.421248,2025-10-18T10:54:48.421248,SNPR,KLB,10.8,synthetic,59357_BXN_JAB_9,,
59357,18-10-2025,2025-10-18T11:07:18.979123,2025-10-18T11:07:18.979123,KLB,MIQ,15.3,synthetic,59357_BXN_JAB_10,,
59357,18-10-2025,2025-10-18T11:18:16.481211,2025-10-18T11:18:16.481211,MIQ,PTLI,18.3,synthetic,59357_BXN_JAB_11,,
59357,18-10-2025,2025-10-18T11:28:22.633090,2025-10-18T11:28:22.633090,PTLI,IDH,16.4,synthetic,59357_BXN_JAB_12,,
59357,18-10-2025,2025-10-18T11:46:29.969781,2025-10-18T11:46:29.969781,IDH,AF,14.5,synthetic,59357_BXN_JAB_13,,
59357,18-10-2025,2025-10-18T12:01:50.372803,2025-10-18T12:01:50.372803,AF,JAB,12.8,synthetic,59357_BXN_JAB_14,,
59357,18-10-2025,2025-10-18T12:31:26.135522,2025-10-18T12:31:26.135522,JAB,,21.4,synthetic,59357_BXN_JAB_15,,
63569,13-05-2026,2026-05-13T17:34:36,2026-05-13T17:34:36,ASN,BCQ,9.6,synthetic,63569_ASN_JSME_0,,
63569,13-05-2026,2026-05-13T17:39:20.400000,2026-05-13T17:39:20.400000,BCQ,STN,8.3,synthetic,63569_ASN_JSME_1,,
63569,13-05-2026,2026-05-13T17:45:30.960000,2026-05-13T17:45:30.960000,STN,SLS,7.5,synthetic,63569_ASN_JSME_2,,
63569,13-05-2026,2026-05-13T17:50:51.264000,2026-05-13T17:50:51.264000,SLS,RNPR,6.9,synthetic,63569_ASN_JSME_3,,
63569,13-05-2026,2026-05-13T17:56:52.137600,2026-05-13T17:56:52.137600,RNPR,CRJ,5.9,synthetic,63569_ASN_JSME_4,,
63569,13-05-2026,2026-05-13T18:03:24.723840,2026-05-13T18:03:24.723840,CRJ,JMT,5.4,synthetic,63569_ASN_JSME_5,,
63569,13-05-2026,2026-05-13T18:16:11.451456,2026-05-13T18:16:11.451456,JMT,KEE,5.2,synthetic,63569_ASN_JSME_6,,
63569,13-05-2026,2026-05-13T18:24:17.506310,2026-05-13T18:24:17.506310,KEE,VDS,4.3,synthetic,63569_ASN_JSME_7,,
63569,13-05-2026,2026-05-13T18:31:48.155679,2026-05-13T18:31:48.155679,VDS,MNC,3.8,synthetic,63569_ASN_JSME_8,,
63569,13-05-2026,2026-05-13T18:40:26.540111,2026-05-13T18:40:26.540111,MNC,JRW,3.4,synthetic,63569_ASN_JSME_9,,
63569,13-05-2026,2026-05-13T18:46:28.686100,2026-05-13T18:46:28.686100,JRW,MDP,3.5,synthetic,63569_ASN_JSME_10,,
63569,13-05-2026,2026-05-13T18:56:14.417490,2026-05-13T18:56:14.417490,MDP,MUW,3.2,synthetic,63569_ASN_JSME_11,,
63569,13-05-2026,2026-05-13T19:14:59.175741,2026-05-13T19:14:59.175741,MUW,SNQ,8.0,synthetic,63569_ASN_JSME_12,,
63569,13-05-2026,2026-05-13T19:22:13.658167,2026-05-13T19:22:13.658167,SNQ,KBQ,7.2,synthetic,63569_ASN_JSME_13,,
63569,13-05-2026,2026-05-13T19:30:17.092350,2026-05-13T19:30:17.092350,KBQ,JSME,10.3,synthetic,63569_ASN_JSME_14,,
63569,13-05-2026,2026-05-13T19:49:14.183115,2026-05-13T19:49:14.183115,JSME,,9.2,synthetic,63569_ASN_JSME_15,,
63217,02-10-2025,2025-10-02T06:13:22.800000,2025-10-02T06:13:22.800000,MKA,MOR,8.4,synthetic,63217_MKA_DNR_0,,
63217,02-10-2025,2025-10-02T06:26:34.320000,2025-10-02T06:26:34.320000,MOR,KNHP,7.6,synthetic,63217_MKA_DNR_1,,
63217,02-10-2025,2025-10-02T06:31:49.488000,2025-10-02T06:31:49.488000,KNHP,MMKB,6.8,synthetic,63217_MKA_DNR_2,,
63217,02-10-2025,2025-10-02T06:34:27.739200,2025-10-02T06:34:27.739200,MMKB,PHK,6.5,synthetic,63217_MKA_DNR_3,,
63217,02-10-2025,2025-10-02T06:37:32.765280,2025-10-02T06:37:32.765280,PHK,BARH,5.5,synthetic,63217_MKA_DNR_4,,
63217,02-10-2025,2025-10-02T06:55:07.888752,2025-10-02T06:55:07.888752,BARH,ATL,5.1,synthetic,63217_MKA_DNR_5,,
63217,02-10-2025,2025-10-02T07:05:30.499877,2025-10-02T07:05:30.499877,ATL,BKP,4.5,synthetic,63217_MKA_DNR_6,,
63217,02-10-2025,2025-10-02T07:16:49.649889,2025-10-02T07:16:49.649889,BKP,TKBG,3.8,synthetic,63217_MKA_DNR_7,,
63217,02-10-2025,2025-10-02T07:28:24.284900,2025-10-02T07:28:24.284900,TKBG,KWO,3.4,synthetic,63217_MKA_DNR_8,,
63217,02-10-2025,2025-10-02T07:35:18.856410,2025-10-02T07:35:18.856410,KWO,SMBH,3.3,synthetic,63217_MKA_DNR_9,,
63217,02-10-2025,2025-10-02T07:38:37.370769,2025-10-02T07:38:37.370769,SMBH,KOO,2.6,synthetic,63217_MKA_DNR_10,,
63217,02-10-2025,2025-10-02T07:45:10.233692,2025-10-02T07:45:10.233692,KOO,HDE,2.2,synthetic,63217_MKA_DNR_11,,
63217,02-10-2025,2025-10-02T07:55:08.610323,2025-10-02T07:55:08.610323,HDE,FUT,2.1,synthetic,63217_MKA_DNR_12,,
63217,02-10-2025,2025-10-02T07:58:50.949291,2025-10-02T07:58:50.949291,FUT,BKG,1.8,synthetic,63217_MKA_DNR_13,,
63217,02-10-2025,2025-10-02T08:06:42.854362,2025-10-02T08:06:42.854362,BKG,PTG,1.7,synthetic,63217_MKA_DNR_14,,
63217,02-10-2025,2025-10-02T08:11:34.368925,2025-10-02T08:11:34.368925,PTG,PNC,2.6,synthetic,63217_MKA_DNR_15,,
63217,02-10-2025,2025-10-02T08:19:23.132033,2025-10-02T08:19:23.132033,PNC,GZH,2.4,synthetic,63217_MKA_DNR_16,,
63217,02-10-2025,2025-10-02T08:25:55.618830,2025-10-02T08:25:55.618830,GZH,RJPB,1.9,synthetic,63217_MKA_DNR_17,,
63217,02-10-2025,2025-10-02T08:36:47.656947,2025-10-02T08:36:47.656947,RJPB,PNBE,1.8,synthetic,63217_MKA_DNR_18,,
63217,02-10-2025,2025-10-02T08:46:42.891252,2025-10-02T08:46:42.891252,PNBE,PWS,1.7,synthetic,63217_MKA_DNR_19,,
63217,02-10-2025,2025-10-02T09:18:42.202127,2025-10-02T09:18:42.202127,PWS,DNR,1.7,synthetic,63217_MKA_DNR_20,,
63217,02-10-2025,2025-10-02T09:31:38.581914,2025-10-02T09:31:38.581914,DNR,,1.6,synthetic,63217_MKA_DNR_21,,
55032,12-10-2025,2025-10-12T17:00:14.400000,2025-10-12T17:00:14.400000,LJN,ASH,10.2,synthetic,55032_LJN_GD_0,,
55032,12-10-2025,2025-10-12T17:09:17.760000,2025-10-12T17:09:17.760000,ASH,LC,9.3,synthetic,55032_LJN_GD_1,,
55032,12-10-2025,2025-10-12T17:24:30.384000,2025-10-12T17:24:30.384000,LC,DAL,8.5,synthetic,55032_LJN_GD_2,,
55032,12-10-2025,2025-10-12T17:27:29.145600,2025-10-12T17:27:29.145600,DAL,BNZ,7.5,synthetic,55032_LJN_GD_3,,
55032,12-10-2025,2025-10-12T17:35:52.631040,2025-10-12T17:35:52.631040,BNZ,GTNR,6.9,synthetic,55032_LJN_GD_4,,
55032,12-10-2025,2025-10-12T17:44:51.567936,2025-10-12T17:44:51.567936,GTNR,ML,5.9,synthetic,55032_LJN_GD_5,,
55032,12-10-2025,2025-10-12T17:51:17.611142,2025-10-12T17:51:17.611142,ML,JRR,5.3,synthetic,55032_LJN_GD_6,,
55032,12-10-2025,2025-10-12T17:58:03.250028,2025-10-12T17:58:03.250028,JRR,SFH,5.1,synthetic,55032_LJN_GD_7,,
55032,12-10-2025,2025-10-12T18:04:44.325025,2025-10-12T18:04:44.325025,SFH,BBK,4.7,synthetic,55032_LJN_GD_8,,
55032,12-10-2025,2025-10-12T18:19:14.692523,2025-10-12T18:19:14.692523,BBK,JBR,4.2,synthetic,55032_LJN_GD_9,,
55032,12-10-2025,2025-10-12T18:33:21.623271,2025-10-12T18:33:21.623271,JBR,RFR,7.4,synthetic,55032_LJN_GD_10,,
55032,12-10-2025,2025-10-12T18:40:51.860943,2025-10-12T18:40:51.860943,RFR,BUR,6.9,synthetic,55032_LJN_GD_11,,
55032,12-10-2025,2025-10-12T18:49:52.074849,2025-10-12T18:49:52.074849,BUR,BUW,5.9,synthetic,55032_LJN_GD_12,,
55032,12-10-2025,2025-10-12T19:00:00.067364,2025-10-12T19:00:00.067364,BUW,CKG,5.0,synthetic,55032_LJN_GD_13,,
55032,12-10-2025,2025-10-12T19:06:21.060628,2025-10-12T19:06:21.060628,CKG,GHT,4.4,synthetic,55032_LJN_GD_14,,
55032,12-10-2025,2025-10-12T19:12:50.754565,2025-10-12T19:12:50.754565,GHT,JLD,3.8,synthetic,55032_LJN_GD_15,,
55032,12-10-2025,2025-10-12T19:20:36.079109,2025-10-12T19:20:36.079109,JLD,SUJ,3.6,synthetic,55032_LJN_GD_16,,
55032,12-10-2025,2025-10-12T19:32:21.671198,2025-10-12T19:32:21.671198,SUJ,CLJ,3.4,synthetic,55032_LJN_GD_17,,
55032,12-10-2025,2025-10-12T19:47:02.104078,2025-10-12T19:47:02.104078,CLJ,KSR,3.0,synthetic,55032_LJN_GD_18,,
55032,12-10-2025,2025-10-12T19:54:35.493670,2025-10-12T19:54:35.493670,KSR,MIR,2.6,synthetic,55032_LJN_GD_19,,
55032,12-10-2025,2025-10-12T20:20:54.144303,2025-10-12T20:20:54.144303,MIR,KTHL,6.9,synthetic,55032_LJN_GD_20,,
55032,12-10-2025,2025-10-12T20:27:24.729873,2025-10-12T20:27:24.729873,KTHL,GDK,6.4,synthetic,55032_LJN_GD_21,,
55032,12-10-2025,2025-10-12T20:41:38.456886,2025-10-12T20:41:38.456886,GDK,GD,5.6,synthetic,55032_LJN_GD_22,,
55032,12-10-2025,2025-10-12T21:25:05.211197,2025-10-12T21:25:05.211197,GD,,5.1,synthetic,55032_LJN_GD_23,,
58126,30-10-2025,2025-10-30T19:19:38.400000,2025-10-30T19:19:38.400000,SBP,SBPD,4.6,synthetic,58126_SBP_JSG_0,,
58126,30-10-2025,2025-10-30T19:24:32.160000,2025-10-30T19:24:32.160000,SBPD,SSN,4.5,synthetic,58126_SBP_JSG_1,,
58126,30-10-2025,2025-10-30T19:32:12.144000,2025-10-30T19:32:12.144000,SSN,RGL,4.2,synthetic,58126_SBP_JSG_2,,
58126,30-10-2025,2025-10-30T19:48:58.329600,2025-10-30T19:48:58.329600,RGL,LPG,4.0,synthetic,58126_SBP_JSG_3,,
58126,30-10-2025,2025-10-30T19:57:42.896640,2025-10-30T19:57:42.896640,LPG,BXQ,3.7,synthetic,58126_SBP_JSG_4,,
58126,30-10-2025,2025-10-30T20:07:03.206976,2025-10-30T20:07:03.206976,BXQ,JSG,3.1,synthetic,58126_SBP_JSG_5,,
58126,30-10-2025,2025-10-30T20:37:24.486278,2025-10-30T20:37:24.486278,JSG,,2.4,synthetic,58126_SBP_JSG_6,,
64450,21-08-2026,2026-08-21T18:03:23.400000,2026-08-21T18:03:23.400000,NDLS,CSB,13.4,synthetic,64450_NDLS_GZB_0,,
64450,21-08-2026,2026-08-21T18:07:55.860000,2026-08-21T18:07:55.860000,CSB,TKJ,11.9,synthetic,64450_NDLS_GZB_1,,
64450,21-08-2026,2026-08-21T18:10:32.874000,2026-08-21T18:10:32.874000,TKJ,ANVR,10.5,synthetic,64450_NDLS_GZB_2,,
64450,21-08-2026,2026-08-21T18:19:17.586600,2026-08-21T18:19:17.586600,ANVR,ANVT,9.3,synthetic,64450_NDLS_GZB_3,,
64450,21-08-2026,2026-08-21T18:19:42.227940,2026-08-21T18:19:42.227940,ANVT,CNJ,8.7,synthetic,64450_NDLS_GZB_4,,
64450,21-08-2026,2026-08-21T18:22:01.405146,2026-08-21T18:22:01.405146,CNJ,SBB,8.0,synthetic,64450_NDLS_GZB_5,,
64450,21-08-2026,2026-08-21T18:26:12.664631,2026-08-21T18:26:12.664631,SBB,GZB,7.2,synthetic,64450_NDLS_GZB_6,,
64450,21-08-2026,2026-08-21T18:41:35.998168,2026-08-21T18:41:35.998168,GZB,,6.6,synthetic,64450_NDLS_GZB_7,,
55907,19-11-2025,2025-11-19T16:24:36,2025-11-19T16:24:36,DBRT,CKW,9.6,synthetic,55907_DBRT_LEDO_0,,
55907,19-11-2025,2025-11-19T16:33:45,2025-11-19T16:33:45,CKW,LHL,8.8,synthetic,55907_DBRT_LEDO_1,,
55907,19-11-2025,2025-11-19T16:43:05.700000,2025-11-19T16:43:05.700000,LHL,DKM,8.1,synthetic,55907_DBRT_LEDO_2,,
55907,19-11-2025,2025-11-19T16:54:59.130000,2025-11-19T16:54:59.130000,DKM,CHB,7.0,synthetic,55907_DBRT_LEDO_3,,
55907,19-11-2025,2025-11-19T17:08:23.817000,2025-11-19T17:08:23.817000,CHB,PNT,6.4,synthetic,55907_DBRT_LEDO_4,,
55907,19-11-2025,2025-11-19T17:26:38.835300,2025-11-19T17:26:38.835300,PNT,NTSK,5.6,synthetic,55907_DBRT_LEDO_5,,
55907,19-11-2025,2025-11-19T18:05:49.951770,2025-11-19T18:05:49.951770,NTSK,TSK,25.8,synthetic,55907_DBRT_LEDO_6,,
55907,19-11-2025,2025-11-19T18:27:34.156593,2025-11-19T18:27:34.156593,TSK,MJN,23.6,synthetic,55907_DBRT_LEDO_7,,
55907,19-11-2025,2025-11-19T18:37:23.540934,2025-11-19T18:37:23.540934,MJN,TII,21.4,synthetic,55907_DBRT_LEDO_8,,
55907,19-11-2025,2025-11-19T19:05:12.786840,2025-11-19T19:05:12.786840,TII,DBY,30.2,synthetic,55907_DBRT_LEDO_9,,
55907,19-11-2025,2025-11-19T19:19:06.108156,2025-11-19T19:19:06.108156,DBY,MRG,27.1,synthetic,55907_DBRT_LEDO_10,,
55907,19-11-2025,2025-11-19T19:35:39.097341,2025-11-19T19:35:39.097341,MRG,BGLI,23.7,synthetic,55907_DBRT_LEDO_11,,
55907,19-11-2025,2025-11-19T19:43:11.187607,2025-11-19T19:43:11.187607,BGLI,LEDO,21.2,synthetic,55907_DBRT_LEDO_12,,
55907,19-11-2025,2025-11-19T20:03:43.668846,2025-11-19T20:03:43.668846,LEDO,,18.7,synthetic,55907_DBRT_LEDO_13,,
38443,05-11-2025,2025-11-05T16:26:32.400000,2025-11-05T16:26:32.400000,HWH,TPKR,11.5,synthetic,38443_HWH_BOP_0,,
38443,05-11-2025,2025-11-05T16:32:25.560000,2025-11-05T16:32:25.560000,TPKR,DSNR,10.4,synthetic,38443_HWH_BOP_1,,
38443,05-11-2025,2025-11-05T16:35:30.804000,2025-11-05T16:35:30.804000,DSNR,RMJ,9.5,synthetic,38443_HWH_BOP_2,,
38443,05-11-2025,2025-11-05T16:37:40.923600,2025-11-05T16:37:40.923600,RMJ,SRC,8.7,synthetic,38443_HWH_BOP_3,,
38443,05-11-2025,2025-11-05T16:40:36.831240,2025-11-05T16:40:36.831240,SRC,MRGM,7.6,synthetic,38443_HWH_BOP_4,,
38443,05-11-2025,2025-11-05T16:43:54.148116,2025-11-05T16:43:54.148116,MRGM,ADL,6.9,synthetic,38443_HWH_BOP_5,,
38443,05-11-2025,2025-11-05T16:46:07.933304,2025-11-05T16:46:07.933304,ADL,SEL,6.1,synthetic,38443_HWH_BOP_6,,
38443,05-11-2025,2025-11-05T16:50:35.339974,2025-11-05T16:50:35.339974,SEL,ABB,5.6,synthetic,38443_HWH_BOP_7,,
38443,05-11-2025,2025-11-05T16:53:21.005977,2025-11-05T16:53:21.005977,ABB,NALR,5.4,synthetic,38443_HWH_BOP_8,,
38443,05-11-2025,2025-11-05T16:54:24.305379,2025-11-05T16:54:24.305379,NALR,BVA,4.4,synthetic,38443_HWH_BOP_9,,
38443,05-11-2025,2025-11-05T16:58:02.674841,2025-11-05T16:58:02.674841,BVA,CGA,4.0,synthetic,38443_HWH_BOP_10,,
38443,05-11-2025,2025-11-05T17:01:31.207357,2025-11-05T17:01:31.207357,CGA,FLR,3.5,synthetic,38443_HWH_BOP_11,,
38443,05-11-2025,2025-11-05T17:04:04.086621,2025-11-05T17:04:04.086621,FLR,ULB,3.1,synthetic,38443_HWH_BOP_12,,
38443,05-11-2025,2025-11-05T17:07:54.077959,2025-11-05T17:07:54.077959,ULB,BSBP,2.9,synthetic,38443_HWH_BOP_13,,
38443,05-11-2025,2025-11-05T17:12:22.870163,2025-11-05T17:12:22.870163,BSBP,KGY,2.4,synthetic,38443_HWH_BOP_14,,
38443,05-11-2025,2025-11-05T17:16:10.983147,2025-11-05T17:16:10.983147,KGY,BZN,2.2,synthetic,38443_HWH_BOP_15,,
38443,05-11-2025,2025-11-05T17:22:01.484832,2025-11-05T17:22:01.484832,BZN,GGTA,2.0,synthetic,38443_HWH_BOP_16,,
38443,05-11-2025,2025-11-05T17:25:48.136349,2025-11-05T17:25:48.136349,GGTA,DTE,1.8,synthetic,38443_HWH_BOP_17,,
38443,05-11-2025,2025-11-05T17:37:02.522714,2025-11-05T17:37:02.522714,DTE,KIG,9.0,synthetic,38443_HWH_BOP_18,,
38443,05-11-2025,2025-11-05T17:40:11.270443,2025-11-05T17:40:11.270443,KIG,MCA,8.2,synthetic,38443_HWH_BOP_19,,
38443,05-11-2025,2025-11-05T17:43:26.343398,2025-11-05T17:43:26.343398,MCA,NDGJ,7.4,synthetic,38443_HWH_BOP_20,,
38443,05-11-2025,2025-11-05T17:46:35.709059,2025-11-05T17:46:35.709059,NDGJ,BOP,6.6,synthetic,38443_HWH_BOP_21,,
38443,05-11-2025,2025-11-05T17:49:44.738153,2025-11-05T17:49:44.738153,BOP,,5.7,synthetic,38443_HWH_BOP_22,,
52105,01-07-2026,2026-07-01T10:30:21,2026-07-01T10:30:21,NRL,MAE,0.3,synthetic,52105_NRL_MAE_0,,
52105,01-07-2026,2026-07-01T12:25:35.100000,2026-07-01T12:25:35.100000,MAE,,0.6,synthetic,52105_NRL_MAE_1,,
40005,27-12-2025,2025-12-27T06:30:43.800000,2025-12-27T06:30:43.800000,MSB,MSF,10.7,synthetic,40005_MSB_TBM_0,,
40005,27-12-2025,2025-12-27T06:32:47.820000,2025-12-27T06:32:47.820000,MSF,MPKT,9.8,synthetic,40005_MSB_TBM_1,,
40005,27-12-2025,2025-12-27T06:34:02.838000,2025-12-27T06:34:02.838000,MPKT,MPK,9.0,synthetic,40005_MSB_TBM_2,,
40005,27-12-2025,2025-12-27T06:34:23.554200,2025-12-27T06:34:23.554200,MPK,MS,8.4,synthetic,40005_MSB_TBM_3,,
40005,27-12-2025,2025-12-27T06:38:57.198780,2025-12-27T06:38:57.198780,MS,MSC,10.0,synthetic,40005_MSB_TBM_4,,
40005,27-12-2025,2025-12-27T06:41:58.678902,2025-12-27T06:41:58.678902,MSC,NBK,9.0,synthetic,40005_MSB_TBM_5,,
40005,27-12-2025,2025-12-27T06:43:52.811012,2025-12-27T06:43:52.811012,NBK,MKK,7.9,synthetic,40005_MSB_TBM_6,,
40005,27-12-2025,2025-12-27T06:45:12.129911,2025-12-27T06:45:12.129911,MKK,MBM,7.2,synthetic,40005_MSB_TBM_7,,
40005,27-12-2025,2025-12-27T06:46:20.516920,2025-12-27T06:46:20.516920,MBM,SP,6.3,synthetic,40005_MSB_TBM_8,,
40005,27-12-2025,2025-12-27T06:48:36.465228,2025-12-27T06:48:36.465228,SP,GDY,5.6,synthetic,40005_MSB_TBM_9,,
40005,27-12-2025,2025-12-27T06:51:38.218705,2025-12-27T06:51:38.218705,GDY,STM,5.6,synthetic,40005_MSB_TBM_10,,
40005,27-12-2025,2025-12-27T06:54:04.996834,2025-12-27T06:54:04.996834,STM,PZA,5.1,synthetic,40005_MSB_TBM_11,,
40005,27-12-2025,2025-12-27T06:56:36.297151,2025-12-27T06:56:36.297151,PZA,MN,4.6,synthetic,40005_MSB_TBM_12,,
40005,27-12-2025,2025-12-27T06:59:02.067436,2025-12-27T06:59:02.067436,MN,TLM,4.0,synthetic,40005_MSB_TBM_13,,
40005,27-12-2025,2025-12-27T07:00:27.060692,2025-12-27T07:00:27.060692,TLM,PV,3.5,synthetic,40005_MSB_TBM_14,,
40005,27-12-2025,2025-12-27T07:03:05.754623,2025-12-27T07:03:05.754623,PV,CMP,3.1,synthetic,40005_MSB_TBM_15,,
40005,27-12-2025,2025-12-27T07:05:48.379161,2025-12-27T07:05:48.379161,CMP,TBMS,2.8,synthetic,40005_MSB_TBM_16,,
40005,27-12-2025,2025-12-27T07:08:20.141245,2025-12-27T07:08:20.141245,TBMS,TBM,2.3,synthetic,40005_MSB_TBM_17,,
40005,27-12-2025,2025-12-27T07:17:00.727120,2025-12-27T07:17:00.727120,TBM,,2.0,synthetic,40005_MSB_TBM_18,,
54211,24-05-2026,2026-05-24T05:25:38.400000,2026-05-24T05:25:38.400000,RBL,DYP,15.6,synthetic,54211_RBL_CNB_0,,
54211,24-05-2026,2026-05-24T05:33:30.360000,2026-05-24T05:33:30.360000,DYP,UBN,14.5,synthetic,54211_RBL_CNB_1,,
54211,24-05-2026,2026-05-24T05:58:50.124000,2026-05-24T05:58:50.124000,UBN,RDV,12.8,synthetic,54211_RBL_CNB_2,,
54211,24-05-2026,2026-05-24T06:17:33.711600,2026-05-24T06:17:33.711600,RDV,DMW,11.6,synthetic,54211_RBL_CNB_3,,
54211,24-05-2026,2026-05-24T06:41:27.340440,2026-05-24T06:41:27.340440,DMW,LLJ,10.5,synthetic,54211_RBL_CNB_4,,
54211,24-05-2026,2026-05-24T07:15:18.606396,2026-05-24T07:15:18.606396,LLJ,NHF,22.3,synthetic,54211_RBL_CNB_5,,
54211,24-05-2026,2026-05-24T07:22:52.145756,2026-05-24T07:22:52.145756,NHF,RRS,19.9,synthetic,54211_RBL_CNB_6,,
54211,24-05-2026,2026-05-24T07:32:34.331181,2026-05-24T07:32:34.331181,RRS,BSWA,17.6,synthetic,54211_RBL_CNB_7,,
54211,24-05-2026,2026-05-24T07:41:42.898063,2026-05-24T07:41:42.898063,BSWA,TQA,15.7,synthetic,54211_RBL_CNB_8,,
54211,24-05-2026,2026-05-24T07:51:01.408256,2026-05-24T07:51:01.408256,TQA,BAHP,14.0,synthetic,54211_RBL_CNB_9,,
54211,24-05-2026,2026-05-24T09:06:18.067431,2026-05-24T09:06:18.067431,BAHP,BQP,12.3,synthetic,54211_RBL_CNB_10,,
54211,24-05-2026,2026-05-24T09:12:59.460688,2026-05-24T09:12:59.460688,BQP,TKRP,16.0,synthetic,54211_RBL_CNB_11,,
54211,24-05-2026,2026-05-24T09:22:37.314619,2026-05-24T09:22:37.314619,TKRP,ACH,21.6,synthetic,54211_RBL_CNB_12,,
54211,24-05-2026,2026-05-24T09:26:21.583157,2026-05-24T09:26:21.583157,ACH,KURO,21.4,synthetic,54211_RBL_CNB_13,,
54211,24-05-2026,2026-05-24T09:42:45.824841,2026-05-24T09:42:45.824841,KURO,ON,26.8,synthetic,54211_RBL_CNB_14,,
54211,24-05-2026,2026-05-24T10:10:18.442357,2026-05-24T10:10:18.442357,ON,MGW,24.3,synthetic,54211_RBL_CNB_15,,
54211,24-05-2026,2026-05-24T10:24:48.398121,2026-05-24T10:24:48.398121,MGW,CPB,21.8,synthetic,54211_RBL_CNB_16,,
54211,24-05-2026,2026-05-24T10:42:28.558309,2026-05-24T10:42:28.558309,CPB,CNB,19.5,synthetic,54211_RBL_CNB_17,,
54211,24-05-2026,2026-05-24T10:52:59.902478,2026-05-24T10:52:59.902478,CNB,,18.0,synthetic,54211_RBL_CNB_18,,
40013,05-07-2026,2026-07-05T07:50:21,2026-07-05T07:50:21,MSB,MSF,3.4,synthetic,40013_MSB_TBM_0,,
40013,05-07-2026,2026-07-05T07:53:24.300000,2026-07-05T07:53:24.300000,MSF,MPKT,3.4,synthetic,40013_MSB_TBM_1,,
40013,05-07-2026,2026-07-05T07:57:38.070000,2026-07-05T07:57:38.070000,MPKT,MPK,5.6,synthetic,40013_MSB_TBM_2,,
40013,05-07-2026,2026-07-05T07:58:18.063000,2026-07-05T07:58:18.063000,MPK,MS,5.3,synthetic,40013_MSB_TBM_3,,
40013,05-07-2026,2026-07-05T08:00:58.856700,2026-07-05T08:00:58.856700,MS,MSC,5.0,synthetic,40013_MSB_TBM_4,,
40013,05-07-2026,2026-07-05T08:05:29.571030,2026-07-05T08:05:29.571030,MSC,NBK,6.5,synthetic,40013_MSB_TBM_5,,
40013,05-07-2026,2026-07-05T08:07:36.813927,2026-07-05T08:07:36.813927,NBK,MKK,5.6,synthetic,40013_MSB_TBM_6,,
40013,05-07-2026,2026-07-05T08:08:54.132534,2026-07-05T08:08:54.132534,MKK,MBM,4.9,synthetic,40013_MSB_TBM_7,,
40013,05-07-2026,2026-07-05T08:10:30.119281,2026-07-05T08:10:30.119281,MBM,SP,4.5,synthetic,40013_MSB_TBM_8,,
40013,05-07-2026,2026-07-05T08:13:25.907353,2026-07-05T08:13:25.907353,SP,GDY,4.4,synthetic,40013_MSB_TBM_9,,
40013,05-07-2026,2026-07-05T08:15:53.916618,2026-07-05T08:15:53.916618,GDY,STM,3.9,synthetic,40013_MSB_TBM_10,,
40013,05-07-2026,2026-07-05T08:18:23.324956,2026-07-05T08:18:23.324956,STM,PZA,3.4,synthetic,40013_MSB_TBM_11,,
40013,05-07-2026,2026-07-05T08:21:14.992460,2026-07-05T08:21:14.992460,PZA,MN,3.2,synthetic,40013_MSB_TBM_12,,
40013,05-07-2026,2026-07-05T08:23:53.693214,2026-07-05T08:23:53.693214,MN,TLM,2.9,synthetic,40013_MSB_TBM_13,,
40013,05-07-2026,2026-07-05T08:25:47.723893,2026-07-05T08:25:47.723893,TLM,PV,2.8,synthetic,40013_MSB_TBM_14,,
40013,05-07-2026,2026-07-05T08:38:27.951503,2026-07-05T08:38:27.951503,PV,CMP,12.5,synthetic,40013_MSB_TBM_15,,
40013,05-07-2026,2026-07-05T08:40:13.156353,2026-07-05T08:40:13.156353,CMP,TBMS,11.2,synthetic,40013_MSB_TBM_16,,
40013,05-07-2026,2026-07-05T08:42:16.640718,2026-07-05T08:42:16.640718,TBMS,TBM,10.3,synthetic,40013_MSB_TBM_17,,
40013,05-07-2026,2026-07-05T08:51:04.176646,2026-07-05T08:51:04.176646,TBM,,9.1,synthetic,40013_MSB_TBM_18,,
51904,02-02-2026,2026-02-02T15:41:25.800000,2026-02-02T15:41:25.800000,ROK,ABO,11.4,synthetic,51904_ROK_DLI_0,,
51904,02-02-2026,2026-02-02T15:47:24.420000,2026-02-02T15:47:24.420000,ABO,KRZ,10.4,synthetic,51904_ROK_DLI_1,,
51904,02-02-2026,2026-02-02T16:02:21.978000,2026-02-02T16:02:21.978000,KRZ,ISM,17.4,synthetic,51904_ROK_DLI_2,,
51904,02-02-2026,2026-02-02T16:09:55.780200,2026-02-02T16:09:55.780200,ISM,SPZ,15.9,synthetic,51904_ROK_DLI_3,,
51904,02-02-2026,2026-02-02T16:25:22.602180,2026-02-02T16:25:22.602180,SPZ,ROHN,25.4,synthetic,51904_ROK_DLI_4,,
51904,02-02-2026,2026-02-02T16:29:56.941962,2026-02-02T16:29:56.941962,ROHN,ASE,22.9,synthetic,51904_ROK_DLI_5,,
51904,02-02-2026,2026-02-02T16:34:29.647766,2026-02-02T16:34:29.647766,ASE,BGZ,20.5,synthetic,51904_ROK_DLI_6,,
51904,02-02-2026,2026-02-02T16:46:47.682989,2026-02-02T16:46:47.682989,BGZ,GHE,22.8,synthetic,51904_ROK_DLI_7,,
51904,02-02-2026,2026-02-02T16:54:39.314690,2026-02-02T16:54:39.314690,GHE,MQC,20.7,synthetic,51904_ROK_DLI_8,,
51904,02-02-2026,2026-02-02T17:05:10.783221,2026-02-02T17:05:10.783221,MQC,NNO,25.2,synthetic,51904_ROK_DLI_9,,
51904,02-02-2026,2026-02-02T17:08:30.704899,2026-02-02T17:08:30.704899,NNO,MGLP,22.5,synthetic,51904_ROK_DLI_10,,
51904,02-02-2026,2026-02-02T17:12:01.834409,2026-02-02T17:12:01.834409,MGLP,SSB,20.0,synthetic,51904_ROK_DLI_11,,
51904,02-02-2026,2026-02-02T17:32:18.450968,2026-02-02T17:32:18.450968,SSB,DBSI,18.3,synthetic,51904_ROK_DLI_12,,
51904,02-02-2026,2026-02-02T17:58:31.005871,2026-02-02T17:58:31.005871,DBSI,VVKP,16.5,synthetic,51904_ROK_DLI_13,,
51904,02-02-2026,2026-02-02T18:00:45.305284,2026-02-02T18:00:45.305284,VVKP,DKZ,14.8,synthetic,51904_ROK_DLI_14,,
51904,02-02-2026,2026-02-02T18:04:20.974756,2026-02-02T18:04:20.974756,DKZ,DSB,13.3,synthetic,51904_ROK_DLI_15,,
51904,02-02-2026,2026-02-02T18:16:47.077280,2026-02-02T18:16:47.077280,DSB,DLI,11.8,synthetic,51904_ROK_DLI_16,,
51904,02-02-2026,2026-02-02T18:44:17.769552,2026-02-02T18:44:17.769552,DLI,,34.3,synthetic,51904_ROK_DLI_17,,
59390,16-03-2026,2026-03-16T22:50:55.800000,2026-03-16T22:50:55.800000,BPL,BIH,0.9,synthetic,59390_BPL_INDB_0,,
59390,16-03-2026,2026-03-16T23:01:37.620000,2026-03-16T23:01:37.620000,BIH,BQE,0.6,synthetic,59390_BPL_INDB_1,,
59390,16-03-2026,2026-03-16T23:12:29.058000,2026-03-16T23:12:29.058000,BQE,PUD,0.5,synthetic,59390_BPL_INDB_2,,
59390,16-03-2026,2026-03-16T23:21:26.752200,2026-03-16T23:21:26.752200,PUD,PNWN,0.4,synthetic,59390_BPL_INDB_3,,
59390,16-03-2026,2026-03-16T23:29:09.076980,2026-03-16T23:29:09.076980,PNWN,SEH,0.2,synthetic,59390_BPL_INDB_4,,
59390,16-03-2026,2026-03-16T23:34:02.769282,2026-03-16T23:34:02.769282,SEH,BKTL,0.0,synthetic,59390_BPL_INDB_5,,
59390,16-03-2026,2026-03-16T23:44:09.092354,2026-03-16T23:44:09.092354,BKTL,PRB,2.2,synthetic,59390_BPL_INDB_6,,
59390,16-03-2026,2026-03-16T23:51:57.383118,2026-03-16T23:51:57.383118,PRB,JBX,2.0,synthetic,59390_BPL_INDB_7,,
59390,16-03-2026,2026-03-16T23:58:49.844807,2026-03-16T23:58:49.844807,JBX,KPP,1.8,synthetic,59390_BPL_INDB_8,,
59390,16-03-2026,2026-03-17T00:06:14.260326,2026-03-17T00:06:14.260326,KPP,CKOD,1.2,synthetic,59390_BPL_INDB_9,,
59390,16-03-2026,2026-03-17T00:12:33.834293,2026-03-17T00:12:33.834293,CKOD,SJP,1.6,synthetic,59390_BPL_INDB_10,,
59390,16-03-2026,2026-03-17T00:17:09.450864,2026-03-17T00:17:09.450864,SJP,MQE,1.2,synthetic,59390_BPL_INDB_11,,
59390,16-03-2026,2026-03-17T00:25:16.305778,2026-03-17T00:25:16.305778,MQE,AKD,1.3,synthetic,59390_BPL_INDB_12,,
59390,16-03-2026,2026-03-17T00:30:21.275200,2026-03-17T00:30:21.275200,AKD,BLX,1.4,synthetic,59390_BPL_INDB_13,,
59390,16-03-2026,2026-03-17T00:40:10.147680,2026-03-17T00:40:10.147680,BLX,KSH,1.2,synthetic,59390_BPL_INDB_14,,
59390,16-03-2026,2026-03-17T00:47:01.332912,2026-03-17T00:47:01.332912,KSH,KONY,1.0,synthetic,59390_BPL_INDB_15,,
59390,16-03-2026,2026-03-17T00:57:43.799621,2026-03-17T00:57:43.799621,KONY,BCH,4.7,synthetic,59390_BPL_INDB_16,,
59390,16-03-2026,2026-03-17T01:07:55.619659,2026-03-17T01:07:55.619659,BCH,PUO,3.9,synthetic,59390_BPL_INDB_17,,
59390,16-03-2026,2026-03-17T01:22:30.257693,2026-03-17T01:22:30.257693,PUO,MKC,3.5,synthetic,59390_BPL_INDB_18,,
59390,16-03-2026,2026-03-17T01:31:09.231923,2026-03-17T01:31:09.231923,MKC,TAN,3.2,synthetic,59390_BPL_INDB_19,,
59390,16-03-2026,2026-03-17T01:39:44.308731,2026-03-17T01:39:44.308731,TAN,SVT,2.7,synthetic,59390_BPL_INDB_20,,
59390,16-03-2026,2026-03-17T02:08:18.877858,2026-03-17T02:08:18.877858,SVT,TJP,13.3,synthetic,59390_BPL_INDB_21,,
59390,16-03-2026,2026-03-17T02:21:56.590072,2026-03-17T02:21:56.590072,TJP,PLW,11.9,synthetic,59390_BPL_INDB_22,,
59390,16-03-2026,2026-03-17T02:26:28.731065,2026-03-17T02:26:28.731065,PLW,UJN,10.5,synthetic,59390_BPL_INDB_23,,
59390,16-03-2026,2026-03-17T02:39:15.057958,2026-03-17T02:39:15.057958,UJN,VRG,9.3,synthetic,59390_BPL_INDB_24,,
59390,16-03-2026,2026-03-17T03:03:24.952163,2026-03-17T03:03:24.952163,VRG,KDHA,8.4,synthetic,59390_BPL_INDB_25,,
59390,16-03-2026,2026-03-17T03:14:04.456946,2026-03-17T03:14:04.456946,KDHA,UDM,8.1,synthetic,59390_BPL_INDB_26,,
59390,16-03-2026,2026-03-17T03:18:30.411252,2026-03-17T03:18:30.411252,UDM,NRGR,7.5,synthetic,59390_BPL_INDB_27,,
59390,16-03-2026,2026-03-17T03:24:34.570127,2026-03-17T03:24:34.570127,NRGR,DWX,6.6,synthetic,59390_BPL_INDB_28,,
59390,16-03-2026,2026-03-17T03:31:35.913114,2026-03-17T03:31:35.913114,DWX,BLAX,5.6,synthetic,59390_BPL_INDB_29,,
59390,16-03-2026,2026-03-17T03:57:05.321803,2026-03-17T03:57:05.321803,BLAX,MGG,5.1,synthetic,59390_BPL_INDB_30,,
59390,16-03-2026,2026-03-17T04:13:31.189622,2026-03-17T04:13:31.189622,MGG,LMNR,4.5,synthetic,59390_BPL_INDB_31,,
59390,16-03-2026,2026-03-17T04:32:59.870660,2026-03-17T04:32:59.870660,LMNR,INDB,4.0,synthetic,59390_BPL_INDB_32,,
59390,16-03-2026,2026-03-17T04:38:11.883594,2026-03-17T04:38:11.883594,INDB,,3.2,synthetic,59390_BPL_INDB_33,,
51831,11-05-2026,2026-05-11T18:33:19.200000,2026-05-11T18:33:19.200000,JHS,KRQ,13.3,synthetic,51831_JHS_AGC_0,,
51831,11-05-2026,2026-05-11T18:44:13.680000,2026-05-11T18:44:13.680000,KRQ,DAA,12.2,synthetic,51831_JHS_AGC_1,,
51831,11-05-2026,2026-05-11T18:56:09.312000,2026-05-11T18:56:09.312000,DAA,SOR,11.2,synthetic,51831_JHS_AGC_2,,
51831,11-05-2026,2026-05-11T19:07:28.780800,2026-05-11T19:07:28.780800,SOR,KTRA,9.5,synthetic,51831_JHS_AGC_3,,
51831,11-05-2026,2026-05-11T19:18:19.902720,2026-05-11T19:18:19.902720,KTRA,DBA,8.3,synthetic,51831_JHS_AGC_4,,
51831,11-05-2026,2026-05-11T19:28:29.312448,2026-05-11T19:28:29.312448,DBA,SMTL,7.5,synthetic,51831_JHS_AGC_5,,
51831,11-05-2026,2026-05-11T19:35:52.781203,2026-05-11T19:35:52.781203,SMTL,AEH,6.9,synthetic,51831_JHS_AGC_6,,
51831,11-05-2026,2026-05-11T19:42:07.903083,2026-05-11T19:42:07.903083,AEH,ARI,6.1,synthetic,51831_JHS_AGC_7,,
51831,11-05-2026,2026-05-11T19:53:33.512775,2026-05-11T19:53:33.512775,ARI,STLI,5.6,synthetic,51831_JHS_AGC_8,,
51831,11-05-2026,2026-05-11T20:17:46.361497,2026-05-11T20:17:46.361497,STLI,GWL,4.8,synthetic,51831_JHS_AGC_9,,
51831,11-05-2026,2026-05-11T20:34:12.325347,2026-05-11T20:34:12.325347,GWL,BLNR,4.2,synthetic,51831_JHS_AGC_10,,
51831,11-05-2026,2026-05-11T20:43:21.292813,2026-05-11T20:43:21.292813,BLNR,RRU,3.4,synthetic,51831_JHS_AGC_11,,
51831,11-05-2026,2026-05-11T21:04:18.563531,2026-05-11T21:04:18.563531,RRU,BAO,13.3,synthetic,51831_JHS_AGC_12,,
51831,11-05-2026,2026-05-11T21:12:23.907178,2026-05-11T21:12:23.907178,BAO,NUB,12.4,synthetic,51831_JHS_AGC_13,,
51831,11-05-2026,2026-05-11T21:20:23.916460,2026-05-11T21:20:23.916460,NUB,SANK,11.4,synthetic,51831_JHS_AGC_14,,
51831,11-05-2026,2026-05-11T21:24:49.724814,2026-05-11T21:24:49.724814,SANK,MRA,9.8,synthetic,51831_JHS_AGC_15,,
51831,11-05-2026,2026-05-11T21:34:57.352333,2026-05-11T21:34:57.352333,MRA,SIKD,9.0,synthetic,51831_JHS_AGC_16,,
51831,11-05-2026,2026-05-11T21:45:15.617100,2026-05-11T21:45:15.617100,SIKD,HET,8.3,synthetic,51831_JHS_AGC_17,,
51831,11-05-2026,2026-05-11T21:52:15.255390,2026-05-11T21:52:15.255390,HET,DHO,7.3,synthetic,51831_JHS_AGC_18,,
51831,11-05-2026,2026-05-11T22:13:46.729851,2026-05-11T22:13:46.729851,DHO,MIA,6.8,synthetic,51831_JHS_AGC_19,,
51831,11-05-2026,2026-05-11T22:25:51.656866,2026-05-11T22:25:51.656866,MIA,JJ,5.9,synthetic,51831_JHS_AGC_20,,
51831,11-05-2026,2026-05-11T22:39:24.891179,2026-05-11T22:39:24.891179,JJ,BHA,5.4,synthetic,51831_JHS_AGC_21,,
51831,11-05-2026,2026-05-11T22:54:08.602061,2026-05-11T22:54:08.602061,BHA,AGC,5.1,synthetic,51831_JHS_AGC_22,,
51831,11-05-2026,2026-05-11T23:39:20.941855,2026-05-11T23:39:20.941855,AGC,,4.3,synthetic,51831_JHS_AGC_23,,
54605,03-11-2025,2025-11-03T07:13:19.200000,2025-11-03T07:13:19.200000,HSR,RPHR,13.3,synthetic,54605_HSR_LDH_0,,
54605,03-11-2025,2025-11-03T07:19:13.680000,2025-11-03T07:19:13.680000,RPHR,DNX,12.2,synthetic,54605_HSR_LDH_1,,
54605,03-11-2025,2025-11-03T09:21:07.512000,2025-11-03T09:21:07.512000,DNX,BFN,125.1,synthetic,54605_HSR_LDH_2,,
54605,03-11-2025,2025-11-03T09:14:24.160800,2025-11-03T09:14:24.160800,BFN,BXC,112.4,synthetic,54605_HSR_LDH_3,,
54605,03-11-2025,2025-11-03T09:17:08.544720,2025-11-03T09:17:08.544720,BXC,DULP,101.1,synthetic,54605_HSR_LDH_4,,
54605,03-11-2025,2025-11-03T09:21:11.890248,2025-11-03T09:21:11.890248,DULP,UKN,91.2,synthetic,54605_HSR_LDH_5,,
54605,03-11-2025,2025-11-03T09:29:34.101223,2025-11-03T09:29:34.101223,UKN,GJW,91.6,synthetic,54605_HSR_LDH_6,,
54605,03-11-2025,2025-11-03T09:54:27.691101,2025-11-03T09:54:27.691101,GJW,PLT,102.5,synthetic,54605_HSR_LDH_7,,
54605,03-11-2025,2025-11-03T09:52:32.121991,2025-11-03T09:52:32.121991,PLT,JPS,92.5,synthetic,54605_HSR_LDH_8,,
54605,03-11-2025,2025-11-03T09:54:25.309792,2025-11-03T09:54:25.309792,JPS,KUDN,83.4,synthetic,54605_HSR_LDH_9,,
54605,03-11-2025,2025-11-03T09:57:13.178813,2025-11-03T09:57:13.178813,KUDN,JHL,75.2,synthetic,54605_HSR_LDH_10,,
54605,03-11-2025,2025-11-03T10:07:58.660931,2025-11-03T10:07:58.660931,JHL,GRN,68.0,synthetic,54605_HSR_LDH_11,,
54605,03-11-2025,2025-11-03T10:24:16.794838,2025-11-03T10:24:16.794838,GRN,LHA,61.3,synthetic,54605_HSR_LDH_12,,
54605,03-11-2025,2025-11-03T10:35:36.715354,2025-11-03T10:35:36.715354,LHA,GGKR,61.6,synthetic,54605_HSR_LDH_13,,
54605,03-11-2025,2025-11-03T10:38:18.643819,2025-11-03T10:38:18.643819,GGKR,CJL,55.3,synthetic,54605_HSR_LDH_14,,
54605,03-11-2025,2025-11-03T10:39:41.979437,2025-11-03T10:39:41.979437,CJL,SFM,49.7,synthetic,54605_HSR_LDH_15,,
54605,03-11-2025,2025-11-03T10:44:55.781493,2025-11-03T10:44:55.781493,SFM,BZ,44.9,synthetic,54605_HSR_LDH_16,,
54605,03-11-2025,2025-11-03T10:58:05.803344,2025-11-03T10:58:05.803344,BZ,SAG,50.1,synthetic,54605_HSR_LDH_17,,
54605,03-11-2025,2025-11-03T11:01:15.423010,2025-11-03T11:01:15.423010,SAG,BSS,45.3,synthetic,54605_HSR_LDH_18,,
54605,03-11-2025,2025-11-03T11:06:48.080709,2025-11-03T11:06:48.080709,BSS,DUI,40.8,synthetic,54605_HSR_LDH_19,,
54605,03-11-2025,2025-11-03T11:18:40.272638,2025-11-03T11:18:40.272638,DUI,HMI,36.7,synthetic,54605_HSR_LDH_20,,
54605,03-11-2025,2025-11-03T12:11:51.245374,2025-11-03T12:11:51.245374,HMI,MET,32.9,synthetic,54605_HSR_LDH_21,,
54605,03-11-2025,2025-11-03T12:17:33.520837,2025-11-03T12:17:33.520837,MET,KUP,29.6,synthetic,54605_HSR_LDH_22,,
54605,03-11-2025,2025-11-03T12:32:54.768753,2025-11-03T12:32:54.768753,KUP,RHW,30.9,synthetic,54605_HSR_LDH_23,,
54605,03-11-2025,2025-11-03T12:35:52.891878,2025-11-03T12:35:52.891878,RHW,AHH,27.9,synthetic,54605_HSR_LDH_24,,
54605,03-11-2025,2025-11-03T12:53:29.602690,2025-11-03T12:53:29.602690,AHH,QRP,38.5,synthetic,54605_HSR_LDH_25,,
54605,03-11-2025,2025-11-03T13:13:44.642421,2025-11-03T13:13:44.642421,QRP,GILL,39.7,synthetic,54605_HSR_LDH_26,,
54605,03-11-2025,2025-11-03T13:22:40.178179,2025-11-03T13:22:40.178179,GILL,LDH,35.7,synthetic,54605_HSR_LDH_27,,
54605,03-11-2025,2025-11-03T13:42:19.360361,2025-11-03T13:42:19.360361,LDH,,32.3,synthetic,54605_HSR_LDH_28,,
51816,09-10-2025,2025-10-09T14:51:53.400000,2025-10-09T14:51:53.400000,AGC,BHA,1.9,synthetic,51816_AGC_JHS_0,,
51816,09-10-2025,2025-10-09T15:03:04.860000,2025-10-09T15:03:04.860000,BHA,JJ,1.1,synthetic,51816_AGC_JHS_1,,
51816,09-10-2025,2025-10-09T15:16:52.974000,2025-10-09T15:16:52.974000,JJ,MIA,0.9,synthetic,51816_AGC_JHS_2,,
51816,09-10-2025,2025-10-09T15:30:39.876600,2025-10-09T15:30:39.876600,MIA,DHO,0.7,synthetic,51816_AGC_JHS_3,,
51816,09-10-2025,2025-10-09T15:43:30.488940,2025-10-09T15:43:30.488940,DHO,HET,0.5,synthetic,51816_AGC_JHS_4,,
51816,09-10-2025,2025-10-09T16:05:21.440046,2025-10-09T16:05:21.440046,HET,SIKD,0.4,synthetic,51816_AGC_JHS_5,,
51816,09-10-2025,2025-10-09T16:13:28.896041,2025-10-09T16:13:28.896041,SIKD,MRA,0.5,synthetic,51816_AGC_JHS_6,,
51816,09-10-2025,2025-10-09T16:23:11.606437,2025-10-09T16:23:11.606437,MRA,SANK,0.2,synthetic,51816_AGC_JHS_7,,
51816,09-10-2025,2025-10-09T16:34:33.245794,2025-10-09T16:34:33.245794,SANK,NUB,0.6,synthetic,51816_AGC_JHS_8,,
51816,09-10-2025,2025-10-09T16:41:26.321214,2025-10-09T16:41:26.321214,NUB,BAO,0.4,synthetic,51816_AGC_JHS_9,,
51816,09-10-2025,2025-10-09T16:48:28.489093,2025-10-09T16:48:28.489093,BAO,RRU,0.5,synthetic,51816_AGC_JHS_10,,
51816,09-10-2025,2025-10-09T16:57:24.440183,2025-10-09T16:57:24.440183,RRU,BLNR,0.4,synthetic,51816_AGC_JHS_11,,
51816,09-10-2025,2025-10-09T17:08:23.196165,2025-10-09T17:08:23.196165,BLNR,GWL,0.4,synthetic,51816_AGC_JHS_12,,
51816,09-10-2025,2025-10-09T17:25:26.876549,2025-10-09T17:25:26.876549,GWL,STLI,0.4,synthetic,51816_AGC_JHS_13,,
51816,09-10-2025,2025-10-09T17:39:23.588894,2025-10-09T17:39:23.588894,STLI,ARI,0.4,synthetic,51816_AGC_JHS_14,,
51816,09-10-2025,2025-10-09T18:00:01.430004,2025-10-09T18:00:01.430004,ARI,AEH,0.0,synthetic,51816_AGC_JHS_15,,
51816,09-10-2025,2025-10-09T18:11:15.087004,2025-10-09T18:11:15.087004,AEH,SMTL,0.3,synthetic,51816_AGC_JHS_16,,
51816,09-10-2025,2025-10-09T18:17:19.578304,2025-10-09T18:17:19.578304,SMTL,DBA,0.3,synthetic,51816_AGC_JHS_17,,
51816,09-10-2025,2025-10-09T18:25:38.020473,2025-10-09T18:25:38.020473,DBA,KTRA,0.6,synthetic,51816_AGC_JHS_18,,
51816,09-10-2025,2025-10-09T18:41:24.618426,2025-10-09T18:41:24.618426,KTRA,SOR,8.4,synthetic,51816_AGC_JHS_19,,
51816,09-10-2025,2025-10-09T18:52:16.156583,2025-10-09T18:52:16.156583,SOR,DAA,7.3,synthetic,51816_AGC_JHS_20,,
51816,09-10-2025,2025-10-09T19:05:25.340925,2025-10-09T19:05:25.340925,DAA,KRQ,6.4,synthetic,51816_AGC_JHS_21,,
51816,09-10-2025,2025-10-09T19:23:00.006832,2025-10-09T19:23:00.006832,KRQ,JHS,6.0,synthetic,51816_AGC_JHS_22,,
51816,09-10-2025,2025-10-09T21:04:18.606149,2025-10-09T21:04:18.606149,JHS,,14.3,synthetic,51816_AGC_JHS_23,,
55329,15-12-2025,2025-12-15T16:09:55.800000,2025-12-15T16:09:55.800000,SKB,BUBT,9.9,synthetic,55329_SKB_KSJ_0,,
55329,15-12-2025,2025-12-15T16:26:16.020000,2025-12-15T16:26:16.020000,BUBT,AON,18.3,synthetic,55329_SKB_KSJ_1,,
55329,15-12-2025,2025-12-15T16:32:29.418000,2025-12-15T16:32:29.418000,AON,TKHA,16.5,synthetic,55329_SKB_KSJ_2,,
55329,15-12-2025,2025-12-15T16:41:53.476200,2025-12-15T16:41:53.476200,TKHA,KOZ,14.9,synthetic,55329_SKB_KSJ_3,,
55329,15-12-2025,2025-12-15T16:50:24.728580,2025-12-15T16:50:24.728580,KOZ,TNUE,13.4,synthetic,55329_SKB_KSJ_4,,
55329,15-12-2025,2025-12-15T17:06:03.655722,2025-12-15T17:06:03.655722,TNUE,MNQ,12.1,synthetic,55329_SKB_KSJ_5,,
55329,15-12-2025,2025-12-15T17:25:50.690150,2025-12-15T17:25:50.690150,MNQ,MPUE,10.8,synthetic,55329_SKB_KSJ_6,,
55329,15-12-2025,2025-12-15T17:48:57.621135,2025-12-15T17:48:57.621135,MPUE,BGQ,10.0,synthetic,55329_SKB_KSJ_7,,
55329,15-12-2025,2025-12-15T18:01:57.259021,2025-12-15T18:01:57.259021,BGQ,TKRU,9.0,synthetic,55329_SKB_KSJ_8,,
55329,15-12-2025,2025-12-15T18:08:02.333119,2025-12-15T18:08:02.333119,TKRU,MOTA,8.0,synthetic,55329_SKB_KSJ_9,,
55329,15-12-2025,2025-12-15T18:19:25.499807,2025-12-15T18:19:25.499807,MOTA,PKNA,12.4,synthetic,55329_SKB_KSJ_10,,
55329,15-12-2025,2025-12-15T18:28:07.949827,2025-12-15T18:28:07.949827,PKNA,BBLK,11.1,synthetic,55329_SKB_KSJ_11,,
55329,15-12-2025,2025-12-15T18:44:57.554844,2025-12-15T18:44:57.554844,BBLK,NBUE,19.0,synthetic,55329_SKB_KSJ_12,,
55329,15-12-2025,2025-12-15T18:50:53.599360,2025-12-15T18:50:53.599360,NBUE,UGP,16.9,synthetic,55329_SKB_KSJ_13,,
55329,15-12-2025,2025-12-15T19:03:23.039424,2025-12-15T19:03:23.039424,UGP,SRDW,15.4,synthetic,55329_SKB_KSJ_14,,
55329,15-12-2025,2025-12-15T19:07:47.735481,2025-12-15T19:07:47.735481,SRDW,FBD,13.8,synthetic,55329_SKB_KSJ_15,,
55329,15-12-2025,2025-12-15T20:27:36.361933,2025-12-15T20:27:36.361933,FBD,HSY,12.6,synthetic,55329_SKB_KSJ_16,,
55329,15-12-2025,2025-12-15T20:50:26.125740,2025-12-15T20:50:26.125740,HSY,SHX,11.4,synthetic,55329_SKB_KSJ_17,,
55329,15-12-2025,2025-12-15T20:55:21.713166,2025-12-15T20:55:21.713166,SHX,SSD,10.4,synthetic,55329_SKB_KSJ_18,,
55329,15-12-2025,2025-12-15T21:11:41.141849,2025-12-15T21:11:41.141849,SSD,BHTS,20.7,synthetic,55329_SKB_KSJ_19,,
55329,15-12-2025,2025-12-15T21:18:47.827664,2025-12-15T21:18:47.827664,BHTS,KMJ,18.8,synthetic,55329_SKB_KSJ_20,,
55329,15-12-2025,2025-12-15T21:24:52.044898,2025-12-15T21:24:52.044898,KMJ,KXF,16.9,synthetic,55329_SKB_KSJ_21,,
55329,15-12-2025,2025-12-15T21:36:16.840408,2025-12-15T21:36:16.840408,KXF,RDN,15.3,synthetic,55329_SKB_KSJ_22,,
55329,15-12-2025,2025-12-15T21:42:31.956367,2025-12-15T21:42:31.956367,RDN,BAPR,13.5,synthetic,55329_SKB_KSJ_23,,
55329,15-12-2025,2025-12-15T21:56:16.760731,2025-12-15T21:56:16.760731,BAPR,DRO,20.3,synthetic,55329_SKB_KSJ_24,,
55329,15-12-2025,2025-12-15T22:01:37.284657,2025-12-15T22:01:37.284657,DRO,NHX,18.6,synthetic,55329_SKB_KSJ_25,,
55329,15-12-2025,2025-12-15T22:08:56.956192,2025-12-15T22:08:56.956192,NHX,PTI,16.9,synthetic,55329_SKB_KSJ_26,,
55329,15-12-2025,2025-12-15T22:15:30.860573,2025-12-15T22:15:30.860573,PTI,GWA,15.5,synthetic,55329_SKB_KSJ_27,,
55329,15-12-2025,2025-12-15T22:21:49.974515,2025-12-15T22:21:49.974515,GWA,GRAK,13.8,synthetic,55329_SKB_KSJ_28,,
55329,15-12-2025,2025-12-15T22:28:37.777064,2025-12-15T22:28:37.777064,GRAK,SWRT,12.6,synthetic,55329_SKB_KSJ_29,,
55329,15-12-2025,2025-12-15T22:41:09.399357,2025-12-15T22:41:09.399357,SWRT,BHK,18.2,synthetic,55329_SKB_KSJ_30,,
55329,15-12-2025,2025-12-15T22:50:19.859422,2025-12-15T22:50:19.859422,BHK,KSJ,16.3,synthetic,55329_SKB_KSJ_31,,
55329,15-12-2025,2025-12-15T23:19:49.673479,2025-12-15T23:19:49.673479,KSJ,,14.8,synthetic,55329_SKB_KSJ_32,,
43408,06-06-2026,2026-06-06T06:43:10.800000,2026-06-06T06:43:10.800000,AJJ,PLMG,3.2,synthetic,43408_AJJ_MAS_0,,
43408,06-06-2026,2026-06-06T06:47:02.520000,2026-06-06T06:47:02.520000,PLMG,MSU,3.0,synthetic,43408_AJJ_MAS_1,,
43408,06-06-2026,2026-06-06T06:49:58.068000,2026-06-06T06:49:58.068000,MSU,TO,3.0,synthetic,43408_AJJ_MAS_2,,
43408,06-06-2026,2026-06-06T06:54:24.061200,2026-06-06T06:54:24.061200,TO,MAF,2.4,synthetic,43408_AJJ_MAS_3,,
43408,06-06-2026,2026-06-06T06:59:30.055080,2026-06-06T06:59:30.055080,MAF,SPAM,2.5,synthetic,43408_AJJ_MAS_4,,
43408,06-06-2026,2026-06-06T07:03:12.649572,2026-06-06T07:03:12.649572,SPAM,KBT,2.2,synthetic,43408_AJJ_MAS_5,,
43408,06-06-2026,2026-06-06T07:07:13.784615,2026-06-06T07:07:13.784615,KBT,EGT,2.2,synthetic,43408_AJJ_MAS_6,,
43408,06-06-2026,2026-06-06T07:11:04.606153,2026-06-06T07:11:04.606153,EGT,TRL,2.1,synthetic,43408_AJJ_MAS_7,,
43408,06-06-2026,2026-06-06T07:14:49.145538,2026-06-06T07:14:49.145538,TRL,PTLR,1.8,synthetic,43408_AJJ_MAS_8,,
43408,06-06-2026,2026-06-06T07:16:50.830984,2026-06-06T07:16:50.830984,PTLR,SVR,1.8,synthetic,43408_AJJ_MAS_9,,
43408,06-06-2026,2026-06-06T07:17:30.147886,2026-06-06T07:17:30.147886,SVR,VEU,1.5,synthetic,43408_AJJ_MAS_10,,
43408,06-06-2026,2026-06-06T07:21:17.533097,2026-06-06T07:21:17.533097,VEU,TI,1.3,synthetic,43408_AJJ_MAS_11,,
43408,06-06-2026,2026-06-06T07:31:03.179787,2026-06-06T07:31:03.179787,TI,NEC,8.1,synthetic,43408_AJJ_MAS_12,,
43408,06-06-2026,2026-06-06T07:32:13.061809,2026-06-06T07:32:13.061809,NEC,PAB,7.2,synthetic,43408_AJJ_MAS_13,,
43408,06-06-2026,2026-06-06T07:33:15.955628,2026-06-06T07:33:15.955628,PAB,HC,6.3,synthetic,43408_AJJ_MAS_14,,
43408,06-06-2026,2026-06-06T07:33:22.160065,2026-06-06T07:33:22.160065,HC,AVD,5.4,synthetic,43408_AJJ_MAS_15,,
43408,06-06-2026,2026-06-06T07:35:55.944059,2026-06-06T07:35:55.944059,AVD,ANNR,4.9,synthetic,43408_AJJ_MAS_16,,
43408,06-06-2026,2026-06-06T07:38:33.549653,2026-06-06T07:38:33.549653,ANNR,TMVL,4.6,synthetic,43408_AJJ_MAS_17,,
43408,06-06-2026,2026-06-06T07:38:56.594687,2026-06-06T07:38:56.594687,TMVL,ABU,3.9,synthetic,43408_AJJ_MAS_18,,
43408,06-06-2026,2026-06-06T07:40:30.535219,2026-06-06T07:40:30.535219,ABU,PVM,3.5,synthetic,43408_AJJ_MAS_19,,
43408,06-06-2026,2026-06-06T07:45:47.881697,2026-06-06T07:45:47.881697,PVM,KOTR,7.8,synthetic,43408_AJJ_MAS_20,,
43408,06-06-2026,2026-06-06T07:46:46.693527,2026-06-06T07:46:46.693527,KOTR,VLK,6.8,synthetic,43408_AJJ_MAS_21,,
43408,06-06-2026,2026-06-06T07:47:59.424174,2026-06-06T07:47:59.424174,VLK,PEW,6.0,synthetic,43408_AJJ_MAS_22,,
43408,06-06-2026,2026-06-06T07:50:29.481757,2026-06-06T07:50:29.481757,PEW,PCW,5.5,synthetic,43408_AJJ_MAS_23,,
43408,06-06-2026,2026-06-06T07:51:15.133581,2026-06-06T07:51:15.133581,PCW,PER,5.3,synthetic,43408_AJJ_MAS_24,,
43408,06-06-2026,2026-06-06T07:51:34.020223,2026-06-06T07:51:34.020223,PER,VJM,4.6,synthetic,43408_AJJ_MAS_25,,
43408,06-06-2026,2026-06-06T07:55:07.818201,2026-06-06T07:55:07.818201,VJM,BBQ,4.1,synthetic,43408_AJJ_MAS_26,,
43408,06-06-2026,2026-06-06T07:57:58.036381,2026-06-06T07:57:58.036381,BBQ,MAS,4.0,synthetic,43408_AJJ_MAS_27,,
43408,06-06-2026,2026-06-06T08:18:32.432743,2026-06-06T08:18:32.432743,MAS,,3.5,synthetic,43408_AJJ_MAS_28,,
52986,11-10-2025,2025-10-11T19:25:15.600000,2025-10-11T19:25:15.600000,MHOW,HKH,5.3,synthetic,52986_MHOW_INDB_0,,
52986,11-10-2025,2025-10-11T19:29:48.240000,2025-10-11T19:29:48.240000,HKH,RAU,4.8,synthetic,52986_MHOW_INDB_1,,
52986,11-10-2025,2025-10-11T19:41:09.816000,2025-10-11T19:41:09.816000,RAU,RJQ,4.2,synthetic,52986_MHOW_INDB_2,,
52986,11-10-2025,2025-10-11T19:49:46.034400,2025-10-11T19:49:46.034400,RJQ,LKMN,3.8,synthetic,52986_MHOW_INDB_3,,
52986,11-10-2025,2025-10-11T19:55:21.630960,2025-10-11T19:55:21.630960,LKMN,SFNR,3.4,synthetic,52986_MHOW_INDB_4,,
52986,11-10-2025,2025-10-11T19:59:40.467864,2025-10-11T19:59:40.467864,SFNR,INDM,2.7,synthetic,52986_MHOW_INDB_5,,
52986,11-10-2025,2025-10-11T20:11:42.421078,2025-10-11T20:11:42.421078,INDM,LMNR,2.7,synthetic,52986_MHOW_INDB_6,,
52986,11-10-2025,2025-10-11T20:31:58.578970,2025-10-11T20:31:58.578970,LMNR,INDB,22.0,synthetic,52986_MHOW_INDB_7,,
52986,11-10-2025,2025-10-11T20:29:55.121073,2025-10-11T20:29:55.121073,INDB,,19.9,synthetic,52986_MHOW_INDB_8,,
52047,13-04-2026,2026-04-13T09:39:52.800000,2026-04-13T09:39:52.800000,KSB,VLC,9.9,synthetic,52047_KSB_UMPD_0,,
52047,13-04-2026,2026-04-13T10:18:01.920000,2026-04-13T10:18:01.920000,VLC,LMB,9.0,synthetic,52047_KSB_UMPD_1,,
52047,13-04-2026,2026-04-13T10:29:33.528000,2026-04-13T10:29:33.528000,LMB,ASM,8.6,synthetic,52047_KSB_UMPD_2,,
52047,13-04-2026,2026-04-13T10:40:48.175200,2026-04-13T10:40:48.175200,ASM,SMDR,7.8,synthetic,52047_KSB_UMPD_3,,
52047,13-04-2026,2026-04-13T10:53:39.157680,2026-04-13T10:53:39.157680,SMDR,KSAI,6.7,synthetic,52047_KSB_UMPD_4,,
52047,13-04-2026,2026-04-13T10:59:01.041912,2026-04-13T10:59:01.041912,KSAI,MNGV,6.0,synthetic,52047_KSB_UMPD_5,,
52047,13-04-2026,2026-04-13T11:20:26.137721,2026-04-13T11:20:26.137721,MNGV,VKL,5.4,synthetic,52047_KSB_UMPD_6,,
52047,13-04-2026,2026-04-13T11:48:07.923949,2026-04-13T11:48:07.923949,VKL,ZKV,5.1,synthetic,52047_KSB_UMPD_7,,
52047,13-04-2026,2026-04-13T12:33:17.331554,2026-04-13T12:33:17.331554,ZKV,KR,10.3,synthetic,52047_KSB_UMPD_8,,
52047,13-04-2026,2026-04-13T13:31:35.398398,2026-04-13T13:31:35.398398,KR,UMPD,9.6,synthetic,52047_KSB_UMPD_9,,
52047,13-04-2026,2026-04-13T13:53:16.258559,2026-04-13T13:53:16.258559,UMPD,,8.3,synthetic,52047_KSB_UMPD_10,,
56317,29-08-2026,2026-08-29T10:56:52.200000,2026-08-29T10:56:52.200000,KCVL,TVP,16.9,synthetic,56317_KCVL_NCJ_0,,
56317,29-08-2026,2026-08-29T10:59:59.580000,2026-08-29T10:59:59.580000,TVP,TVC,15.0,synthetic,56317_KCVL_NCJ_1,,
56317,29-08-2026,2026-08-29T11:08:29.022000,2026-08-29T11:08:29.022000,TVC,NEM,13.5,synthetic,56317_KCVL_NCJ_2,,
56317,29-08-2026,2026-08-29T11:28:24.919800,2026-08-29T11:28:24.919800,NEM,BRAM,20.4,synthetic,56317_KCVL_NCJ_3,,
56317,29-08-2026,2026-08-29T11:38:09.827820,2026-08-29T11:38:09.827820,BRAM,NYY,22.2,synthetic,56317_KCVL_NCJ_4,,
56317,29-08-2026,2026-08-29T11:42:19.645038,2026-08-29T11:42:19.645038,NYY,AMVA,20.3,synthetic,56317_KCVL_NCJ_5,,
56317,29-08-2026,2026-08-29T11:45:27.880534,2026-08-29T11:45:27.880534,AMVA,DAVM,18.5,synthetic,56317_KCVL_NCJ_6,,
56317,29-08-2026,2026-08-29T11:47:46.092481,2026-08-29T11:47:46.092481,DAVM,PASA,16.8,synthetic,56317_KCVL_NCJ_7,,
56317,29-08-2026,2026-08-29T12:07:20.483233,2026-08-29T12:07:20.483233,PASA,KZTW,24.3,synthetic,56317_KCVL_NCJ_8,,
56317,29-08-2026,2026-08-29T12:12:11.834909,2026-08-29T12:12:11.834909,KZTW,KZT,22.2,synthetic,56317_KCVL_NCJ_9,,
56317,29-08-2026,2026-08-29T12:16:02.251418,2026-08-29T12:16:02.251418,KZT,PYD,20.0,synthetic,56317_KCVL_NCJ_10,,
56317,29-08-2026,2026-08-29T12:23:53.026277,2026-08-29T12:23:53.026277,PYD,ERL,17.9,synthetic,56317_KCVL_NCJ_11,,
56317,29-08-2026,2026-08-29T12:30:18.923649,2026-08-29T12:30:18.923649,ERL,VRLR,16.3,synthetic,56317_KCVL_NCJ_12,,
56317,29-08-2026,2026-08-29T12:36:32.631284,2026-08-29T12:36:32.631284,VRLR,NJT,14.5,synthetic,56317_KCVL_NCJ_13,,
56317,29-08-2026,2026-08-29T12:42:02.968156,2026-08-29T12:42:02.968156,NJT,NCJ,13.0,synthetic,56317_KCVL_NCJ_14,,
56317,29-08-2026,2026-08-29T13:26:42.871340,2026-08-29T13:26:42.871340,NCJ,,11.7,synthetic,56317_KCVL_NCJ_15,,
54356,01-06-2026,2026-06-01T17:58:03,2026-06-01T17:58:03,BE,CHTI,3.0,synthetic,54356_BE_ROZA_0,,
54356,01-06-2026,2026-06-01T18:15:54.900000,2026-06-01T18:15:54.900000,CHTI,RYS,14.9,synthetic,54356_BE_ROZA_1,,
54356,01-06-2026,2026-06-01T18:24:27.810000,2026-06-01T18:24:27.810000,RYS,PMR,13.5,synthetic,54356_BE_ROZA_2,,
54356,01-06-2026,2026-06-01T18:34:32.829000,2026-06-01T18:34:32.829000,PMR,TSA,12.5,synthetic,54356_BE_ROZA_3,,
54356,01-06-2026,2026-06-01T18:42:55.346100,2026-06-01T18:42:55.346100,TSA,BLPU,10.9,synthetic,54356_BE_ROZA_4,,
54356,01-06-2026,2026-06-01T18:52:01.811490,2026-06-01T18:52:01.811490,BLPU,KSRK,10.0,synthetic,54356_BE_ROZA_5,,
54356,01-06-2026,2026-06-01T19:01:50.830341,2026-06-01T19:01:50.830341,KSRK,MK,10.8,synthetic,54356_BE_ROZA_6,,
54356,01-06-2026,2026-06-01T19:01:36.147307,2026-06-01T19:01:36.147307,MK,TLH,9.6,synthetic,54356_BE_ROZA_7,,
54356,01-06-2026,2026-06-01T19:12:32.532576,2026-06-01T19:12:32.532576,TLH,BHDH,8.5,synthetic,54356_BE_ROZA_8,,
54356,01-06-2026,2026-06-01T19:18:11.279319,2026-06-01T19:18:11.279319,BHDH,BTRA,7.2,synthetic,54356_BE_ROZA_9,,
54356,01-06-2026,2026-06-01T19:26:45.551387,2026-06-01T19:26:45.551387,BTRA,SPN,6.8,synthetic,54356_BE_ROZA_10,,
54356,01-06-2026,2026-06-01T19:56:02.596248,2026-06-01T19:56:02.596248,SPN,ROZA,6.0,synthetic,54356_BE_ROZA_11,,
54356,01-06-2026,2026-06-01T20:15:24.536623,2026-06-01T20:15:24.536623,ROZA,,5.4,synthetic,54356_BE_ROZA_12,,
52549,10-09-2026,2026-09-10T13:24:13.200000,2026-09-10T13:24:13.200000,DJ,GHUM,4.2,synthetic,52549_DJ_DJRZ_0,,
52549,10-09-2026,2026-09-10T14:03:55.080000,2026-09-10T14:03:55.080000,GHUM,DJ,3.9,synthetic,52549_DJ_DJRZ_1,,
52549,10-09-2026,2026-09-10T15:19:29.172000,2026-09-10T15:19:29.172000,DJ,DJRZ,3.5,synthetic,52549_DJ_DJRZ_2,,
52549,10-09-2026,2026-09-10T15:33:05.254800,2026-09-10T15:33:05.254800,DJRZ,,3.1,synthetic,52549_DJ_DJRZ_3,,
52278,18-04-2026,2026-04-18T14:16:58.800000,2026-04-18T14:16:58.800000,MLN,RNIR,2.0,synthetic,52278_MLN_PLK_0,,
52278,18-04-2026,2026-04-18T14:17:35.520000,2026-04-18T14:17:35.520000,RNIR,BIK,1.6,synthetic,52278_MLN_PLK_1,,
52278,18-04-2026,2026-04-18T14:37:43.368000,2026-04-18T14:37:43.368000,BIK,PLK,1.7,synthetic,52278_MLN_PLK_2,,
52278,18-04-2026,2026-04-18T15:06:07.231200,2026-04-18T15:06:07.231200,PLK,,1.1,synthetic,52278_MLN_PLK_3,,
54154,05-03-2026,2026-03-05T16:36:09,2026-03-05T16:36:09,CNB,CPB,4.2,synthetic,54154_CNB_RBL_0,,
54154,05-03-2026,2026-03-05T16:54:19.500000,2026-03-05T16:54:19.500000,CPB,MGW,11.3,synthetic,54154_CNB_RBL_1,,
54154,05-03-2026,2026-03-05T17:01:17.550000,2026-03-05T17:01:17.550000,MGW,ON,10.3,synthetic,54154_CNB_RBL_2,,
54154,05-03-2026,2026-03-05T17:09:28.995000,2026-03-05T17:09:28.995000,ON,KURO,9.5,synthetic,54154_CNB_RBL_3,,
54154,05-03-2026,2026-03-05T17:32:08.695500,2026-03-05T17:32:08.695500,KURO,ACH,8.1,synthetic,54154_CNB_RBL_4,,
54154,05-03-2026,2026-03-05T17:42:26.425950,2026-03-05T17:42:26.425950,ACH,TKRP,7.4,synthetic,54154_CNB_RBL_5,,
54154,05-03-2026,2026-03-05T17:45:57.983355,2026-03-05T17:45:57.983355,TKRP,BQP,7.0,synthetic,54154_CNB_RBL_6,,
54154,05-03-2026,2026-03-05T17:50:24.585019,2026-03-05T17:50:24.585019,BQP,BAHP,6.4,synthetic,54154_CNB_RBL_7,,
54154,05-03-2026,2026-03-05T17:51:48.526518,2026-03-05T17:51:48.526518,BAHP,IDM,5.8,synthetic,54154_CNB_RBL_8,,
54154,05-03-2026,2026-03-05T19:02:35.273866,2026-03-05T19:02:35.273866,IDM,BSWA,24.6,synthetic,54154_CNB_RBL_9,,
54154,05-03-2026,2026-03-05T19:24:29.946479,2026-03-05T19:24:29.946479,BSWA,RRS,22.5,synthetic,54154_CNB_RBL_10,,
54154,05-03-2026,2026-03-05T19:39:12.551831,2026-03-05T19:39:12.551831,RRS,NHF,20.2,synthetic,54154_CNB_RBL_11,,
54154,05-03-2026,2026-03-05T19:56:14.296648,2026-03-05T19:56:14.296648,NHF,LLJ,18.2,synthetic,54154_CNB_RBL_12,,
54154,05-03-2026,2026-03-05T20:05:21.866983,2026-03-05T20:05:21.866983,LLJ,DMW,16.4,synthetic,54154_CNB_RBL_13,,
54154,05-03-2026,2026-03-05T20:23:33.480285,2026-03-05T20:23:33.480285,DMW,JPD,14.6,synthetic,54154_CNB_RBL_14,,
54154,05-03-2026,2026-03-05T20:42:14.532257,2026-03-05T20:42:14.532257,JPD,MNJR,13.2,synthetic,54154_CNB_RBL_15,,
54154,05-03-2026,2026-03-05T20:50:47.279031,2026-03-05T20:50:47.279031,MNJR,UCR,11.8,synthetic,54154_CNB_RBL_16,,
54154,05-03-2026,2026-03-05T21:54:38.951128,2026-03-05T21:54:38.951128,UCR,RCP,10.6,synthetic,54154_CNB_RBL_17,,
54154,05-03-2026,2026-03-05T22:08:32.056015,2026-03-05T22:08:32.056015,RCP,LMN,9.5,synthetic,54154_CNB_RBL_18,,
54154,05-03-2026,2026-03-05T22:14:52.250413,2026-03-05T22:14:52.250413,LMN,DYP,8.9,synthetic,54154_CNB_RBL_19,,
54154,05-03-2026,2026-03-05T22:32:27.225372,2026-03-05T22:32:27.225372,DYP,RBL,7.5,synthetic,54154_CNB_RBL_20,,
54154,05-03-2026,2026-03-05T22:46:53.302835,2026-03-05T22:46:53.302835,RBL,,6.9,synthetic,54154_CNB_RBL_21,,
56726,12-05-2026,2026-05-12T17:38:15.600000,2026-05-12T17:38:15.600000,RMM,PBM,3.3,synthetic,56726_RMM_MDU_0,,
56726,12-05-2026,2026-05-12T17:49:38.040000,2026-05-12T17:49:38.040000,PBM,MMM,2.6,synthetic,56726_RMM_MDU_1,,
56726,12-05-2026,2026-05-12T18:23:03.636000,2026-05-12T18:23:03.636000,MMM,MC,20.1,synthetic,56726_RMM_MDU_2,,
56726,12-05-2026,2026-05-12T18:25:54.272400,2026-05-12T18:25:54.272400,MC,PPVL,17.9,synthetic,56726_RMM_MDU_3,,
56726,12-05-2026,2026-05-12T18:35:11.045160,2026-05-12T18:35:11.045160,PPVL,UCP,16.2,synthetic,56726_RMM_MDU_4,,
56726,12-05-2026,2026-05-12T18:36:45.340644,2026-05-12T18:36:45.340644,UCP,VTV,14.8,synthetic,56726_RMM_MDU_5,,
56726,12-05-2026,2026-05-12T18:47:16.206580,2026-05-12T18:47:16.206580,VTV,RMD,13.3,synthetic,56726_RMM_MDU_6,,
56726,12-05-2026,2026-05-12T18:59:33.785922,2026-05-12T18:59:33.785922,RMD,SQD,11.6,synthetic,56726_RMM_MDU_7,,
56726,12-05-2026,2026-05-12T19:12:38.807329,2026-05-12T19:12:38.807329,SQD,PMK,10.6,synthetic,56726_RMM_MDU_8,,
56726,12-05-2026,2026-05-12T19:29:18.126597,2026-05-12T19:29:18.126597,PMK,SUX,9.3,synthetic,56726_RMM_MDU_9,,
56726,12-05-2026,2026-05-12T19:44:24.113937,2026-05-12T19:44:24.113937,SUX,MNM,10.4,synthetic,56726_RMM_MDU_10,,
56726,12-05-2026,2026-05-12T20:14:15.702543,2026-05-12T20:14:15.702543,MNM,RAGM,9.3,synthetic,56726_RMM_MDU_11,,
56726,12-05-2026,2026-05-12T20:23:51.332289,2026-05-12T20:23:51.332289,RAGM,TPC,7.9,synthetic,56726_RMM_MDU_12,,
56726,12-05-2026,2026-05-12T20:38:17.399060,2026-05-12T20:38:17.399060,TPC,TVN,10.3,synthetic,56726_RMM_MDU_13,,
56726,12-05-2026,2026-05-12T20:47:17.459154,2026-05-12T20:47:17.459154,TVN,ILA,9.3,synthetic,56726_RMM_MDU_14,,
56726,12-05-2026,2026-05-12T20:56:04.913239,2026-05-12T20:56:04.913239,ILA,MES,8.1,synthetic,56726_RMM_MDU_15,,
56726,12-05-2026,2026-05-12T21:05:20.621915,2026-05-12T21:05:20.621915,MES,MDU,7.3,synthetic,56726_RMM_MDU_16,,
56726,12-05-2026,2026-05-12T21:26:57.559723,2026-05-12T21:26:57.559723,MDU,,7.0,synthetic,56726_RMM_MDU_17,,
38419,24-08-2026,2026-08-24T09:35:48,2026-08-24T09:35:48,HWH,TPKR,10.8,synthetic,38419_HWH_PKU_0,,
38419,24-08-2026,2026-08-24T09:41:26.400000,2026-08-24T09:41:26.400000,TPKR,DSNR,9.4,synthetic,38419_HWH_PKU_1,,
38419,24-08-2026,2026-08-24T09:44:12.960000,2026-08-24T09:44:12.960000,DSNR,RMJ,8.2,synthetic,38419_HWH_PKU_2,,
38419,24-08-2026,2026-08-24T09:46:29.064000,2026-08-24T09:46:29.064000,RMJ,SRC,7.5,synthetic,38419_HWH_PKU_3,,
38419,24-08-2026,2026-08-24T09:49:41.757600,2026-08-24T09:49:41.757600,SRC,MRGM,6.7,synthetic,38419_HWH_PKU_4,,
38419,24-08-2026,2026-08-24T09:53:05.181840,2026-08-24T09:53:05.181840,MRGM,ADL,6.1,synthetic,38419_HWH_PKU_5,,
38419,24-08-2026,2026-08-24T09:55:34.063656,2026-08-24T09:55:34.063656,ADL,SEL,5.6,synthetic,38419_HWH_PKU_6,,
38419,24-08-2026,2026-08-24T10:00:15.657290,2026-08-24T10:00:15.657290,SEL,ABB,5.3,synthetic,38419_HWH_PKU_7,,
38419,24-08-2026,2026-08-24T10:02:41.091561,2026-08-24T10:02:41.091561,ABB,NALR,4.7,synthetic,38419_HWH_PKU_8,,
38419,24-08-2026,2026-08-24T10:05:21.982405,2026-08-24T10:05:21.982405,NALR,BVA,4.4,synthetic,38419_HWH_PKU_9,,
38419,24-08-2026,2026-08-24T10:08:24.584165,2026-08-24T10:08:24.584165,BVA,CGA,3.4,synthetic,38419_HWH_PKU_10,,
38419,24-08-2026,2026-08-24T10:11:50.325748,2026-08-24T10:11:50.325748,CGA,FLR,2.8,synthetic,38419_HWH_PKU_11,,
38419,24-08-2026,2026-08-24T10:15:18.893173,2026-08-24T10:15:18.893173,FLR,ULB,2.3,synthetic,38419_HWH_PKU_12,,
38419,24-08-2026,2026-08-24T10:19:03.203856,2026-08-24T10:19:03.203856,ULB,BSBP,2.1,synthetic,38419_HWH_PKU_13,,
38419,24-08-2026,2026-08-24T10:23:32.283470,2026-08-24T10:23:32.283470,BSBP,KGY,1.5,synthetic,38419_HWH_PKU_14,,
38419,24-08-2026,2026-08-24T10:27:11.655123,2026-08-24T10:27:11.655123,KGY,BZN,1.2,synthetic,38419_HWH_PKU_15,,
38419,24-08-2026,2026-08-24T10:33:05.089611,2026-08-24T10:33:05.089611,BZN,GGTA,1.1,synthetic,38419_HWH_PKU_16,,
38419,24-08-2026,2026-08-24T10:37:03.380650,2026-08-24T10:37:03.380650,GGTA,DTE,1.1,synthetic,38419_HWH_PKU_17,,
38419,24-08-2026,2026-08-24T10:40:16.242585,2026-08-24T10:40:16.242585,DTE,KIG,1.3,synthetic,38419_HWH_PKU_18,,
38419,24-08-2026,2026-08-24T10:44:47.018326,2026-08-24T10:44:47.018326,KIG,MCA,0.8,synthetic,38419_HWH_PKU_19,,
38419,24-08-2026,2026-08-24T10:48:41.716494,2026-08-24T10:48:41.716494,MCA,NDGJ,0.7,synthetic,38419_HWH_PKU_20,,
38419,24-08-2026,2026-08-24T10:51:32.144844,2026-08-24T10:51:32.144844,NDGJ,BOP,0.5,synthetic,38419_HWH_PKU_21,,
38419,24-08-2026,2026-08-24T10:55:42.130360,2026-08-24T10:55:42.130360,BOP,NPMR,0.7,synthetic,38419_HWH_PKU_22,,
38419,24-08-2026,2026-08-24T11:00:36.117324,2026-08-24T11:00:36.117324,NPMR,PKU,0.6,synthetic,38419_HWH_PKU_23,,
38419,24-08-2026,2026-08-24T11:15:19.905592,2026-08-24T11:15:19.905592,PKU,,0.3,synthetic,38419_HWH_PKU_24,,
58416,10-06-2026,2026-06-10T08:11:19.800000,2026-06-10T08:11:19.800000,PURI,MLT,6.3,synthetic,58416_PURI_CTC_0,,
58416,10-06-2026,2026-06-10T08:21:44.220000,2026-06-10T08:21:44.220000,MLT,JKDP,5.7,synthetic,58416_PURI_CTC_1,,
58416,10-06-2026,2026-06-10T08:28:22.398000,2026-06-10T08:28:22.398000,JKDP,SIL,5.4,synthetic,58416_PURI_CTC_2,,
58416,10-06-2026,2026-06-10T08:34:08.158200,2026-06-10T08:34:08.158200,SIL,BRST,5.1,synthetic,58416_PURI_CTC_3,,
58416,10-06-2026,2026-06-10T08:40:01.342380,2026-06-10T08:40:01.342380,BRST,JPRD,5.0,synthetic,58416_PURI_CTC_4,,
58416,10-06-2026,2026-06-10T08:56:37.208142,2026-06-10T08:56:37.208142,JPRD,DEG,16.6,synthetic,58416_PURI_CTC_5,,
58416,10-06-2026,2026-06-10T09:12:00.487328,2026-06-10T09:12:00.487328,DEG,KASR,25.0,synthetic,58416_PURI_CTC_6,,
58416,10-06-2026,2026-06-10T09:15:22.638595,2026-06-10T09:15:22.638595,KASR,MWQ,22.4,synthetic,58416_PURI_CTC_7,,
58416,10-06-2026,2026-06-10T09:18:55.174736,2026-06-10T09:18:55.174736,MWQ,HPGM,19.9,synthetic,58416_PURI_CTC_8,,
58416,10-06-2026,2026-06-10T09:24:01.657262,2026-06-10T09:24:01.657262,HPGM,KUR,18.0,synthetic,58416_PURI_CTC_9,,
58416,10-06-2026,2026-06-10T09:38:19.491536,2026-06-10T09:38:19.491536,KUR,RTN,16.3,synthetic,58416_PURI_CTC_10,,
58416,10-06-2026,2026-06-10T10:02:18.742382,2026-06-10T10:02:18.742382,RTN,LGTR,27.3,synthetic,58416_PURI_CTC_11,,
58416,10-06-2026,2026-06-10T10:12:30.668144,2026-06-10T10:12:30.668144,LGTR,BBS,24.5,synthetic,58416_PURI_CTC_12,,
58416,10-06-2026,2026-06-10T10:22:00.601330,2026-06-10T10:22:00.601330,BBS,BNBH,22.0,synthetic,58416_PURI_CTC_13,,
58416,10-06-2026,2026-06-10T10:28:36.541197,2026-06-10T10:28:36.541197,BNBH,MCS,19.6,synthetic,58416_PURI_CTC_14,,
58416,10-06-2026,2026-06-10T10:34:37.687077,2026-06-10T10:34:37.687077,MCS,PTAB,17.6,synthetic,58416_PURI_CTC_15,,
58416,10-06-2026,2026-06-10T10:38:48.918369,2026-06-10T10:38:48.918369,PTAB,BRAG,15.8,synthetic,58416_PURI_CTC_16,,
58416,10-06-2026,2026-06-10T10:48:06.226532,2026-06-10T10:48:06.226532,BRAG,GBK,14.1,synthetic,58416_PURI_CTC_17,,
58416,10-06-2026,2026-06-10T10:57:52.403879,2026-06-10T10:57:52.403879,GBK,KTJI,12.9,synthetic,58416_PURI_CTC_18,,
58416,10-06-2026,2026-06-10T11:02:42.363491,2026-06-10T11:02:42.363491,KTJI,CTC,11.7,synthetic,58416_PURI_CTC_19,,
58416,10-06-2026,2026-06-10T11:20:44.127142,2026-06-10T11:20:44.127142,CTC,,10.7,synthetic,58416_PURI_CTC_20,,
52980,10-12-2025,2025-12-10T13:41:07.800000,2025-12-10T13:41:07.800000,MHOW,HKH,11.1,synthetic,52980_MHOW_INDB_0,,
52980,10-12-2025,2025-12-10T13:45:11.220000,2025-12-10T13:45:11.220000,HKH,RAU,10.2,synthetic,52980_MHOW_INDB_1,,
52980,10-12-2025,2025-12-10T13:55:05.898000,2025-12-10T13:55:05.898000,RAU,RJQ,9.1,synthetic,52980_MHOW_INDB_2,,
52980,10-12-2025,2025-12-10T14:09:06.508200,2025-12-10T14:09:06.508200,RJQ,LKMN,8.1,synthetic,52980_MHOW_INDB_3,,
52980,10-12-2025,2025-12-10T14:15:38.857380,2025-12-10T14:15:38.857380,LKMN,SFNR,7.6,synthetic,52980_MHOW_INDB_4,,
52980,10-12-2025,2025-12-10T14:20:06.771642,2025-12-10T14:20:06.771642,SFNR,INDM,7.1,synthetic,52980_MHOW_INDB_5,,
52980,10-12-2025,2025-12-10T14:30:32.494478,2025-12-10T14:30:32.494478,INDM,LMNR,6.5,synthetic,52980_MHOW_INDB_6,,
52980,10-12-2025,2025-12-10T14:33:11.245030,2025-12-10T14:33:11.245030,LMNR,INDB,8.2,synthetic,52980_MHOW_INDB_7,,
52980,10-12-2025,2025-12-10T14:32:27.520527,2025-12-10T14:32:27.520527,INDB,,7.5,synthetic,52980_MHOW_INDB_8,,
54571,18-04-2026,2026-04-18T17:28:16.800000,2026-04-18T17:28:16.800000,LDH,MG,8.3,synthetic,54571_LDH_FZR_0,,
54571,18-04-2026,2026-04-18T17:34:42.720000,2026-04-18T17:34:42.720000,MG,BWZ,7.7,synthetic,54571_LDH_FZR_1,,
54571,18-04-2026,2026-04-18T17:43:56.448000,2026-04-18T17:43:56.448000,BWZ,BQH,6.9,synthetic,54571_LDH_FZR_2,,
54571,18-04-2026,2026-04-18T17:50:17.203200,2026-04-18T17:50:17.203200,BQH,MLX,6.3,synthetic,54571_LDH_FZR_3,,
54571,18-04-2026,2026-04-18T17:59:56.882880,2026-04-18T17:59:56.882880,MLX,CKM,9.9,synthetic,54571_LDH_FZR_4,,
54571,18-04-2026,2026-04-18T18:09:46.394592,2026-04-18T18:09:46.394592,CKM,JGN,8.8,synthetic,54571_LDH_FZR_5,,
54571,18-04-2026,2026-04-18T18:18:58.555133,2026-04-18T18:18:58.555133,JGN,NNKR,8.0,synthetic,54571_LDH_FZR_6,,
54571,18-04-2026,2026-04-18T18:26:13.099620,2026-04-18T18:26:13.099620,NNKR,AJL,7.2,synthetic,54571_LDH_FZR_7,,
54571,18-04-2026,2026-04-18T18:49:28.589658,2026-04-18T18:49:28.589658,AJL,PMH,17.5,synthetic,54571_LDH_FZR_8,,
54571,18-04-2026,2026-04-18T19:11:53.930692,2026-04-18T19:11:53.930692,PMH,MOGA,22.9,synthetic,54571_LDH_FZR_9,,
54571,18-04-2026,2026-04-18T19:19:21.537623,2026-04-18T19:19:21.537623,MOGA,DAU,20.4,synthetic,54571_LDH_FZR_10,,
54571,18-04-2026,2026-04-18T19:36:22.383860,2026-04-18T19:36:22.383860,DAU,MSSD,18.4,synthetic,54571_LDH_FZR_11,,
54571,18-04-2026,2026-04-18T19:52:23.745474,2026-04-18T19:52:23.745474,MSSD,TWB,16.4,synthetic,54571_LDH_FZR_12,,
54571,18-04-2026,2026-04-18T20:03:06.370927,2026-04-18T20:03:06.370927,TWB,SULH,19.1,synthetic,54571_LDH_FZR_13,,
54571,18-04-2026,2026-04-18T20:15:06.933834,2026-04-18T20:15:06.933834,SULH,PHS,23.1,synthetic,54571_LDH_FZR_14,,
54571,18-04-2026,2026-04-18T20:22:42.840451,2026-04-18T20:22:42.840451,PHS,DDK,20.7,synthetic,54571_LDH_FZR_15,,
54571,18-04-2026,2026-04-18T20:27:26.556406,2026-04-18T20:27:26.556406,DDK,SWX,18.4,synthetic,54571_LDH_FZR_16,,
54571,18-04-2026,2026-04-18T20:33:31.100765,2026-04-18T20:33:31.100765,SWX,FZR,16.5,synthetic,54571_LDH_FZR_17,,
54571,18-04-2026,2026-04-18T21:09:28.590689,2026-04-18T21:09:28.590689,FZR,,14.5,synthetic,54571_LDH_FZR_18,,
52553,10-06-2026,2026-06-10T20:30:08.400000,2026-06-10T20:30:08.400000,PRNA,PRNC,0.1,synthetic,52553_PRNA_MRIJ_0,,
52553,10-06-2026,2026-06-10T20:43:00.960000,2026-06-10T20:43:00.960000,PRNC,KTNR,0.0,synthetic,52553_PRNA_MRIJ_1,,
52553,10-06-2026,2026-06-10T21:02:00,2026-06-10T21:02:00,KTNR,SRSI,0.0,synthetic,52553_PRNA_MRIJ_2,,
52553,10-06-2026,2026-06-10T21:22:31.800000,2026-06-10T21:22:31.800000,SRSI,BNKI,1.5,synthetic,52553_PRNA_MRIJ_3,,
52553,10-06-2026,2026-06-10T21:51:23.820000,2026-06-10T21:51:23.820000,BNKI,HPI,1.4,synthetic,52553_PRNA_MRIJ_4,,
52553,10-06-2026,2026-06-10T22:08:16.038000,2026-06-10T22:08:16.038000,HPI,JNKR,1.3,synthetic,52553_PRNA_MRIJ_5,,
52553,10-06-2026,2026-06-10T22:14:04.834200,2026-06-10T22:14:04.834200,JNKR,RPLY,1.1,synthetic,52553_PRNA_MRIJ_6,,
52553,10-06-2026,2026-06-10T22:28:38.550780,2026-06-10T22:28:38.550780,RPLY,MRIJ,0.6,synthetic,52553_PRNA_MRIJ_7,,
52553,10-06-2026,2026-06-10T22:55:22.095702,2026-06-10T22:55:22.095702,MRIJ,,0.4,synthetic,52553_PRNA_MRIJ_8,,
41055,26-10-2025,2025-10-26T10:16:48.600000,2025-10-26T10:16:48.600000,MSB,MSF,11.8,synthetic,41055_MSB_VLCY_0,,
41055,26-10-2025,2025-10-26T10:18:26.340000,2025-10-26T10:18:26.340000,MSF,MPKT,10.4,synthetic,41055_MSB_VLCY_1,,
41055,26-10-2025,2025-10-26T10:19:24.306000,2025-10-26T10:19:24.306000,MPKT,MCPT,9.4,synthetic,41055_MSB_VLCY_2,,
41055,26-10-2025,2025-10-26T10:20:24.875400,2025-10-26T10:20:24.875400,MCPT,MCPK,8.4,synthetic,41055_MSB_VLCY_3,,
41055,26-10-2025,2025-10-26T10:21:42.787860,2025-10-26T10:21:42.787860,MCPK,MTCN,7.7,synthetic,41055_MSB_VLCY_4,,
41055,26-10-2025,2025-10-26T10:23:00.109074,2025-10-26T10:23:00.109074,MTCN,MLHS,7.0,synthetic,41055_MSB_VLCY_5,,
41055,26-10-2025,2025-10-26T10:24:15.698167,2025-10-26T10:24:15.698167,MLHS,MTMY,6.3,synthetic,41055_MSB_VLCY_6,,
41055,26-10-2025,2025-10-26T10:26:26.728350,2025-10-26T10:26:26.728350,MTMY,MNDY,5.4,synthetic,41055_MSB_VLCY_7,,
41055,26-10-2025,2025-10-26T10:27:48.655515,2025-10-26T10:27:48.655515,MNDY,GWYR,4.8,synthetic,41055_MSB_VLCY_8,,
41055,26-10-2025,2025-10-26T10:29:18.589963,2025-10-26T10:29:18.589963,GWYR,KTPM,4.3,synthetic,41055_MSB_VLCY_9,,
41055,26-10-2025,2025-10-26T10:30:57.530967,2025-10-26T10:30:57.530967,KTPM,KTBR,4.0,synthetic,41055_MSB_VLCY_10,,
41055,26-10-2025,2025-10-26T10:32:36.177870,2025-10-26T10:32:36.177870,KTBR,INDR,3.6,synthetic,41055_MSB_VLCY_11,,
41055,26-10-2025,2025-10-26T10:34:18.760083,2025-10-26T10:34:18.760083,INDR,TYMR,3.3,synthetic,41055_MSB_VLCY_12,,
41055,26-10-2025,2025-10-26T10:35:02.484075,2025-10-26T10:35:02.484075,TYMR,TRMN,3.0,synthetic,41055_MSB_VLCY_13,,
41055,26-10-2025,2025-10-26T10:37:50.235668,2025-10-26T10:37:50.235668,TRMN,PRGD,2.8,synthetic,41055_MSB_VLCY_14,,
41055,26-10-2025,2025-10-26T10:39:25.412101,2025-10-26T10:39:25.412101,PRGD,VLCY,2.4,synthetic,41055_MSB_VLCY_15,,
41055,26-10-2025,2025-10-26T10:46:58.870891,2025-10-26T10:46:58.870891,VLCY,,2.0,synthetic,41055_MSB_VLCY_16,,
56616,14-01-2026,2026-01-14T11:57:07.800000,2026-01-14T11:57:07.800000,NIL,VNB,7.1,synthetic,56616_NIL_SRR_0,,
56616,14-01-2026,2026-01-14T12:07:39.420000,2026-01-14T12:07:39.420000,VNB,TDPM,6.7,synthetic,56616_NIL_SRR_1,,
56616,14-01-2026,2026-01-14T12:13:56.478000,2026-01-14T12:13:56.478000,TDPM,TUV,5.9,synthetic,56616_NIL_SRR_2,,
56616,14-01-2026,2026-01-14T12:20:05.230200,2026-01-14T12:20:05.230200,TUV,MLTR,5.1,synthetic,56616_NIL_SRR_3,,
56616,14-01-2026,2026-01-14T12:27:37.107180,2026-01-14T12:27:37.107180,MLTR,PKQ,4.6,synthetic,56616_NIL_SRR_4,,
56616,14-01-2026,2026-01-14T12:37:02.196462,2026-01-14T12:37:02.196462,PKQ,AAM,4.0,synthetic,56616_NIL_SRR_5,,
56616,14-01-2026,2026-01-14T12:49:43.976816,2026-01-14T12:49:43.976816,AAM,CQA,3.7,synthetic,56616_NIL_SRR_6,,
56616,14-01-2026,2026-01-14T12:59:22.779134,2026-01-14T12:59:22.779134,CQA,KZC,3.4,synthetic,56616_NIL_SRR_7,,
56616,14-01-2026,2026-01-14T13:27:54.101221,2026-01-14T13:27:54.101221,KZC,VPZ,22.9,synthetic,56616_NIL_SRR_8,,
56616,14-01-2026,2026-01-14T13:33:42.091099,2026-01-14T13:33:42.091099,VPZ,VDKS,20.7,synthetic,56616_NIL_SRR_9,,
56616,14-01-2026,2026-01-14T13:38:16.281989,2026-01-14T13:38:16.281989,VDKS,SRR,18.3,synthetic,56616_NIL_SRR_10,,
56616,14-01-2026,2026-01-14T13:56:04.453790,2026-01-14T13:56:04.453790,SRR,,16.1,synthetic,56616_NIL_SRR_11,,
57145,08-03-2026,2026-03-08T08:06:46.800000,2026-03-08T08:06:46.800000,DKJ,PCZ,6.8,synthetic,57145_DKJ_BDCR_0,,
57145,08-03-2026,2026-03-08T08:15:09.720000,2026-03-08T08:15:09.720000,PCZ,KRA,6.2,synthetic,57145_DKJ_BDCR_1,,
57145,08-03-2026,2026-03-08T08:33:25.548000,2026-03-08T08:33:25.548000,KRA,GHPU,5.4,synthetic,57145_DKJ_BDCR_2,,
57145,08-03-2026,2026-03-08T08:39:09.193200,2026-03-08T08:39:09.193200,GHPU,CMW,5.2,synthetic,57145_DKJ_BDCR_3,,
57145,08-03-2026,2026-03-08T08:51:13.073880,2026-03-08T08:51:13.073880,CMW,TPY,5.2,synthetic,57145_DKJ_BDCR_4,,
57145,08-03-2026,2026-03-08T08:58:42.966492,2026-03-08T08:58:42.966492,TPY,BTPD,4.7,synthetic,57145_DKJ_BDCR_5,,
57145,08-03-2026,2026-03-08T09:13:00.869843,2026-03-08T09:13:00.869843,BTPD,BDCR,4.0,synthetic,57145_DKJ_BDCR_6,,
57145,08-03-2026,2026-03-08T09:43:40.382859,2026-03-08T09:43:40.382859,BDCR,,3.7,synthetic,57145_DKJ_BDCR_7,,
59478,01-11-2025,2025-11-01T17:10:18,2025-11-01T17:10:18,PTN,RUJ,5.3,synthetic,59478_PTN_MSH_0,,
59478,01-11-2025,2025-11-01T17:23:24,2025-11-01T17:23:24,RUJ,MRD,4.4,synthetic,59478_PTN_MSH_1,,
59478,01-11-2025,2025-11-01T17:29:51.600000,2025-11-01T17:29:51.600000,MRD,DHJ,3.9,synthetic,59478_PTN_MSH_2,,
59478,01-11-2025,2025-11-01T17:49:35.640000,2025-11-01T17:49:35.640000,DHJ,PHC,13.6,synthetic,59478_PTN_MSH_3,,
59478,01-11-2025,2025-11-01T17:56:55.476000,2025-11-01T17:56:55.476000,PHC,MSH,11.9,synthetic,59478_PTN_MSH_4,,
59478,01-11-2025,2025-11-01T18:10:37.928400,2025-11-01T18:10:37.928400,MSH,,10.6,synthetic,59478_PTN_MSH_5,,
55134,04-02-2026,2026-02-04T15:30:00.600000,2026-02-04T15:30:00.600000,MUV,BSB,5.0,synthetic,55134_MUV_BUI_0,,
55134,04-02-2026,2026-02-04T15:44:26.340000,2026-02-04T15:44:26.340000,BSB,BCY,4.4,synthetic,55134_MUV_BUI_1,,
55134,04-02-2026,2026-02-04T16:13:10.506000,2026-02-04T16:13:10.506000,BCY,SRNT,4.2,synthetic,55134_MUV_BUI_2,,
55134,04-02-2026,2026-02-04T16:26:37.655400,2026-02-04T16:26:37.655400,SRNT,KDQ,3.6,synthetic,55134_MUV_BUI_3,,
55134,04-02-2026,2026-02-04T16:36:57.889860,2026-02-04T16:36:57.889860,KDQ,RJI,3.0,synthetic,55134_MUV_BUI_4,,
55134,04-02-2026,2026-02-04T16:44:57.500874,2026-02-04T16:44:57.500874,RJI,ARJ,3.0,synthetic,55134_MUV_BUI_5,,
55134,04-02-2026,2026-02-04T16:57:09.150787,2026-02-04T16:57:09.150787,ARJ,SYH,2.2,synthetic,55134_MUV_BUI_6,,
55134,04-02-2026,2026-02-04T17:13:37.635708,2026-02-04T17:13:37.635708,SYH,TRN,7.6,synthetic,55134_MUV_BUI_7,,
55134,04-02-2026,2026-02-04T17:22:21.272137,2026-02-04T17:22:21.272137,TRN,BSCK,6.4,synthetic,55134_MUV_BUI_8,,
55134,04-02-2026,2026-02-04T17:29:23.944923,2026-02-04T17:29:23.944923,BSCK,NDJ,5.4,synthetic,55134_MUV_BUI_9,,
55134,04-02-2026,2026-02-04T17:36:06.550431,2026-02-04T17:36:06.550431,NDJ,SAHR,5.1,synthetic,55134_MUV_BUI_10,,
55134,04-02-2026,2026-02-04T17:43:20.895388,2026-02-04T17:43:20.895388,SAHR,AKS,4.3,synthetic,55134_MUV_BUI_11,,
55134,04-02-2026,2026-02-04T17:52:59.005849,2026-02-04T17:52:59.005849,AKS,GCT,4.0,synthetic,55134_MUV_BUI_12,,
55134,04-02-2026,2026-02-04T18:18:42.305264,2026-02-04T18:18:42.305264,GCT,GZT,3.7,synthetic,55134_MUV_BUI_13,,
55134,04-02-2026,2026-02-04T18:28:59.674738,2026-02-04T18:28:59.674738,GZT,SBK,3.0,synthetic,55134_MUV_BUI_14,,
55134,04-02-2026,2026-02-04T18:37:32.707264,2026-02-04T18:37:32.707264,SBK,YFP,2.5,synthetic,55134_MUV_BUI_15,,
55134,04-02-2026,2026-02-04T18:47:22.236538,2026-02-04T18:47:22.236538,YFP,DDD,2.4,synthetic,55134_MUV_BUI_16,,
55134,04-02-2026,2026-02-04T18:56:18.212884,2026-02-04T18:56:18.212884,DDD,KMDR,2.3,synthetic,55134_MUV_BUI_17,,
55134,04-02-2026,2026-02-04T19:06:13.991595,2026-02-04T19:06:13.991595,KMDR,TJD,2.2,synthetic,55134_MUV_BUI_18,,
55134,04-02-2026,2026-02-04T19:24:10.192436,2026-02-04T19:24:10.192436,TJD,CBN,5.2,synthetic,55134_MUV_BUI_19,,
55134,04-02-2026,2026-02-04T19:31:28.373192,2026-02-04T19:31:28.373192,CBN,PEP,4.5,synthetic,55134_MUV_BUI_20,,
55134,04-02-2026,2026-02-04T19:43:33.335873,2026-02-04T19:43:33.335873,PEP,SVI,3.6,synthetic,55134_MUV_BUI_21,,
55134,04-02-2026,2026-02-04T19:55:04.802286,2026-02-04T19:55:04.802286,SVI,BUI,3.1,synthetic,55134_MUV_BUI_22,,
55134,04-02-2026,2026-02-04T20:34:08.522057,2026-02-04T20:34:08.522057,BUI,,9.1,synthetic,55134_MUV_BUI_23,,
55905,15-07-2026,2026-07-15T07:07:37.200000,2026-07-15T07:07:37.200000,DBRT,CKW,2.6,synthetic,55905_DBRT_LEDO_0,,
55905,15-07-2026,2026-07-15T07:17:17.280000,2026-07-15T07:17:17.280000,CKW,LHL,2.3,synthetic,55905_DBRT_LEDO_1,,
55905,15-07-2026,2026-07-15T07:26:35.352000,2026-07-15T07:26:35.352000,LHL,DKM,1.6,synthetic,55905_DBRT_LEDO_2,,
55905,15-07-2026,2026-07-15T07:38:57.616800,2026-07-15T07:38:57.616800,DKM,CHB,1.0,synthetic,55905_DBRT_LEDO_3,,
55905,15-07-2026,2026-07-15T07:52:46.455120,2026-07-15T07:52:46.455120,CHB,PNT,0.8,synthetic,55905_DBRT_LEDO_4,,
55905,15-07-2026,2026-07-15T08:07:43.609608,2026-07-15T08:07:43.609608,PNT,NTSK,0.7,synthetic,55905_DBRT_LEDO_5,,
55905,15-07-2026,2026-07-15T08:30:49.448647,2026-07-15T08:30:49.448647,NTSK,TSK,0.8,synthetic,55905_DBRT_LEDO_6,,
55905,15-07-2026,2026-07-15T08:50:22.303782,2026-07-15T08:50:22.303782,TSK,MJN,0.4,synthetic,55905_DBRT_LEDO_7,,
55905,15-07-2026,2026-07-15T09:02:30.273404,2026-07-15T09:02:30.273404,MJN,TII,0.5,synthetic,55905_DBRT_LEDO_8,,
55905,15-07-2026,2026-07-15T09:22:42.246064,2026-07-15T09:22:42.246064,TII,DBY,0.7,synthetic,55905_DBRT_LEDO_9,,
55905,15-07-2026,2026-07-15T09:39:32.621457,2026-07-15T09:39:32.621457,DBY,MRG,0.5,synthetic,55905_DBRT_LEDO_10,,
55905,15-07-2026,2026-07-15T09:59:20.359312,2026-07-15T09:59:20.359312,MRG,BGLI,0.3,synthetic,55905_DBRT_LEDO_11,,
55905,15-07-2026,2026-07-15T10:09:29.723381,2026-07-15T10:09:29.723381,BGLI,LEDO,0.5,synthetic,55905_DBRT_LEDO_12,,
55905,15-07-2026,2026-07-15T10:49:26.751042,2026-07-15T10:49:26.751042,LEDO,,4.4,synthetic,55905_DBRT_LEDO_13,,
47126,14-05-2026,2026-05-14T05:40:26.400000,2026-05-14T05:40:26.400000,LPI,CDNR,0.4,synthetic,47126_LPI_HYB_0,,
47126,14-05-2026,2026-05-14T05:43:15.960000,2026-05-14T05:43:15.960000,CDNR,HFZ,0.3,synthetic,47126_LPI_HYB_1,,
47126,14-05-2026,2026-05-14T05:48:05.964000,2026-05-14T05:48:05.964000,HFZ,HTCY,0.1,synthetic,47126_LPI_HYB_2,,
47126,14-05-2026,2026-05-14T05:53:34.767600,2026-05-14T05:53:34.767600,HTCY,BRBD,0.6,synthetic,47126_LPI_HYB_3,,
47126,14-05-2026,2026-05-14T05:55:29.490840,2026-05-14T05:55:29.490840,BRBD,BTNR,0.5,synthetic,47126_LPI_HYB_4,,
47126,14-05-2026,2026-05-14T05:58:13.941756,2026-05-14T05:58:13.941756,BTNR,SNF,0.2,synthetic,47126_LPI_HYB_5,,
47126,14-05-2026,2026-05-14T06:00:00,2026-05-14T06:00:00,SNF,FNB,0.0,synthetic,47126_LPI_HYB_6,,
47126,14-05-2026,2026-05-14T06:03:26.400000,2026-05-14T06:03:26.400000,FNB,NCHS,1.4,synthetic,47126_LPI_HYB_7,,
47126,14-05-2026,2026-05-14T06:04:10.560000,2026-05-14T06:04:10.560000,NCHS,BMT,1.2,synthetic,47126_LPI_HYB_8,,
47126,14-05-2026,2026-05-14T06:06:07.104000,2026-05-14T06:06:07.104000,BMT,NLRD,1.1,synthetic,47126_LPI_HYB_9,,
47126,14-05-2026,2026-05-14T06:16:03.393600,2026-05-14T06:16:03.393600,NLRD,KQD,7.1,synthetic,47126_LPI_HYB_10,,
47126,14-05-2026,2026-05-14T06:18:15.654240,2026-05-14T06:18:15.654240,KQD,LKPL,7.3,synthetic,47126_LPI_HYB_11,,
47126,14-05-2026,2026-05-14T06:19:30.888816,2026-05-14T06:19:30.888816,LKPL,HYB,6.5,synthetic,47126_LPI_HYB_12,,
47126,14-05-2026,2026-05-14T06:25:58.999934,2026-05-14T06:25:58.999934,HYB,,6.0,synthetic,47126_LPI_HYB_13,,
52504,17-07-2026,2026-07-17T09:40:15.600000,2026-07-17T09:40:15.600000,NKE,AMO,10.3,synthetic,52504_NKE_BKF_0,,
52504,17-07-2026,2026-07-17T10:07:44.040000,2026-07-17T10:07:44.040000,AMO,GAH,9.7,synthetic,52504_NKE_BKF_1,,
52504,17-07-2026,2026-07-17T10:33:08.436000,2026-07-17T10:33:08.436000,GAH,BKF,9.1,synthetic,52504_NKE_BKF_2,,
52504,17-07-2026,2026-07-17T11:08:16.592400,2026-07-17T11:08:16.592400,BKF,,8.3,synthetic,52504_NKE_BKF_3,,
59122,23-05-2026,2026-05-23T10:40:22.800000,2026-05-23T10:40:22.800000,BDE,JJW,10.4,synthetic,59122_BDE_PRTN_0,,
59122,23-05-2026,2026-05-23T10:47:16.920000,2026-05-23T10:47:16.920000,JJW,CCP,9.3,synthetic,59122_BDE_PRTN_1,,
59122,23-05-2026,2026-05-23T10:55:30.228000,2026-05-23T10:55:30.228000,CCP,SAK,8.5,synthetic,59122_BDE_PRTN_2,,
59122,23-05-2026,2026-05-23T11:06:53.605200,2026-05-23T11:06:53.605200,SAK,AMLP,7.9,synthetic,59122_BDE_PRTN_3,,
59122,23-05-2026,2026-05-23T11:13:49.444680,2026-05-23T11:13:49.444680,AMLP,VAN,6.8,synthetic,59122_BDE_PRTN_4,,
59122,23-05-2026,2026-05-23T11:19:09.100212,2026-05-23T11:19:09.100212,VAN,DB,6.2,synthetic,59122_BDE_PRTN_5,,
59122,23-05-2026,2026-05-23T11:35:15.990191,2026-05-23T11:35:15.990191,DB,TWV,5.3,synthetic,59122_BDE_PRTN_6,,
59122,23-05-2026,2026-05-23T12:03:40.791172,2026-05-23T12:03:40.791172,TWV,BILP,4.7,synthetic,59122_BDE_PRTN_7,,
59122,23-05-2026,2026-05-23T12:13:04.912055,2026-05-23T12:13:04.912055,BILP,KDHL,7.1,synthetic,59122_BDE_PRTN_8,,
59122,23-05-2026,2026-05-23T12:42:31.420849,2026-05-23T12:42:31.420849,KDHL,KEP,27.5,synthetic,59122_BDE_PRTN_9,,
59122,23-05-2026,2026-05-23T12:46:07.878764,2026-05-23T12:46:07.878764,KEP,PRTN,25.1,synthetic,59122_BDE_PRTN_10,,
59122,23-05-2026,2026-05-23T13:02:40.090888,2026-05-23T13:02:40.090888,PRTN,,22.7,synthetic,59122_BDE_PRTN_11,,
57140,13-12-2025,2025-12-13T20:31:34.800000,2025-12-13T20:31:34.800000,MUGR,AWM,1.6,synthetic,57140_MUGR_SC_0,,
57140,13-12-2025,2025-12-13T20:51:21.120000,2025-12-13T20:51:21.120000,AWM,BDCR,1.4,synthetic,57140_MUGR_SC_1,,
57140,13-12-2025,2025-12-13T21:56:16.608000,2025-12-13T21:56:16.608000,BDCR,BTPD,1.3,synthetic,57140_MUGR_SC_2,,
57140,13-12-2025,2025-12-13T22:22:59.947200,2025-12-13T22:22:59.947200,BTPD,TPY,1.0,synthetic,57140_MUGR_SC_3,,
57140,13-12-2025,2025-12-13T22:31:34.752480,2025-12-13T22:31:34.752480,TPY,CMW,0.6,synthetic,57140_MUGR_SC_4,,
57140,13-12-2025,2025-12-13T22:43:28.277232,2025-12-13T22:43:28.277232,CMW,GHPU,5.5,synthetic,57140_MUGR_SC_5,,
57140,13-12-2025,2025-12-13T23:04:54.249509,2025-12-13T23:04:54.249509,GHPU,KRA,4.9,synthetic,57140_MUGR_SC_6,,
57140,13-12-2025,2025-12-13T23:12:15.824558,2025-12-13T23:12:15.824558,KRA,PCZ,4.3,synthetic,57140_MUGR_SC_7,,
57140,13-12-2025,2025-12-13T23:28:58.642102,2025-12-13T23:28:58.642102,PCZ,DKJ,4.0,synthetic,57140_MUGR_SC_8,,
57140,13-12-2025,2025-12-13T23:49:00.577892,2025-12-13T23:49:00.577892,DKJ,GLA,4.0,synthetic,57140_MUGR_SC_9,,
57140,13-12-2025,2025-12-14T00:16:28.720103,2025-12-14T00:16:28.720103,GLA,GUU,3.5,synthetic,57140_MUGR_SC_10,,
57140,13-12-2025,2025-12-14T00:21:21.048092,2025-12-14T00:21:21.048092,GUU,MABD,3.4,synthetic,57140_MUGR_SC_11,,
57140,13-12-2025,2025-12-14T00:28:00.343283,2025-12-14T00:28:00.343283,MABD,TAA,3.0,synthetic,57140_MUGR_SC_12,,
57140,13-12-2025,2025-12-14T00:34:57.908955,2025-12-14T00:34:57.908955,TAA,KDM,3.0,synthetic,57140_MUGR_SC_13,,
57140,13-12-2025,2025-12-14T00:39:16.718059,2025-12-14T00:39:16.718059,KDM,INK,2.3,synthetic,57140_MUGR_SC_14,,
57140,13-12-2025,2025-12-14T00:47:42.646253,2025-12-14T00:47:42.646253,INK,NKD,1.7,synthetic,57140_MUGR_SC_15,,
57140,13-12-2025,2025-12-14T01:00:23.381628,2025-12-14T01:00:23.381628,NKD,YGL,1.4,synthetic,57140_MUGR_SC_16,,
57140,13-12-2025,2025-12-14T01:14:28.843465,2025-12-14T01:14:28.843465,YGL,CLE,1.5,synthetic,57140_MUGR_SC_17,,
57140,13-12-2025,2025-12-14T01:24:15.759119,2025-12-14T01:24:15.759119,CLE,WL,1.3,synthetic,57140_MUGR_SC_18,,
57140,13-12-2025,2025-12-14T01:41:27.983207,2025-12-14T01:41:27.983207,WL,KZJ,1.5,synthetic,57140_MUGR_SC_19,,
57140,13-12-2025,2025-12-14T02:11:16.184886,2025-12-14T02:11:16.184886,KZJ,PQL,3.3,synthetic,57140_MUGR_SC_20,,
57140,13-12-2025,2025-12-14T02:19:09.766398,2025-12-14T02:19:09.766398,PQL,GNP,3.2,synthetic,57140_MUGR_SC_21,,
57140,13-12-2025,2025-12-14T02:28:31.589758,2025-12-14T02:28:31.589758,GNP,RGP,2.5,synthetic,57140_MUGR_SC_22,,
57140,13-12-2025,2025-12-14T02:41:56.630782,2025-12-14T02:41:56.630782,RGP,ZN,1.9,synthetic,57140_MUGR_SC_23,,
57140,13-12-2025,2025-12-14T02:50:29.967704,2025-12-14T02:50:29.967704,ZN,PBP,1.5,synthetic,57140_MUGR_SC_24,,
57140,13-12-2025,2025-12-14T02:59:40.770933,2025-12-14T02:59:40.770933,PBP,ALER,1.7,synthetic,57140_MUGR_SC_25,,
57140,13-12-2025,2025-12-14T03:12:47.493840,2025-12-14T03:12:47.493840,ALER,WP,1.8,synthetic,57140_MUGR_SC_26,,
57140,13-12-2025,2025-12-14T03:25:21.744456,2025-12-14T03:25:21.744456,WP,RAG,1.4,synthetic,57140_MUGR_SC_27,,
57140,13-12-2025,2025-12-14T03:33:07.570010,2025-12-14T03:33:07.570010,RAG,BG,1.1,synthetic,57140_MUGR_SC_28,,
57140,13-12-2025,2025-12-14T03:42:07.413009,2025-12-14T03:42:07.413009,BG,PGDP,1.1,synthetic,57140_MUGR_SC_29,,
57140,13-12-2025,2025-12-14T03:57:36.071708,2025-12-14T03:57:36.071708,PGDP,BN,2.6,synthetic,57140_MUGR_SC_30,,
57140,13-12-2025,2025-12-14T04:01:01.864538,2025-12-14T04:01:01.864538,BN,GT,2.0,synthetic,57140_MUGR_SC_31,,
57140,13-12-2025,2025-12-14T04:18:44.878084,2025-12-14T04:18:44.878084,GT,CHZ,1.7,synthetic,57140_MUGR_SC_32,,
57140,13-12-2025,2025-12-14T04:35:51.790275,2025-12-14T04:35:51.790275,CHZ,MLY,7.9,synthetic,57140_MUGR_SC_33,,
57140,13-12-2025,2025-12-14T04:43:31.611248,2025-12-14T04:43:31.611248,MLY,SC,6.5,synthetic,57140_MUGR_SC_34,,
57140,13-12-2025,2025-12-14T04:50:58.450123,2025-12-14T04:50:58.450123,SC,,6.0,synthetic,57140_MUGR_SC_35,,
70101,25-12-2025,2025-12-25T19:04:27.600000,2025-12-25T19:04:27.600000,MAO,BLLI,4.5,synthetic,70101_MAO_KAWR_0,,
70101,25-12-2025,2025-12-25T19:17:54.240000,2025-12-25T19:17:54.240000,BLLI,CNO,3.9,synthetic,70101_MAO_KAWR_1,,
70101,25-12-2025,2025-12-25T19:34:59.016000,2025-12-25T19:34:59.016000,CNO,AT,3.0,synthetic,70101_MAO_KAWR_2,,
70101,25-12-2025,2025-12-25T19:51:53.114400,2025-12-25T19:51:53.114400,AT,KAWR,2.9,synthetic,70101_MAO_KAWR_3,,
70101,25-12-2025,2025-12-25T20:22:11.802960,2025-12-25T20:22:11.802960,KAWR,,2.2,synthetic,70101_MAO_KAWR_4,,
54059,15-05-2026,2026-05-15T22:53:34.200000,2026-05-15T22:53:34.200000,DLI,DSA,3.6,synthetic,54059_DLI_SMQL_0,,
54059,15-05-2026,2026-05-15T23:10:22.380000,2026-05-15T23:10:22.380000,DSA,BHHZ,3.4,synthetic,54059_DLI_SMQL_1,,
54059,15-05-2026,2026-05-15T23:19:58.542000,2026-05-15T23:19:58.542000,BHHZ,NOLI,3.0,synthetic,54059_DLI_SMQL_2,,
54059,15-05-2026,2026-05-15T23:26:37.087800,2026-05-15T23:26:37.087800,NOLI,NTG,2.6,synthetic,54059_DLI_SMQL_3,,
54059,15-05-2026,2026-05-15T23:33:13.579020,2026-05-15T23:33:13.579020,NTG,GTRA,2.2,synthetic,54059_DLI_SMQL_4,,
54059,15-05-2026,2026-05-15T23:40:02.021118,2026-05-15T23:40:02.021118,GTRA,FAP,2.0,synthetic,54059_DLI_SMQL_5,,
54059,15-05-2026,2026-05-15T23:46:54.019006,2026-05-15T23:46:54.019006,FAP,KEX,1.9,synthetic,54059_DLI_SMQL_6,,
54059,15-05-2026,2026-05-15T23:53:36.617106,2026-05-15T23:53:36.617106,KEX,SFA,1.6,synthetic,54059_DLI_SMQL_7,,
54059,15-05-2026,2026-05-15T23:59:17.355395,2026-05-15T23:59:17.355395,SFA,AHQ,1.3,synthetic,54059_DLI_SMQL_8,,
54059,15-05-2026,2026-05-16T00:19:46.219856,2026-05-16T00:19:46.219856,AHQ,BPM,14.8,synthetic,54059_DLI_SMQL_9,,
54059,15-05-2026,2026-05-16T00:24:13.997870,2026-05-16T00:24:13.997870,BPM,SUJR,13.2,synthetic,54059_DLI_SMQL_10,,
54059,15-05-2026,2026-05-16T00:30:16.198083,2026-05-16T00:30:16.198083,SUJR,BADK,12.3,synthetic,54059_DLI_SMQL_11,,
54059,15-05-2026,2026-05-16T00:35:49.378275,2026-05-16T00:35:49.378275,BADK,BTU,10.8,synthetic,54059_DLI_SMQL_12,,
54059,15-05-2026,2026-05-16T00:44:21.640447,2026-05-16T00:44:21.640447,BTU,BAOL,16.4,synthetic,54059_DLI_SMQL_13,,
54059,15-05-2026,2026-05-16T00:48:56.676402,2026-05-16T00:48:56.676402,BAOL,KPKI,14.9,synthetic,54059_DLI_SMQL_14,,
54059,15-05-2026,2026-05-16T00:52:32.408762,2026-05-16T00:52:32.408762,KPKI,BDHP,13.5,synthetic,54059_DLI_SMQL_15,,
54059,15-05-2026,2026-05-16T00:56:46.567886,2026-05-16T00:56:46.567886,BDHP,AILM,11.8,synthetic,54059_DLI_SMQL_16,,
54059,15-05-2026,2026-05-16T01:03:39.511097,2026-05-16T01:03:39.511097,AILM,KQL,10.7,synthetic,54059_DLI_SMQL_17,,
54059,15-05-2026,2026-05-16T01:11:43.959988,2026-05-16T01:11:43.959988,KQL,KZI,9.7,synthetic,54059_DLI_SMQL_18,,
54059,15-05-2026,2026-05-16T01:21:44.963989,2026-05-16T01:21:44.963989,KZI,GLBN,8.7,synthetic,54059_DLI_SMQL_19,,
54059,15-05-2026,2026-05-16T01:27:34.467590,2026-05-16T01:27:34.467590,GLBN,SMQL,9.6,synthetic,54059_DLI_SMQL_20,,
54059,15-05-2026,2026-05-16T01:39:11.220831,2026-05-16T01:39:11.220831,SMQL,,14.2,synthetic,54059_DLI_SMQL_21,,
47132,01-12-2025,2025-12-01T09:16:18,2025-12-01T09:16:18,LPI,CDNR,6.3,synthetic,47132_LPI_HYB_0,,
47132,01-12-2025,2025-12-01T09:18:39,2025-12-01T09:18:39,CDNR,HFZ,5.7,synthetic,47132_LPI_HYB_1,,
47132,01-12-2025,2025-12-01T09:22:17.100000,2025-12-01T09:22:17.100000,HFZ,HTCY,5.3,synthetic,47132_LPI_HYB_2,,
47132,01-12-2025,2025-12-01T09:26:39.990000,2025-12-01T09:26:39.990000,HTCY,BRBD,4.7,synthetic,47132_LPI_HYB_3,,
47132,01-12-2025,2025-12-01T09:28:02.391000,2025-12-01T09:28:02.391000,BRBD,BTNR,4.0,synthetic,47132_LPI_HYB_4,,
47132,01-12-2025,2025-12-01T09:30:33.351900,2025-12-01T09:30:33.351900,BTNR,SNF,3.6,synthetic,47132_LPI_HYB_5,,
47132,01-12-2025,2025-12-01T09:32:28.816710,2025-12-01T09:32:28.816710,SNF,FNB,3.5,synthetic,47132_LPI_HYB_6,,
47132,01-12-2025,2025-12-01T09:34:04.335039,2025-12-01T09:34:04.335039,FNB,NCHS,3.1,synthetic,47132_LPI_HYB_7,,
47132,01-12-2025,2025-12-01T09:39:08.101535,2025-12-01T09:39:08.101535,NCHS,BMT,7.1,synthetic,47132_LPI_HYB_8,,
47132,01-12-2025,2025-12-01T09:43:22.291382,2025-12-01T09:43:22.291382,BMT,NLRD,6.4,synthetic,47132_LPI_HYB_9,,
47132,01-12-2025,2025-12-01T09:44:50.662243,2025-12-01T09:44:50.662243,NLRD,KQD,5.8,synthetic,47132_LPI_HYB_10,,
47132,01-12-2025,2025-12-01T10:07:24.596019,2025-12-01T10:07:24.596019,KQD,LKPL,26.4,synthetic,47132_LPI_HYB_11,,
47132,01-12-2025,2025-12-01T10:06:53.936417,2025-12-01T10:06:53.936417,LKPL,HYB,23.9,synthetic,47132_LPI_HYB_12,,
47132,01-12-2025,2025-12-01T10:16:23.942775,2025-12-01T10:16:23.942775,HYB,,21.4,synthetic,47132_LPI_HYB_13,,
06840,19-02-2026,2026-02-19T09:42:48,2026-02-19T09:42:48,KKDI,KTYR,2.8,synthetic,06840_KKDI_TPJ_0,,
06840,19-02-2026,2026-02-19T09:52:20.400000,2026-02-19T09:52:20.400000,KTYR,CTND,2.3,synthetic,06840_KKDI_TPJ_1,,
06840,19-02-2026,2026-02-19T10:00:50.160000,2026-02-19T10:00:50.160000,CTND,TYM,1.8,synthetic,06840_KKDI_TPJ_2,,
06840,19-02-2026,2026-02-19T10:13:16.344000,2026-02-19T10:13:16.344000,TYM,NMN,1.3,synthetic,06840_KKDI_TPJ_3,,
06840,19-02-2026,2026-02-19T10:41:44.709600,2026-02-19T10:41:44.709600,NMN,PDKT,14.7,synthetic,06840_KKDI_TPJ_4,,
06840,19-02-2026,2026-02-19T10:48:28.238640,2026-02-19T10:48:28.238640,PDKT,VEL,13.5,synthetic,06840_KKDI_TPJ_5,,
06840,19-02-2026,2026-02-19T11:05:11.614776,2026-02-19T11:05:11.614776,VEL,NTM,12.2,synthetic,06840_KKDI_TPJ_6,,
06840,19-02-2026,2026-02-19T11:15:07.453298,2026-02-19T11:15:07.453298,NTM,KUTR,11.1,synthetic,06840_KKDI_TPJ_7,,
06840,19-02-2026,2026-02-19T11:23:40.907969,2026-02-19T11:23:40.907969,KUTR,KRUR,9.7,synthetic,06840_KKDI_TPJ_8,,
06840,19-02-2026,2026-02-19T11:24:37.417172,2026-02-19T11:24:37.417172,KRUR,TNLR,8.6,synthetic,06840_KKDI_TPJ_9,,
06840,19-02-2026,2026-02-19T11:32:30.075455,2026-02-19T11:32:30.075455,TNLR,KRMG,7.5,synthetic,06840_KKDI_TPJ_10,,
06840,19-02-2026,2026-02-19T11:42:33.667909,2026-02-19T11:42:33.667909,KRMG,TPJ,6.6,synthetic,06840_KKDI_TPJ_11,,
06840,19-02-2026,2026-02-19T12:11:03.901118,2026-02-19T12:11:03.901118,TPJ,,6.1,synthetic,06840_KKDI_TPJ_12,,
54817,02-12-2025,2025-12-02T23:32:03,2025-12-02T23:32:03,JU,BGKT,22.1,synthetic,54817_JU_BME_0,,
54817,02-12-2025,2025-12-02T23:36:05.700000,2025-12-02T23:36:05.700000,BGKT,BANE,20.1,synthetic,54817_JU_BME_1,,
54817,02-12-2025,2025-12-02T23:44:35.130000,2025-12-02T23:44:35.130000,BANE,SZ,21.6,synthetic,54817_JU_BME_2,,
54817,02-12-2025,2025-12-03T00:07:26.217000,2025-12-03T00:07:26.217000,SZ,HWT,29.4,synthetic,54817_JU_BME_3,,
54817,02-12-2025,2025-12-03T00:13:28.395300,2025-12-03T00:13:28.395300,HWT,LUNI,26.5,synthetic,54817_JU_BME_4,,
54817,02-12-2025,2025-12-03T00:19:53.755770,2025-12-03T00:19:53.755770,LUNI,SUT,23.9,synthetic,54817_JU_BME_5,,
54817,02-12-2025,2025-12-03T00:28:39.380193,2025-12-03T00:28:39.380193,SUT,DUK,21.7,synthetic,54817_JU_BME_6,,
54817,02-12-2025,2025-12-03T00:48:19.242174,2025-12-03T00:48:19.242174,DUK,DOR,33.3,synthetic,54817_JU_BME_7,,
54817,02-12-2025,2025-12-03T00:56:10.717956,2025-12-03T00:56:10.717956,DOR,MNKB,30.2,synthetic,54817_JU_BME_8,,
54817,02-12-2025,2025-12-03T01:02:16.846161,2025-12-03T01:02:16.846161,MNKB,AJIT,27.3,synthetic,54817_JU_BME_9,,
54817,02-12-2025,2025-12-03T01:29:43.961545,2025-12-03T01:29:43.961545,AJIT,SMR,47.7,synthetic,54817_JU_BME_10,,
54817,02-12-2025,2025-12-03T01:51:53.365390,2025-12-03T01:51:53.365390,SMR,PRU,55.9,synthetic,54817_JU_BME_11,,
54817,02-12-2025,2025-12-03T02:02:18.628851,2025-12-03T02:02:18.628851,PRU,JNE,50.3,synthetic,54817_JU_BME_12,,
54817,02-12-2025,2025-12-03T02:20:56.965966,2025-12-03T02:20:56.965966,JNE,BLT,57.9,synthetic,54817_JU_BME_13,,
54817,02-12-2025,2025-12-03T02:42:39.869369,2025-12-03T02:42:39.869369,BLT,KHTX,62.7,synthetic,54817_JU_BME_14,,
54817,02-12-2025,2025-12-03T02:51:37.082432,2025-12-03T02:51:37.082432,KHTX,TWL,58.6,synthetic,54817_JU_BME_15,,
54817,02-12-2025,2025-12-03T02:52:35.774189,2025-12-03T02:52:35.774189,TWL,GOLE,52.6,synthetic,54817_JU_BME_16,,
54817,02-12-2025,2025-12-03T02:59:11.796770,2025-12-03T02:59:11.796770,GOLE,BMQ,47.2,synthetic,54817_JU_BME_17,,
54817,02-12-2025,2025-12-03T03:06:38.817093,2025-12-03T03:06:38.817093,BMQ,BUT,42.6,synthetic,54817_JU_BME_18,,
54817,02-12-2025,2025-12-03T03:14:02.535384,2025-12-03T03:14:02.535384,BUT,BSDA,38.0,synthetic,54817_JU_BME_19,,
54817,02-12-2025,2025-12-03T03:23:05.281846,2025-12-03T03:23:05.281846,BSDA,KVA,34.1,synthetic,54817_JU_BME_20,,
54817,02-12-2025,2025-12-03T03:33:53.353661,2025-12-03T03:33:53.353661,KVA,UTL,32.9,synthetic,54817_JU_BME_21,,
54817,02-12-2025,2025-12-03T03:41:39.018295,2025-12-03T03:41:39.018295,UTL,BME,29.7,synthetic,54817_JU_BME_22,,
54817,02-12-2025,2025-12-03T04:26:48.316465,2025-12-03T04:26:48.316465,BME,,26.8,synthetic,54817_JU_BME_23,,
54788,06-03-2026,2026-03-06T21:43:48.600000,2026-03-06T21:43:48.600000,RE,KGBS,3.8,synthetic,54788_RE_BNW_0,,
54788,06-03-2026,2026-03-06T21:55:23.940000,2026-03-06T21:55:23.940000,KGBS,JTS,3.4,synthetic,54788_RE_BNW_1,,
54788,06-03-2026,2026-03-06T22:05:13.146000,2026-03-06T22:05:13.146000,JTS,NLQ,3.2,synthetic,54788_RE_BNW_2,,
54788,06-03-2026,2026-03-06T22:12:40.631400,2026-03-06T22:12:40.631400,NLQ,KSI,2.7,synthetic,54788_RE_BNW_3,,
54788,06-03-2026,2026-03-06T22:19:25.168260,2026-03-06T22:19:25.168260,KSI,SDRA,2.4,synthetic,54788_RE_BNW_4,,
54788,06-03-2026,2026-03-06T22:28:19.051434,2026-03-06T22:28:19.051434,SDRA,JRL,2.3,synthetic,54788_RE_BNW_5,,
54788,06-03-2026,2026-03-06T22:39:04.546291,2026-03-06T22:39:04.546291,JRL,PUW,2.1,synthetic,54788_RE_BNW_6,,
54788,06-03-2026,2026-03-06T22:47:02.891662,2026-03-06T22:47:02.891662,PUW,CKD,2.0,synthetic,54788_RE_BNW_7,,
54788,06-03-2026,2026-03-06T22:53:53.002495,2026-03-06T22:53:53.002495,CKD,MHU,1.9,synthetic,54788_RE_BNW_8,,
54788,06-03-2026,2026-03-06T23:07:50.702246,2026-03-06T23:07:50.702246,MHU,BNW,1.8,synthetic,54788_RE_BNW_9,,
54788,06-03-2026,2026-03-06T23:36:42.032021,2026-03-06T23:36:42.032021,BNW,,1.7,synthetic,54788_RE_BNW_10,,
41103,25-03-2026,2026-03-25T18:06:14.400000,2026-03-25T18:06:14.400000,MSB,MSF,11.2,synthetic,41103_MSB_VLCY_0,,
41103,25-03-2026,2026-03-25T18:08:23.160000,2026-03-25T18:08:23.160000,MSF,MPKT,10.4,synthetic,41103_MSB_VLCY_1,,
41103,25-03-2026,2026-03-25T18:09:13.044000,2026-03-25T18:09:13.044000,MPKT,MCPT,9.2,synthetic,41103_MSB_VLCY_2,,
41103,25-03-2026,2026-03-25T18:10:27.939600,2026-03-25T18:10:27.939600,MCPT,MCPK,8.5,synthetic,41103_MSB_VLCY_3,,
41103,25-03-2026,2026-03-25T18:15:25.745640,2026-03-25T18:15:25.745640,MCPK,MTCN,11.4,synthetic,41103_MSB_VLCY_4,,
41103,25-03-2026,2026-03-25T18:16:29.171076,2026-03-25T18:16:29.171076,MTCN,MLHS,10.5,synthetic,41103_MSB_VLCY_5,,
41103,25-03-2026,2026-03-25T18:17:13.653968,2026-03-25T18:17:13.653968,MLHS,MTMY,9.2,synthetic,41103_MSB_VLCY_6,,
41103,25-03-2026,2026-03-25T18:19:15.888572,2026-03-25T18:19:15.888572,MTMY,MNDY,8.3,synthetic,41103_MSB_VLCY_7,,
41103,25-03-2026,2026-03-25T18:20:26.899714,2026-03-25T18:20:26.899714,MNDY,GWYR,7.4,synthetic,41103_MSB_VLCY_8,,
41103,25-03-2026,2026-03-25T18:21:49.409743,2026-03-25T18:21:49.409743,GWYR,KTPM,6.8,synthetic,41103_MSB_VLCY_9,,
41103,25-03-2026,2026-03-25T18:23:04.868769,2026-03-25T18:23:04.868769,KTPM,KTBR,6.1,synthetic,41103_MSB_VLCY_10,,
41103,25-03-2026,2026-03-25T18:24:33.181892,2026-03-25T18:24:33.181892,KTBR,INDR,5.6,synthetic,41103_MSB_VLCY_11,,
41103,25-03-2026,2026-03-25T21:26:04.663703,2026-03-25T21:26:04.663703,INDR,TYMR,185.1,synthetic,41103_MSB_VLCY_12,,
41103,25-03-2026,2026-03-25T21:08:30.597332,2026-03-25T21:08:30.597332,TYMR,TRMN,166.5,synthetic,41103_MSB_VLCY_13,,
41103,25-03-2026,2026-03-25T20:54:57.537599,2026-03-25T20:54:57.537599,TRMN,PRGD,150.0,synthetic,41103_MSB_VLCY_14,,
41103,25-03-2026,2026-03-25T20:42:10.383839,2026-03-25T20:42:10.383839,PRGD,VLCY,135.2,synthetic,41103_MSB_VLCY_15,,
41103,25-03-2026,2026-03-25T20:36:47.145455,2026-03-25T20:36:47.145455,VLCY,,121.8,synthetic,41103_MSB_VLCY_16,,
57241,06-06-2026,2026-06-06T04:05:28.200000,2026-06-06T04:05:28.200000,BTTR,SVPM,5.5,synthetic,57241_BTTR_BZA_0,,
57241,06-06-2026,2026-06-06T04:09:07.980000,2026-06-06T04:09:07.980000,SVPM,KVZ,5.1,synthetic,57241_BTTR_BZA_1,,
57241,06-06-2026,2026-06-06T04:21:37.782000,2026-06-06T04:21:37.782000,KVZ,TTU,4.6,synthetic,57241_BTTR_BZA_2,,
57241,06-06-2026,2026-06-06T04:33:14.803800,2026-06-06T04:33:14.803800,TTU,UPD,4.2,synthetic,57241_BTTR_BZA_3,,
57241,06-06-2026,2026-06-06T04:47:31.923420,2026-06-06T04:47:31.923420,UPD,SKM,7.5,synthetic,57241_BTTR_BZA_4,,
57241,06-06-2026,2026-06-06T04:57:08.931078,2026-06-06T04:57:08.931078,SKM,TNR,7.1,synthetic,57241_BTTR_BZA_5,,
57241,06-06-2026,2026-06-06T05:06:32.037970,2026-06-06T05:06:32.037970,TNR,SDM,6.5,synthetic,57241_BTTR_BZA_6,,
57241,06-06-2026,2026-06-06T05:15:55.834173,2026-06-06T05:15:55.834173,SDM,OGL,5.9,synthetic,57241_BTTR_BZA_7,,
57241,06-06-2026,2026-06-06T05:29:51.450756,2026-06-06T05:29:51.450756,OGL,KRV,4.9,synthetic,57241_BTTR_BZA_8,,
57241,06-06-2026,2026-06-06T05:42:54.705680,2026-06-06T05:42:54.705680,KRV,ANB,4.9,synthetic,57241_BTTR_BZA_9,,
57241,06-06-2026,2026-06-06T05:49:39.035112,2026-06-06T05:49:39.035112,ANB,RPRL,4.7,synthetic,57241_BTTR_BZA_10,,
57241,06-06-2026,2026-06-06T06:54:07.531601,2026-06-06T06:54:07.531601,RPRL,UGD,63.1,synthetic,57241_BTTR_BZA_11,,
57241,06-06-2026,2026-06-06T06:53:36.178441,2026-06-06T06:53:36.178441,UGD,CJM,56.6,synthetic,57241_BTTR_BZA_12,,
57241,06-06-2026,2026-06-06T06:55:24.760597,2026-06-06T06:55:24.760597,CJM,KVDU,50.4,synthetic,57241_BTTR_BZA_13,,
57241,06-06-2026,2026-06-06T06:56:27.684537,2026-06-06T06:56:27.684537,KVDU,KPLL,45.5,synthetic,57241_BTTR_BZA_14,,
57241,06-06-2026,2026-06-06T06:58:08.716083,2026-06-06T06:58:08.716083,KPLL,VTM,41.1,synthetic,57241_BTTR_BZA_15,,
57241,06-06-2026,2026-06-06T07:00:24.044475,2026-06-06T07:00:24.044475,VTM,JAQ,37.4,synthetic,57241_BTTR_BZA_16,,
57241,06-06-2026,2026-06-06T07:02:55.840028,2026-06-06T07:02:55.840028,JAQ,CLX,33.9,synthetic,57241_BTTR_BZA_17,,
57241,06-06-2026,2026-06-06T07:14:35.856025,2026-06-06T07:14:35.856025,CLX,IPPN,35.6,synthetic,57241_BTTR_BZA_18,,
57241,06-06-2026,2026-06-06T07:29:25.070422,2026-06-06T07:29:25.070422,IPPN,IPPM,43.4,synthetic,57241_BTTR_BZA_19,,
57241,06-06-2026,2026-06-06T07:24:50.763380,2026-06-06T07:24:50.763380,IPPM,SPF,38.8,synthetic,57241_BTTR_BZA_20,,
57241,06-06-2026,2026-06-06T07:26:54.087042,2026-06-06T07:26:54.087042,SPF,BPP,34.9,synthetic,57241_BTTR_BZA_21,,
57241,06-06-2026,2026-06-06T07:52:33.678338,2026-06-06T07:52:33.678338,BPP,APL,52.6,synthetic,57241_BTTR_BZA_22,,
57241,06-06-2026,2026-06-06T07:57:55.510504,2026-06-06T07:57:55.510504,APL,MCVM,46.9,synthetic,57241_BTTR_BZA_23,,
57241,06-06-2026,2026-06-06T07:58:57.159454,2026-06-06T07:58:57.159454,MCVM,NDO,42.0,synthetic,57241_BTTR_BZA_24,,
57241,06-06-2026,2026-06-06T08:18:35.243508,2026-06-06T08:18:35.243508,NDO,MDKU,54.6,synthetic,57241_BTTR_BZA_25,,
57241,06-06-2026,2026-06-06T08:22:16.719157,2026-06-06T08:22:16.719157,MDKU,TSR,49.3,synthetic,57241_BTTR_BZA_26,,
57241,06-06-2026,2026-06-06T08:24:31.247242,2026-06-06T08:24:31.247242,TSR,TEL,44.5,synthetic,57241_BTTR_BZA_27,,
57241,06-06-2026,2026-06-06T08:44:16.122518,2026-06-06T08:44:16.122518,TEL,KLX,40.3,synthetic,57241_BTTR_BZA_28,,
57241,06-06-2026,2026-06-06T08:45:16.910266,2026-06-06T08:45:16.910266,KLX,DIG,36.3,synthetic,57241_BTTR_BZA_29,,
57241,06-06-2026,2026-06-06T08:48:42.819239,2026-06-06T08:48:42.819239,DIG,CLVR,32.7,synthetic,57241_BTTR_BZA_30,,
57241,06-06-2026,2026-06-06T08:52:14.537315,2026-06-06T08:52:14.537315,CLVR,PVD,29.2,synthetic,57241_BTTR_BZA_31,,
57241,06-06-2026,2026-06-06T08:55:29.883584,2026-06-06T08:55:29.883584,PVD,KAQ,26.5,synthetic,57241_BTTR_BZA_32,,
57241,06-06-2026,2026-06-06T08:59:01.095225,2026-06-06T08:59:01.095225,KAQ,KCC,24.0,synthetic,57241_BTTR_BZA_33,,
57241,06-06-2026,2026-06-06T09:05:34.585703,2026-06-06T09:05:34.585703,KCC,BZA,21.6,synthetic,57241_BTTR_BZA_34,,
57241,06-06-2026,2026-06-06T09:34:27.527133,2026-06-06T09:34:27.527133,BZA,,19.5,synthetic,57241_BTTR_BZA_35,,
57504,18-07-2026,2026-07-18T19:49:29.400000,2026-07-18T19:49:29.400000,BDHN,GPBN,4.5,synthetic,57504_BDHN_NZB_0,,
57504,18-07-2026,2026-07-18T19:51:10.260000,2026-07-18T19:51:10.260000,GPBN,SKNR,4.2,synthetic,57504_BDHN_NZB_1,,
57504,18-07-2026,2026-07-18T19:53:35.634000,2026-07-18T19:53:35.634000,SKNR,YDP,3.6,synthetic,57504_BDHN_NZB_2,,
57504,18-07-2026,2026-07-18T20:06:06.270600,2026-07-18T20:06:06.270600,YDP,JKM,3.1,synthetic,57504_BDHN_NZB_3,,
57504,18-07-2026,2026-07-18T20:21:55.443540,2026-07-18T20:21:55.443540,JKM,NZB,2.9,synthetic,57504_BDHN_NZB_4,,
57504,18-07-2026,2026-07-18T20:42:37.899186,2026-07-18T20:42:37.899186,NZB,,2.6,synthetic,57504_BDHN_NZB_5,,
19735,09-01-2026,2026-01-09T13:49:15,2026-01-09T13:49:15,JP,DKBJ,19.2,synthetic,19735_JP_LHU_0,,
19735,09-01-2026,2026-01-09T13:54:21.300000,2026-01-09T13:54:21.300000,DKBJ,NDH,17.4,synthetic,19735_JP_LHU_1,,
19735,09-01-2026,2026-01-09T14:01:30.570000,2026-01-09T14:01:30.570000,NDH,BHG,15.5,synthetic,19735_JP_LHU_2,,
19735,09-01-2026,2026-01-09T14:11:10.713000,2026-01-09T14:11:10.713000,BHG,COM,14.2,synthetic,19735_JP_LHU_3,,
19735,09-01-2026,2026-01-09T15:15:54.041700,2026-01-09T15:15:54.041700,COM,LHW,72.9,synthetic,19735_JP_LHU_4,,
19735,09-01-2026,2026-01-09T15:18:54.037530,2026-01-09T15:18:54.037530,LHW,GND,65.9,synthetic,19735_JP_LHU_5,,
19735,09-01-2026,2026-01-09T15:21:03.033777,2026-01-09T15:21:03.033777,GND,COD,59.1,synthetic,19735_JP_LHU_6,,
19735,09-01-2026,2026-01-09T15:29:09.330399,2026-01-09T15:29:09.330399,COD,RGS,53.2,synthetic,19735_JP_LHU_7,,
19735,09-01-2026,2026-01-09T15:35:41.997359,2026-01-09T15:35:41.997359,RGS,SNTH,47.7,synthetic,19735_JP_LHU_8,,
19735,09-01-2026,2026-01-09T15:41:37.197623,2026-01-09T15:41:37.197623,SNTH,BOTI,42.6,synthetic,19735_JP_LHU_9,,
19735,09-01-2026,2026-01-09T15:40:15.477861,2026-01-09T15:40:15.477861,BOTI,PLSN,38.3,synthetic,19735_JP_LHU_10,,
19735,09-01-2026,2026-01-09T15:55:51.130075,2026-01-09T15:55:51.130075,PLSN,RNIS,34.9,synthetic,19735_JP_LHU_11,,
19735,09-01-2026,2026-01-09T16:03:31.617067,2026-01-09T16:03:31.617067,RNIS,GIO,31.5,synthetic,19735_JP_LHU_12,,
19735,09-01-2026,2026-01-09T16:06:18.855361,2026-01-09T16:06:18.855361,GIO,SIKR,28.3,synthetic,19735_JP_LHU_13,,
19735,09-01-2026,2026-01-09T16:20:30.169825,2026-01-09T16:20:30.169825,SIKR,JDD,25.5,synthetic,19735_JP_LHU_14,,
19735,09-01-2026,2026-01-09T17:02:50.552842,2026-01-09T17:02:50.552842,JDD,NWH,28.8,synthetic,19735_JP_LHU_15,,
19735,09-01-2026,2026-01-09T17:18:18.497558,2026-01-09T17:18:18.497558,NWH,BWPL,26.3,synthetic,19735_JP_LHU_16,,
19735,09-01-2026,2026-01-09T17:24:55.047802,2026-01-09T17:24:55.047802,BWPL,DOB,23.9,synthetic,19735_JP_LHU_17,,
19735,09-01-2026,2026-01-09T17:33:45.943022,2026-01-09T17:33:45.943022,DOB,BOX,21.8,synthetic,19735_JP_LHU_18,,
19735,09-01-2026,2026-01-09T17:43:06.548720,2026-01-09T17:43:06.548720,BOX,NUA,20.1,synthetic,19735_JP_LHU_19,,
19735,09-01-2026,2026-01-09T18:04:59.293848,2026-01-09T18:04:59.293848,NUA,JJN,30.0,synthetic,19735_JP_LHU_20,,
19735,09-01-2026,2026-01-09T18:29:34.164463,2026-01-09T18:29:34.164463,JJN,RSH,38.6,synthetic,19735_JP_LHU_21,,
19735,09-01-2026,2026-01-09T18:49:54.148017,2026-01-09T18:49:54.148017,RSH,NRKE,34.9,synthetic,19735_JP_LHU_22,,
19735,09-01-2026,2026-01-09T19:00:32.533215,2026-01-09T19:00:32.533215,NRKE,CRWA,31.5,synthetic,19735_JP_LHU_23,,
19735,09-01-2026,2026-01-09T19:28:13.079894,2026-01-09T19:28:13.079894,CRWA,SRGH,50.2,synthetic,19735_JP_LHU_24,,
19735,09-01-2026,2026-01-09T19:44:10.571904,2026-01-09T19:44:10.571904,SRGH,BOTR,45.2,synthetic,19735_JP_LHU_25,,
19735,09-01-2026,2026-01-09T19:55:41.914714,2026-01-09T19:55:41.914714,BOTR,LHU,40.7,synthetic,19735_JP_LHU_26,,
19735,09-01-2026,2026-01-09T20:26:17.323242,2026-01-09T20:26:17.323242,LHU,,46.3,synthetic,19735_JP_LHU_27,,
53016,17-01-2026,2026-01-17T14:32:33,2026-01-17T14:32:33,AZ,LCAE,12.6,synthetic,53016_AZ_KWAE_0,,
53016,17-01-2026,2026-01-17T14:54:41.100000,2026-01-17T14:54:41.100000,LCAE,KGLE,27.7,synthetic,53016_AZ_KWAE_1,,
53016,17-01-2026,2026-01-17T14:59:30.390000,2026-01-17T14:59:30.390000,KGLE,JVT,24.5,synthetic,53016_AZ_KWAE_2,,
53016,17-01-2026,2026-01-17T15:17:16.551000,2026-01-17T15:17:16.551000,JVT,KNSN,35.3,synthetic,53016_AZ_KWAE_3,,
53016,17-01-2026,2026-01-17T15:23:49.095900,2026-01-17T15:23:49.095900,KNSN,KTLR,31.8,synthetic,53016_AZ_KWAE_4,,
53016,17-01-2026,2026-01-17T15:29:30.986310,2026-01-17T15:29:30.986310,CWLE,KZPR,28.5,synthetic,53016_AZ_KWAE_6,,
53016,17-01-2026,2026-01-17T15:37:39.887679,2026-01-17T15:37:39.887679,KZPR,BZLE,31.7,synthetic,53016_AZ_KWAE_7,,
53016,17-01-2026,2026-01-17T15:37:56.298911,2026-01-17T15:37:56.298911,BZLE,MIAN,28.9,synthetic,53016_AZ_KWAE_8,,
53016,17-01-2026,2026-01-17T15:44:02.069020,2026-01-17T15:44:02.069020,MIAN,TYAE,26.0,synthetic,53016_AZ_KWAE_9,,
53016,17-01-2026,2026-01-17T15:48:42.662118,2026-01-17T15:48:42.662118,TYAE,MHTR,23.7,synthetic,53016_AZ_KWAE_10,,
53016,17-01-2026,2026-01-17T15:53:22.195906,2026-01-17T15:53:22.195906,MHTR,SALE,21.4,synthetic,53016_AZ_KWAE_11,,
53016,17-01-2026,2026-01-17T15:55:14.576316,2026-01-17T15:55:14.576316,SALE,JHBN,19.2,synthetic,53016_AZ_KWAE_12,,
53016,17-01-2026,2026-01-17T16:00:16.118684,2026-01-17T16:00:16.118684,JHBN,GGLE,17.3,synthetic,53016_AZ_KWAE_13,,
53016,17-01-2026,2026-01-17T16:24:18.706816,2026-01-17T16:24:18.706816,GGLE,SHBL,15.3,synthetic,53016_AZ_KWAE_14,,
53016,17-01-2026,2026-01-17T16:35:46.836134,2026-01-17T16:35:46.836134,SHBL,NBKH,13.8,synthetic,53016_AZ_KWAE_15,,
53016,17-01-2026,2026-01-17T16:40:21.152521,2026-01-17T16:40:21.152521,NBKH,KWAE,12.4,synthetic,53016_AZ_KWAE_16,,
53016,17-01-2026,2026-01-17T16:50:59.837269,2026-01-17T16:50:59.837269,KWAE,,11.0,synthetic,53016_AZ_KWAE_17,,
13252,11-08-2026,2026-08-11T08:10:08.400000,2026-08-11T08:10:08.400000,RJPB,GZH,10.1,synthetic,13252_RJPB_IPR_0,,
13252,11-08-2026,2026-08-11T08:24:21.360000,2026-08-11T08:24:21.360000,GZH,PNC,18.4,synthetic,13252_RJPB_IPR_1,,
13252,11-08-2026,2026-08-11T08:28:40.824000,2026-08-11T08:28:40.824000,PNC,PTG,16.7,synthetic,13252_RJPB_IPR_2,,
13252,11-08-2026,2026-08-11T08:40:28.341600,2026-08-11T08:40:28.341600,PTG,BKG,15.5,synthetic,13252_RJPB_IPR_3,,
13252,11-08-2026,2026-08-11T08:44:17.107440,2026-08-11T08:44:17.107440,BKG,FUT,14.3,synthetic,13252_RJPB_IPR_4,,
13252,11-08-2026,2026-08-11T08:57:53.196696,2026-08-11T08:57:53.196696,FUT,DNWH,12.9,synthetic,13252_RJPB_IPR_5,,
13252,11-08-2026,2026-08-11T09:09:09.477026,2026-08-11T09:09:09.477026,DNWH,HIL,11.2,synthetic,13252_RJPB_IPR_6,,
13252,11-08-2026,2026-08-11T09:29:04.929324,2026-08-11T09:29:04.929324,HIL,EKR,10.1,synthetic,13252_RJPB_IPR_7,,
13252,11-08-2026,2026-08-11T09:41:46.436391,2026-08-11T09:41:46.436391,EKR,IPR,8.8,synthetic,13252_RJPB_IPR_8,,
13252,11-08-2026,2026-08-11T10:08:14.192752,2026-08-11T10:08:14.192752,IPR,,8.2,synthetic,13252_RJPB_IPR_9,,
14124,02-09-2026,2026-09-02T17:47:11.400000,2026-09-02T17:47:11.400000,CNB,CPB,12.2,synthetic,14124_CNB_PBH_0,,
14124,02-09-2026,2026-09-02T17:50:48.060000,2026-09-02T17:50:48.060000,CPB,MGW,10.8,synthetic,14124_CNB_PBH_1,,
14124,02-09-2026,2026-09-02T17:58:56.454000,2026-09-02T17:58:56.454000,MGW,ON,9.9,synthetic,14124_CNB_PBH_2,,
14124,02-09-2026,2026-09-02T18:12:56.808600,2026-09-02T18:12:56.808600,ON,SIC,15.9,synthetic,14124_CNB_PBH_3,,
14124,02-09-2026,2026-09-02T18:23:11.527740,2026-09-02T18:23:11.527740,SIC,AJ,14.2,synthetic,14124_CNB_PBH_4,,
14124,02-09-2026,2026-09-02T18:27:35.574966,2026-09-02T18:27:35.574966,AJ,KVX,12.6,synthetic,14124_CNB_PBH_5,,
14124,02-09-2026,2026-09-02T18:33:21.817469,2026-09-02T18:33:21.817469,KVX,JTU,11.4,synthetic,14124_CNB_PBH_6,,
14124,02-09-2026,2026-09-02T18:38:29.235722,2026-09-02T18:38:29.235722,JTU,HRN,10.5,synthetic,14124_CNB_PBH_7,,
14124,02-09-2026,2026-09-02T18:42:14.912150,2026-09-02T18:42:14.912150,HRN,POF,9.2,synthetic,14124_CNB_PBH_8,,
14124,02-09-2026,2026-09-02T18:56:52.420935,2026-09-02T18:56:52.420935,POF,AMS,16.9,synthetic,14124_CNB_PBH_9,,
14124,02-09-2026,2026-09-02T19:01:54.378842,2026-09-02T19:01:54.378842,AMS,MKG,14.9,synthetic,14124_CNB_PBH_10,,
14124,02-09-2026,2026-09-02T19:07:24.340958,2026-09-02T19:07:24.340958,MKG,LJN,13.4,synthetic,14124_CNB_PBH_11,,
14124,02-09-2026,2026-09-02T19:11:06.906862,2026-09-02T19:11:06.906862,LJN,LKO,12.1,synthetic,14124_CNB_PBH_12,,
14124,02-09-2026,2026-09-02T19:10:39.816176,2026-09-02T19:10:39.816176,LKO,UTR,10.7,synthetic,14124_CNB_PBH_13,,
14124,02-09-2026,2026-09-02T19:32:25.634558,2026-09-02T19:32:25.634558,UTR,MLJ,9.4,synthetic,14124_CNB_PBH_14,,
14124,02-09-2026,2026-09-02T19:40:37.471102,2026-09-02T19:40:37.471102,MLJ,KKAH,8.6,synthetic,14124_CNB_PBH_15,,
14124,02-09-2026,2026-09-02T19:48:46.923992,2026-09-02T19:48:46.923992,KKAH,NHN,7.8,synthetic,14124_CNB_PBH_16,,
14124,02-09-2026,2026-09-02T19:55:42.231593,2026-09-02T19:55:42.231593,NHN,SAGR,6.7,synthetic,14124_CNB_PBH_17,,
14124,02-09-2026,2026-09-02T20:03:50.608434,2026-09-02T20:03:50.608434,SAGR,BCN,5.8,synthetic,14124_CNB_PBH_18,,
14124,02-09-2026,2026-09-02T20:08:09.547590,2026-09-02T20:08:09.547590,BCN,KVG,5.2,synthetic,14124_CNB_PBH_19,,
14124,02-09-2026,2026-09-02T20:17:27.192831,2026-09-02T20:17:27.192831,KVG,HCP,4.5,synthetic,14124_CNB_PBH_20,,
14124,02-09-2026,2026-09-02T20:23:13.073548,2026-09-02T20:23:13.073548,HCP,GANG,4.2,synthetic,14124_CNB_PBH_21,,
14124,02-09-2026,2026-09-02T20:34:38.766193,2026-09-02T20:34:38.766193,GANG,RBL,3.6,synthetic,14124_CNB_PBH_22,,
14124,02-09-2026,2026-09-02T20:47:17.489574,2026-09-02T20:47:17.489574,RBL,RUM,3.3,synthetic,14124_CNB_PBH_23,,
14124,02-09-2026,2026-09-02T20:55:49.340617,2026-09-02T20:55:49.340617,RUM,FTG,2.8,synthetic,14124_CNB_PBH_24,,
14124,02-09-2026,2026-09-02T21:02:50.406555,2026-09-02T21:02:50.406555,FTG,JAIS,2.8,synthetic,14124_CNB_PBH_25,,
14124,02-09-2026,2026-09-02T21:11:56.765899,2026-09-02T21:11:56.765899,JAIS,KCJ,2.9,synthetic,14124_CNB_PBH_26,,
14124,02-09-2026,2026-09-02T21:15:22.889309,2026-09-02T21:15:22.889309,KCJ,BANI,2.4,synthetic,14124_CNB_PBH_27,,
14124,02-09-2026,2026-09-02T21:22:30.800378,2026-09-02T21:22:30.800378,BANI,GNG,2.5,synthetic,14124_CNB_PBH_28,,
14124,02-09-2026,2026-09-02T21:30:03.120341,2026-09-02T21:30:03.120341,GNG,TLKH,2.1,synthetic,14124_CNB_PBH_29,,
14124,02-09-2026,2026-09-02T21:36:52.608307,2026-09-02T21:36:52.608307,TLKH,AME,1.9,synthetic,14124_CNB_PBH_30,,
14124,02-09-2026,2026-09-02T21:43:45.547476,2026-09-02T21:43:45.547476,AME,MFL,1.8,synthetic,14124_CNB_PBH_31,,
14124,02-09-2026,2026-09-02T21:49:37.392728,2026-09-02T21:49:37.392728,MFL,SHJP,1.6,synthetic,14124_CNB_PBH_32,,
14124,02-09-2026,2026-09-02T21:56:27.653455,2026-09-02T21:56:27.653455,SHJP,ANTU,1.5,synthetic,14124_CNB_PBH_33,,
14124,02-09-2026,2026-09-02T21:57:59.088110,2026-09-02T21:57:59.088110,ANTU,JGJ,1.0,synthetic,14124_CNB_PBH_34,,
14124,02-09-2026,2026-09-02T22:10:03.379299,2026-09-02T22:10:03.379299,JGJ,CIL,1.1,synthetic,14124_CNB_PBH_35,,
14124,02-09-2026,2026-09-02T22:24:52.841369,2026-09-02T22:24:52.841369,CIL,PBH,0.9,synthetic,14124_CNB_PBH_36,,
14124,02-09-2026,2026-09-02T22:51:08.557232,2026-09-02T22:51:08.557232,PBH,,1.1,synthetic,14124_CNB_PBH_37,,
15720,01-08-2026,2026-08-01T17:04:34.800000,2026-08-01T17:04:34.800000,SGUJ,SGUT,4.6,synthetic,15720_SGUJ_KIR_0,,
15720,01-08-2026,2026-08-01T17:27:13.320000,2026-08-01T17:27:13.320000,SGUT,NJP,4.2,synthetic,15720_SGUJ_KIR_1,,
15720,01-08-2026,2026-08-01T17:38:50.388000,2026-08-01T17:38:50.388000,NJP,RNI,3.8,synthetic,15720_SGUJ_KIR_2,,
15720,01-08-2026,2026-08-01T17:58:49.549200,2026-08-01T17:58:49.549200,RNI,NJB,7.8,synthetic,15720_SGUJ_KIR_3,,
15720,01-08-2026,2026-08-01T18:05:10.394280,2026-08-01T18:05:10.394280,NJB,CAT,7.2,synthetic,15720_SGUJ_KIR_4,,
15720,01-08-2026,2026-08-01T18:07:54.954852,2026-08-01T18:07:54.954852,CAT,DMZ,6.9,synthetic,15720_SGUJ_KIR_5,,
15720,01-08-2026,2026-08-01T18:14:08.059367,2026-08-01T18:14:08.059367,DMZ,TMH,6.1,synthetic,15720_SGUJ_KIR_6,,
15720,01-08-2026,2026-08-01T18:17:31.253430,2026-08-01T18:17:31.253430,TMH,MXJ,5.5,synthetic,15720_SGUJ_KIR_7,,
15720,01-08-2026,2026-08-01T18:25:03.528087,2026-08-01T18:25:03.528087,MXJ,DBQ,10.1,synthetic,15720_SGUJ_KIR_8,,
15720,01-08-2026,2026-08-01T18:28:01.975278,2026-08-01T18:28:01.975278,DBQ,AUB,9.0,synthetic,15720_SGUJ_KIR_9,,
15720,01-08-2026,2026-08-01T18:36:26.977751,2026-08-01T18:36:26.977751,AUB,GEOR,8.4,synthetic,15720_SGUJ_KIR_10,,
15720,01-08-2026,2026-08-01T18:44:59.679976,2026-08-01T18:44:59.679976,GEOR,GIL,8.0,synthetic,15720_SGUJ_KIR_11,,
15720,01-08-2026,2026-08-01T18:52:15.911978,2026-08-01T18:52:15.911978,GIL,PJP,10.3,synthetic,15720_SGUJ_KIR_12,,
15720,01-08-2026,2026-08-01T18:58:08.920780,2026-08-01T18:58:08.920780,PJP,KNE,9.1,synthetic,15720_SGUJ_KIR_13,,
15720,01-08-2026,2026-08-01T19:03:31.428702,2026-08-01T19:03:31.428702,KNE,HWR,8.5,synthetic,15720_SGUJ_KIR_14,,
15720,01-08-2026,2026-08-01T19:11:27.085832,2026-08-01T19:11:27.085832,HWR,KKA,7.5,synthetic,15720_SGUJ_KIR_15,,
15720,01-08-2026,2026-08-01T19:14:45.977249,2026-08-01T19:14:45.977249,KKA,SJKL,6.8,synthetic,15720_SGUJ_KIR_16,,
15720,01-08-2026,2026-08-01T19:20:08.979524,2026-08-01T19:20:08.979524,SJKL,DLK,6.1,synthetic,15720_SGUJ_KIR_17,,
15720,01-08-2026,2026-08-01T19:25:32.681571,2026-08-01T19:25:32.681571,DLK,TETA,5.5,synthetic,15720_SGUJ_KIR_18,,
15720,01-08-2026,2026-08-01T19:35:49.813414,2026-08-01T19:35:49.813414,TETA,AHL,4.8,synthetic,15720_SGUJ_KIR_19,,
15720,01-08-2026,2026-08-01T19:41:27.432073,2026-08-01T19:41:27.432073,AHL,SUD,4.5,synthetic,15720_SGUJ_KIR_20,,
15720,01-08-2026,2026-08-01T19:46:26.488866,2026-08-01T19:46:26.488866,SUD,BOE,4.4,synthetic,15720_SGUJ_KIR_21,,
15720,01-08-2026,2026-08-01T20:12:08.839979,2026-08-01T20:12:08.839979,BOE,MFA,4.1,synthetic,15720_SGUJ_KIR_22,,
15720,01-08-2026,2026-08-01T20:19:56.555981,2026-08-01T20:19:56.555981,MFA,SRI,3.9,synthetic,15720_SGUJ_KIR_23,,
15720,01-08-2026,2026-08-01T20:27:44.900383,2026-08-01T20:27:44.900383,SRI,SI,3.7,synthetic,15720_SGUJ_KIR_24,,
15720,01-08-2026,2026-08-01T20:49:41.010345,2026-08-01T20:49:41.010345,SI,KIR,3.7,synthetic,15720_SGUJ_KIR_25,,
15720,01-08-2026,2026-08-01T21:53:32.109310,2026-08-01T21:53:32.109310,KIR,,3.5,synthetic,15720_SGUJ_KIR_26,,
54086,10-07-2026,2026-07-10T10:29:31.800000,2026-07-10T10:29:31.800000,RE,KWMD,4.5,synthetic,54086_RE_DLI_0,,
54086,10-07-2026,2026-07-10T10:37:00.420000,2026-07-10T10:37:00.420000,KWMD,KIP,4.0,synthetic,54086_RE_DLI_1,,
54086,10-07-2026,2026-07-10T10:47:57.378000,2026-07-10T10:47:57.378000,KIP,IHP,7.0,synthetic,54086_RE_DLI_2,,
54086,10-07-2026,2026-07-10T10:56:12.640200,2026-07-10T10:56:12.640200,IHP,PTRD,6.2,synthetic,54086_RE_DLI_3,,
54086,10-07-2026,2026-07-10T11:02:33.576180,2026-07-10T11:02:33.576180,PTRD,JSKA,5.6,synthetic,54086_RE_DLI_4,,
54086,10-07-2026,2026-07-10T11:10:09.218562,2026-07-10T11:10:09.218562,JSKA,TJNR,5.2,synthetic,54086_RE_DLI_5,,
54086,10-07-2026,2026-07-10T11:27:53.896706,2026-07-10T11:27:53.896706,TJNR,PT,7.9,synthetic,54086_RE_DLI_6,,
54086,10-07-2026,2026-07-10T11:46:17.907035,2026-07-10T11:46:17.907035,PT,GHH,14.3,synthetic,54086_RE_DLI_7,,
54086,10-07-2026,2026-07-10T11:55:44.316332,2026-07-10T11:55:44.316332,GHH,BDXT,12.7,synthetic,54086_RE_DLI_8,,
54086,10-07-2026,2026-07-10T12:02:35.684699,2026-07-10T12:02:35.684699,BDXT,GGN,11.6,synthetic,54086_RE_DLI_9,,
54086,10-07-2026,2026-07-10T12:07:27.916229,2026-07-10T12:07:27.916229,GGN,BWSN,10.5,synthetic,54086_RE_DLI_10,,
54086,10-07-2026,2026-07-10T12:28:53.924606,2026-07-10T12:28:53.924606,BWSN,SMDP,21.9,synthetic,54086_RE_DLI_11,,
54086,10-07-2026,2026-07-10T12:32:41.932145,2026-07-10T12:32:41.932145,SMDP,PM,19.7,synthetic,54086_RE_DLI_12,,
54086,10-07-2026,2026-07-10T12:37:32.938931,2026-07-10T12:37:32.938931,PM,DEC,17.5,synthetic,54086_RE_DLI_13,,
54086,10-07-2026,2026-07-10T12:48:40.445038,2026-07-10T12:48:40.445038,DEC,KRTN,15.7,synthetic,54086_RE_DLI_14,,
54086,10-07-2026,2026-07-10T13:09:37.000534,2026-07-10T13:09:37.000534,KRTN,PTNR,21.6,synthetic,54086_RE_DLI_15,,
54086,10-07-2026,2026-07-10T13:10:26.700480,2026-07-10T13:10:26.700480,PTNR,DBSI,19.4,synthetic,54086_RE_DLI_16,,
54086,10-07-2026,2026-07-10T13:23:42.630432,2026-07-10T13:23:42.630432,DBSI,DEE,17.7,synthetic,54086_RE_DLI_17,,
54086,10-07-2026,2026-07-10T13:31:01.767389,2026-07-10T13:31:01.767389,DEE,DKZ,16.0,synthetic,54086_RE_DLI_18,,
54086,10-07-2026,2026-07-10T13:40:11.190650,2026-07-10T13:40:11.190650,DKZ,DSB,14.2,synthetic,54086_RE_DLI_19,,
54086,10-07-2026,2026-07-10T13:50:52.671585,2026-07-10T13:50:52.671585,DSB,DLI,12.9,synthetic,54086_RE_DLI_20,,
54086,10-07-2026,2026-07-10T13:51:39.604427,2026-07-10T13:51:39.604427,DLI,,11.7,synthetic,54086_RE_DLI_21,,
56391,09-11-2025,2025-11-09T18:07:51,2025-11-09T18:07:51,ERS,TRTR,2.9,synthetic,56391_ERS_QLN_0,,
56391,09-11-2025,2025-11-09T18:20:41.700000,2025-11-09T18:20:41.700000,TRTR,KFE,2.7,synthetic,56391_ERS_QLN_1,,
56391,09-11-2025,2025-11-09T18:25:27.330000,2025-11-09T18:25:27.330000,KFE,MNTT,2.5,synthetic,56391_ERS_QLN_2,,
56391,09-11-2025,2025-11-09T18:30:13.797000,2025-11-09T18:30:13.797000,MNTT,KPTM,2.2,synthetic,56391_ERS_QLN_3,,
56391,09-11-2025,2025-11-09T18:41:22.617300,2025-11-09T18:41:22.617300,KPTM,PVRD,6.4,synthetic,56391_ERS_QLN_4,,
56391,09-11-2025,2025-11-09T18:48:19.755570,2025-11-09T18:48:19.755570,PVRD,VARD,5.3,synthetic,56391_ERS_QLN_5,,
56391,09-11-2025,2025-11-09T19:02:34.580013,2025-11-09T19:02:34.580013,VARD,KDTY,4.6,synthetic,56391_ERS_QLN_6,,
56391,09-11-2025,2025-11-09T19:18:50.322012,2025-11-09T19:18:50.322012,KDTY,KRPP,14.8,synthetic,56391_ERS_QLN_7,,
56391,09-11-2025,2025-11-09T19:22:30.889811,2025-11-09T19:22:30.889811,KRPP,ETM,13.5,synthetic,56391_ERS_QLN_8,,
56391,09-11-2025,2025-11-09T19:30:20.000829,2025-11-09T19:30:20.000829,ETM,KFQ,12.3,synthetic,56391_ERS_QLN_9,,
56391,09-11-2025,2025-11-09T19:35:54.600747,2025-11-09T19:35:54.600747,KFQ,KTYM,10.9,synthetic,56391_ERS_QLN_10,,
56391,09-11-2025,2025-11-09T19:51:43.740672,2025-11-09T19:51:43.740672,KTYM,CGV,9.7,synthetic,56391_ERS_QLN_11,,
56391,09-11-2025,2025-11-09T20:02:48.366605,2025-11-09T20:02:48.366605,CGV,CGY,8.8,synthetic,56391_ERS_QLN_12,,
56391,09-11-2025,2025-11-09T20:12:07.529944,2025-11-09T20:12:07.529944,CGY,TRVL,8.1,synthetic,56391_ERS_QLN_13,,
56391,09-11-2025,2025-11-09T20:20:57.776950,2025-11-09T20:20:57.776950,TRVL,CNGR,7.0,synthetic,56391_ERS_QLN_14,,
56391,09-11-2025,2025-11-09T20:30:10.599255,2025-11-09T20:30:10.599255,CNGR,CYN,6.2,synthetic,56391_ERS_QLN_15,,
56391,09-11-2025,2025-11-09T20:36:43.739329,2025-11-09T20:36:43.739329,CYN,MVLK,5.7,synthetic,56391_ERS_QLN_16,,
56391,09-11-2025,2025-11-09T20:49:19.565396,2025-11-09T20:49:19.565396,MVLK,KYJ,5.3,synthetic,56391_ERS_QLN_17,,
56391,09-11-2025,2025-11-09T21:00:00.208857,2025-11-09T21:00:00.208857,KYJ,OCR,5.0,synthetic,56391_ERS_QLN_18,,
56391,09-11-2025,2025-11-09T21:08:53.587971,2025-11-09T21:08:53.587971,OCR,KPY,4.9,synthetic,56391_ERS_QLN_19,,
56391,09-11-2025,2025-11-09T21:18:15.829174,2025-11-09T21:18:15.829174,KPY,STKT,4.3,synthetic,56391_ERS_QLN_20,,
56391,09-11-2025,2025-11-09T21:27:51.446257,2025-11-09T21:27:51.446257,STKT,MQO,3.9,synthetic,56391_ERS_QLN_21,,
56391,09-11-2025,2025-11-09T21:34:27.701631,2025-11-09T21:34:27.701631,MQO,PRND,3.5,synthetic,56391_ERS_QLN_22,,
56391,09-11-2025,2025-11-09T21:41:06.331468,2025-11-09T21:41:06.331468,PRND,QLN,3.1,synthetic,56391_ERS_QLN_23,,
56391,09-11-2025,2025-11-09T22:37:42.298321,2025-11-09T22:37:42.298321,QLN,,2.7,synthetic,56391_ERS_QLN_24,,
59092,07-07-2026,2026-07-07T02:57:46.800000,2026-07-07T02:57:46.800000,NDB,DWD,12.8,synthetic,59092_NDB_ST_0,,
59092,07-07-2026,2026-07-07T03:05:30.120000,2026-07-07T03:05:30.120000,DWD,KBH,11.5,synthetic,59092_NDB_ST_1,,
59092,07-07-2026,2026-07-07T03:33:13.308000,2026-07-07T03:33:13.308000,KBH,KHTG,13.2,synthetic,59092_NDB_ST_2,,
59092,07-07-2026,2026-07-07T03:41:54.577200,2026-07-07T03:41:54.577200,KHTG,CPD,11.9,synthetic,59092_NDB_ST_3,,
59092,07-07-2026,2026-07-07T03:52:53.319480,2026-07-07T03:52:53.319480,CPD,KFF,10.9,synthetic,59092_NDB_ST_4,,
59092,07-07-2026,2026-07-07T04:01:44.387532,2026-07-07T04:01:44.387532,KFF,NWU,9.7,synthetic,59092_NDB_ST_5,,
59092,07-07-2026,2026-07-07T04:11:26.748779,2026-07-07T04:11:26.748779,NWU,BBAI,8.4,synthetic,59092_NDB_ST_6,,
59092,07-07-2026,2026-07-07T04:24:30.073901,2026-07-07T04:24:30.073901,BBAI,LKKD,7.5,synthetic,59092_NDB_ST_7,,
59092,07-07-2026,2026-07-07T04:33:22.266511,2026-07-07T04:33:22.266511,LKKD,USD,7.4,synthetic,59092_NDB_ST_8,,
59092,07-07-2026,2026-07-07T04:39:22.439860,2026-07-07T04:39:22.439860,USD,DSD,6.4,synthetic,59092_NDB_ST_9,,
59092,07-07-2026,2026-07-07T04:46:45.995874,2026-07-07T04:46:45.995874,DSD,KKRD,5.8,synthetic,59092_NDB_ST_10,,
59092,07-07-2026,2026-07-07T05:01:08.996286,2026-07-07T05:01:08.996286,KKRD,VYA,14.1,synthetic,59092_NDB_ST_11,,
59092,07-07-2026,2026-07-07T05:17:38.096658,2026-07-07T05:17:38.096658,VYA,KRAI,12.6,synthetic,59092_NDB_ST_12,,
59092,07-07-2026,2026-07-07T05:24:58.886992,2026-07-07T05:24:58.886992,KRAI,MID,11.0,synthetic,59092_NDB_ST_13,,
59092,07-07-2026,2026-07-07T05:27:43.398293,2026-07-07T05:27:43.398293,MID,LTV,9.7,synthetic,59092_NDB_ST_14,,
59092,07-07-2026,2026-07-07T05:31:43.858464,2026-07-07T05:31:43.858464,LTV,MID,8.7,synthetic,59092_NDB_ST_15,,
59092,07-07-2026,2026-07-07T05:34:59.272617,2026-07-07T05:34:59.272617,MID,KRAI,8.0,synthetic,59092_NDB_ST_16,,
59092,07-07-2026,2026-07-07T05:36:35.345355,2026-07-07T05:36:35.345355,KRAI,MID,7.6,synthetic,59092_NDB_ST_17,,
59092,07-07-2026,2026-07-07T05:49:46.810820,2026-07-07T05:49:46.810820,MID,LTV,6.8,synthetic,59092_NDB_ST_18,,
59092,07-07-2026,2026-07-07T06:01:13.929738,2026-07-07T06:01:13.929738,LTV,MGRL,11.2,synthetic,59092_NDB_ST_19,,
59092,07-07-2026,2026-07-07T06:02:57.536764,2026-07-07T06:02:57.536764,MGRL,TBV,10.0,synthetic,59092_NDB_ST_20,,
59092,07-07-2026,2026-07-07T06:08:51.183088,2026-07-07T06:08:51.183088,TBV,BIY,8.9,synthetic,59092_NDB_ST_21,,
59092,07-07-2026,2026-07-07T06:56:38.864779,2026-07-07T06:56:38.864779,BIY,GGAR,47.6,synthetic,59092_NDB_ST_22,,
59092,07-07-2026,2026-07-07T07:02:39.778301,2026-07-07T07:02:39.778301,GGAR,BGMR,42.7,synthetic,59092_NDB_ST_23,,
59092,07-07-2026,2026-07-07T07:06:23.800471,2026-07-07T07:06:23.800471,BGMR,CHM,38.4,synthetic,59092_NDB_ST_24,,
59092,07-07-2026,2026-07-07T07:10:29.820424,2026-07-07T07:10:29.820424,CHM,NOL,34.5,synthetic,59092_NDB_ST_25,,
59092,07-07-2026,2026-07-07T07:16:01.038381,2026-07-07T07:16:01.038381,NOL,UDN,31.0,synthetic,59092_NDB_ST_26,,
59092,07-07-2026,2026-07-07T07:39:41.134543,2026-07-07T07:39:41.134543,UDN,ST,27.7,synthetic,59092_NDB_ST_27,,
59092,07-07-2026,2026-07-07T07:54:56.221089,2026-07-07T07:54:56.221089,ST,,24.9,synthetic,59092_NDB_ST_28,,
54021,13-10-2025,2025-10-13T05:28:37.200000,2025-10-13T05:28:37.200000,BSC,BARL,3.6,synthetic,54021_BSC_NDLS_0,,
54021,13-10-2025,2025-10-13T05:39:01.680000,2025-10-13T05:39:01.680000,BARL,CHWT,3.0,synthetic,54021_BSC_NDLS_1,,
54021,13-10-2025,2025-10-13T05:49:50.712000,2025-10-13T05:49:50.712000,CHWT,GLH,2.8,synthetic,54021_BSC_NDLS_2,,
54021,13-10-2025,2025-10-13T05:58:42.640800,2025-10-13T05:58:42.640800,GLH,HZR,2.7,synthetic,54021_BSC_NDLS_3,,
54021,13-10-2025,2025-10-13T06:11:16.176720,2025-10-13T06:11:16.176720,HZR,HPU,2.3,synthetic,54021_BSC_NDLS_4,,
54021,13-10-2025,2025-10-13T06:36:53.559048,2025-10-13T06:36:53.559048,HPU,KKMB,1.9,synthetic,54021_BSC_NDLS_5,,
54021,13-10-2025,2025-10-13T06:55:45.203143,2025-10-13T06:55:45.203143,KKMB,PKW,2.8,synthetic,54021_BSC_NDLS_6,,
54021,13-10-2025,2025-10-13T07:00:34.682829,2025-10-13T07:00:34.682829,PKW,DS,2.6,synthetic,54021_BSC_NDLS_7,,
54021,13-10-2025,2025-10-13T07:15:01.814546,2025-10-13T07:15:01.814546,DS,AKNR,2.0,synthetic,54021_BSC_NDLS_8,,
54021,13-10-2025,2025-10-13T07:21:53.233091,2025-10-13T07:21:53.233091,AKNR,MFH,1.9,synthetic,54021_BSC_NDLS_9,,
54021,13-10-2025,2025-10-13T07:33:46.709782,2025-10-13T07:33:46.709782,MFH,GZB,1.8,synthetic,54021_BSC_NDLS_10,,
54021,13-10-2025,2025-10-13T07:52:21.038804,2025-10-13T07:52:21.038804,GZB,SBB,1.4,synthetic,54021_BSC_NDLS_11,,
54021,13-10-2025,2025-10-13T08:03:11.734924,2025-10-13T08:03:11.734924,SBB,VVB,1.2,synthetic,54021_BSC_NDLS_12,,
54021,13-10-2025,2025-10-13T08:16:06.361431,2025-10-13T08:16:06.361431,VVB,DSA,8.1,synthetic,54021_BSC_NDLS_13,,
54021,13-10-2025,2025-10-13T08:22:29.125288,2025-10-13T08:22:29.125288,DSA,DLI,7.5,synthetic,54021_BSC_NDLS_14,,
54021,13-10-2025,2025-10-13T08:47:55.012759,2025-10-13T08:47:55.012759,DLI,DSB,14.9,synthetic,54021_BSC_NDLS_15,,
54021,13-10-2025,2025-10-13T08:58:05.111483,2025-10-13T08:58:05.111483,DSB,NDLS,13.1,synthetic,54021_BSC_NDLS_16,,
54021,13-10-2025,2025-10-13T09:09:40.000335,2025-10-13T09:09:40.000335,NDLS,,11.7,synthetic,54021_BSC_NDLS_17,,
58103,22-02-2026,2026-02-22T17:05:55.800000,2026-02-22T17:05:55.800000,TATA,ADTP,5.9,synthetic,58103_TATA_BBN_0,,
58103,22-02-2026,2026-02-22T17:15:49.020000,2026-02-22T17:15:49.020000,ADTP,GMH,4.8,synthetic,58103_TATA_BBN_1,,
58103,22-02-2026,2026-02-22T17:23:30.918000,2026-02-22T17:23:30.918000,GMH,BRBS,4.5,synthetic,58103_TATA_BBN_2,,
58103,22-02-2026,2026-02-22T17:32:21.226200,2026-02-22T17:32:21.226200,BRBS,SINI,4.4,synthetic,58103_TATA_BBN_3,,
58103,22-02-2026,2026-02-22T17:38:13.103580,2026-02-22T17:38:13.103580,SINI,MMV,4.2,synthetic,58103_TATA_BBN_4,,
58103,22-02-2026,2026-02-22T17:47:23.193222,2026-02-22T17:47:23.193222,MMV,RKSN,3.4,synthetic,58103_TATA_BBN_5,,
58103,22-02-2026,2026-02-22T17:56:13.073900,2026-02-22T17:56:13.073900,RKSN,PRSL,3.2,synthetic,58103_TATA_BBN_6,,
58103,22-02-2026,2026-02-22T18:18:14.166510,2026-02-22T18:18:14.166510,PRSL,CBSA,9.2,synthetic,58103_TATA_BBN_7,,
58103,22-02-2026,2026-02-22T18:44:33.149859,2026-02-22T18:44:33.149859,CBSA,SIPA,20.6,synthetic,58103_TATA_BBN_8,,
58103,22-02-2026,2026-02-22T19:03:34.634873,2026-02-22T19:03:34.634873,SIPA,JNK,23.6,synthetic,58103_TATA_BBN_9,,
58103,22-02-2026,2026-02-22T19:13:14.971386,2026-02-22T19:13:14.971386,JNK,TABU,21.2,synthetic,58103_TATA_BBN_10,,
58103,22-02-2026,2026-02-22T19:25:12.274247,2026-02-22T19:25:12.274247,TABU,KNPS,19.2,synthetic,58103_TATA_BBN_11,,
58103,22-02-2026,2026-02-22T19:33:51.846822,2026-02-22T19:33:51.846822,KNPS,MLKA,16.9,synthetic,58103_TATA_BBN_12,,
58103,22-02-2026,2026-02-22T19:48:37.662140,2026-02-22T19:48:37.662140,MLKA,DPS,19.6,synthetic,58103_TATA_BBN_13,,
58103,22-02-2026,2026-02-22T19:58:21.295926,2026-02-22T19:58:21.295926,DPS,PDPH,17.4,synthetic,58103_TATA_BBN_14,,
58103,22-02-2026,2026-02-22T20:11:19.166334,2026-02-22T20:11:19.166334,PDPH,NOMD,16.3,synthetic,58103_TATA_BBN_15,,
58103,22-02-2026,2026-02-22T20:31:08.249700,2026-02-22T20:31:08.249700,NOMD,BJMD,25.1,synthetic,58103_TATA_BBN_16,,
58103,22-02-2026,2026-02-22T20:54:46.424730,2026-02-22T20:54:46.424730,BJMD,BBN,24.8,synthetic,58103_TATA_BBN_17,,
58103,22-02-2026,2026-02-22T21:42:05.782257,2026-02-22T21:42:05.782257,BBN,,22.1,synthetic,58103_TATA_BBN_18,,
51417,25-11-2025,2025-11-25T15:30:29.400000,2025-11-25T15:30:29.400000,KJT,PDI,5.5,synthetic,51417_KJT_PUNE_0,,
51417,25-11-2025,2025-11-25T15:33:54.660000,2025-11-25T15:33:54.660000,PDI,KAD,4.9,synthetic,51417_KJT_PUNE_1,,
51417,25-11-2025,2025-11-25T16:03:22.794000,2025-11-25T16:03:22.794000,KAD,LNL,4.4,synthetic,51417_KJT_PUNE_2,,
51417,25-11-2025,2025-11-25T16:12:59.514600,2025-11-25T16:12:59.514600,LNL,MVL,4.0,synthetic,51417_KJT_PUNE_3,,
51417,25-11-2025,2025-11-25T16:21:36.163140,2025-11-25T16:21:36.163140,MVL,KMST,3.6,synthetic,51417_KJT_PUNE_4,,
51417,25-11-2025,2025-11-25T16:29:10.346826,2025-11-25T16:29:10.346826,KMST,KNHE,3.2,synthetic,51417_KJT_PUNE_5,,
51417,25-11-2025,2025-11-25T16:34:45.312143,2025-11-25T16:34:45.312143,KNHE,VDN,2.8,synthetic,51417_KJT_PUNE_6,,
51417,25-11-2025,2025-11-25T16:40:28.780929,2025-11-25T16:40:28.780929,VDN,TGN,2.5,synthetic,51417_KJT_PUNE_7,,
51417,25-11-2025,2025-11-25T16:45:31.902836,2025-11-25T16:45:31.902836,TGN,GRWD,2.5,synthetic,51417_KJT_PUNE_8,,
51417,25-11-2025,2025-11-25T16:51:07.112553,2025-11-25T16:51:07.112553,GRWD,BGW,2.1,synthetic,51417_KJT_PUNE_9,,
51417,25-11-2025,2025-11-25T16:56:20.201297,2025-11-25T16:56:20.201297,BGW,DEHR,2.3,synthetic,51417_KJT_PUNE_10,,
51417,25-11-2025,2025-11-25T17:01:16.981168,2025-11-25T17:01:16.981168,DEHR,AKRD,2.3,synthetic,51417_KJT_PUNE_11,,
51417,25-11-2025,2025-11-25T17:14:41.683051,2025-11-25T17:14:41.683051,AKRD,CCH,8.7,synthetic,51417_KJT_PUNE_12,,
51417,25-11-2025,2025-11-25T17:23:33.314746,2025-11-25T17:23:33.314746,CCH,PMP,7.6,synthetic,51417_KJT_PUNE_13,,
51417,25-11-2025,2025-11-25T17:26:53.983271,2025-11-25T17:26:53.983271,PMP,KSWD,6.9,synthetic,51417_KJT_PUNE_14,,
51417,25-11-2025,2025-11-25T17:29:14.984944,2025-11-25T17:29:14.984944,KSWD,DAPD,6.2,synthetic,51417_KJT_PUNE_15,,
51417,25-11-2025,2025-11-25T17:32:25.486450,2025-11-25T17:32:25.486450,DAPD,KK,5.4,synthetic,51417_KJT_PUNE_16,,
51417,25-11-2025,2025-11-25T17:36:35.537805,2025-11-25T17:36:35.537805,KK,SVJR,4.6,synthetic,51417_KJT_PUNE_17,,
51417,25-11-2025,2025-11-25T17:56:01.984024,2025-11-25T17:56:01.984024,SVJR,PUNE,4.0,synthetic,51417_KJT_PUNE_18,,
51417,25-11-2025,2025-11-25T18:19:04.185622,2025-11-25T18:19:04.185622,PUNE,,4.1,synthetic,51417_KJT_PUNE_19,,
56273,25-08-2026,2026-08-25T05:20:49.200000,2026-08-25T05:20:49.200000,ASK,BVR,5.8,synthetic,56273_ASK_UBL_0,,
56273,25-08-2026,2026-08-25T05:33:45.480000,2026-08-25T05:33:45.480000,BVR,VNR,4.8,synthetic,56273_ASK_UBL_1,,
56273,25-08-2026,2026-08-25T05:47:28.332000,2026-08-25T05:47:28.332000,VNR,BLKR,9.5,synthetic,56273_ASK_UBL_2,,
56273,25-08-2026,2026-08-25T05:57:41.698800,2026-08-25T05:57:41.698800,BLKR,DRU,8.7,synthetic,56273_ASK_UBL_3,,
56273,25-08-2026,2026-08-25T06:03:45.928920,2026-08-25T06:03:45.928920,DRU,RRB,7.8,synthetic,56273_ASK_UBL_4,,
56273,25-08-2026,2026-08-25T06:12:06.536028,2026-08-25T06:12:06.536028,RRB,NVF,7.1,synthetic,56273_ASK_UBL_5,,
56273,25-08-2026,2026-08-25T06:23:13.682425,2026-08-25T06:23:13.682425,NVF,AJP,6.2,synthetic,56273_ASK_UBL_6,,
56273,25-08-2026,2026-08-25T06:32:24.314183,2026-08-25T06:32:24.314183,AJP,SHV,5.4,synthetic,56273_ASK_UBL_7,,
56273,25-08-2026,2026-08-25T06:45:47.682764,2026-08-25T06:45:47.682764,SHV,HSD,4.8,synthetic,56273_ASK_UBL_8,,
56273,25-08-2026,2026-08-25T06:57:46.514488,2026-08-25T06:57:46.514488,HSD,ABGT,4.8,synthetic,56273_ASK_UBL_9,,
56273,25-08-2026,2026-08-25T07:01:25.063039,2026-08-25T07:01:25.063039,ABGT,RGI,4.4,synthetic,56273_ASK_UBL_10,,
56273,25-08-2026,2026-08-25T07:06:42.356735,2026-08-25T07:06:42.356735,RGI,HLK,3.7,synthetic,56273_ASK_UBL_11,,
56273,25-08-2026,2026-08-25T07:17:05.121062,2026-08-25T07:17:05.121062,HLK,JRU,3.1,synthetic,56273_ASK_UBL_12,,
56273,25-08-2026,2026-08-25T07:30:44.808956,2026-08-25T07:30:44.808956,JRU,SLU,2.7,synthetic,56273_ASK_UBL_13,,
56273,25-08-2026,2026-08-25T07:41:45.728060,2026-08-25T07:41:45.728060,SLU,MYK,2.8,synthetic,56273_ASK_UBL_14,,
56273,25-08-2026,2026-08-25T07:49:43.555254,2026-08-25T07:49:43.555254,MYK,KAG,2.7,synthetic,56273_ASK_UBL_15,,
56273,25-08-2026,2026-08-25T07:57:24.199729,2026-08-25T07:57:24.199729,KAG,HNH,2.4,synthetic,56273_ASK_UBL_16,,
56273,25-08-2026,2026-08-25T08:16:49.379756,2026-08-25T08:16:49.379756,HNH,THN,16.8,synthetic,56273_ASK_UBL_17,,
56273,25-08-2026,2026-08-25T08:33:06.641780,2026-08-25T08:33:06.641780,THN,DVG,25.1,synthetic,56273_ASK_UBL_18,,
56273,25-08-2026,2026-08-25T08:43:29.377602,2026-08-25T08:43:29.377602,DVG,HRR,22.5,synthetic,56273_ASK_UBL_19,,
56273,25-08-2026,2026-08-25T09:00:20.439842,2026-08-25T09:00:20.439842,HRR,CLI,20.3,synthetic,56273_ASK_UBL_20,,
56273,25-08-2026,2026-08-25T09:14:05.195858,2026-08-25T09:14:05.195858,CLI,RNR,18.1,synthetic,56273_ASK_UBL_21,,
56273,25-08-2026,2026-08-25T09:27:07.076272,2026-08-25T09:27:07.076272,RNR,DAD,16.1,synthetic,56273_ASK_UBL_22,,
56273,25-08-2026,2026-08-25T09:38:08.168645,2026-08-25T09:38:08.168645,DAD,BYD,14.1,synthetic,56273_ASK_UBL_23,,
56273,25-08-2026,2026-08-25T09:49:38.551780,2026-08-25T09:49:38.551780,BYD,HVR,12.6,synthetic,56273_ASK_UBL_24,,
56273,25-08-2026,2026-08-25T10:02:17.296602,2026-08-25T10:02:17.296602,HVR,KJG,11.3,synthetic,56273_ASK_UBL_25,,
56273,25-08-2026,2026-08-25T10:13:56.966942,2026-08-25T10:13:56.966942,KJG,KVS,9.9,synthetic,56273_ASK_UBL_26,,
56273,25-08-2026,2026-08-25T10:17:45.870248,2026-08-25T10:17:45.870248,KVS,SVNR,8.8,synthetic,56273_ASK_UBL_27,,
56273,25-08-2026,2026-08-25T10:27:06.483223,2026-08-25T10:27:06.483223,SVNR,YLG,8.1,synthetic,56273_ASK_UBL_28,,
56273,25-08-2026,2026-08-25T10:38:04.634901,2026-08-25T10:38:04.634901,YLG,KALS,7.1,synthetic,56273_ASK_UBL_29,,
56273,25-08-2026,2026-08-25T10:45:27.571411,2026-08-25T10:45:27.571411,KALS,GDI,6.5,synthetic,56273_ASK_UBL_30,,
56273,25-08-2026,2026-08-25T10:54:45.214270,2026-08-25T10:54:45.214270,GDI,SNH,5.8,synthetic,56273_ASK_UBL_31,,
56273,25-08-2026,2026-08-25T11:07:32.892843,2026-08-25T11:07:32.892843,SNH,KNO,5.5,synthetic,56273_ASK_UBL_32,,
56273,25-08-2026,2026-08-25T11:23:39.203558,2026-08-25T11:23:39.203558,KNO,UBL,4.7,synthetic,56273_ASK_UBL_33,,
56273,25-08-2026,2026-08-25T12:43:40.083203,2026-08-25T12:43:40.083203,UBL,,13.7,synthetic,56273_ASK_UBL_34,,
02085,13-03-2026,2026-03-13T16:55:40.800000,2026-03-13T16:55:40.800000,JP,DKBJ,0.7,synthetic,02085_JP_CUR_0,,
02085,13-03-2026,2026-03-13T17:10:07.320000,2026-03-13T17:10:07.320000,DKBJ,NDH,7.1,synthetic,02085_JP_CUR_1,,
02085,13-03-2026,2026-03-13T17:22:31.188000,2026-03-13T17:22:31.188000,NDH,BHG,6.5,synthetic,02085_JP_CUR_2,,
02085,13-03-2026,2026-03-13T17:36:20.869200,2026-03-13T17:36:20.869200,BHG,COM,6.3,synthetic,02085_JP_CUR_3,,
02085,13-03-2026,2026-03-13T17:45:48.182280,2026-03-13T17:45:48.182280,COM,LHW,5.8,synthetic,02085_JP_CUR_4,,
02085,13-03-2026,2026-03-13T17:54:09.764052,2026-03-13T17:54:09.764052,LHW,GND,5.2,synthetic,02085_JP_CUR_5,,
02085,13-03-2026,2026-03-13T18:02:33.987647,2026-03-13T18:02:33.987647,GND,COD,4.6,synthetic,02085_JP_CUR_6,,
02085,13-03-2026,2026-03-13T18:13:44.388882,2026-03-13T18:13:44.388882,COD,RGS,3.7,synthetic,02085_JP_CUR_7,,
02085,13-03-2026,2026-03-13T18:26:27.349994,2026-03-13T18:26:27.349994,RGS,SNTH,3.5,synthetic,02085_JP_CUR_8,,
02085,13-03-2026,2026-03-13T18:41:46.814995,2026-03-13T18:41:46.814995,SNTH,BOTI,2.8,synthetic,02085_JP_CUR_9,,
02085,13-03-2026,2026-03-13T18:50:34.933495,2026-03-13T18:50:34.933495,BOTI,PLSN,2.6,synthetic,02085_JP_CUR_10,,
02085,13-03-2026,2026-03-13T19:04:10.440146,2026-03-13T19:04:10.440146,PLSN,RNIS,2.2,synthetic,02085_JP_CUR_11,,
02085,13-03-2026,2026-03-13T19:16:04.596131,2026-03-13T19:16:04.596131,RNIS,GIO,2.1,synthetic,02085_JP_CUR_12,,
02085,13-03-2026,2026-03-13T19:24:46.736518,2026-03-13T19:24:46.736518,GIO,SIKR,1.8,synthetic,02085_JP_CUR_13,,
02085,13-03-2026,2026-03-13T19:48:30.062866,2026-03-13T19:48:30.062866,SIKR,RDK,8.5,synthetic,02085_JP_CUR_14,,
02085,13-03-2026,2026-03-13T20:22:26.456580,2026-03-13T20:22:26.456580,RDK,LNH,11.4,synthetic,02085_JP_CUR_15,,
02085,13-03-2026,2026-03-13T20:36:01.610922,2026-03-13T20:36:01.610922,LNH,FPS,10.0,synthetic,02085_JP_CUR_16,,
02085,13-03-2026,2026-03-13T21:00:03.249829,2026-03-13T21:00:03.249829,FPS,QMRS,11.1,synthetic,02085_JP_CUR_17,,
02085,13-03-2026,2026-03-13T21:13:57.524846,2026-03-13T21:13:57.524846,QMRS,RSWT,10.0,synthetic,02085_JP_CUR_18,,
02085,13-03-2026,2026-03-13T21:25:27.172362,2026-03-13T21:25:27.172362,RSWT,MWR,9.5,synthetic,02085_JP_CUR_19,,
02085,13-03-2026,2026-03-13T21:33:20.855126,2026-03-13T21:33:20.855126,MWR,BUB,8.3,synthetic,02085_JP_CUR_20,,
02085,13-03-2026,2026-03-13T21:45:35.569613,2026-03-13T21:45:35.569613,BUB,CUR,7.6,synthetic,02085_JP_CUR_21,,
02085,13-03-2026,2026-03-13T22:21:41.612652,2026-03-13T22:21:41.612652,CUR,,6.7,synthetic,02085_JP_CUR_22,,
52230,15-03-2026,2026-03-15T10:27:36.600000,2026-03-15T10:27:36.600000,TPU,BNSA,7.6,synthetic,52230_TPU_SZP_0,,
52230,15-03-2026,2026-03-15T10:42:46.140000,2026-03-15T10:42:46.140000,BNSA,CKK,6.8,synthetic,52230_TPU_SZP_1,,
52230,15-03-2026,2026-03-15T10:57:06.126000,2026-03-15T10:57:06.126000,CKK,KHMA,6.1,synthetic,52230_TPU_SZP_2,,
52230,15-03-2026,2026-03-15T11:18:27.713400,2026-03-15T11:18:27.713400,KHMA,MJZ,14.5,synthetic,52230_TPU_SZP_3,,
52230,15-03-2026,2026-03-15T11:38:03.942060,2026-03-15T11:38:03.942060,MJZ,NRY,13.1,synthetic,52230_TPU_SZP_4,,
52230,15-03-2026,2026-03-15T11:57:51.547854,2026-03-15T11:57:51.547854,NRY,PBE,14.9,synthetic,52230_TPU_SZP_5,,
52230,15-03-2026,2026-03-15T12:43:48.793069,2026-03-15T12:43:48.793069,PBE,PUF,13.8,synthetic,52230_TPU_SZP_6,,
52230,15-03-2026,2026-03-15T14:26:56.513762,2026-03-15T14:26:56.513762,PUF,BFPA,11.9,synthetic,52230_TPU_SZP_7,,
52230,15-03-2026,2026-03-15T14:35:26.862386,2026-03-15T14:35:26.862386,BFPA,SNZ,10.4,synthetic,52230_TPU_SZP_8,,
52230,15-03-2026,2026-03-15T14:48:10.976147,2026-03-15T14:48:10.976147,SNZ,BSUR,9.2,synthetic,52230_TPU_SZP_9,,
52230,15-03-2026,2026-03-15T14:59:25.478532,2026-03-15T14:59:25.478532,BSUR,MIW,8.4,synthetic,52230_TPU_SZP_10,,
52230,15-03-2026,2026-03-15T15:16:49.330679,2026-03-15T15:16:49.330679,MIW,ZNP,7.8,synthetic,52230_TPU_SZP_11,,
52230,15-03-2026,2026-03-15T15:35:07.197611,2026-03-15T15:35:07.197611,ZNP,VZPH,13.1,synthetic,52230_TPU_SZP_12,,
52230,15-03-2026,2026-03-15T15:41:08.877850,2026-03-15T15:41:08.877850,VZPH,NOH,12.1,synthetic,52230_TPU_SZP_13,,
52230,15-03-2026,2026-03-15T15:49:25.390065,2026-03-15T15:49:25.390065,NOH,DOT,11.4,synthetic,52230_TPU_SZP_14,,
52230,15-03-2026,2026-03-15T16:01:57.651059,2026-03-15T16:01:57.651059,DOT,ARX,13.0,synthetic,52230_TPU_SZP_15,,
52230,15-03-2026,2026-03-15T16:06:41.085953,2026-03-15T16:06:41.085953,ARX,SZN,11.7,synthetic,52230_TPU_SZP_16,,
52230,15-03-2026,2026-03-15T16:21:53.777357,2026-03-15T16:21:53.777357,SZN,SZP,10.9,synthetic,52230_TPU_SZP_17,,
52230,15-03-2026,2026-03-15T16:49:44.199622,2026-03-15T16:49:44.199622,SZP,,9.7,synthetic,52230_TPU_SZP_18,,
09763,25-11-2025,2025-11-25T20:47:50.400000,2025-11-25T20:47:50.400000,APH,RMSR,7.8,synthetic,09763_APH_SOG_0,,
09763,25-11-2025,2025-11-25T21:06:25.560000,2025-11-25T21:06:25.560000,RMSR,SBNR,7.4,synthetic,09763_APH_SOG_1,,
09763,25-11-2025,2025-11-25T21:22:22.404000,2025-11-25T21:22:22.404000,SBNR,KYNT,6.4,synthetic,09763_APH_SOG_2,,
09763,25-11-2025,2025-11-25T21:32:55.563600,2025-11-25T21:32:55.563600,KYNT,SRPR,5.9,synthetic,09763_APH_SOG_3,,
09763,25-11-2025,2025-11-25T21:49:09.207240,2025-11-25T21:49:09.207240,SRPR,SRZ,5.2,synthetic,09763_APH_SOG_4,,
09763,25-11-2025,2025-11-25T21:58:29.286516,2025-11-25T21:58:29.286516,SRZ,BNSR,4.5,synthetic,09763_APH_SOG_5,,
09763,25-11-2025,2025-11-25T22:08:53.957864,2025-11-25T22:08:53.957864,BNSR,SOG,3.9,synthetic,09763_APH_SOG_6,,
09763,25-11-2025,2025-11-25T22:18:17.362078,2025-11-25T22:18:17.362078,SOG,,3.3,synthetic,09763_APH_SOG_7,,
54420,30-01-2026,2026-01-30T19:22:52.200000,2026-01-30T19:22:52.200000,RE,KWMD,17.9,synthetic,54420_RE_DLI_0,,
54420,30-01-2026,2026-01-30T19:28:58.380000,2026-01-30T19:28:58.380000,KWMD,KIP,16.0,synthetic,54420_RE_DLI_1,,
54420,30-01-2026,2026-01-30T19:40:16.542000,2026-01-30T19:40:16.542000,KIP,IHP,19.3,synthetic,54420_RE_DLI_2,,
54420,30-01-2026,2026-01-30T19:47:22.687800,2026-01-30T19:47:22.687800,IHP,PTRD,17.4,synthetic,54420_RE_DLI_3,,
54420,30-01-2026,2026-01-30T19:52:50.419020,2026-01-30T19:52:50.419020,PTRD,JSKA,15.8,synthetic,54420_RE_DLI_4,,
54420,30-01-2026,2026-01-30T19:59:06.977118,2026-01-30T19:59:06.977118,JSKA,TJNR,14.1,synthetic,54420_RE_DLI_5,,
54420,30-01-2026,2026-01-30T20:06:48.879406,2026-01-30T20:06:48.879406,TJNR,PT,12.8,synthetic,54420_RE_DLI_6,,
54420,30-01-2026,2026-01-30T20:11:13.991466,2026-01-30T20:11:13.991466,PT,GHH,11.2,synthetic,54420_RE_DLI_7,,
54420,30-01-2026,2026-01-30T20:32:20.992319,2026-01-30T20:32:20.992319,GHH,BDXT,21.3,synthetic,54420_RE_DLI_8,,
54420,30-01-2026,2026-01-30T20:37:54.293087,2026-01-30T20:37:54.293087,BDXT,GGN,18.9,synthetic,54420_RE_DLI_9,,
54420,30-01-2026,2026-01-30T20:43:08.063778,2026-01-30T20:43:08.063778,GGN,BWSN,17.1,synthetic,54420_RE_DLI_10,,
54420,30-01-2026,2026-01-30T21:05:52.857401,2026-01-30T21:05:52.857401,BWSN,SMDP,30.9,synthetic,54420_RE_DLI_11,,
54420,30-01-2026,2026-01-30T21:08:46.371661,2026-01-30T21:08:46.371661,SMDP,PM,27.8,synthetic,54420_RE_DLI_12,,
54420,30-01-2026,2026-01-30T21:17:19.534494,2026-01-30T21:17:19.534494,PM,DEC,29.3,synthetic,54420_RE_DLI_13,,
54420,30-01-2026,2026-01-30T21:21:37.981045,2026-01-30T21:21:37.981045,DEC,KRTN,26.6,synthetic,54420_RE_DLI_14,,
54420,30-01-2026,2026-01-30T21:30:02.982941,2026-01-30T21:30:02.982941,KRTN,PTNR,24.0,synthetic,54420_RE_DLI_15,,
54420,30-01-2026,2026-01-30T21:29:38.684646,2026-01-30T21:29:38.684646,PTNR,DBSI,21.6,synthetic,54420_RE_DLI_16,,
54420,30-01-2026,2026-01-30T21:32:29.416182,2026-01-30T21:32:29.416182,DBSI,DEE,19.5,synthetic,54420_RE_DLI_17,,
54420,30-01-2026,2026-01-30T21:38:44.474564,2026-01-30T21:38:44.474564,DEE,DKZ,22.7,synthetic,54420_RE_DLI_18,,
54420,30-01-2026,2026-01-30T21:46:23.827107,2026-01-30T21:46:23.827107,DKZ,DSB,20.4,synthetic,54420_RE_DLI_19,,
54420,30-01-2026,2026-01-30T21:56:16.044397,2026-01-30T21:56:16.044397,DSB,DLI,18.3,synthetic,54420_RE_DLI_20,,
54420,30-01-2026,2026-01-30T21:56:00.039957,2026-01-30T21:56:00.039957,DLI,,16.0,synthetic,54420_RE_DLI_21,,
40513,30-12-2025,2025-12-30T06:36:06.600000,2025-12-30T06:36:06.600000,MSB,MSF,6.1,synthetic,40513_MSB_CGL_0,,
40513,30-12-2025,2025-12-30T06:38:29.940000,2025-12-30T06:38:29.940000,MSF,MPKT,5.5,synthetic,40513_MSB_CGL_1,,
40513,30-12-2025,2025-12-30T06:39:50.946000,2025-12-30T06:39:50.946000,MPKT,MPK,4.8,synthetic,40513_MSB_CGL_2,,
40513,30-12-2025,2025-12-30T06:40:13.451400,2025-12-30T06:40:13.451400,MPK,MS,4.2,synthetic,40513_MSB_CGL_3,,
40513,30-12-2025,2025-12-30T06:42:56.506260,2025-12-30T06:42:56.506260,MS,MSC,3.9,synthetic,40513_MSB_CGL_4,,
40513,30-12-2025,2025-12-30T06:45:35.855634,2025-12-30T06:45:35.855634,MSC,NBK,3.6,synthetic,40513_MSB_CGL_5,,
40513,30-12-2025,2025-12-30T06:48:13.670071,2025-12-30T06:48:13.670071,NBK,MKK,3.2,synthetic,40513_MSB_CGL_6,,
40513,30-12-2025,2025-12-30T06:50:05.703064,2025-12-30T06:50:05.703064,MKK,MBM,3.1,synthetic,40513_MSB_CGL_7,,
40513,30-12-2025,2025-12-30T06:52:00.332757,2025-12-30T06:52:00.332757,MBM,SP,3.0,synthetic,40513_MSB_CGL_8,,
40513,30-12-2025,2025-12-30T06:54:34.499481,2025-12-30T06:54:34.499481,SP,GDY,2.6,synthetic,40513_MSB_CGL_9,,
40513,30-12-2025,2025-12-30T06:57:27.449533,2025-12-30T06:57:27.449533,GDY,STM,2.5,synthetic,40513_MSB_CGL_10,,
40513,30-12-2025,2025-12-30T06:59:56.504580,2025-12-30T06:59:56.504580,STM,PZA,1.9,synthetic,40513_MSB_CGL_11,,
40513,30-12-2025,2025-12-30T07:02:48.454122,2025-12-30T07:02:48.454122,PZA,MN,1.8,synthetic,40513_MSB_CGL_12,,
40513,30-12-2025,2025-12-30T07:05:21.408710,2025-12-30T07:05:21.408710,MN,TLM,1.4,synthetic,40513_MSB_CGL_13,,
40513,30-12-2025,2025-12-30T07:07:02.467839,2025-12-30T07:07:02.467839,TLM,PV,1.0,synthetic,40513_MSB_CGL_14,,
40513,30-12-2025,2025-12-30T07:18:43.621055,2025-12-30T07:18:43.621055,PV,CMP,9.7,synthetic,40513_MSB_CGL_15,,
40513,30-12-2025,2025-12-30T07:20:34.458949,2025-12-30T07:20:34.458949,CMP,TBMS,8.6,synthetic,40513_MSB_CGL_16,,
40513,30-12-2025,2025-12-30T07:22:44.213054,2025-12-30T07:22:44.213054,TBMS,TBM,7.7,synthetic,40513_MSB_CGL_17,,
40513,30-12-2025,2025-12-30T07:31:03.791749,2025-12-30T07:31:03.791749,TBM,PRGL,7.1,synthetic,40513_MSB_CGL_18,,
40513,30-12-2025,2025-12-30T07:35:33.412574,2025-12-30T07:35:33.412574,PRGL,VDR,6.6,synthetic,40513_MSB_CGL_19,,
40513,30-12-2025,2025-12-30T07:37:29.471317,2025-12-30T07:37:29.471317,VDR,UPM,5.5,synthetic,40513_MSB_CGL_20,,
40513,30-12-2025,2025-12-30T07:40:57.124185,2025-12-30T07:40:57.124185,UPM,GI,5.0,synthetic,40513_MSB_CGL_21,,
40513,30-12-2025,2025-12-30T07:48:28.011767,2025-12-30T07:48:28.011767,GI,POTI,8.5,synthetic,40513_MSB_CGL_22,,
40513,30-12-2025,2025-12-30T07:51:31.210590,2025-12-30T07:51:31.210590,POTI,CTM,7.5,synthetic,40513_MSB_CGL_23,,
40513,30-12-2025,2025-12-30T07:53:27.489531,2025-12-30T07:53:27.489531,CTM,MMNK,6.5,synthetic,40513_MSB_CGL_24,,
40513,30-12-2025,2025-12-30T07:54:58.340578,2025-12-30T07:54:58.340578,MMNK,SKL,6.0,synthetic,40513_MSB_CGL_25,,
40513,30-12-2025,2025-12-30T07:59:18.306520,2025-12-30T07:59:18.306520,SKL,PWU,5.3,synthetic,40513_MSB_CGL_26,,
40513,30-12-2025,2025-12-30T08:03:59.075868,2025-12-30T08:03:59.075868,PWU,CGL,5.0,synthetic,40513_MSB_CGL_27,,
40513,30-12-2025,2025-12-30T08:19:27.968281,2025-12-30T08:19:27.968281,CGL,,4.5,synthetic,40513_MSB_CGL_28,,
08002,21-05-2026,2026-05-21T18:27:49.800000,2026-05-21T18:27:49.800000,JGM,BNB,2.8,synthetic,08002_JGM_KGP_0,,
08002,21-05-2026,2026-05-21T18:42:01.620000,2026-05-21T18:42:01.620000,BNB,SUA,5.0,synthetic,08002_JGM_KGP_1,,
08002,21-05-2026,2026-05-21T18:51:35.058000,2026-05-21T18:51:35.058000,SUA,KSO,4.6,synthetic,08002_JGM_KGP_2,,
08002,21-05-2026,2026-05-21T19:02:02.152200,2026-05-21T19:02:02.152200,KSO,KKQ,4.0,synthetic,08002_JGM_KGP_3,,
08002,21-05-2026,2026-05-21T19:12:51.136980,2026-05-21T19:12:51.136980,KKQ,NMP,3.9,synthetic,08002_JGM_KGP_4,,
08002,21-05-2026,2026-05-21T19:15:23.823282,2026-05-21T19:15:23.823282,NMP,KGP,3.4,synthetic,08002_JGM_KGP_5,,
08002,21-05-2026,2026-05-21T19:22:51.440954,2026-05-21T19:22:51.440954,KGP,,2.9,synthetic,08002_JGM_KGP_6,,
52175,17-12-2025,2025-12-17T09:41:05.400000,2025-12-17T09:41:05.400000,GWL,GWO,21.1,synthetic,52175_GWL_SBL_0,,
52175,17-12-2025,2025-12-17T09:45:02.460000,2025-12-17T09:45:02.460000,GWO,GOPA,25.0,synthetic,52175_GWL_SBL_1,,
52175,17-12-2025,2025-12-17T10:01:15.414000,2025-12-17T10:01:15.414000,GOPA,MTJL,22.3,synthetic,52175_GWL_SBL_2,,
52175,17-12-2025,2025-12-17T10:17:01.272600,2025-12-17T10:17:01.272600,MTJL,MIAL,20.0,synthetic,52175_GWL_SBL_3,,
52175,17-12-2025,2025-12-17T11:00:36.545340,2025-12-17T11:00:36.545340,MIAL,BMZ,36.6,synthetic,52175_GWL_SBL_4,,
52175,17-12-2025,2025-12-17T11:03:39.490806,2025-12-17T11:03:39.490806,BMZ,ABE,32.7,synthetic,52175_GWL_SBL_5,,
52175,17-12-2025,2025-12-17T11:25:31.941725,2025-12-17T11:25:31.941725,ABE,SMV,29.5,synthetic,52175_GWL_SBL_6,,
52175,17-12-2025,2025-12-17T11:41:46.147553,2025-12-17T11:41:46.147553,SMV,THR,26.8,synthetic,52175_GWL_SBL_7,,
52175,17-12-2025,2025-12-17T11:55:07.932798,2025-12-17T11:55:07.932798,THR,JPO,24.1,synthetic,52175_GWL_SBL_8,,
52175,17-12-2025,2025-12-17T12:04:20.939518,2025-12-17T12:04:20.939518,JPO,SKU,21.3,synthetic,52175_GWL_SBL_9,,
52175,17-12-2025,2025-12-17T12:12:15.245566,2025-12-17T12:12:15.245566,SKU,BHAT,19.3,synthetic,52175_GWL_SBL_10,,
52175,17-12-2025,2025-12-17T12:18:28.721009,2025-12-17T12:18:28.721009,BHAT,KQS,17.5,synthetic,52175_GWL_SBL_11,,
52175,17-12-2025,2025-12-17T12:46:13.248908,2025-12-17T12:46:13.248908,KQS,SYF,15.2,synthetic,52175_GWL_SBL_12,,
52175,17-12-2025,2025-12-17T13:09:38.924018,2025-12-17T13:09:38.924018,SYF,SBL,13.6,synthetic,52175_GWL_SBL_13,,
52175,17-12-2025,2025-12-17T13:32:18.831616,2025-12-17T13:32:18.831616,SBL,,12.3,synthetic,52175_GWL_SBL_14,,
52541,21-09-2026,2026-09-21T09:08:32.400000,2026-09-21T09:08:32.400000,NJP,SGUT,8.5,synthetic,52541_NJP_DJ_0,,
52541,21-09-2026,2026-09-21T09:30:54.960000,2026-09-21T09:30:54.960000,SGUT,SGUJ,7.9,synthetic,52541_NJP_DJ_1,,
52541,21-09-2026,2026-09-21T09:40:51.264000,2026-09-21T09:40:51.264000,SGUJ,SN,6.9,synthetic,52541_NJP_DJ_2,,
52541,21-09-2026,2026-09-21T10:23:23.337600,2026-09-21T10:23:23.337600,SN,RTG,6.4,synthetic,52541_NJP_DJ_3,,
52541,21-09-2026,2026-09-21T10:53:51.603840,2026-09-21T10:53:51.603840,RTG,TDH,5.9,synthetic,52541_NJP_DJ_4,,
52541,21-09-2026,2026-09-21T11:37:51.243456,2026-09-21T11:37:51.243456,TDH,MHN,4.9,synthetic,52541_NJP_DJ_5,,
52541,21-09-2026,2026-09-21T12:22:58.119110,2026-09-21T12:22:58.119110,MHN,KGN,5.0,synthetic,52541_NJP_DJ_6,,
52541,21-09-2026,2026-09-21T13:29:25.307199,2026-09-21T13:29:25.307199,KGN,TUNG,4.4,synthetic,52541_NJP_DJ_7,,
52541,21-09-2026,2026-09-21T14:10:59.976479,2026-09-21T14:10:59.976479,TUNG,SAD,4.0,synthetic,52541_NJP_DJ_8,,
52541,21-09-2026,2026-09-21T14:47:46.178831,2026-09-21T14:47:46.178831,SAD,GHUM,3.8,synthetic,52541_NJP_DJ_9,,
52541,21-09-2026,2026-09-21T15:29:18.760948,2026-09-21T15:29:18.760948,GHUM,DJ,3.3,synthetic,52541_NJP_DJ_10,,
52541,21-09-2026,2026-09-21T16:18:09.684854,2026-09-21T16:18:09.684854,DJ,,3.2,synthetic,52541_NJP_DJ_11,,
