tree
version=v4
num_class=1
num_tree_per_iteration=1
label_index=0
max_feature_idx=10
objective=quantile
feature_names=scheduled_minutes distance_km current_delay hour_bucket day_of_week is_fog_season is_monsoon_season is_peak_hour is_high_traffic_zone train_priority_score journey_progress_fraction
feature_infos=none none [0:102.19999999999999] [0:23] none [0:1] none [0:1] [0:1] [1.3999999999999999:1.8] none
tree_sizes=2717 2880 2850 2872 2907 2875 2901 2928 2890 2892 2900 2891 2870 2867 2881 2886 2912 2907 2872 2876 2898 2897 2915 2918 2946 2938 2938 2942 2949 2966 2919 2977 2974 2960 2999 3013 2979 2997 2975 2982 2988 3019 3025 3035 3006 3017 3005 3056 3043 3018 3079 3090 3077 3047 3046 3064 3071 3074 3076 3053 3076 3105 3077 3035 3107 3058 3032 3074 3060 3087 3089 3089 3088 3089 3086 3083 3095 3052 3083 3060 3016 3022 3048 3013 3030 3050 3067 3071 3078 3071 3045 3051 3052 3055 3011 3054 3079 3074 3069 3087

Tree=0
num_leaves=31
num_cat=0
split_feature=3 5 3 8 3 3 2 5 8 3 3 2 3 3 3 2 3 3 3 8 3 8 3 3 3 3 7 3 3 2
split_gain=3.98716 4.59241 4.97907 1.63285 1.4577 1.2994 0.765131 0.407466 0.488714 0.439623 0.595364 0.327172 0.31681 0.284238 0.260127 0.207927 0.17752 0.340136 0.176678 0.166667 0.139486 0.136362 0.185034 0.157362 0.136111 0.124444 0.348096 0.108005 0.167832 0.0860626
threshold=11.500000000000002 1.0000000180025095e-35 5.5000000000000009 1.0000000180025095e-35 9.5000000000000018 10.500000000000002 0.55000000000000082 1.0000000180025095e-35 1.0000000180025095e-35 17.500000000000004 13.500000000000002 1.0000000180025095e-35 6.5000000000000009 22.500000000000004 20.500000000000004 0.55000000000000082 4.5000000000000009 1.5000000000000002 8.5000000000000018 1.0000000180025095e-35 4.5000000000000009 1.0000000180025095e-35 15.500000000000002 18.500000000000004 14.500000000000002 21.500000000000004 1.0000000180025095e-35 15.500000000000002 13.500000000000002 1.0000000180025095e-35
decision_type=2 2 2 2 2 2 2 2 2 2 2 2 2 2 2 2 2 2 2 2 2 2 2 2 2 2 2 2 2 2
left_child=1 2 20 4 6 -6 12 8 9 10 29 13 -4 14 -11 -7 17 -3 -14 -19 -1 22 24 -23 -9 26 -25 28 -10 -2
right_child=7 16 3 -5 5 15 -8 21 27 11 -12 -13 18 -15 -16 -17 -18 19 -20 -21 -22 23 -24 25 -26 -27 -28 -29 -30 -31
leaf_value=2.6339999921470874 2.4799999952316285 2.6019999982714652 2.4424999990686778 2.6405000093653794 2.4399999976158142 2.4724999999627473 3.9220000080317252 2.8025000097975146 2.6140000015348202 2.4990000036209796 2.5539999981075505 4.0455000120475875 2.4510000022649772 2.6910000088959931 2.4550000011920927 4.0570000289678578 2.6789999992251365 2.7089999968409542 2.4920000010281811 2.4500000002235174 2.5134999995455143 2.5915000087991351 2.7150000095367433 2.3950000017881394 2.5075000008568167 2.6915000083521008 2.5404999987110499 2.6584999926909796 2.5460000032335519 3.9999999827146526
leaf_weight=99 89 25 116 42 128 76 19 36 27 359 259 28 273 22 114 4.9999999999999991 205 12 75 12 68 94 136 10.999999999999998 24 11.999999999999998 52 108 39 4.9999999999999991
leaf_count=99 89 25 116 42 128 76 19 36 27 359 259 28 273 22 114 5 205 12 75 12 68 94 136 11 24 12 52 108 39 5
internal_value=2.49986 2.49768 2.49601 2.49424 2.49366 2.49017 2.49517 2.50164 2.50114 2.50066 2.50203 2.49974 2.49476 2.49944 2.49919 2.49512 2.50362 2.50092 2.49552 2.49667 2.5038 2.50308 2.50398 2.50204 2.50167 2.50033 2.49944 2.50356 2.50197 2.49862
internal_weight=2570 1155 901 734 692 209 483 1415 1050 876 353 523 464 495 473 81 254 49 348 24 167 365 196 169 60 75 63 174 66 94
internal_count=2570 1155 901 734 692 209 483 1415 1050 876 353 523 464 495 473 81 254 49 348 24 167 365 196 169 60 75 63 174 66 94
is_linear=0
shrinkage=1


Tree=1
num_leaves=31
num_cat=0
split_feature=5 3 3 3 8 3 2 8 3 3 8 3 2 3 2 3 3 3 3 3 8 3 3 3 3 8 3 3 7 3
split_gain=3.27852 3.92566 4.03572 1.82148 1.26605 1.17698 0.582422 0.432726 0.420748 0.476149 0.416243 0.485632 0.303811 0.263942 0.207927 0.206426 0.139486 0.138387 0.12945 0.340136 0.166667 0.108005 0.167832 0.0923149 0.1518 0.222854 0.0867053 0.0914286 0.0999001 0.0704832
threshold=1.0000000180025095e-35 11.500000000000002 5.5000000000000009 9.5000000000000018 1.0000000180025095e-35 10.500000000000002 0.3499999999999997 1.0000000180025095e-35 17.500000000000004 12.500000000000002 1.0000000180025095e-35 6.5000000000000009 1.0000000180025095e-35 22.500000000000004 0.55000000000000082 20.500000000000004 4.5000000000000009 8.5000000000000018 4.5000000000000009 1.5000000000000002 1.0000000180025095e-35 15.500000000000002 13.500000000000002 12.500000000000002 15.500000000000002 1.0000000180025095e-35 18.500000000000004 21.500000000000004 1.0000000180025095e-35 16.500000000000004
decision_type=2 2 2 2 2 2 2 2 2 2 2 2 2 2 2 2 2 2 2 2 2 2 2 2 2 2 2 2 2 2
left_child=1 2 16 6 5 -5 10 8 9 -3 11 -4 13 15 -7 -10 -1 -13 19 -2 -21 22 -9 -20 -25 -26 -27 28 -28 -11
right_child=18 7 3 4 -6 14 -8 21 12 29 -12 17 -14 -15 -16 -17 -18 -19 23 20 -22 -23 -24 24 25 26 27 -29 -30 -31
leaf_value=0.12729999253973298 0.09689999835789187 -0.019000004529953009 -0.054625000884756261 -0.057000002264976507 0.17547500597648327 -0.026125000035390134 1.3538999997474261 0.10830000145807897 -0.00094999656006935498 0.043300005339829854 0.10597499462924949 -0.046549997848271879 1.468225011445208 0.1814500084511933 1.4791500275194647 -0.04274999886751174 0.012824999568238394 -0.0075999990232281439 0.16105000480711476 0.1985499969989063 -0.047499999787658356 0.15057499305643071 0.04370000307187432 0.032625002728775353 0.20425000905990603 0.087925007196887894 -0.099749998301267573 0.18192500793449559 0.038474998775497607 0.062299997710436684
leaf_weight=99 25 57 116 128 15.999999999999998 76 21 27 359 193 24 273 28 22 4.9999999999999991 114 68 75 234 12 12 108 39 59 136 66 10.999999999999998 11.999999999999998 52 103
leaf_count=99 25 57 116 128 16 76 21 27 359 193 24 273 28 22 5 114 68 75 234 12 12 108 39 59 136 66 11 12 52 103
internal_value=0.000214008 -0.000791901 -0.0032131 -0.00480926 -0.00855556 -0.0095933 -0.00315324 0.00128571 0.000833334 0.00216714 -0.0035041 -0.00383621 -6.69214e-05 -0.000353535 -0.00487654 -0.000602537 0.0038024 -0.0029023 0.00338449 0.000918368 -0.00333333 0.00356322 0.0019697 0.00359649 0.00306548 0.00355596 0.00216312 0.001 0.000238095 0.00297297
internal_weight=2570 1951 901 734 225 209 509 1050 876 353 488 464 523 495 81 473 167 348 619 49 24 174 66 570 336 277 141 75 63 296
internal_count=2570 1951 901 734 225 209 509 1050 876 353 488 464 523 495 81 473 167 348 619 49 24 174 66 570 336 277 141 75 63 296
is_linear=0
shrinkage=0.05


Tree=2
num_leaves=31
num_cat=0
split_feature=3 3 5 3 8 3 2 2 5 8 3 3 8 3 3 2 3 8 3 3 3 3 3 3 5 3 8 3 3 3
split_gain=2.7598 2.85481 3.55292 1.57928 1.14458 0.84605 0.54108 0.380876 0.383897 0.470857 0.381537 0.622998 0.377344 0.263942 0.22597 0.207927 0.206426 0.125776 0.215885 0.182687 0.120032 0.102984 0.164103 0.0874997 0.117417 0.311111 0.166667 0.115891 0.0740741 0.184357
threshold=11.500000000000002 5.5000000000000009 1.0000000180025095e-35 9.5000000000000018 1.0000000180025095e-35 10.500000000000002 0.3499999999999997 1.0000000180025095e-35 1.0000000180025095e-35 1.0000000180025095e-35 17.500000000000004 13.500000000000002 1.0000000180025095e-35 22.500000000000004 8.5000000000000018 0.55000000000000082 20.500000000000004 1.0000000180025095e-35 8.5000000000000018 10.500000000000002 6.5000000000000009 15.500000000000002 13.500000000000002 1.5000000000000002 1.0000000180025095e-35 4.5000000000000009 1.0000000180025095e-35 4.5000000000000009 15.500000000000002 16.500000000000004
decision_type=2 2 2 2 2 2 2 2 2 2 2 2 2 2 2 2 2 2 2 2 2 2 2 2 2 2 2 2 2 2
left_child=1 23 3 6 5 -5 12 8 9 10 11 -2 14 16 20 -7 -12 -4 -19 -20 -3 22 -11 -1 27 26 -26 -25 -13 -30
right_child=7 2 17 4 -6 15 -8 -9 -10 21 13 28 -14 -15 -16 -17 -18 18 19 -21 -22 -23 -24 24 25 -27 -28 -29 29 -31
leaf_value=0.10337100350291746 -0.01805000430345536 -0.051893750840518442 0.30949750233903645 -0.054150002151727675 0.16670125567765909 -0.024818750033620621 1.2862049997600549 1.4173602167317931 0.089236616511919789 0.10138500040914895 -0.00090249673206588277 0.16513500459600258 0.10067624489778702 0.17237750802863361 -0.007219999072066741 1.4051925261434914 -0.040612498924136146 0.21099749511942312 -0.00250250174388309 0.17499750432834055 -0.044222497955858288 0.13654625025069211 0.041515002918280614 0.14193499987159025 0.18862249714896095 0.13799749503001588 -0.045124999798275445 0.012183749589826466 0.01313500222671864 0.053184997795112855
leaf_weight=58 89 116 72 128 15.999999999999998 76 21 83 342 26 359 81 24 22 75 4.9999999999999991 114 45 50 17 273 98 39 66 12 21 12 68 67 95
leaf_count=58 89 116 72 128 16 76 21 83 342 26 359 81 24 22 75 5 114 45 50 17 273 98 39 66 12 21 12 68 67 95
internal_value=0.000233463 -0.00158009 -0.00284314 -0.00440054 -0.00788889 -0.0088756 -0.00285855 0.00171378 0.00150901 0.0010101 0.000525998 0.00183735 -0.00319672 -0.000353535 -0.00351293 -0.00487654 -0.000602537 0.00336957 0.00232143 0.000522388 -0.00399743 0.00346626 0.00192308 0.00331224 0.00276536 0.000555556 -0.00333333 0.00350746 0.00314815 0.00253086
internal_weight=2570 1155 918 734 225 209 509 1415 1332 990 827 332 488 495 464 81 473 184 112 67 389 163 65 237 179 45 24 134 243 162
internal_count=2570 1155 918 734 225 209 509 1415 1332 990 827 332 488 495 464 81 473 184 112 67 389 163 65 237 179 45 24 134 243 162
is_linear=0
shrinkage=0.05


Tree=3
num_leaves=31
num_cat=0
split_feature=3 3 5 3 8 3 2 8 2 5 8 3 3 3 3 2 8 3 3 3 3 3 3 3 3 8 3 3 3 3
split_gain=2.81933 3.10634 3.30876 1.57928 1.14458 0.84605 0.54108 0.377344 0.372729 0.3642 0.451692 0.347167 0.622998 0.254076 0.22597 0.207927 0.171196 0.293843 0.13894 0.120032 0.102984 0.164103 0.0740741 0.184357 0.066992 0.0634979 0.188087 0.137143 0.101969 0.1
threshold=11.500000000000002 5.5000000000000009 1.0000000180025095e-35 9.5000000000000018 1.0000000180025095e-35 10.500000000000002 0.3499999999999997 1.0000000180025095e-35 1.0000000180025095e-35 1.0000000180025095e-35 1.0000000180025095e-35 17.500000000000004 13.500000000000002 22.500000000000004 8.5000000000000018 0.55000000000000082 1.0000000180025095e-35 8.5000000000000018 20.500000000000004 6.5000000000000009 15.500000000000002 13.500000000000002 15.500000000000002 16.500000000000004 1.5000000000000002 1.0000000180025095e-35 15.500000000000002 13.500000000000002 18.500000000000004 21.500000000000004
decision_type=2 2 2 2 2 2 2 2 2 2 2 2 2 2 2 2 2 2 2 2 2 2 2 2 2 2 2 2 2 2
left_child=1 24 3 6 5 -5 7 14 9 10 11 12 -2 18 19 -7 -4 -18 -13 -3 21 -12 -14 -24 -1 26 27 -11 -27 -30
right_child=8 2 16 4 -6 15 -8 -9 -10 25 20 13 22 -15 -16 -17 17 -19 -20 -21 -22 -23 23 -25 -26 28 -28 -29 29 -31
leaf_value=0.098202453327771583 -0.017147504088282584 -0.04929906329849252 0.29402262722208461 -0.051442502044141296 0.15836619289377613 -0.023577812531939579 1.221894749772052 0.09564243265289768 1.3464922058952036 0.23921342174022808 0.096315750388691515 -0.00085737189546257757 0.15687825436620245 0.16375863262720194 -0.0068589991184633938 1.3349328998363168 0.20044762036345198 0.010572628050961016 -0.038581873977929337 -0.042011373058065377 0.12971893773815751 0.039439252772366575 0.012478252115382716 0.050525747905357223 0.062885897434663537 0.076566928581897647 0.18857567492029539 0.0035319202617231094 -0.0026429486728557004 0.16836692671217482
leaf_weight=58 89 116 72 128 15.999999999999998 76 21 24 83 14.999999999999998 26 359 81 22 75 4.9999999999999991 45 67 114 273 98 39 67 95 179 91 129 35 60 11.999999999999998
leaf_count=58 89 116 72 128 16 76 21 24 83 15 26 359 81 22 75 5 45 67 114 273 98 39 67 95 179 91 129 35 60 12
internal_value=0.000252918 -0.00158009 -0.0028976 -0.00440054 -0.00788889 -0.0088756 -0.00285855 -0.00319672 0.00174912 0.00154655 0.00106061 0.000586457 0.00183735 -0.000252525 -0.00351293 -0.00487654 0.00309783 0.001875 -0.000496829 -0.00399743 0.00346626 0.00192308 0.00314815 0.00253086 0.00352321 0.00295322 0.00360335 0.001 0.00223926 0.000833334
internal_weight=2570 1155 918 734 225 209 509 488 1415 1332 990 827 332 495 464 81 184 112 473 389 163 65 243 162 237 342 179 50 163 72
internal_count=2570 1155 918 734 225 209 509 488 1415 1332 990 827 332 495 464 81 184 112 473 389 163 65 243 162 237 342 179 50 163 72
is_linear=0
shrinkage=0.05


Tree=4
num_leaves=31
num_cat=0
split_feature=3 3 5 3 3 8 2 2 8 8 5 3 3 3 3 3 8 8 3 3 2 3 3 5 3 3 8 8 3 3
split_gain=2.60366 2.47089 3.015 1.29784 1.42502 0.810662 0.514364 0.372729 0.352471 0.294586 0.421844 0.399005 0.488065 0.254579 0.254076 0.188872 0.187543 0.171196 0.293843 0.13894 0.137264 0.110742 0.106804 0.0896088 0.311111 0.18108 0.166667 0.0787815 0.0740741 0.184357
threshold=11.500000000000002 5.5000000000000009 1.0000000180025095e-35 9.5000000000000018 10.500000000000002 1.0000000180025095e-35 0.3499999999999997 1.0000000180025095e-35 1.0000000180025095e-35 1.0000000180025095e-35 1.0000000180025095e-35 17.500000000000004 13.500000000000002 16.500000000000004 22.500000000000004 8.5000000000000018 1.0000000180025095e-35 1.0000000180025095e-35 8.5000000000000018 20.500000000000004 0.55000000000000082 1.5000000000000002 13.500000000000002 1.0000000180025095e-35 4.5000000000000009 4.5000000000000009 1.0000000180025095e-35 1.0000000180025095e-35 15.500000000000002 16.500000000000004
decision_type=2 2 2 2 2 2 2 2 2 2 2 2 2 2 2 2 2 2 2 2 2 2 2 2 2 2 2 2 2 2
left_child=1 21 3 6 5 -5 8 9 15 10 11 12 -2 22 19 -3 20 -4 -19 -13 -6 -1 -12 25 26 -23 -25 -27 -14 -30
right_child=7 2 17 4 16 -7 -8 -9 -10 -11 13 14 28 -15 -16 -17 -18 18 -20 -21 -22 23 -24 24 -26 27 -28 -29 29 -31
leaf_value=0.093292330661383011 -0.016290128883868448 -0.045334107741931029 0.27932149586098037 -0.048870376941934239 -0.022398921905342609 0.16544788235501764 1.1608000122834494 1.2791675956004434 0.090860311020252785 0.068977281208280825 0.22725275065321668 -0.00081450330068943977 0.14903434164789231 0.19914687739070147 0.15557070099584186 -0.0065160491625402273 0.16394788383768313 0.19042523934527941 0.010043996648412976 -0.036652780279032869 1.2681862548445011 0.13169395500627754 0.021355324636067374 0.17604707741977976 0.12795332540678189 0.0049302700772736463 -0.046013044680094844 0.069430266150817557 0.011854339509613588 0.047999460510089367
leaf_weight=58 89 389 72 128 76 7.9999999999999991 21 83 24 326 14.999999999999998 359 81 100 22 75 7.9999999999999991 45 67 114 4.9999999999999991 66 64 12 21 56 12 11.999999999999998 67 95
leaf_count=58 89 389 72 128 76 8 21 83 24 326 15 359 81 100 22 75 8 45 67 114 5 66 64 12 21 56 12 12 67 95
internal_value=0.000311284 -0.00145022 -0.00262527 -0.00405995 -0.00722222 -0.0104412 -0.00266208 0.00174912 -0.0029918 0.00154655 0.00112326 0.000646917 0.00198795 0.00332402 -0.000252525 -0.00329741 -0.00230337 0.00309783 0.001875 -0.000496829 -0.00302469 0.00310127 0.00120253 0.00248603 0.000555556 0.00313433 -0.00333333 0.00132353 0.00314815 0.00253086
internal_weight=2570 1155 918 734 225 136 509 1415 488 1332 1006 827 332 179 495 464 89 184 112 473 81 237 79 179 45 134 24 68 243 162
internal_count=2570 1155 918 734 225 136 509 1415 488 1332 1006 827 332 179 495 464 89 184 112 473 81 237 79 179 45 134 24 68 243 162
is_linear=0
shrinkage=0.05


Tree=5
num_leaves=31
num_cat=0
split_feature=3 3 5 3 3 8 2 2 8 3 3 3 5 8 8 3 3 8 8 3 3 2 3 8 3 3 3 3 3 3
split_gain=2.42148 2.6563 3.015 1.29784 1.42502 0.810662 0.514364 0.389111 0.352471 0.296988 0.300556 0.2347 0.226228 0.501414 0.308812 0.255814 0.188872 0.187543 0.171196 0.293843 0.13894 0.137264 0.110204 0.0995355 0.170912 0.0874997 0.0652405 0.0829809 0.0646412 0.1159
threshold=11.500000000000002 5.5000000000000009 1.0000000180025095e-35 9.5000000000000018 10.500000000000002 1.0000000180025095e-35 0.3499999999999997 1.0000000180025095e-35 1.0000000180025095e-35 17.500000000000004 22.500000000000004 16.500000000000004 1.0000000180025095e-35 1.0000000180025095e-35 1.0000000180025095e-35 18.500000000000004 8.5000000000000018 1.0000000180025095e-35 1.0000000180025095e-35 8.5000000000000018 20.500000000000004 0.55000000000000082 20.500000000000004 1.0000000180025095e-35 12.500000000000002 1.5000000000000002 14.500000000000002 13.500000000000002 12.500000000000002 15.500000000000002
decision_type=2 2 2 2 2 2 2 2 2 2 2 2 2 2 2 2 2 2 2 2 2 2 2 2 2 2 2 2 2 2
left_child=1 25 3 6 5 -5 8 9 16 11 12 23 13 20 -14 -16 -3 21 -4 -20 -11 -6 -17 24 -2 -1 27 -26 -25 -30
right_child=7 2 18 4 17 -7 -8 -9 -10 10 -12 -13 14 -15 15 22 -18 -19 19 -21 -22 -23 -24 28 26 -27 -28 -29 29 -31
leaf_value=0.088627714128313856 -0.01547562243967502 -0.043067402354834486 0.26535542106793136 -0.046426858094837535 -0.021278975810075474 0.15717548823726676 1.1027600116692768 1.2152092158204213 0.086317295469240149 -0.00077377813565497893 0.15579215858487588 0.05159948751438688 0.2251895453973933 0.095284134368077436 0.15028971201271529 0.022272703388560758 -0.0061902467044132161 0.15575048964579896 0.18090397737801542 0.0095417968159923171 -0.03482014126508122 1.204776942102276 -0.062541043454385631 0.079075811008522581 0.036409384591922243 0.056188851681689994 0.015254225472658662 0.10758262005044661 0.060791291067871026 0.11728970238656528
leaf_weight=58 66 389 72 128 76 7.9999999999999991 21 83 24 359 40 173 61 64 22 49 75 7.9999999999999991 45 67 114 4.9999999999999991 14.999999999999998 28 38 179 157 55 64 27
leaf_count=58 66 389 72 128 76 8 21 83 24 359 40 173 61 64 22 49 75 8 45 67 114 5 15 28 38 179 157 55 64 27
internal_value=0.000291829 -0.00140693 -0.00262527 -0.00405995 -0.00722222 -0.0104412 -0.00266208 0.00167845 -0.0029918 0.00147147 0.000787293 0.00228618 0.000540936 6.51771e-05 0.00227891 0.000348837 -0.00329741 -0.00230337 0.00309783 0.001875 -0.000496829 -0.00302469 -0.00125 0.00166667 0.00120253 0.00331224 0.0018 0.00284946 0.00289916 0.00225275
internal_weight=2570 1155 918 734 225 136 509 1415 488 1332 724 608 684 537 147 86 464 89 184 112 473 81 64 435 316 237 250 93 119 91
internal_count=2570 1155 918 734 225 136 509 1415 488 1332 724 608 684 537 147 86 464 89 184 112 473 81 64 435 316 237 250 93 119 91
is_linear=0
shrinkage=0.05


Tree=6
num_leaves=31
num_cat=0
split_feature=3 3 5 3 3 8 2 2 8 5 8 3 3 3 8 3 8 3 3 2 3 3 3 8 3 3 3 3 5 3
split_gain=2.23389 2.33189 2.84529 1.10825 1.17914 0.735294 0.50126 0.397434 0.340352 0.214958 0.451692 0.347167 0.622998 0.254076 0.187543 0.17157 0.171196 0.293843 0.13894 0.137264 0.110742 0.102984 0.164103 0.0984194 0.254579 0.114048 0.136111 0.106804 0.0896088 0.311111
threshold=11.500000000000002 5.5000000000000009 1.0000000180025095e-35 9.5000000000000018 10.500000000000002 1.0000000180025095e-35 0.3499999999999997 1.0000000180025095e-35 1.0000000180025095e-35 1.0000000180025095e-35 1.0000000180025095e-35 17.500000000000004 13.500000000000002 22.500000000000004 1.0000000180025095e-35 8.5000000000000018 1.0000000180025095e-35 8.5000000000000018 20.500000000000004 0.55000000000000082 1.5000000000000002 15.500000000000002 13.500000000000002 1.0000000180025095e-35 16.500000000000004 18.500000000000004 21.500000000000004 13.500000000000002 1.0000000180025095e-35 4.5000000000000009
decision_type=2 2 2 2 2 2 2 2 2 2 2 2 2 2 2 2 2 2 2 2 2 2 2 2 2 2 2 2 2 2
left_child=1 20 3 6 5 -5 8 9 15 10 11 12 -2 18 19 -3 -4 -18 -13 -6 -1 22 -12 24 27 -25 -27 -11 -22 -30
right_child=7 2 16 4 14 -7 -8 -9 -10 23 21 13 -14 -15 -16 -17 17 -19 -20 -21 28 -23 -24 25 -26 26 -28 -29 29 -31
leaf_value=0.084196328421898156 -0.014701841317691278 -0.040914032237092758 0.25208765001453481 -0.044105515190095645 -0.020215027019571698 0.14931671382540343 1.047622011085813 1.1544487550294 0.082001430695778144 0.21510734408571192 0.084554421222875487 -0.00073508922887222106 0.037803033603063092 0.14000255801680597 0.14796296516350901 -0.005880734369192564 0.17185877850911468 0.0090647069751927014 -0.033079134201827155 1.1445380949971622 0.052704657313078253 0.11501992007243172 0.030978861519940649 0.061775233153522471 0.18329802316404653 -0.0063409272732654733 0.158535102299737 0.019524847130631073 -0.036521832944011921 0.11874621655235829
leaf_weight=58 89 389 72 128 76 7.9999999999999991 21 83 24 14.999999999999998 26 359 243 22 7.9999999999999991 75 45 67 114 4.9999999999999991 134 98 39 91 100 60 11.999999999999998 64 24 21
leaf_count=58 89 389 72 128 76 8 21 83 24 15 26 359 243 22 8 75 45 67 114 5 134 98 39 91 100 60 12 64 24 21
internal_value=0.000311284 -0.00132035 -0.00246187 -0.00385559 -0.00677778 -0.00970588 -0.00256385 0.00164311 -0.00288934 0.00143393 0.00106061 0.000586457 0.00183735 -0.000252525 -0.00230337 -0.00318965 0.00309783 0.001875 -0.000496829 -0.00302469 0.00310127 0.00346626 0.00192308 0.00251462 0.00332402 0.00162577 0.000138889 0.00120253 0.00248603 0.000555556
internal_weight=2570 1155 918 734 225 136 509 1415 488 1332 990 827 332 495 89 464 184 112 473 81 237 163 65 342 179 163 72 79 179 45
internal_count=2570 1155 918 734 225 136 509 1415 488 1332 990 827 332 495 89 464 184 112 473 81 237 163 65 342 179 163 72 79 179 45
is_linear=0
shrinkage=0.05


Tree=7
num_leaves=31
num_cat=0
split_feature=3 5 3 3 3 8 8 2 2 3 5 8 3 3 8 8 3 3 2 3 8 3 3 3 3 3 8 5 3 9
split_gain=2.22192 2.41776 2.49691 1.41339 1.17914 0.735294 0.545478 0.493481 0.389111 0.240058 0.307482 0.505231 0.260135 0.254076 0.2131 0.187543 0.159279 0.13894 0.137264 0.136111 0.132532 0.259864 0.122222 0.166667 0.116008 0.0859917 0.143709 0.193939 0.0665583 0.0613602
threshold=11.500000000000002 1.0000000180025095e-35 4.5000000000000009 9.5000000000000018 10.500000000000002 1.0000000180025095e-35 1.0000000180025095e-35 0.55000000000000082 1.0000000180025095e-35 17.500000000000004 1.0000000180025095e-35 1.0000000180025095e-35 16.500000000000004 22.500000000000004 1.0000000180025095e-35 1.0000000180025095e-35 18.500000000000004 20.500000000000004 0.55000000000000082 21.500000000000004 1.0000000180025095e-35 8.5000000000000018 4.5000000000000009 2.5000000000000004 8.5000000000000018 12.500000000000002 1.0000000180025095e-35 1.0000000180025095e-35 5.5000000000000009 1.6000000000000003
decision_type=2 2 2 2 2 2 2 2 2 2 2 2 2 2 2 2 2 2 2 2 2 2 2 2 2 2 2 2 2 2
left_child=1 2 -1 6 5 -5 7 24 9 12 11 13 25 17 -12 18 -16 29 -6 -18 -3 22 23 -22 28 26 27 -2 -4 -11
right_child=8 20 3 4 15 -7 -8 -9 -10 10 14 -13 -14 -15 16 -17 19 -19 -20 -21 21 -23 -24 -25 -26 -27 -28 -29 -30 -31
leaf_value=0.0984417603227212 -0.013966749251806722 0.16269450748819572 -0.00076091887632845356 -0.041900239430590874 -0.019204275668593108 0.14185087813413325 0.073401356232910317 0.9952409105315223 1.0967263172779302 0.12530166347423691 0.20476516696932132 0.099768931869569394 0.047129361458514367 0.13300243011596566 0.13968646475440338 0.14056481690533359 -0.0060238809096021979 -0.03142517749173579 1.0873111902473038 0.15060834718475016 0.053170500329218398 0.0086114716264330728 0.13526584523119778 -0.044695743382973996 -0.0055866976507329413 0.040608759714454129 0.071235987172169057 0.24405579289019019 -0.038868330625238118 -0.0026983302821815603
leaf_weight=99 55 97 54 128 76 7.9999999999999991 38 21 83 5.9999999999999991 65 70 173 22 22 7.9999999999999991 60 114 4.9999999999999991 11.999999999999998 12 67 66 12 75 341 28 10.999999999999998 389 353
leaf_count=99 55 97 54 128 76 8 38 21 83 6 65 70 173 22 22 8 60 114 5 12 12 67 66 12 75 341 28 11 389 353
internal_value=0.000350195 -0.00127706 -0.00249168 -0.00341646 -0.00677778 -0.00970588 -0.00210572 -0.00251391 0.00167845 0.00147147 0.000856354 0.000309735 0.00220395 -0.000252525 0.00279874 -0.00230337 0.0012766 -0.000496829 -0.00302469 0.000138889 0.0030315 0.00213376 0.00388889 0.000833334 -0.00281853 0.00155172 0.000212766 -0.00106061 -0.00312641 -1.39274e-05
internal_weight=2570 1155 901 802 225 136 577 539 1415 1332 724 565 608 495 159 89 94 473 81 72 254 157 90 24 518 435 94 66 443 359
internal_count=2570 1155 901 802 225 136 577 539 1415 1332 724 565 608 495 159 89 94 473 81 72 254 157 90 24 518 435 94 66 443 359
is_linear=0
shrinkage=0.05


Tree=8
num_leaves=31
num_cat=0
split_feature=5 3 3 8 2 3 3 3 8 2 3 8 3 3 3 3 3 3 3 3 3 7 3 3 7 3 3 3 2 2
split_gain=1.95682 2.49416 2.28671 1.56463 0.92908 0.825195 1.142 0.479508 0.515981 0.303811 0.263942 0.216523 0.190332 0.144354 0.122222 0.166667 0.121312 0.120295 0.116008 0.104365 0.124444 0.101995 0.110021 0.146939 0.0666278 0.0692308 0.0665583 0.0588657 0.0482143 0.0462743
threshold=1.0000000180025095e-35 12.500000000000002 4.5000000000000009 1.0000000180025095e-35 0.55000000000000082 9.5000000000000018 10.500000000000002 17.500000000000004 1.0000000180025095e-35 1.0000000180025095e-35 22.500000000000004 1.0000000180025095e-35 8.5000000000000018 16.500000000000004 4.5000000000000009 2.5000000000000004 10.500000000000002 20.500000000000004 8.5000000000000018 18.500000000000004 21.500000000000004 1.0000000180025095e-35 13.500000000000002 20.500000000000004 1.0000000180025095e-35 19.500000000000004 5.5000000000000009 17.500000000000004 6.7500000000000009 1.0000000180025095e-35
decision_type=2 2 2 2 2 2 2 2 2 2 2 2 2 2 2 2 2 2 2 2 2 2 2 2 2 2 2 2 2 2
left_child=1 2 -1 4 5 18 -7 13 9 10 17 21 14 29 15 -13 -14 -9 26 27 24 22 -2 28 -21 -26 -4 -18 -24 -3
right_child=11 7 3 -5 -6 6 -8 8 -10 -11 -12 12 16 -15 -16 -17 19 -19 -20 20 -22 -23 23 -25 25 -27 -28 -29 -30 -31
leaf_value=0.093519672306585144 0.15694987095371424 0.03780106762645094 -0.00072287293251203097 0.080122884652049295 0.94397886931883024 -0.039805227459061322 -0.013268411789216384 -0.0048434172503175055 0.10228047905485504 1.019343545555188 0.12635230861016739 0.050511975312757487 -0.0047691066625385366 0.044772893385588652 0.12850255296963789 -0.042460956213825313 0.055393891896668407 -0.029853918617149013 -0.0053073627681963003 -0.098795753256708779 0.14307792982551265 0.174526904108398 0.016518166788376809 0.18852690799500668 0.0012773121524011666 0.077277313523308092 -0.036924914093976205 0.13370214057791005 1.4402735167333265 1.112204833349471
leaf_weight=99 84 245 54 68 30 126 131 359 76 28 22 12 50 122 66 12 88 114 75 10.999999999999998 11.999999999999998 111 64 28 32 20 389 23 5.9999999999999991 12.999999999999998
leaf_count=99 84 245 54 68 30 126 131 359 76 28 22 12 50 122 66 12 88 114 75 11 12 111 64 28 32 20 389 23 6 13
internal_value=0.00036965 -0.000407483 -0.00220165 -0.00301833 -0.00363354 -0.00396774 -0.00628405 0.00137385 0.000492488 -6.69214e-05 -0.000353535 0.00281906 0.00193252 0.00276316 0.00388889 0.000833334 0.00118644 -0.000602537 -0.00281853 0.00177419 0.000333334 0.00380546 0.00307692 0.00193878 -0.000555555 0.000192308 -0.00312641 0.00274775 0.000714286 0.00209302
internal_weight=2570 1951 972 873 805 775 257 979 599 523 495 619 326 380 90 24 236 473 518 186 75 293 182 98 63 52 443 111 70 258
internal_count=2570 1951 972 873 805 775 257 979 599 523 495 619 326 380 90 24 236 473 518 186 75 293 182 98 63 52 443 111 70 258
is_linear=0
shrinkage=0.05


Tree=9
num_leaves=31
num_cat=0
split_feature=5 3 3 8 2 3 3 3 8 2 3 8 3 3 3 3 3 3 3 3 3 7 3 3 7 3 3 3 2 2
split_gain=1.92586 2.42291 2.25416 1.54012 0.91576 0.871803 1.142 0.479508 0.515981 0.303811 0.263942 0.216523 0.190332 0.144354 0.122222 0.166667 0.121312 0.120295 0.104365 0.124444 0.10402 0.101995 0.110021 0.146939 0.0666278 0.0692308 0.0588657 0.0577379 0.0482143 0.0462743
threshold=1.0000000180025095e-35 12.500000000000002 4.5000000000000009 1.0000000180025095e-35 0.55000000000000082 9.5000000000000018 10.500000000000002 17.500000000000004 1.0000000180025095e-35 1.0000000180025095e-35 22.500000000000004 1.0000000180025095e-35 8.5000000000000018 16.500000000000004 4.5000000000000009 2.5000000000000004 10.500000000000002 20.500000000000004 18.500000000000004 21.500000000000004 8.5000000000000018 1.0000000180025095e-35 13.500000000000002 20.500000000000004 1.0000000180025095e-35 19.500000000000004 17.500000000000004 5.5000000000000009 6.7500000000000009 1.0000000180025095e-35
decision_type=2 2 2 2 2 2 2 2 2 2 2 2 2 2 2 2 2 2 2 2 2 2 2 2 2 2 2 2 2 2
left_child=1 2 -1 4 5 20 -7 13 9 10 17 21 14 29 15 -13 -14 -9 26 24 27 22 -2 28 -20 -26 -18 -4 -24 -3
right_child=11 7 3 -5 -6 6 -8 8 -10 -11 -12 12 16 -15 -16 -17 18 -19 19 -21 -22 -23 23 -25 25 -27 -28 -29 -30 -31
leaf_value=0.08884368869125589 0.1491023774060285 0.035911014245128388 -0.00068672928588642268 0.076116740419446827 0.89677992585288857 -0.037814966086108265 -0.012604991199755555 -0.0046012463878016274 0.097166455102112304 0.96837636827742868 0.12003469317965901 0.047986376547119618 -0.004530651329411617 0.042534248716309224 0.12207742532115598 -0.040337908403134053 0.052624197301834978 -0.028361222686291557 -0.093855965593873325 0.13592403333423703 -0.0050419946297864948 0.1658005589029781 0.015692258448957965 0.17910056259525634 0.001213446544781105 0.073413447847142682 0.12701703354901456 -0.035078668389277402 1.3682598408966602 1.0565945916819974
leaf_weight=99 84 245 54 68 30 126 131 359 76 28 22 12 50 122 66 12 88 114 10.999999999999998 11.999999999999998 75 111 64 28 32 20 23 389 5.9999999999999991 12.999999999999998
leaf_count=99 84 245 54 68 30 126 131 359 76 28 22 12 50 122 66 12 88 114 11 12 75 111 64 28 32 20 23 389 6 13
internal_value=0.000389105 -0.000381855 -0.00215021 -0.00296105 -0.00357143 -0.00390323 -0.00628405 0.00137385 0.000492488 -6.69214e-05 -0.000353535 0.00281906 0.00193252 0.00276316 0.00388889 0.000833334 0.00118644 -0.000602537 0.00177419 0.000333334 -0.00272201 0.00380546 0.00307692 0.00193878 -0.000555555 0.000192308 0.00274775 -0.00301354 0.000714286 0.00209302
internal_weight=2570 1951 972 873 805 775 257 979 599 523 495 619 326 380 90 24 236 473 186 75 518 293 182 98 63 52 111 443 70 258
internal_count=2570 1951 972 873 805 775 257 979 599 523 495 619 326 380 90 24 236 473 186 75 518 293 182 98 63 52 111 443 70 258
is_linear=0
shrinkage=0.05


Tree=10
num_leaves=31
num_cat=0
split_feature=5 3 3 8 2 3 3 3 8 2 8 3 3 3 3 3 3 3 3 3 3 3 3 3 7 3 3 2 3 8
split_gain=1.77026 2.01801 1.82826 1.42046 0.850603 0.823764 1.41847 0.459406 0.5386 0.315383 0.178865 0.190332 0.172403 0.122222 0.166667 0.121312 0.104365 0.124444 0.0932347 0.120295 0.0719773 0.0685655 0.183816 0.0797993 0.0666278 0.0692308 0.0588657 0.0526499 0.0683371 0.103138
threshold=1.0000000180025095e-35 12.500000000000002 4.5000000000000009 1.0000000180025095e-35 0.55000000000000082 9.5000000000000018 10.500000000000002 17.500000000000004 1.0000000180025095e-35 1.0000000180025095e-35 1.0000000180025095e-35 8.5000000000000018 16.500000000000004 4.5000000000000009 2.5000000000000004 10.500000000000002 18.500000000000004 21.500000000000004 22.500000000000004 20.500000000000004 8.5000000000000018 17.500000000000004 13.500000000000002 16.500000000000004 1.0000000180025095e-35 19.500000000000004 17.500000000000004 1.0000000180025095e-35 15.500000000000002 1.0000000180025095e-35
decision_type=2 2 2 2 2 2 2 2 2 2 2 2 2 2 2 2 2 2 2 2 2 2 2 2 2 2 2 2 2 2
left_child=1 2 -1 4 5 20 -7 12 9 18 21 13 27 14 -12 -13 26 24 19 -9 -4 22 -2 -24 -18 -26 -17 28 -3 -30
right_child=10 7 3 -5 -6 6 -8 8 -10 -11 11 15 -14 -15 -16 16 17 -19 -20 -21 -22 -23 23 -25 25 -27 -28 -29 29 -31
leaf_value=0.0844015042566931 0.15494997540946948 0.068185477868840091 -0.031640074622685997 0.072310903398474485 0.85194092956024425 -0.035924217781802839 -0.011974741639767772 -0.0043711840684115379 0.092308132347006702 0.91995754986355716 0.045587057719763638 -0.0043041187629410341 0.040407536280493761 0.11597355405509818 -0.038321012982977347 0.049992987436743214 -0.08916316731417967 0.12912783166752517 0.11403295852067603 -0.026943161551976982 -0.0047898948982971756 0.17737403557273865 0.020907647046428536 0.13157181697981821 0.0011527742175420519 0.069742775454785536 0.12066618187156382 1.0037648620978976 0.0028927175010451168 0.18545259458828436
leaf_weight=99 117 167 443 68 30 126 131 359 76 28 12 50 122 66 12 88 10.999999999999998 11.999999999999998 22 114 75 70 70 36 32 20 23 12.999999999999998 67 10.999999999999998
leaf_count=99 117 167 443 68 30 126 131 359 76 28 12 50 122 66 12 88 11 12 22 114 75 70 70 36 32 20 23 13 67 11
internal_value=0.00040856 -0.000330599 -0.00194444 -0.00267468 -0.00326087 -0.00358064 -0.00589494 0.00127171 0.000409015 -0.000162524 0.00273829 0.00193252 0.00263158 0.00388889 0.000833334 0.00118644 0.00177419 0.000333334 -0.000454545 -0.000602537 -0.00243243 0.00363481 0.00320628 0.00169811 -0.000555555 0.000192308 0.00274775 0.00189922 0.00173469 0.000512821
internal_weight=2570 1951 972 873 805 775 257 979 599 523 619 326 380 90 24 236 186 75 495 473 518 293 223 106 63 52 111 258 245 78
internal_count=2570 1951 972 873 805 775 257 979 599 523 619 326 380 90 24 236 186 75 495 473 518 293 223 106 63 52 111 258 245 78
is_linear=0
shrinkage=0.05


Tree=11
num_leaves=31
num_cat=0
split_feature=5 8 3 3 2 3 3 3 2 8 3 3 3 3 3 3 3 3 3 3 3 3 3 3 3 3 7 3 2 2
split_gain=1.62121 1.86903 1.72997 1.73489 0.810142 0.659483 1.27101 0.522474 0.315383 0.212548 0.221345 0.194223 0.139479 0.122222 0.166667 0.113049 0.19043 0.0989411 0.0932347 0.120295 0.0852079 0.0690555 0.124444 0.0685655 0.183816 0.0797993 0.0666278 0.0692308 0.0601104 0.0482143
threshold=1.0000000180025095e-35 1.0000000180025095e-35 12.500000000000002 5.5000000000000009 0.55000000000000082 9.5000000000000018 10.500000000000002 17.500000000000004 1.0000000180025095e-35 1.0000000180025095e-35 8.5000000000000018 4.5000000000000009 13.500000000000002 4.5000000000000009 2.5000000000000004 15.500000000000002 16.500000000000004 10.500000000000002 22.500000000000004 20.500000000000004 8.5000000000000018 18.500000000000004 21.500000000000004 17.500000000000004 13.500000000000002 16.500000000000004 1.0000000180025095e-35 19.500000000000004 1.5999999999999999 6.7500000000000009
decision_type=2 2 2 2 2 2 2 2 2 2 2 2 2 2 2 2 2 2 2 2 2 2 2 2 2 2 2 2 2 2
left_child=1 2 3 11 5 20 -7 12 18 23 13 -1 -4 14 -11 -14 28 -12 19 -9 -5 -19 26 24 -2 29 -23 -28 -17 -26
right_child=9 -3 7 4 -6 6 -8 8 -10 10 17 -13 15 -15 -16 16 -18 21 -20 -21 -22 22 -24 -25 25 -27 27 -29 -30 -31
leaf_value=0.11679284902943035 0.14720247663899597 0.068325886968373495 0.021198691380961199 -0.031742731238679232 0.80634389066692302 -0.034128006892712691 -0.011376004557779386 -0.0041526248649909614 0.8739596723703793 0.043307704833775468 -0.004088912824793978 0.00092961090954220011 0.12518802591007852 0.11017487635234327 -0.036404962333828485 0.0027480816259928711 0.038387159466469069 0.058363955050012295 0.10833131059464224 -0.02559600347437814 -0.0045504001533823056 -0.084705008948470689 0.12267144008414893 0.16850533379410171 0.013862263174188639 0.12499322613082731 0.0010951355066649571 0.066255636682046259 1.028536590828764 1.2988014664995058
leaf_weight=80 117 247 37 389 28 126 131 359 28 12 50 56 83 66 12 67 103 111 22 114 75 10.999999999999998 11.999999999999998 70 64 36 32 20 5.9999999999999991 5.9999999999999991
leaf_count=80 117 247 37 389 28 126 131 359 28 12 50 56 83 66 12 67 103 111 22 114 75 11 12 70 64 36 32 20 6 6
internal_value=0.000428016 -0.000279344 -0.000868544 -0.00240113 -0.00334446 -0.00366852 -0.00570039 0.000787546 -0.000162524 0.00265751 0.00177914 0.00279412 0.00246622 0.00388889 0.000833334 0.00287645 0.00215909 0.000974576 -0.000454545 -0.000602537 -0.0025431 0.00150538 0.000333334 0.00363481 0.00320628 0.00169811 -0.000555555 0.000192308 0.00020548 0.000714286
internal_weight=2570 1951 1704 885 749 721 257 819 523 619 326 136 296 90 24 259 176 236 495 473 464 186 75 293 223 106 63 52 73 70
internal_count=2570 1951 1704 885 749 721 257 819 523 619 326 136 296 90 24 259 176 236 495 473 464 186 75 293 223 106 63 52 73 70
is_linear=0
shrinkage=0.05


Tree=12
num_leaves=31
num_cat=0
split_feature=5 8 3 3 2 3 3 3 2 8 3 3 3 3 3 3 3 3 3 3 3 3 3 3 3 3 7 3 3 3
split_gain=1.6783 1.73259 1.66436 1.73489 0.810142 0.659483 1.27101 0.457485 0.315383 0.212548 0.221345 0.194223 0.123552 0.122222 0.166667 0.110682 0.137526 0.0989411 0.0932347 0.120295 0.0852079 0.0690555 0.124444 0.0685655 0.183816 0.0797993 0.0666278 0.0692308 0.0565174 0.202395
threshold=1.0000000180025095e-35 1.0000000180025095e-35 12.500000000000002 5.5000000000000009 0.55000000000000082 9.5000000000000018 10.500000000000002 17.500000000000004 1.0000000180025095e-35 1.0000000180025095e-35 8.5000000000000018 4.5000000000000009 13.500000000000002 4.5000000000000009 2.5000000000000004 14.500000000000002 16.500000000000004 10.500000000000002 22.500000000000004 20.500000000000004 8.5000000000000018 18.500000000000004 21.500000000000004 17.500000000000004 13.500000000000002 16.500000000000004 1.0000000180025095e-35 19.500000000000004 13.500000000000002 15.500000000000002
decision_type=2 2 2 2 2 2 2 2 2 2 2 2 2 2 2 2 2 2 2 2 2 2 2 2 2 2 2 2 2 2
left_child=1 2 3 11 5 20 -7 12 18 23 13 -1 -4 14 -11 -14 -17 -12 19 -9 -5 -19 26 24 -2 -26 -23 -28 -3 -30
right_child=9 28 7 4 -6 6 -8 8 -10 10 17 -13 15 -15 -16 16 -18 21 -20 -21 -22 22 -24 -25 25 -27 27 -29 29 -31
leaf_value=0.11095320657795882 0.13984235280704618 0.062497702054737675 0.020138756811913128 -0.030155594676745268 0.76602669613357699 -0.032421606548077055 -0.01080720432989042 -0.0039449936217414222 0.83026168875186035 0.041142319592086696 -0.0038844671835542854 0.00088313036406508785 0.081928617923953811 0.10466613253472611 -0.034584714217137068 0.0056106797947670598 0.036467801493145616 0.05544575729751168 0.10291474506491012 -0.024316203300659225 -0.0043228801457131814 -0.080469758501047151 0.11653786807994147 0.16008006710439662 0.019169151535397666 0.11874356482428593 0.0010403787313317148 0.062942854847943958 0.016888308122781259 0.092776422954631343
leaf_weight=80 117 100 37 389 28 126 131 359 28 12 50 56 43 66 12 113 103 111 22 114 75 10.999999999999998 11.999999999999998 70 70 36 32 20 39 108
leaf_count=80 117 100 37 389 28 126 131 359 28 12 50 56 43 66 12 113 103 111 22 114 75 11 12 70 70 36 32 20 39 108
internal_value=0.000389105 -0.000330599 -0.000897887 -0.00240113 -0.00334446 -0.00366852 -0.00570039 0.000726496 -0.000162524 0.00265751 0.00177914 0.00279412 0.0022973 0.00388889 0.000833334 0.0026834 0.00222222 0.000974576 -0.000454545 -0.000602537 -0.0025431 0.00150538 0.000333334 0.00363481 0.00320628 0.00169811 -0.000555555 0.000192308 0.003583 0.00295918
internal_weight=2570 1951 1704 885 749 721 257 819 523 619 326 136 296 90 24 259 216 236 495 473 464 186 75 293 223 106 63 52 247 147
internal_count=2570 1951 1704 885 749 721 257 819 523 619 326 136 296 90 24 259 216 236 495 473 464 186 75 293 223 106 63 52 247 147
is_linear=0
shrinkage=0.05


Tree=13
num_leaves=31
num_cat=0
split_feature=5 8 3 3 2 3 3 3 2 8 3 3 3 3 3 3 3 3 3 3 3 3 3 3 3 3 3 3 3 3
split_gain=1.58879 1.73259 1.54161 1.46318 0.784424 0.752589 1.27101 0.39681 0.315383 0.249135 0.254697 0.160982 0.122222 0.166667 0.108591 0.129898 0.103448 0.0932347 0.120295 0.090799 0.0990488 0.0897466 0.0823088 0.0685655 0.183816 0.0797993 0.058223 0.077459 0.0565174 0.202395
threshold=1.0000000180025095e-35 1.0000000180025095e-35 12.500000000000002 5.5000000000000009 0.55000000000000082 9.5000000000000018 10.500000000000002 17.500000000000004 1.0000000180025095e-35 1.0000000180025095e-35 8.5000000000000018 2.5000000000000004 4.5000000000000009 2.5000000000000004 13.500000000000002 14.500000000000002 6.5000000000000009 22.500000000000004 20.500000000000004 21.500000000000004 20.500000000000004 16.500000000000004 10.500000000000002 17.500000000000004 13.500000000000002 16.500000000000004 16.500000000000004 13.500000000000002 13.500000000000002 15.500000000000002
decision_type=2 2 2 2 2 2 2 2 2 2 2 2 2 2 2 2 2 2 2 2 2 2 2 2 2 2 2 2 2 2
left_child=1 2 3 11 5 16 -7 14 17 23 12 -1 13 -11 -4 -16 -5 18 -9 20 22 -17 -12 24 -2 -26 27 -24 -3 -30
right_child=9 28 7 4 -6 6 -8 8 -10 10 19 -13 -14 -15 15 21 -18 -19 -20 -21 -22 -23 26 -25 25 -27 -28 -29 29 -31
leaf_value=0.06940287331931537 0.13285023516669386 0.0593728169520008 0.019131818971317483 -0.030147817334544857 0.72772536132689813 -0.030800526220673197 -0.010266844113395891 -0.0037477439406543469 0.7887486043142673 0.039085203612482355 -0.0036902438243765715 0.0052635582237660098 0.099432825907989797 -0.032855478506280213 0.077832187027756128 0.0053301458050287083 -0.020724510451298951 0.097769007811664602 -0.023100393135626264 0.11071097467594437 -0.07644627057599479 0.034644411418488334 0.065938074238148681 0.15207606374917682 0.018210693958627778 0.11280638658307161 0.0079356887024297617 0.11471497428549732 0.016043892716642194 0.088137601806899765
leaf_weight=42 117 100 37 116 28 126 131 359 28 12 50 94 66 12 43 113 348 22 114 11.999999999999998 10.999999999999998 103 40 70 70 36 102 21 39 108
leaf_count=42 117 100 37 116 28 126 131 359 28 12 50 94 66 12 43 113 348 22 114 12 11 103 40 70 70 36 102 21 39 108
internal_value=0.00036965 -0.000330599 -0.000897887 -0.00234463 -0.00321095 -0.00352982 -0.00570039 0.000665446 -0.000162524 0.00257674 0.00162577 0.00242647 0.00388889 0.000833334 0.00212838 0.00249035 -0.00232759 -0.000454545 -0.000602537 0.000762712 0.000535714 0.00199074 0.000774648 0.00363481 0.00320628 0.00169811 0.00131902 0.00254098 0.003583 0.00295918
internal_weight=2570 1951 1704 885 749 721 257 819 523 619 326 136 90 24 296 259 464 495 473 236 224 216 213 293 223 106 163 61 247 147
internal_count=2570 1951 1704 885 749 721 257 819 523 619 326 136 90 24 296 259 464 495 473 236 224 216 213 293 223 106 163 61 247 147
is_linear=0
shrinkage=0.05


Tree=14
num_leaves=31
num_cat=0
split_feature=5 8 3 3 2 3 3 3 2 8 3 3 3 3 3 3 3 3 3 3 3 3 3 3 3 3 3 3 2 3
split_gain=1.58879 1.55799 1.48428 1.42873 0.771721 0.66827 1.13164 0.39681 0.315383 0.249135 0.254697 0.160982 0.122222 0.166667 0.108591 0.129898 0.103448 0.0932347 0.120295 0.090799 0.0990488 0.0897466 0.0823088 0.0685655 0.183816 0.0797993 0.058223 0.077459 0.0546144 0.0651779
threshold=1.0000000180025095e-35 1.0000000180025095e-35 12.500000000000002 5.5000000000000009 0.55000000000000082 9.5000000000000018 10.500000000000002 17.500000000000004 1.0000000180025095e-35 1.0000000180025095e-35 8.5000000000000018 2.5000000000000004 4.5000000000000009 2.5000000000000004 13.500000000000002 14.500000000000002 6.5000000000000009 22.500000000000004 20.500000000000004 21.500000000000004 20.500000000000004 16.500000000000004 10.500000000000002 17.500000000000004 13.500000000000002 16.500000000000004 16.500000000000004 13.500000000000002 1.5999999999999999 15.500000000000002
decision_type=2 2 2 2 2 2 2 2 2 2 2 2 2 2 2 2 2 2 2 2 2 2 2 2 2 2 2 2 2 2
left_child=1 2 3 11 5 16 -7 14 17 23 12 -1 13 -11 -4 -16 -5 18 -9 20 22 28 -12 24 -2 -26 27 -24 29 -17
right_child=9 -3 7 4 -6 6 -8 8 -10 10 19 -13 -14 -15 15 21 -18 -19 -20 -21 -22 -23 26 -25 25 -27 -28 -29 -30 -31
leaf_value=0.065932729653349606 0.12620772340835917 0.058816066669617896 0.018175228022751601 -0.028640426467817615 0.69133909326055321 -0.02926049990963954 -0.0097535019077261038 -0.0035603567436216402 0.74931117409855386 0.037130943431858236 -0.0035057316331577495 0.0050003803125777038 0.094461184612590288 -0.031212704580966213 0.073940577676368302 0.2439980013796427 -0.019688284928734003 0.092880557421081367 -0.021945373478844954 0.10517542594214715 -0.072623957047195042 0.032912190847563916 0.062641170526241255 0.14447226056171797 0.017300159260696391 0.10716606725391804 0.0075389042673082831 0.10897922557122244 1.0195627130186913 0.0020636362647034278
leaf_weight=42 117 247 37 116 28 126 131 359 28 12 50 94 66 12 43 38 348 22 114 11.999999999999998 10.999999999999998 103 40 70 70 36 102 21 7.9999999999999991 67
leaf_count=42 117 247 37 116 28 126 131 359 28 12 50 94 66 12 43 38 348 22 114 12 11 103 40 70 70 36 102 21 8 67
internal_value=0.00036965 -0.000330599 -0.000868544 -0.00228814 -0.00314419 -0.00346047 -0.00550584 0.000665446 -0.000162524 0.00257674 0.00162577 0.00242647 0.00388889 0.000833334 0.00212838 0.00249035 -0.00232759 -0.000454545 -0.000602537 0.000762712 0.000535714 0.00199074 0.000774648 0.00363481 0.00320628 0.00169811 0.00131902 0.00254098 0.0010177 0.000714286
internal_weight=2570 1951 1704 885 749 721 257 819 523 619 326 136 90 24 296 259 464 495 473 236 224 216 213 293 223 106 163 61 113 105
internal_count=2570 1951 1704 885 749 721 257 819 523 619 326 136 90 24 296 259 464 495 473 236 224 216 213 293 223 106 163 61 113 105
is_linear=0
shrinkage=0.05


Tree=15
num_leaves=31
num_cat=0
split_feature=5 8 3 3 3 3 3 2 2 8 3 2 3 3 3 3 3 3 3 3 3 3 3 3 3 3 3 3 3 3
split_gain=1.45182 1.45226 1.21394 1.50439 1.22385 0.712856 0.39681 0.347791 0.315383 0.249135 0.254697 0.139783 0.122222 0.166667 0.108591 0.129898 0.0932347 0.120295 0.090799 0.0990488 0.0902013 0.0897466 0.0823088 0.0758036 0.0685655 0.183816 0.0797993 0.058223 0.077459 0.0552632
threshold=1.0000000180025095e-35 1.0000000180025095e-35 12.500000000000002 9.5000000000000018 10.500000000000002 4.5000000000000009 17.500000000000004 0.55000000000000082 1.0000000180025095e-35 1.0000000180025095e-35 8.5000000000000018 0.55000000000000082 4.5000000000000009 2.5000000000000004 13.500000000000002 14.500000000000002 22.500000000000004 20.500000000000004 21.500000000000004 20.500000000000004 5.5000000000000009 16.500000000000004 10.500000000000002 8.5000000000000018 17.500000000000004 13.500000000000002 16.500000000000004 16.500000000000004 13.500000000000002 2.5000000000000004
decision_type=2 2 2 2 2 2 2 2 2 2 2 2 2 2 2 2 2 2 2 2 2 2 2 2 2 2 2 2 2 2
left_child=1 2 3 5 -5 29 14 20 16 24 12 -6 13 -11 -4 -16 17 -8 19 22 -7 -17 -12 -22 25 -2 -27 28 -24 -1
right_child=9 -3 6 4 11 7 8 -9 -10 10 18 -13 -14 -15 15 21 -18 -19 -20 -21 23 -23 27 -25 -26 26 -28 -29 -30 -31
leaf_value=0.062636093170682125 0.11989733723794123 0.055875263336137009 0.017266466621614018 -0.027797474914157561 -0.0092658268123398061 0.00032577691904462914 -0.0033823389064405632 0.66127212669895052 0.71184561539362612 0.035274396260265316 -0.0033304450514998643 0.80645933884274579 0.089738125381960784 -0.029652069351917911 0.07024354879254989 0.0049604567015421042 0.088236529550027323 -0.020848104804902713 0.099916654645039793 -0.068992759194835301 -0.025708402752789874 0.031266581305185719 0.059509111999929191 -0.0020860963694258718 0.13724864753363206 0.016435151297661578 0.10180776389122213 0.0071619590539428631 0.10353026429266132 0.1585037589115057
leaf_weight=42 117 247 37 128 131 54 359 21 28 12 50 6.9999999999999991 66 12 43 113 22 114 11.999999999999998 10.999999999999998 389 103 40 75 70 70 36 102 21 38
leaf_count=42 117 247 37 128 131 54 359 21 28 12 50 7 66 12 43 113 22 114 12 11 389 103 40 75 70 70 36 102 21 38
internal_value=0.000466926 -0.00020246 -0.000721831 -0.00200565 -0.00515038 -0.000654281 0.000665446 -0.00130798 -0.000162524 0.00257674 0.00162577 -0.00188406 0.00388889 0.000833334 0.00212838 0.00249035 -0.000454545 -0.000602537 0.000762712 0.000535714 -0.00156371 0.00199074 0.000774648 -0.00178879 0.00363481 0.00320628 0.00169811 0.00131902 0.00254098 0.00375
internal_weight=2570 1951 1704 885 266 619 819 539 523 619 326 138 90 24 296 259 495 473 236 224 518 216 213 464 293 223 106 163 61 80
internal_count=2570 1951 1704 885 266 619 819 539 523 619 326 138 90 24 296 259 495 473 236 224 518 216 213 464 293 223 106 163 61 80
is_linear=0
shrinkage=0.05


Tree=16
num_leaves=31
num_cat=0
split_feature=5 8 2 3 3 3 3 3 8 3 3 3 3 3 3 3 3 3 3 3 3 3 3 3 3 3 2 3 3 3
split_gain=1.5609 1.53655 1.15985 1.05414 1.47208 1.13164 0.606061 0.257831 0.249135 0.254697 0.206927 0.124542 0.122222 0.166667 0.090799 0.0990488 0.0823088 0.0792707 0.166069 0.0758036 0.0685655 0.183816 0.0797993 0.058223 0.077459 0.0558804 0.0482143 0.0481481 0.041453 0.0928571
threshold=1.0000000180025095e-35 1.0000000180025095e-35 1.0000000180025095e-35 12.500000000000002 9.5000000000000018 10.500000000000002 3.5000000000000004 15.500000000000002 1.0000000180025095e-35 8.5000000000000018 13.500000000000002 5.5000000000000009 4.5000000000000009 2.5000000000000004 21.500000000000004 20.500000000000004 10.500000000000002 20.500000000000004 22.500000000000004 8.5000000000000018 17.500000000000004 13.500000000000002 16.500000000000004 16.500000000000004 13.500000000000002 14.500000000000002 6.7500000000000009 2.5000000000000004 2.5000000000000004 1.5000000000000002
decision_type=2 2 2 2 2 2 2 2 2 2 2 2 2 2 2 2 2 2 2 2 2 2 2 2 2 2 2 2 2 2
left_child=1 2 3 4 6 -6 27 10 20 12 -5 -8 13 -10 15 16 -11 -9 -19 -13 21 28 26 24 -18 -12 -23 -1 29 -2
right_child=8 -3 -4 7 5 -7 11 17 9 14 25 19 -14 -15 -16 -17 23 18 -20 -21 -22 22 -24 -25 -26 -27 -28 -29 -30 -31
leaf_value=0.052004288102365862 0.085185663247793864 0.053081500169330158 0.6782085205183549 0.0014031430670158997 -0.026407601168449681 -0.0088025354717228051 0.0003094880730923899 0.00371243398567509 0.033510676447252051 -0.0031639227989248789 0.066731371352922397 -0.024422982615150381 0.085251219112862764 -0.028169465884322009 0.094920821912787806 -0.065543121235093524 0.056533656399932734 -0.019805699564657577 0.083824703072525972 -0.0019817915509545703 0.13038621515695045 0.0096133922128600405 0.096717375696661015 0.006803861101245718 0.098353751078028268 0.23155007847558348 1.2303056353719113 0.18557856493096017 0.15337979162742754 -0.014223467412497293
leaf_weight=39 13.000000000000002 247 81 34 126 131 76 521 12 50 43 389 66 12 11.999999999999998 10.999999999999998 40 114 22 75 70 64 36 102 21 38 5.9999999999999991 14.999999999999998 97 6.9999999999999991
leaf_count=39 13 247 81 34 126 131 76 521 12 50 43 389 66 12 12 11 40 114 22 75 70 64 36 102 21 38 6 15 97 7
internal_value=0.000389105 -0.000304972 -0.000839202 -0.00113062 -0.0023443 -0.00550584 -0.000976431 0.000207254 0.00257674 0.00162577 0.0023913 -0.00148148 0.00388889 0.000833334 0.000762712 0.000535714 0.000774648 -0.000175038 -0.00125 -0.00178879 0.00363481 0.00320628 0.00169811 0.00131902 0.00254098 0.00376543 0.000714286 0.00407407 0.00457265 0.0025
internal_weight=2570 1951 1704 1623 851 257 594 772 619 326 115 540 90 24 236 224 213 657 136 464 293 223 106 163 61 81 70 54 117 20
internal_count=2570 1951 1704 1623 851 257 594 772 619 326 115 540 90 24 236 224 213 657 136 464 293 223 106 163 61 81 70 54 117 20
is_linear=0
shrinkage=0.05


Tree=17
num_leaves=31
num_cat=0
split_feature=5 8 2 3 3 3 3 8 3 3 3 3 3 3 3 3 3 3 3 3 3 3 3 3 3 2 3 3 3 2
split_gain=1.39478 1.47311 1.12515 0.913529 1.6408 1.13164 0.54702 0.288625 0.257831 0.206927 0.172216 0.130386 0.090799 0.0990488 0.0823088 0.0818182 0.166667 0.0792707 0.166069 0.0685655 0.183816 0.0797993 0.058223 0.077459 0.0558804 0.0482143 0.0458695 0.041453 0.0928571 0.0409339
threshold=1.0000000180025095e-35 1.0000000180025095e-35 1.0000000180025095e-35 12.500000000000002 9.5000000000000018 10.500000000000002 2.5000000000000004 1.0000000180025095e-35 15.500000000000002 13.500000000000002 8.5000000000000018 5.5000000000000009 21.500000000000004 20.500000000000004 10.500000000000002 4.5000000000000009 2.5000000000000004 20.500000000000004 22.500000000000004 17.500000000000004 13.500000000000002 16.500000000000004 16.500000000000004 13.500000000000002 14.500000000000002 6.7500000000000009 8.5000000000000018 2.5000000000000004 1.5000000000000002 5.150000000000003
decision_type=2 2 2 2 2 2 2 2 2 2 2 2 2 2 2 2 2 2 2 2 2 2 2 2 2 2 2 2 2 2
left_child=1 2 3 4 6 -6 -1 19 9 -5 15 -8 13 14 -12 16 -9 -10 -19 20 27 25 23 -16 -11 -22 -13 28 -2 -24
right_child=7 -3 -4 8 5 -7 11 10 17 24 12 26 -14 -15 22 -17 -18 18 -20 -21 21 -23 29 -25 -26 -27 -28 -29 -30 -31
leaf_value=0.049404073697247558 0.08092638008540419 0.05042742516086364 0.64429809449243725 0.0013329859136651081 -0.025087221110027192 -0.00836240869813667 0.00029401433998939021 0.03183514262488945 0.0035268122863913345 0.063394802785276275 -0.0030057266589786249 -0.023201833484392864 0.090174780817148414 -0.062265965173338857 0.053706973579936104 0.080988658157219631 -0.026760992590105916 -0.018815414586424696 0.07963346791889965 0.12386690439910293 0.0091327226022170482 0.091881506911827948 0.0062014436733878854 0.093436063524126867 0.2199725745518043 1.1687903536033157 -0.001882701973406853 0.14571080204605616 -0.01351229404187242 1.3177071369172468
leaf_weight=39 13.000000000000002 247 81 34 126 131 91 12 521 43 50 389 11.999999999999998 10.999999999999998 40 66 12 114 22 70 64 36 97 21 38 5.9999999999999991 75 97 6.9999999999999991 4.9999999999999991
leaf_count=39 13 247 81 34 126 131 91 12 521 43 50 389 12 11 40 66 12 114 22 70 64 36 97 21 38 6 75 97 7 5
internal_value=0.000428016 -0.000228088 -0.000751174 -0.0010382 -0.00216804 -0.00550584 -0.000723906 0.00249596 0.000207254 0.0023913 0.00147239 -0.00112613 0.000762712 0.000535714 0.000774648 0.00333333 0.000833334 -0.000175038 -0.00125 0.00363481 0.00320628 0.00169811 0.00131902 0.00254098 0.00376543 0.000714286 -0.00146552 0.00457265 0.0025 0.000588235
internal_weight=2570 1951 1704 1623 851 257 594 619 772 115 326 555 236 224 213 90 24 657 136 293 223 106 163 61 81 70 464 117 20 102
internal_count=2570 1951 1704 1623 851 257 594 619 772 115 326 555 236 224 213 90 24 657 136 293 223 106 163 61 81 70 464 117 20 102
is_linear=0
shrinkage=0.05


Tree=18
num_leaves=31
num_cat=0
split_feature=5 8 2 3 3 3 3 8 3 3 3 3 3 3 3 3 3 3 3 3 3 3 3 3 3 3 3 3 2 3
split_gain=1.31329 1.31248 1.11369 0.868894 1.51001 1.00037 0.54702 0.33102 0.257831 0.206927 0.130386 0.105822 0.212374 0.090799 0.0990488 0.0823088 0.0792707 0.166069 0.0685655 0.183816 0.0797993 0.058223 0.077459 0.0558804 0.0535795 0.0943051 0.0685056 0.061828 0.0482143 0.0458695
threshold=1.0000000180025095e-35 1.0000000180025095e-35 1.0000000180025095e-35 12.500000000000002 9.5000000000000018 10.500000000000002 2.5000000000000004 1.0000000180025095e-35 15.500000000000002 13.500000000000002 5.5000000000000009 8.5000000000000018 4.5000000000000009 21.500000000000004 20.500000000000004 10.500000000000002 20.500000000000004 22.500000000000004 17.500000000000004 13.500000000000002 16.500000000000004 16.500000000000004 13.500000000000002 14.500000000000002 11.500000000000002 15.500000000000002 13.500000000000002 18.500000000000004 6.7500000000000009 8.5000000000000018
decision_type=2 2 2 2 2 2 2 2 2 2 2 2 2 2 2 2 2 2 2 2 2 2 2 2 2 2 2 2 2 2
left_child=1 2 3 4 6 -6 -1 18 9 -5 -8 12 -9 14 15 -13 -10 -18 19 -2 28 22 -17 -11 -3 26 -26 -27 -21 -12
right_child=7 24 -4 8 5 -7 10 11 16 23 29 13 -14 -15 -16 21 17 -19 -20 20 -22 -23 -24 -25 25 27 -28 -29 -30 -31
leaf_value=0.046933870012385186 0.10239393473268661 0.046428163962158125 0.61208318976781539 0.0012663366179818559 -0.023832860054525829 -0.007944288263229838 0.0002793136229899185 0.0049934915330326849 0.0033504716720717644 0.060225062646012462 -0.022041741810173224 -0.0028554403260296901 0.076939225249358645 0.085666041776291016 -0.059152666914671914 0.05102162490093929 -0.017874643857103457 0.075651794522954674 0.11767355917914779 0.0086760864721062043 0.087287431566236556 0.0061535958625140545 0.088764260347920509 0.20897394582421411 0.048671723385588075 0.1553079663030919 0.0043316853140126458 0.037820723254871957 1.11035083592315 -0.0017885668747365192
leaf_weight=39 117 73 81 34 126 131 91 24 521 43 389 50 66 11.999999999999998 10.999999999999998 40 114 22 70 64 36 102 21 38 27 46 39 62 5.9999999999999991 75
leaf_count=39 117 73 81 34 126 131 91 24 521 43 389 50 66 12 11 40 114 22 70 64 36 102 21 38 27 46 39 62 6 75
internal_value=0.00040856 -0.000228088 -0.000721831 -0.00100739 -0.00210928 -0.00531128 -0.000723906 0.00241519 0.000207254 0.0023913 -0.00112613 0.00131902 0.00277778 0.000762712 0.000535714 0.000774648 -0.000175038 -0.00125 0.00363481 0.00320628 0.00169811 0.00131902 0.00254098 0.00376543 0.00317814 0.00270115 0.00121212 0.00361111 0.000714286 -0.00146552
internal_weight=2570 1951 1704 1623 851 257 594 619 772 115 555 326 90 236 224 213 657 136 293 223 106 163 61 81 247 174 66 108 70 464
internal_count=2570 1951 1704 1623 851 257 594 619 772 115 555 326 90 236 224 213 657 136 293 223 106 163 61 81 247 174 66 108 70 464
is_linear=0
shrinkage=0.05


Tree=19
num_leaves=31
num_cat=0
split_feature=2 5 8 3 3 3 3 8 3 3 3 3 3 3 3 3 3 3 3 3 3 3 3 3 3 3 3 3 3 3
split_gain=1.31927 1.15155 1.34248 0.820987 1.51001 1.00037 0.54702 0.31202 0.196697 0.130386 0.121445 0.199178 0.10942 0.100217 0.127914 0.102818 0.0932347 0.120295 0.0812138 0.0767733 0.142744 0.0681081 0.0678309 0.131687 0.0553895 0.0838141 0.066058 0.0641026 0.0518919 0.0458695
threshold=1.0000000180025095e-35 1.0000000180025095e-35 1.0000000180025095e-35 12.500000000000002 9.5000000000000018 10.500000000000002 2.5000000000000004 1.0000000180025095e-35 17.500000000000004 5.5000000000000009 8.5000000000000018 4.5000000000000009 21.500000000000004 17.500000000000004 13.500000000000002 15.500000000000002 22.500000000000004 20.500000000000004 20.500000000000004 13.500000000000002 16.500000000000004 7.5000000000000009 13.500000000000002 15.500000000000002 11.500000000000002 15.500000000000002 18.500000000000004 13.500000000000002 1.5000000000000002 8.5000000000000018
decision_type=2 2 2 2 2 2 2 2 2 2 2 2 2 2 2 2 2 2 2 2 2 2 2 2 2 2 2 2 2 2
left_child=1 2 3 4 6 -6 -1 13 22 -8 11 -9 18 14 21 -16 17 -10 19 -12 -21 28 -5 -24 -4 27 -27 -26 -3 -11
right_child=-2 7 24 8 5 -7 9 10 16 29 12 -13 -14 -15 15 -17 -18 -19 -20 20 -22 -23 23 -25 25 26 -28 -29 -30 -31
leaf_value=0.044587176511765941 0.66498009540986658 0.070260363368473563 0.04084569475706129 0.001203019787082771 -0.022641217051799535 -0.0075470738500683426 0.00026534794184043255 0.0047438169563810478 -0.0037427078583254559 -0.020939654719664559 -0.0016210674148117771 0.067092269172495292 0.081382739687476488 0.11110738102054821 -0.0097577182389295258 0.081923061150215082 0.071869204796806946 -0.01698091166424829 -0.056195033568938318 0.078826049215520666 0.0055836916965928077 0.10488447519971772 0.094213816204332626 0.0032820301515992219 0.045415959831022548 0.14504255841394106 0.032429684864405631 0.0041151010483120093 0.10350709707108413 -0.0016991385309996999
leaf_weight=39 144 11.999999999999998 67 34 126 131 91 24 359 389 86 59 11.999999999999998 65 35 64 22 114 10.999999999999998 20 97 63 81 162 26 41 57 39 25 75
leaf_count=39 144 12 67 34 126 131 91 24 359 389 86 59 12 65 35 64 22 114 11 20 97 63 81 162 26 41 57 39 25 75
internal_value=0.000350195 7.41964e-05 -0.00053157 -0.0010382 -0.00210928 -0.00531128 -0.000723906 0.00203316 0.000142487 -0.00112613 0.000954693 0.00259036 0.000353982 0.00329545 0.00273869 0.00146465 -0.000454545 -0.000602537 9.34581e-05 0.000320197 0.00115385 0.004 0.00120939 0.00150206 0.00304348 0.00254601 0.00346939 0.00115385 0.0022973 -0.00146552
internal_weight=2570 2426 1853 1623 851 257 594 573 772 555 309 83 226 264 199 99 495 473 214 203 117 100 277 243 230 163 98 65 37 464
internal_count=2570 2426 1853 1623 851 257 594 573 772 555 309 83 226 264 199 99 495 473 214 203 117 100 277 243 230 163 98 65 37 464
is_linear=0
shrinkage=0.05


Tree=20
num_leaves=31
num_cat=0
split_feature=2 5 8 3 3 3 3 8 3 3 3 3 3 3 3 3 3 3 3 3 3 3 3 3 3 3 3 3 3 3
split_gain=1.33034 1.07452 1.34248 0.733387 1.38464 1.12648 0.54702 0.263571 0.221304 0.130386 0.125115 0.158598 0.121445 0.199178 0.10942 0.0846123 0.0812138 0.0767733 0.142744 0.0766667 0.0678309 0.131687 0.0553895 0.0838141 0.066058 0.0641026 0.047619 0.0458695 0.0450793 0.0428571
threshold=1.0000000180025095e-35 1.0000000180025095e-35 1.0000000180025095e-35 12.500000000000002 9.5000000000000018 10.500000000000002 2.5000000000000004 1.0000000180025095e-35 17.500000000000004 5.5000000000000009 16.500000000000004 13.500000000000002 8.5000000000000018 4.5000000000000009 21.500000000000004 20.500000000000004 20.500000000000004 13.500000000000002 16.500000000000004 9.5000000000000018 13.500000000000002 15.500000000000002 11.500000000000002 15.500000000000002 18.500000000000004 13.500000000000002 1.5000000000000002 8.5000000000000018 22.500000000000004 2.5000000000000004
decision_type=2 2 2 2 2 2 2 2 2 2 2 2 2 2 2 2 2 2 2 2 2 2 2 2 2 2 2 2 2 2
left_child=1 2 3 4 6 -6 -1 10 20 -8 11 19 13 -9 16 -10 17 -14 -19 26 -5 -22 -4 25 -25 -24 -3 -11 -17 -28
right_child=-2 7 22 8 5 -7 9 12 15 27 -12 -13 14 -15 -16 28 -18 18 -20 -21 21 -23 23 24 -26 -27 29 -29 -30 -31
leaf_value=0.042357817686177635 0.63173109063937327 0.066747345200049907 0.038803410019208208 0.0011428687977286245 -0.021509156199209557 -0.0071697201575649187 0.00025208054474841203 0.0045066261085619898 -0.0035555724654091738 -0.019892671983681331 0.086194831909853026 0.0087301680604473745 -0.0015400140440711969 0.063737655713870509 0.077313602703102668 -0.016131866081035874 -0.053385281890491403 0.074884746754744616 0.0053045071117631577 0.08718408357353051 0.089503125394116007 0.0031179286440192718 0.043145161839471424 0.13779043049324402 0.030808200621185347 0.0039093459958964077 -0.023131730929967367 -0.0016141816044497048 0.068275744556966611 0.12589051178426211
leaf_weight=39 144 11.999999999999998 67 34 126 131 91 24 359 389 100 64 86 59 11.999999999999998 114 10.999999999999998 20 97 46 81 162 26 41 57 39 6.9999999999999991 75 22 35
leaf_count=39 144 12 67 34 126 131 91 24 359 389 100 64 86 59 12 114 11 20 97 46 81 162 26 41 57 39 7 75 22 35
internal_value=0.000330739 5.35863e-05 -0.00053157 -0.0010382 -0.00205053 -0.00511673 -0.000723906 0.0019459 7.77204e-05 -0.00112613 0.00310606 0.0022561 0.000954693 0.00259036 0.000353982 -0.000555555 9.34581e-05 0.000320197 0.00115385 0.0035 0.00120939 0.00150206 0.00304348 0.00254601 0.00346939 0.00115385 0.00222222 -0.00146552 -0.00161765 0.00142857
internal_weight=2570 2426 1853 1623 851 257 594 573 772 555 264 164 309 83 226 495 214 203 117 100 277 243 230 163 98 65 54 464 136 42
internal_count=2570 2426 1853 1623 851 257 594 573 772 555 264 164 309 83 226 495 214 203 117 100 277 243 230 163 98 65 54 464 136 42
is_linear=0
shrinkage=0.05


Tree=21
num_leaves=31
num_cat=0
split_feature=2 5 8 3 3 3 3 8 3 3 3 3 3 3 3 3 3 3 3 3 3 3 3 3 3 3 3 3 3 3
split_gain=1.34144 1.09806 1.20329 0.733387 1.38464 1.12648 0.54702 0.263571 0.221304 0.130386 0.125115 0.158598 0.121445 0.199178 0.10942 0.0846123 0.0812138 0.0770753 0.0767733 0.142744 0.0766667 0.0678309 0.131687 0.0509482 0.117436 0.0671243 0.0641026 0.047619 0.0458695 0.0450793
threshold=1.0000000180025095e-35 1.0000000180025095e-35 1.0000000180025095e-35 12.500000000000002 9.5000000000000018 10.500000000000002 2.5000000000000004 1.0000000180025095e-35 17.500000000000004 5.5000000000000009 16.500000000000004 13.500000000000002 8.5000000000000018 4.5000000000000009 21.500000000000004 20.500000000000004 20.500000000000004 11.500000000000002 13.500000000000002 16.500000000000004 9.5000000000000018 13.500000000000002 15.500000000000002 15.500000000000002 18.500000000000004 21.500000000000004 13.500000000000002 1.5000000000000002 8.5000000000000018 22.500000000000004
decision_type=2 2 2 2 2 2 2 2 2 2 2 2 2 2 2 2 2 2 2 2 2 2 2 2 2 2 2 2 2 2
left_child=1 2 3 4 6 -6 -1 10 21 -8 11 20 13 -9 16 -10 18 -4 -14 -20 27 -5 -23 26 -25 -26 -19 -3 -11 -17
right_child=-2 7 17 8 5 -7 9 12 15 28 -12 -13 14 -15 -16 29 -18 23 19 -21 -22 22 -24 24 25 -27 -28 -29 -30 -31
leaf_value=0.040239926801868768 0.60014453610740459 0.063409977940047393 0.036863239518247791 0.0010857253578421932 -0.020433698389249078 -0.0068112341496866739 0.00023947651751099475 0.0042812948031338898 -0.0033777938421387099 -0.018898038384497263 0.081885090314360379 0.0082936596574250121 -0.0014630133418676412 0.060550772928176989 0.073447922567947535 -0.015325272776984079 -0.050716017795966829 0.040987903747497847 0.071140509417007405 0.0050392817561750076 0.082824879394853959 0.085027969124410199 0.0029620322118183193 0.13090090896858184 0.019267789547045135 0.1412423761917585 0.0037138786961015803 0.1071263568760501 -0.0015334725242272197 0.064861957329118258
leaf_weight=39 144 11.999999999999998 67 34 126 131 91 24 359 389 100 64 86 59 11.999999999999998 114 10.999999999999998 26 20 97 46 81 162 41 46 10.999999999999998 39 42 75 22
leaf_count=39 144 12 67 34 126 131 91 24 359 389 100 64 86 59 12 114 11 26 20 97 46 81 162 41 46 11 39 42 75 22
internal_value=0.000311284 3.29763e-05 -0.000558553 -0.0010382 -0.00205053 -0.00511673 -0.000723906 0.0019459 7.77204e-05 -0.00112613 0.00310606 0.0022561 0.000954693 0.00259036 0.000353982 -0.000555555 9.34581e-05 0.00282609 0.000320197 0.00115385 0.0035 0.00120939 0.00150206 0.00223926 0.00295918 0.00149123 0.00115385 0.00222222 -0.00146552 -0.00161765
internal_weight=2570 2426 1853 1623 851 257 594 573 772 555 264 164 309 83 226 495 214 230 203 117 100 277 243 163 98 57 65 54 464 136
internal_count=2570 2426 1853 1623 851 257 594 573 772 555 264 164 309 83 226 495 214 230 203 117 100 277 243 163 98 57 65 54 464 136
is_linear=0
shrinkage=0.05


Tree=22
num_leaves=31
num_cat=0
split_feature=2 5 8 3 3 3 3 3 8 3 3 3 3 3 3 3 3 3 3 3 3 3 3 3 3 3 3 3 3 3
split_gain=1.28636 0.890441 0.948713 0.554714 1.03238 0.907396 0.499818 0.31854 0.219207 0.149707 0.128424 0.121445 0.199178 0.10942 0.108165 0.0928393 0.0926672 0.0967937 0.0812138 0.0792707 0.0767733 0.142744 0.0766667 0.0671243 0.0606782 0.047619 0.0469717 0.0438406 0.0428571 0.0416667
threshold=1.0000000180025095e-35 1.0000000180025095e-35 1.0000000180025095e-35 13.500000000000002 9.5000000000000018 10.500000000000002 2.5000000000000004 15.500000000000002 1.0000000180025095e-35 17.500000000000004 13.500000000000002 8.5000000000000018 4.5000000000000009 21.500000000000004 13.500000000000002 5.5000000000000009 16.500000000000004 18.500000000000004 20.500000000000004 20.500000000000004 13.500000000000002 16.500000000000004 9.5000000000000018 21.500000000000004 15.500000000000002 1.5000000000000002 21.500000000000004 20.500000000000004 2.5000000000000004 2.5000000000000004
decision_type=2 2 2 2 2 2 2 2 2 2 2 2 2 2 2 2 2 2 2 2 2 2 2 2 2 2 2 2 2 2
left_child=1 2 3 4 6 -6 -1 -5 9 10 22 12 29 18 -4 -8 -16 -18 20 -9 -13 -22 25 27 -12 -3 -21 -19 -27 -10
right_child=-2 8 14 7 5 -7 15 19 11 -11 24 13 -14 -15 16 -17 17 23 -20 26 21 -23 -24 -25 -26 28 -28 -29 -30 -31
leaf_value=0.038227930461775333 0.57013730930203443 0.060239479043045031 0.035370536215389374 0.08077657066818969 -0.019412013469786629 -0.0079560618724219285 0.00022750269163545058 0.0027148485380963597 0.029317124023589481 0.097148015858310136 -0.010121023712876643 -0.0013898626747742499 0.057523234281768157 0.069775526439550178 0.019710950085273654 -0.016953139117679785 0.13488686363075506 0.026304401798227552 -0.048180216906168485 -0.019559010330227767 0.067583483946157055 0.0047873176683662644 0.078683635425111254 0.13418025738217057 0.069422911981493668 -0.027331462227271522 -0.0025056506308533803 0.09830438360390939 0.11423966835124649 -0.026349204430656116
leaf_weight=39 144 11.999999999999998 93 81 126 165 91 521 12 65 35 86 59 11.999999999999998 50 464 30 40 10.999999999999998 78 20 97 46 10.999999999999998 64 6.9999999999999991 58 5.9999999999999991 35 12
leaf_count=39 144 12 93 81 126 165 91 521 12 65 35 86 59 12 50 464 30 40 11 78 20 97 46 11 64 7 58 6 35 12
internal_value=0.00040856 0.000136027 -0.000396654 -0.000822551 -0.00166667 -0.00410653 -0.00047138 0.000189702 0.00185864 0.00291667 0.00223618 0.000954693 0.00259036 0.000353982 0.0026087 -0.000855856 0.00171533 0.00270115 9.34581e-05 -0.000175038 0.000320197 0.00115385 0.0035 0.00149123 0.000959596 0.00222222 -0.00125 0.000652174 0.00142857 -0.00125
internal_weight=2570 2426 1853 1623 885 291 594 738 573 264 199 309 83 226 230 555 137 87 214 657 203 117 100 57 99 54 136 46 42 24
internal_count=2570 2426 1853 1623 885 291 594 738 573 264 199 309 83 226 230 555 137 87 214 657 203 117 100 57 99 54 136 46 42 24
is_linear=0
shrinkage=0.05


Tree=23
num_leaves=31
num_cat=0
split_feature=2 5 8 3 3 3 3 3 8 3 3 3 3 3 3 3 3 3 3 3 3 3 3 3 3 3 3 3 3 3
split_gain=1.29728 0.911876 0.965825 0.588993 0.985124 0.907396 0.325926 0.31854 0.219207 0.149707 0.128424 0.121445 0.199178 0.10942 0.108165 0.0926672 0.0967937 0.0812138 0.0792707 0.0767733 0.142744 0.0766667 0.0671243 0.0617068 0.0606782 0.047619 0.0469717 0.0438406 0.0428571 0.0416667
threshold=1.0000000180025095e-35 1.0000000180025095e-35 1.0000000180025095e-35 13.500000000000002 9.5000000000000018 10.500000000000002 3.5000000000000004 15.500000000000002 1.0000000180025095e-35 17.500000000000004 13.500000000000002 8.5000000000000018 4.5000000000000009 21.500000000000004 13.500000000000002 16.500000000000004 18.500000000000004 20.500000000000004 20.500000000000004 13.500000000000002 16.500000000000004 9.5000000000000018 21.500000000000004 5.5000000000000009 15.500000000000002 1.5000000000000002 21.500000000000004 20.500000000000004 2.5000000000000004 2.5000000000000004
decision_type=2 2 2 2 2 2 2 2 2 2 2 2 2 2 2 2 2 2 2 2 2 2 2 2 2 2 2 2 2 2
left_child=1 2 3 4 6 -6 -1 -5 9 10 21 12 29 17 -4 -16 -17 19 -9 -13 -21 25 27 -8 -12 -3 -20 -18 -27 -10
right_child=-2 8 14 7 5 -7 23 18 11 -11 24 13 -14 -15 15 16 22 -19 26 20 -22 -23 -24 -25 -26 28 -28 -29 -30 -31
leaf_value=0.054816534378270991 0.54163044383693271 0.057227505090892763 0.033602009404619902 0.076737742134780226 -0.018441412796297296 -0.007558258778800832 0.00021612688650205492 0.0025791061111915428 0.027851267822410011 0.092290615065394641 -0.009614972527232802 -0.0013203695410355315 0.054647072567679755 0.066286750117572651 0.018725402581009982 0.12814252044921731 0.02498918170831619 -0.045771206060860062 -0.018581059813716383 0.064204309748849206 0.0045479517849479571 0.074749453653855671 0.12747124451306205 -0.016105482161795793 0.065951766382418994 -0.025964889115907931 -0.0023803680993107106 0.093389164423713922 0.10852768493368414 -0.025031744209123311
leaf_weight=54 144 11.999999999999998 93 81 126 165 76 521 12 65 35 86 59 11.999999999999998 50 30 40 10.999999999999998 78 20 97 46 10.999999999999998 464 64 6.9999999999999991 58 5.9999999999999991 35 12
leaf_count=54 144 12 93 81 126 165 76 521 12 65 35 86 59 12 50 30 40 11 78 20 97 46 11 464 64 7 58 6 35 12
internal_value=0.000389105 0.000115417 -0.000423637 -0.000853358 -0.00172316 -0.00410653 -0.000555555 0.000189702 0.00185864 0.00291667 0.00223618 0.000954693 0.00259036 0.000353982 0.0026087 0.00171533 0.00270115 9.34581e-05 -0.000175038 0.000320197 0.00115385 0.0035 0.00149123 -0.000925926 0.000959596 0.00222222 -0.00125 0.000652174 0.00142857 -0.00125
internal_weight=2570 2426 1853 1623 885 291 594 738 573 264 199 309 83 226 230 137 87 214 657 203 117 100 57 540 99 54 136 46 42 24
internal_count=2570 2426 1853 1623 885 291 594 738 573 264 199 309 83 226 230 137 87 214 657 203 117 100 57 540 99 54 136 46 42 24
is_linear=0
shrinkage=0.05


Tree=24
num_leaves=31
num_cat=0
split_feature=2 5 8 3 3 3 3 3 8 3 3 3 3 3 3 3 3 3 3 3 3 3 3 3 3 3 3 3 3 3
split_gain=1.33034 0.885465 0.738471 0.588993 0.985124 0.907396 0.325926 0.31854 0.178929 0.121445 0.199178 0.10942 0.0812138 0.0792707 0.0779703 0.128424 0.0767733 0.142744 0.0766667 0.0617068 0.0606782 0.047619 0.0469717 0.0428571 0.0416667 0.0386064 0.0369069 0.0710335 0.0352011 0.0338624
threshold=1.0000000180025095e-35 1.0000000180025095e-35 1.0000000180025095e-35 13.500000000000002 9.5000000000000018 10.500000000000002 3.5000000000000004 15.500000000000002 1.0000000180025095e-35 8.5000000000000018 4.5000000000000009 21.500000000000004 20.500000000000004 20.500000000000004 17.500000000000004 13.500000000000002 13.500000000000002 16.500000000000004 9.5000000000000018 5.5000000000000009 15.500000000000002 1.5000000000000002 21.500000000000004 2.5000000000000004 2.5000000000000004 7.5000000000000009 21.500000000000004 20.500000000000004 6.5000000000000009 6.5000000000000009
decision_type=2 2 2 2 2 2 2 2 2 2 2 2 2 2 2 2 2 2 2 2 2 2 2 2 2 2 2 2 2 2
left_child=1 2 3 4 6 -6 -1 -5 14 10 24 12 16 -9 15 18 -11 -18 21 -8 -17 -3 -15 -23 -10 -12 27 -4 -21 -25
right_child=-2 8 26 7 5 -7 19 13 9 11 25 -13 -14 22 -16 20 17 -19 -20 28 -22 23 -24 29 -26 -27 -28 -29 -30 -31
leaf_value=0.052075707659357429 0.51454892164508603 0.054366129836348122 0.026149433103543809 0.072900855028041223 -0.017519342156482431 -0.0071803458398607819 0.00020532054217694553 0.0024501508056319569 0.026458704431289504 -0.0012543510639837659 0.062914708168323286 0.062972412611694034 -0.043482645757817052 -0.017652006823030565 0.087676084312124924 -0.0091342239008711523 0.060994094261406763 0.0043205541957005659 0.071011980971162889 -0.017800207792935476 0.062654178063298052 -0.024666644660112525 -0.0022613496943451787 0.1037377488888537 -0.023780156998667146 0.051414719110659403 0.12109768228740894 0.088719706202528226 -0.0092956733308060431 0.12271832875549277
leaf_weight=54 144 11.999999999999998 213 81 126 165 76 521 12 86 41 11.999999999999998 10.999999999999998 78 65 35 20 97 46 116 64 6.9999999999999991 58 7.9999999999999991 12 18 10.999999999999998 5.9999999999999991 348 27
leaf_count=54 144 12 213 81 126 165 76 521 12 86 41 12 11 78 65 35 20 97 46 116 64 7 58 8 12 18 11 6 348 27
internal_value=0.000330739 5.35863e-05 -0.000477604 -0.000853358 -0.00172316 -0.00410653 -0.000555555 0.000189702 0.00177138 0.000954693 0.00259036 0.000353982 9.34581e-05 -0.000175038 0.00272727 0.00223618 0.000320197 0.00115385 0.0035 -0.000925926 0.000959596 0.00222222 -0.00125 0.00142857 -0.00125 0.00415254 0.00217391 0.00203196 -0.00114224 0.00214286
internal_weight=2570 2426 1853 1623 885 291 594 738 573 309 83 226 214 657 264 199 203 117 100 540 99 54 136 42 24 59 230 219 464 35
internal_count=2570 2426 1853 1623 885 291 594 738 573 309 83 226 214 657 264 199 203 117 100 540 99 54 136 42 24 59 230 219 464 35
is_linear=0
shrinkage=0.05


Tree=25
num_leaves=31
num_cat=0
split_feature=2 5 8 3 3 3 3 3 8 3 3 3 3 3 3 3 3 3 3 3 3 3 3 3 3 3 3 3 3 7
split_gain=1.30826 0.84348 0.708717 0.521464 1.08075 0.907396 0.31854 0.29697 0.178929 0.121445 0.199178 0.10942 0.0812138 0.0792707 0.0779703 0.128424 0.0767733 0.142744 0.0766667 0.0606782 0.047619 0.0469717 0.0456149 0.0428571 0.0416667 0.0386064 0.0369069 0.0710335 0.0338624 0.0319716
threshold=1.0000000180025095e-35 1.0000000180025095e-35 1.0000000180025095e-35 13.500000000000002 9.5000000000000018 10.500000000000002 15.500000000000002 3.5000000000000004 1.0000000180025095e-35 8.5000000000000018 4.5000000000000009 21.500000000000004 20.500000000000004 20.500000000000004 17.500000000000004 13.500000000000002 13.500000000000002 16.500000000000004 9.5000000000000018 15.500000000000002 1.5000000000000002 21.500000000000004 5.5000000000000009 2.5000000000000004 2.5000000000000004 7.5000000000000009 21.500000000000004 20.500000000000004 6.5000000000000009 1.0000000180025095e-35
decision_type=2 2 2 2 2 2 2 2 2 2 2 2 2 2 2 2 2 2 2 2 2 2 2 2 2 2 2 2 2 2
left_child=1 2 3 4 7 -6 -5 -1 14 10 24 12 16 -8 15 18 -11 -18 20 -17 -3 -15 -9 -22 -10 -12 27 29 -25 -4
right_child=-2 8 26 6 5 -7 13 22 9 11 25 -13 -14 21 -16 19 17 -19 -20 -21 23 -23 -24 28 -26 -27 -28 -29 -30 -31
leaf_value=0.049471922276389572 0.48882147556283173 0.051647823344530733 0.027916997827194718 0.06925581227663917 -0.016643375048658315 -0.0068213285478677457 0.0023276432653503544 0.00019505451506809381 0.025135769209725024 -0.0011916335107845673 0.059768972759907127 0.059823791981109313 -0.0413085134699262 -0.016769406481879034 0.083292280096518692 -0.0086775127058275944 0.057944389548336431 0.0041045264859155273 0.067461381922604771 0.059521469160133171 -0.023433312427106889 -0.0021482822096279201 -0.014410197664059222 0.098550861444411011 -0.022591149148733794 0.04884398315512644 0.11504279817303852 0.084283720892401798 0.11658241231771811 0.025046816344584423
leaf_weight=54 144 11.999999999999998 119 81 126 165 521 76 12 86 41 11.999999999999998 10.999999999999998 78 65 35 20 97 46 64 6.9999999999999991 58 464 7.9999999999999991 12 18 10.999999999999998 5.9999999999999991 27 94
leaf_count=54 144 12 119 81 126 165 521 76 12 86 41 12 11 78 65 35 20 97 46 64 7 58 464 8 12 18 11 6 27 94
internal_value=0.00036965 9.48064e-05 -0.000423637 -0.000791743 -0.00161017 -0.00410653 0.000189702 -0.000387205 0.00177138 0.000954693 0.00259036 0.000353982 9.34581e-05 -0.000175038 0.00272727 0.00223618 0.000320197 0.00115385 0.0035 0.000959596 0.00222222 -0.00125 -0.000740741 0.00142857 -0.00125 0.00415254 0.00217391 0.00203196 0.00214286 0.0021831
internal_weight=2570 2426 1853 1623 885 291 738 594 573 309 83 226 214 657 264 199 203 117 100 99 54 136 540 42 24 59 230 219 35 213
internal_count=2570 2426 1853 1623 885 291 738 594 573 309 83 226 214 657 264 199 203 117 100 99 54 136 540 42 24 59 230 219 35 213
is_linear=0
shrinkage=0.05


Tree=26
num_leaves=31
num_cat=0
split_feature=2 5 8 3 3 3 3 3 8 3 3 3 3 3 3 3 3 3 3 3 3 3 3 3 3 3 3 3 7 3
split_gain=1.31927 0.77775 0.708717 0.521464 1.08075 0.907396 0.31854 0.29697 0.213087 0.088392 0.101528 0.0792707 0.0779703 0.128424 0.0766667 0.0655439 0.141592 0.0767733 0.142744 0.0606782 0.047619 0.0469717 0.0456149 0.0428571 0.0416667 0.0369069 0.0710335 0.0338624 0.0319716 0.0926197
threshold=1.0000000180025095e-35 1.0000000180025095e-35 1.0000000180025095e-35 13.500000000000002 9.5000000000000018 10.500000000000002 15.500000000000002 3.5000000000000004 1.0000000180025095e-35 21.500000000000004 20.500000000000004 20.500000000000004 17.500000000000004 13.500000000000002 9.5000000000000018 8.5000000000000018 4.5000000000000009 13.500000000000002 16.500000000000004 15.500000000000002 1.5000000000000002 21.500000000000004 5.5000000000000009 2.5000000000000004 2.5000000000000004 21.500000000000004 20.500000000000004 6.5000000000000009 1.0000000180025095e-35 13.500000000000002
decision_type=2 2 2 2 2 2 2 2 2 2 2 2 2 2 2 2 2 2 2 2 2 2 2 2 2 2 2 2 2 2
left_child=1 2 3 4 7 -6 -5 -1 12 10 15 -8 13 14 20 16 24 -17 -19 -15 -3 -13 -9 -22 -10 26 28 -25 29 -4
right_child=-2 8 25 6 5 -7 11 22 9 -11 -12 21 -14 19 -16 17 -18 18 -20 -21 23 -23 -24 27 -26 -27 -28 -29 -30 -31
leaf_value=0.046998326162570075 0.46438040178469003 0.049065432177304219 0.030847330654518657 0.065793021662807233 -0.0158112062962254 -0.0064802621204743689 0.0022112611020828287 0.00018530178931468468 0.023878980749238776 0.056832602382053871 -0.03924308779642989 -0.01593093615778508 0.079127666091692764 -0.0082436370705362139 0.06408831282647455 -0.0011320518352453341 0.046901783826006453 0.055047170070919596 0.0038993001616197454 0.056545395702126515 -0.022261646805751534 -0.0020408680991465199 -0.013689687780856264 0.093623318372190456 -0.021461591691297102 0.10929065826438658 0.080069534847781704 0.11075329170183222 0.023794475527355197 0.015085810905422534
leaf_weight=54 144 11.999999999999998 69 81 126 165 521 76 12 11.999999999999998 10.999999999999998 78 65 35 46 86 59 20 97 64 6.9999999999999991 58 464 7.9999999999999991 12 10.999999999999998 5.9999999999999991 27 94 50
leaf_count=54 144 12 69 81 126 165 521 76 12 12 11 78 65 35 46 86 59 20 97 64 7 58 464 8 12 11 6 27 94 50
internal_value=0.000350195 7.41964e-05 -0.000423637 -0.000791743 -0.00161017 -0.00410653 0.000189702 -0.000387205 0.00168412 0.00079288 0.000622896 -0.000175038 0.00272727 0.00223618 0.0035 0.000804196 0.00198795 0.000320197 0.00115385 0.000959596 0.00222222 -0.00125 -0.000740741 0.00142857 -0.00125 0.00217391 0.00203196 0.00214286 0.0021831 0.00163866
internal_weight=2570 2426 1853 1623 885 291 738 594 573 309 297 657 264 199 100 286 83 203 117 99 54 136 540 42 24 230 219 35 213 119
internal_count=2570 2426 1853 1623 885 291 738 594 573 309 297 657 264 199 100 286 83 203 117 99 54 136 540 42 24 230 219 35 213 119
is_linear=0
shrinkage=0.05


Tree=27
num_leaves=31
num_cat=0
split_feature=2 5 8 3 3 3 8 3 3 3 3 3 3 3 3 3 3 3 3 3 3 3 3 3 3 3 3 3 3 3
split_gain=1.3526 0.753374 0.622344 0.482945 1.08075 0.907396 0.250228 0.211192 0.161784 0.0953221 0.108342 0.141592 0.0792707 0.0779703 0.128424 0.0766667 0.0723975 0.0682646 0.134127 0.0606782 0.0537694 0.0926672 0.0967937 0.0671243 0.047619 0.0470482 0.0469717 0.0438406 0.0428571 0.0416667
threshold=1.0000000180025095e-35 1.0000000180025095e-35 1.0000000180025095e-35 13.500000000000002 9.5000000000000018 10.500000000000002 1.0000000180025095e-35 15.500000000000002 3.5000000000000004 21.500000000000004 8.5000000000000018 4.5000000000000009 20.500000000000004 17.500000000000004 13.500000000000002 9.5000000000000018 20.500000000000004 5.5000000000000009 4.5000000000000009 15.500000000000002 13.500000000000002 16.500000000000004 18.500000000000004 21.500000000000004 1.5000000000000002 13.500000000000002 21.500000000000004 20.500000000000004 2.5000000000000004 2.5000000000000004
decision_type=2 2 2 2 2 2 2 2 2 2 2 2 2 2 2 2 2 2 2 2 2 2 2 2 2 2 2 2 2 2
left_child=1 2 3 4 8 -6 13 -5 -1 10 11 29 -9 14 15 24 25 18 -4 -16 -19 -22 -23 27 -3 -12 -14 -24 -26 -8
right_child=-2 6 17 7 5 -7 9 12 -10 -11 16 -13 26 -15 19 -17 -18 20 -20 -21 21 22 23 -25 28 -27 -28 -29 -30 -31
leaf_value=0.044648409854441566 0.44116138169545549 0.046612160568439004 0.03314307335085092 0.062503370579666886 -0.015020645981414128 -0.0061562490144506446 0.022685031711776826 0.0021006980469786773 -0.0064258937230895711 0.053990972262951187 -0.0010754492434830781 0.044556694634706108 -0.015134389349895827 0.075171282787108135 -0.0078314552170094098 0.060883897185150804 -0.037280933406608395 0.03152422841587562 -0.00084469097827908355 0.053718125917020167 0.014331520360151413 0.11798585817798229 0.01999018637412622 0.10382612535116725 -0.021148564465463961 0.0037043351535387629 -0.0019388246941891931 0.076066058105392603 0.086681441266792142 -0.020388512106732249
leaf_weight=54 144 11.999999999999998 18 81 126 165 12 521 540 11.999999999999998 86 59 78 65 35 46 10.999999999999998 65 10.000000000000002 64 50 30 40 10.999999999999998 6.9999999999999991 117 58 5.9999999999999991 35 12
leaf_count=54 144 12 18 81 126 165 12 521 540 12 86 59 78 65 35 46 11 65 10 64 50 30 40 11 7 117 58 6 35 12
internal_value=0.000291829 1.23662e-05 -0.000477604 -0.000822551 -0.00161017 -0.00410653 0.00159686 0.000121951 -0.000387205 0.000631068 0.000454546 0.00198795 -0.000175038 0.00272727 0.00223618 0.0035 -0.000140187 0.00195652 -0.000357143 0.000959596 0.00227723 0.00171533 0.00270115 0.00149123 0.00222222 7.38918e-05 -0.00125 0.000652174 0.00142857 -0.00125
internal_weight=2570 2426 1853 1623 885 291 573 738 594 309 297 83 657 264 199 100 214 230 28 99 202 137 87 57 54 203 136 46 42 24
internal_count=2570 2426 1853 1623 885 291 573 738 594 309 297 83 657 264 199 100 214 230 28 99 202 137 87 57 54 203 136 46 42 24
is_linear=0
shrinkage=0.05


Tree=28
num_leaves=31
num_cat=0
split_feature=2 5 8 3 3 3 8 3 3 3 3 3 3 3 3 3 3 3 3 3 3 3 3 3 3 3 3 3 3 3
split_gain=1.29728 0.658566 0.555267 0.282766 0.564654 0.302585 0.250228 0.161784 0.155639 0.0953221 0.108342 0.141592 0.0779703 0.128424 0.0766667 0.0723975 0.0682646 0.134127 0.0606782 0.0537694 0.0926672 0.0967937 0.0671243 0.047619 0.0474614 0.0470482 0.0469717 0.0438406 0.0428571 0.0416667
threshold=1.0000000180025095e-35 1.0000000180025095e-35 1.0000000180025095e-35 13.500000000000002 9.5000000000000018 10.500000000000002 1.0000000180025095e-35 3.5000000000000004 17.500000000000004 21.500000000000004 8.5000000000000018 4.5000000000000009 17.500000000000004 13.500000000000002 9.5000000000000018 20.500000000000004 5.5000000000000009 4.5000000000000009 15.500000000000002 13.500000000000002 16.500000000000004 18.500000000000004 21.500000000000004 1.5000000000000002 20.500000000000004 13.500000000000002 21.500000000000004 20.500000000000004 2.5000000000000004 2.5000000000000004
decision_type=2 2 2 2 2 2 2 2 2 2 2 2 2 2 2 2 2 2 2 2 2 2 2 2 2 2 2 2 2 2
left_child=1 2 3 4 7 -6 12 -1 -5 10 11 29 13 14 23 25 17 -4 -15 -18 -21 -22 27 -3 -10 -12 -26 -23 -25 -8
right_child=-2 6 16 8 5 -7 9 -9 24 -11 15 -13 -14 18 -16 -17 19 -19 -20 20 21 22 -24 28 26 -27 -28 -29 -30 -31
leaf_value=0.042415989361719489 0.41910331261068273 0.044281552540017047 0.031485919683308383 0.00799565922562262 -0.014269613682343418 -0.0058484365637281113 0.021550780126187986 -0.0061045990369350883 -0.0039280895434984035 0.051291423649803651 -0.0010216767813089273 0.042328859902970799 0.071412718647752713 -0.0074398824561589423 0.057839702325893277 -0.035416886736277978 0.029948016995081841 -0.00080245642936513937 0.051032219621169175 0.013614944342143848 0.11208656526908319 0.018990677055419927 0.098634819083608882 -0.020091136242190766 -0.014377669882401035 0.0035191183958618311 -0.0018418834594797319 0.072262755200122972 0.082347369203452522 -0.019369086501395641
leaf_weight=54 144 11.999999999999998 18 243 126 165 12 540 359 11.999999999999998 86 59 65 35 46 10.999999999999998 65 10.000000000000002 64 50 30 40 10.999999999999998 6.9999999999999991 78 117 58 5.9999999999999991 35 12
leaf_count=54 144 12 18 243 126 165 12 540 359 12 86 59 65 35 46 11 65 10 64 50 30 40 11 7 78 117 58 6 35 12
internal_value=0.000389105 0.000115417 -0.000342687 -0.000668515 -0.00127119 -0.0030756 0.00159686 -0.000387205 5.42007e-05 0.000631068 0.000454546 0.00198795 0.00272727 0.00223618 0.0035 -0.000140187 0.00195652 -0.000357143 0.000959596 0.00227723 0.00171533 0.00270115 0.00149123 0.00222222 -0.000454545 7.38918e-05 -0.00125 0.000652174 0.00142857 -0.00125
internal_weight=2570 2426 1853 1623 885 291 573 594 738 309 297 83 264 199 100 214 230 28 99 202 137 87 57 54 495 203 136 46 42 24
internal_count=2570 2426 1853 1623 885 291 573 594 738 309 297 83 264 199 100 214 230 28 99 202 137 87 57 54 495 203 136 46 42 24
is_linear=0
shrinkage=0.05


Tree=29
num_leaves=31
num_cat=0
split_feature=2 5 8 3 3 3 8 3 3 3 3 3 7 3 3 3 3 3 3 3 3 3 3 3 3 3 3 3 3 3
split_gain=1.31927 0.695724 0.479137 0.307386 0.529849 0.302585 0.250228 0.155639 0.102457 0.0953221 0.108342 0.141592 0.0816578 0.0782941 0.0779703 0.128424 0.0766667 0.0733057 0.0723975 0.0606782 0.0481481 0.047619 0.0475138 0.0474614 0.0470482 0.0469717 0.0428571 0.0416667 0.0390028 0.0338624
threshold=1.0000000180025095e-35 1.0000000180025095e-35 1.0000000180025095e-35 13.500000000000002 9.5000000000000018 10.500000000000002 1.0000000180025095e-35 17.500000000000004 5.5000000000000009 21.500000000000004 8.5000000000000018 4.5000000000000009 1.0000000180025095e-35 21.500000000000004 17.500000000000004 13.500000000000002 9.5000000000000018 18.500000000000004 20.500000000000004 15.500000000000002 6.5000000000000009 1.5000000000000002 8.5000000000000018 20.500000000000004 13.500000000000002 21.500000000000004 2.5000000000000004 2.5000000000000004 20.500000000000004 6.5000000000000009
decision_type=2 2 2 2 2 2 2 2 2 2 2 2 2 2 2 2 2 2 2 2 2 2 2 2 2 2 2 2 2 2
left_child=1 2 3 4 8 -6 14 -5 -1 10 11 27 13 28 15 16 21 20 24 -17 -14 -3 -10 -9 -12 -25 -23 -8 -4 -28
right_child=-2 6 12 7 5 -7 9 23 22 -11 18 -13 17 -15 -16 19 -18 -19 -20 -21 -22 26 -24 25 -26 -27 29 -29 -30 -31
leaf_value=0.0053025580074397508 0.39814814698014855 0.042067474913016191 0.022398041703820343 0.0075958762643414841 -0.013556132998226245 -0.0055560147355417054 0.020473241119878582 -0.003731685066323476 -0.01337867610140483 0.048726852467313488 -0.00097059294224348066 0.04021241690782227 0.024965131943536667 0.093703078129428449 0.067842082715365085 -0.0070678883333509914 0.054947717209598623 0.018041143202648914 -0.033646042399464074 0.048480608640110702 0.10248223658839667 -0.01908657943008123 0.0026924347427452091 -0.013658786388280986 0.0033431624760687398 -0.0017497892865057465 0.080490711930068681 -0.01840063217632586 0.068649617440116814 0.096764186593228371
leaf_weight=130 144 11.999999999999998 119 243 126 165 12 359 389 11.999999999999998 86 59 14.999999999999998 10.999999999999998 65 35 46 40 10.999999999999998 64 39 6.9999999999999991 75 78 117 58 7.9999999999999991 12 5.9999999999999991 27
leaf_count=130 144 12 119 243 126 165 12 359 389 12 86 59 15 11 65 35 46 40 11 64 39 7 75 78 117 58 8 12 6 27
internal_value=0.000350195 7.41964e-05 -0.000396654 -0.000699322 -0.00132768 -0.0030756 0.00159686 5.42007e-05 -0.00047138 0.000631068 0.000454546 0.00198795 0.00173913 0.000955883 0.00272727 0.00223618 0.0035 0.00287234 -0.000140187 0.000959596 0.00407407 0.00222222 -0.000818965 -0.000454545 7.38918e-05 -0.00125 0.00142857 -0.00125 0.0006 0.00214286
internal_weight=2570 2426 1853 1623 885 291 573 738 594 309 297 83 230 136 264 199 100 94 214 99 54 54 464 495 203 136 42 24 125 35
internal_count=2570 2426 1853 1623 885 291 573 738 594 309 297 83 230 136 264 199 100 94 214 99 54 54 464 495 203 136 42 24 125 35
is_linear=0
shrinkage=0.05


Tree=30
num_leaves=31
num_cat=0
split_feature=2 5 8 3 3 3 8 3 3 3 3 3 3 3 3 3 3 7 3 3 3 9 3 3 3 3 3 3 3 3
split_gain=1.3526 0.596556 0.313635 0.282766 0.564654 0.302585 0.167965 0.155639 0.122207 0.128936 0.0953221 0.108342 0.141592 0.0890256 0.0723975 0.063113 0.0562135 0.0820403 0.0474614 0.0470482 0.0469717 0.0435203 0.0416667 0.0390427 0.0329218 0.0372562 0.0303507 0.0306306 0.0393358 0.0582751
threshold=1.0000000180025095e-35 1.0000000180025095e-35 1.0000000180025095e-35 13.500000000000002 9.5000000000000018 10.500000000000002 1.0000000180025095e-35 17.500000000000004 17.500000000000004 13.500000000000002 21.500000000000004 8.5000000000000018 4.5000000000000009 5.5000000000000009 20.500000000000004 21.500000000000004 18.500000000000004 1.0000000180025095e-35 20.500000000000004 13.500000000000002 21.500000000000004 1.6000000000000003 2.5000000000000004 8.5000000000000018 15.500000000000002 16.500000000000004 16.500000000000004 19.500000000000004 18.500000000000004 17.500000000000004
decision_type=2 2 2 2 2 2 2 2 2 2 2 2 2 2 2 2 2 2 2 2 2 2 2 2 2 2 2 2 2 2
left_child=1 2 3 4 13 -6 8 24 9 -3 11 12 22 -1 19 16 17 -4 -9 -13 -20 -11 -8 -15 -5 -26 -21 28 29 -28
right_child=-2 6 15 7 5 -7 10 18 -10 21 -12 14 -14 23 -16 -17 -18 -19 20 26 -22 -23 -24 -25 25 -27 27 -29 -30 -31
leaf_value=0.0050374301070677642 0.37824073963114113 0.052637765243628357 0.021278139618629312 0.05859862527618534 -0.012878326348314928 -0.0052782139987646269 0.019449579063884649 -0.0035451008130073071 0.064449978579596834 0.1345565648641158 0.046290509843947794 -0.00092206329513130859 0.038201796062431154 -0.012709742296334592 -0.031963740279490872 0.089017924222957012 0.0091390843139818045 0.040409255878757426 -0.012975847068866942 0.051766480766100159 -0.001662299822180461 0.011285506917781919 -0.017480600567509563 0.0025578130056079563 -0.00078391599915239585 0.02120690459458088 -0.0018239964672984721 0.04429825053375358 -0.0070091004731764224 0.1034449281220137
leaf_weight=130 144 100 119 81 126 165 12 359 65 4.9999999999999991 11.999999999999998 86 59 389 10.999999999999998 10.999999999999998 46 54 78 20 58 94 12 75 67 95 26 18 31 22
leaf_count=130 144 100 119 81 126 165 12 359 65 5 12 86 59 389 11 11 46 54 78 20 58 94 12 75 67 95 26 18 31 22
internal_value=0.000291829 1.23662e-05 -0.000423637 -0.000668515 -0.00127119 -0.0030756 0.00142234 5.42007e-05 0.00234848 0.00173367 0.000631068 0.000454546 0.00198795 -0.000387205 -0.000140187 0.00130435 0.00111872 0.00153179 -0.000454545 7.38918e-05 -0.00125 0.000454546 -0.00125 -0.000711207 0.00109054 0.000679013 0.000726496 0.000360825 -6.3291e-05 0.000833334
internal_weight=2570 2426 1853 1623 885 291 573 738 264 199 309 297 83 594 214 230 219 173 495 203 136 99 24 464 243 162 117 97 79 48
internal_count=2570 2426 1853 1623 885 291 573 738 264 199 309 297 83 594 214 230 219 173 495 203 136 99 24 464 243 162 117 97 79 48
is_linear=0
shrinkage=0.05


Tree=31
num_leaves=31
num_cat=0
split_feature=2 5 3 3 8 3 8 3 3 3 3 3 3 3 3 3 9 3 3 3 3 3 8 8 3 3 3 3 3 3
split_gain=1.38634 0.575231 0.261537 0.447592 0.437284 0.239047 0.201107 0.122207 0.128936 0.10744 0.104696 0.141592 0.131255 0.0640875 0.0518241 0.0453039 0.0435203 0.0416667 0.0412088 0.0356078 0.0651214 0.0565296 0.0542005 0.038961 0.0284058 0.047619 0.0428571 0.0338624 0.0270355 0.0255989
threshold=1.0000000180025095e-35 1.0000000180025095e-35 12.500000000000002 9.5000000000000018 1.0000000180025095e-35 10.500000000000002 1.0000000180025095e-35 17.500000000000004 13.500000000000002 17.500000000000004 8.5000000000000018 4.5000000000000009 21.500000000000004 20.500000000000004 4.5000000000000009 19.500000000000004 1.6000000000000003 2.5000000000000004 11.500000000000002 22.500000000000004 20.500000000000004 21.500000000000004 1.0000000180025095e-35 1.0000000180025095e-35 9.5000000000000018 1.5000000000000002 2.5000000000000004 6.5000000000000009 13.500000000000002 8.5000000000000018
decision_type=2 2 2 2 2 2 2 2 2 2 2 2 2 2 2 2 2 2 2 2 2 2 2 2 2 2 2 2 2 2
left_child=1 2 3 14 5 -5 7 8 24 28 11 17 13 15 -1 -12 -10 -8 -6 20 -11 -22 -23 -21 25 -3 -27 -28 -4 -16
right_child=-2 6 9 4 18 -7 10 -9 16 19 12 -13 -14 -15 29 -17 -18 -19 -20 23 21 22 -24 -25 -26 26 27 -29 -30 -31
leaf_value=0.028213076380376002 0.35932870264958405 0.03733221290518398 0.011875886405364211 -0.01223441003089918 0.059312213410918441 -0.0035289138686068092 0.018477100110690415 0.061227479650617006 0.12782873662091002 -0.00049486674040434835 -0.00030684778973687763 0.036291706259309602 0.043975984351750423 -0.030365553265516335 -0.0058071205744984816 0.042083338007065901 0.010721231571892821 -0.016606570539134082 0.0320976566935431 0.062545325262444301 -0.012327054715423592 -0.0061325437481349887 0.090592440264409435 0.12206702745301562 0.049568443086937281 -0.020764138720758576 0.073834288071383813 0.089294089001385538 0.010227350091913093 0.0024299223553275518
leaf_weight=94 144 11.999999999999998 47 126 15 131 12 65 4.9999999999999991 412 185 59 11.999999999999998 10.999999999999998 477 18 94 12 13 22.000000000000004 84 36 4.9999999999999991 5.9999999999999991 46 6.9999999999999991 7.9999999999999991 27 310 75
leaf_count=94 144 12 47 126 15 131 12 65 5 412 185 59 12 11 477 18 94 12 13 22 84 36 5 6 46 7 8 27 310 75
internal_value=0.000233463 -4.9464e-05 -0.000477604 -0.00106874 -0.0027193 -0.00336576 0.00133508 0.00234848 0.00173367 0.000119306 0.000469256 0.00198795 -8.84954e-05 -0.000373832 -0.000340557 -0.000172414 0.000454546 -0.00125 0.00321429 -0.000309734 -0.000400372 -0.0014 0.000121951 0.00142857 0.003 0.00222222 0.00142857 0.00214286 0.000798319 -0.000525362
internal_weight=2570 2426 1853 931 285 257 573 264 199 922 309 83 226 214 646 203 99 24 28 565 537 125 41 28 100 54 42 35 357 552
internal_count=2570 2426 1853 931 285 257 573 264 199 922 309 83 226 214 646 203 99 24 28 565 537 125 41 28 100 54 42 35 357 552
is_linear=0
shrinkage=0.05


Tree=32
num_leaves=31
num_cat=0
split_feature=2 5 3 3 8 3 8 3 3 3 3 9 3 3 3 3 3 3 3 3 3 3 3 8 8 3 3 3 3 3
split_gain=1.39768 0.521183 0.261537 0.447592 0.437284 0.239047 0.162613 0.10744 0.104696 0.141592 0.131255 0.0931054 0.0914334 0.0757996 0.0640875 0.051948 0.0518241 0.0453039 0.0416667 0.0412088 0.0356078 0.0651214 0.0565296 0.0542005 0.038961 0.0284058 0.047619 0.0428571 0.0338624 0.0270355
threshold=1.0000000180025095e-35 1.0000000180025095e-35 12.500000000000002 9.5000000000000018 1.0000000180025095e-35 10.500000000000002 1.0000000180025095e-35 17.500000000000004 8.5000000000000018 4.5000000000000009 21.500000000000004 1.6000000000000003 13.500000000000002 17.500000000000004 20.500000000000004 18.500000000000004 4.5000000000000009 19.500000000000004 2.5000000000000004 11.500000000000002 22.500000000000004 20.500000000000004 21.500000000000004 1.0000000180025095e-35 1.0000000180025095e-35 9.5000000000000018 1.5000000000000002 2.5000000000000004 6.5000000000000009 13.500000000000002
decision_type=2 2 2 2 2 2 2 2 2 2 2 2 2 2 2 2 2 2 2 2 2 2 2 2 2 2 2 2 2 2
left_child=1 2 3 16 5 -5 11 29 9 18 14 -3 25 -14 17 -15 -1 -10 -8 -6 21 -9 -23 -24 -22 26 -13 -28 -29 -4
right_child=-2 6 7 4 19 -7 8 20 10 -11 -12 12 13 15 -16 -17 -18 -19 -20 -21 24 22 23 -25 -26 -27 27 28 -30 -31
leaf_value=0.02680242256135721 0.34136226751710486 0.11271120581190086 0.011282092085096007 -0.011622689529354226 0.056346602740372509 -0.0033524681751764709 0.017553245105155903 -0.00047012340338412062 -0.00029150540025002551 0.0344771209463441 0.041777185134162925 0.035465602259924768 0.010185169993298172 0.1014851013321799 -0.02884727560224052 0.021075611480711104 -0.0043521392851072656 0.039979171106712612 -0.015776242012177377 0.030492773858865931 0.059418058999322065 -0.011710701979652417 -0.0058259165607282394 0.086062818251188944 0.11596367608036484 0.047090020932590397 -0.019725931784720666 0.070142573667814651 0.084829384551316264 0.0097159825873174323
leaf_weight=94 144 26 47 126 15 131 12 412 185 59 11.999999999999998 11.999999999999998 94 15.999999999999998 10.999999999999998 28 552 18 12 13 22.000000000000004 84 36 4.9999999999999991 5.9999999999999991 46 6.9999999999999991 7.9999999999999991 27 310
leaf_count=94 144 26 47 126 15 131 12 412 185 59 12 12 94 16 11 28 552 18 12 13 22 84 36 5 6 46 7 8 27 310
internal_value=0.000214008 -7.0074e-05 -0.000477604 -0.00106874 -0.0027193 -0.00336576 0.00124782 0.000119306 0.000469256 0.00198795 -8.84954e-05 0.00215909 0.00184874 0.00101449 -0.000373832 0.00272727 -0.000340557 -0.000172414 -0.00125 0.00321429 -0.000309734 -0.000400372 -0.0014 0.000121951 0.00142857 0.003 0.00222222 0.00142857 0.00214286 0.000798319
internal_weight=2570 2426 1853 931 285 257 573 922 309 83 226 264 238 138 214 44 646 203 24 28 565 537 125 41 28 100 54 42 35 357
internal_count=2570 2426 1853 931 285 257 573 922 309 83 226 264 238 138 214 44 646 203 24 28 565 537 125 41 28 100 54 42 35 357
is_linear=0
shrinkage=0.05


Tree=33
num_leaves=31
num_cat=0
split_feature=2 5 3 3 8 3 8 3 3 3 9 3 3 3 3 3 3 3 3 3 8 8 3 3 3 3 3 3 3 9
split_gain=1.4205 0.421083 0.261537 0.447592 0.437284 0.239047 0.230863 0.15407 0.141592 0.10744 0.0931054 0.0914334 0.0757996 0.051948 0.0518241 0.0416667 0.0412088 0.0356078 0.0651214 0.0565296 0.0542005 0.038961 0.0284058 0.047619 0.0428571 0.0338624 0.0270355 0.0255989 0.0370652 0.0255074
threshold=1.0000000180025095e-35 1.0000000180025095e-35 12.500000000000002 9.5000000000000018 1.0000000180025095e-35 10.500000000000002 1.0000000180025095e-35 8.5000000000000018 4.5000000000000009 17.500000000000004 1.6000000000000003 13.500000000000002 17.500000000000004 18.500000000000004 4.5000000000000009 2.5000000000000004 11.500000000000002 22.500000000000004 20.500000000000004 21.500000000000004 1.0000000180025095e-35 1.0000000180025095e-35 9.5000000000000018 1.5000000000000002 2.5000000000000004 6.5000000000000009 13.500000000000002 8.5000000000000018 7.5000000000000009 1.6000000000000003
decision_type=2 2 2 2 2 2 2 2 2 2 2 2 2 2 2 2 2 2 2 2 2 2 2 2 2 2 2 2 2 2
left_child=1 2 3 14 5 -5 10 8 15 26 -3 22 -13 -14 -1 -8 -6 18 29 -20 -21 -19 23 -12 -25 -26 -4 28 -16 -11
right_child=-2 6 9 4 16 -7 7 -9 -10 17 11 12 13 -15 27 -17 -18 21 19 20 -22 -23 -24 24 25 -27 -28 -29 -30 -31
leaf_value=0.025462301433289338 0.32429415414124957 0.10707564552130583 0.010717987480841185 -0.011041555052886509 0.053529272603353877 -0.0031848447664176494 0.016675582849898098 -0.00040585828710740923 0.032753264899026878 0.12056040128567505 0.033692322146928522 0.009675911493633272 0.096410846265570893 0.020021830906675548 -0.0041345325352775686 -0.014987429911568506 0.02896813516592265 0.056447156049355976 -0.011125166880669791 -0.0055346207326918313 0.081759677338629502 0.1101654922763466 0.044735519885960862 -0.018739635195484629 0.066635444984423933 0.080587915323750453 0.0092301834579515685 0.0025260332018165466 -0.012486988443026259 0.0028453900781220754
leaf_weight=94 144 26 47 126 15 131 12 226 59 5.9999999999999991 11.999999999999998 94 15.999999999999998 28 352 12 13 22.000000000000004 84 36 4.9999999999999991 5.9999999999999991 46 6.9999999999999991 7.9999999999999991 27 310 75 125 406
leaf_count=94 144 26 47 126 15 131 12 226 59 6 12 94 16 28 352 12 13 22 84 36 5 6 46 7 8 27 310 75 125 406
internal_value=0.000175097 -0.000111294 -0.000477604 -0.00106874 -0.0027193 -0.00336576 0.0010733 0.000145631 0.00198795 0.000119306 0.00215909 0.00184874 0.00101449 0.00272727 -0.000340557 -0.00125 0.00321429 -0.000309734 -0.000400372 -0.0014 0.000121951 0.00142857 0.003 0.00222222 0.00142857 0.00214286 0.000798319 -0.000525362 -0.000660377 -9.70872e-05
internal_weight=2570 2426 1853 931 285 257 573 309 83 922 264 238 138 44 646 24 28 565 537 125 41 28 100 54 42 35 357 552 477 412
internal_count=2570 2426 1853 931 285 257 573 309 83 922 264 238 138 44 646 24 28 565 537 125 41 28 100 54 42 35 357 552 477 412
is_linear=0
shrinkage=0.05


Tree=34
num_leaves=31
num_cat=0
split_feature=2 5 8 8 3 3 3 3 7 3 3 9 3 3 3 3 3 3 3 3 3 3 3 3 3 3 3 3 3 3
split_gain=1.49007 0.447359 0.26946 0.230723 0.156694 0.564654 0.302585 0.175851 0.140815 0.115725 0.114234 0.0931054 0.0914334 0.0891893 0.148136 0.0890256 0.0870197 0.0757996 0.070936 0.051948 0.0507936 0.0854701 0.0410256 0.0390427 0.0347272 0.0292398 0.0284058 0.047619 0.0428571 0.0338624
threshold=1.0000000180025095e-35 1.0000000180025095e-35 1.0000000180025095e-35 1.0000000180025095e-35 13.500000000000002 9.5000000000000018 10.500000000000002 15.500000000000002 1.0000000180025095e-35 5.5000000000000009 11.500000000000002 1.6000000000000003 13.500000000000002 8.5000000000000018 5.5000000000000009 5.5000000000000009 21.500000000000004 17.500000000000004 21.500000000000004 18.500000000000004 4.5000000000000009 3.5000000000000004 6.5000000000000009 8.5000000000000018 20.500000000000004 7.5000000000000009 9.5000000000000018 1.5000000000000002 2.5000000000000004 6.5000000000000009
decision_type=2 2 2 2 2 2 2 2 2 2 2 2 2 2 2 2 2 2 2 2 2 2 2 2 2 2 2 2 2 2
left_child=1 3 11 4 5 15 -7 -6 18 20 22 -3 26 14 -4 -1 24 -14 -9 -19 21 -5 -11 -17 -12 -16 27 -13 -29 -30
right_child=-2 2 13 9 7 6 -8 8 -10 10 16 12 17 -15 25 23 -18 19 -20 -21 -22 -23 -24 -25 -26 -27 -28 28 29 -31
leaf_value=0.0055002482214585374 0.30807944643418711 0.10172186324524053 0.0045374175954358891 0.012703933227140718 0.054210018205516963 -0.010489477300242189 -0.0045109919583163479 -0.0085689069869152815 0.0018269607761022344 0.02241110217216611 0.018588111144647004 0.032007706039582119 0.0091921159189516152 -0.00038556537275202937 0.086494342595614837 -0.011359565561773689 0.06715721822132284 0.09159030395229234 -0.0022578896811561557 0.01902073936134176 -0.0022314530542751898 0.22970391838558424 0.043352809979014542 0.002399731541725725 0.06651832853119917 0.030615601825439188 0.042498743891662805 -0.017802653435710393 0.063303672735202723 0.076558519557562932
leaf_weight=130 144 26 45 13.000000000000002 81 126 165 145 454 14.999999999999998 146 11.999999999999998 94 226 20 389 10.999999999999998 15.999999999999998 58 28 10.000000000000002 4.9999999999999991 24 75 5.9999999999999991 18 46 6.9999999999999991 7.9999999999999991 27
leaf_count=130 144 26 45 13 81 126 165 145 454 15 146 12 94 226 20 389 11 16 58 28 10 5 24 75 6 18 46 7 8 27
internal_value=5.83659e-05 -0.000234954 0.000986039 -0.00061252 -0.000822551 -0.00127119 -0.0030756 -0.000284553 -0.000555555 0.000869565 0.00128713 0.00215909 0.00184874 -1.6181e-05 0.00138554 -0.000387205 0.000705522 0.00101449 -0.00165025 0.00272727 -0.00214286 -0.000555555 0.00371795 -0.000711207 0.000394737 0.00368421 0.003 0.00222222 0.00142857 0.00214286
internal_weight=2570 2426 573 1853 1623 885 291 738 657 230 202 264 238 309 83 594 163 138 203 44 28 18 39 464 152 38 100 54 42 35
internal_count=2570 2426 573 1853 1623 885 291 738 657 230 202 264 238 309 83 594 163 138 203 44 28 18 39 464 152 38 100 54 42 35
is_linear=0
shrinkage=0.05


Tree=35
num_leaves=31
num_cat=0
split_feature=2 5 8 8 3 3 3 3 3 3 9 3 3 3 3 3 3 3 3 3 3 3 3 3 3 3 3 3 3 3
split_gain=1.44351 0.331648 0.224581 0.190629 0.186674 0.429527 0.172983 0.144834 0.115725 0.114234 0.105933 0.127848 0.0891893 0.148136 0.0890256 0.0870197 0.064214 0.0939602 0.0584116 0.0507936 0.0854701 0.0469717 0.0410256 0.0390427 0.0347272 0.0344086 0.0292398 0.0284058 0.047619 0.0428571
threshold=1.0000000180025095e-35 1.0000000180025095e-35 1.0000000180025095e-35 1.0000000180025095e-35 13.500000000000002 9.5000000000000018 10.500000000000002 15.500000000000002 5.5000000000000009 11.500000000000002 1.6000000000000003 13.500000000000002 8.5000000000000018 5.5000000000000009 5.5000000000000009 21.500000000000004 21.500000000000004 17.500000000000004 20.500000000000004 4.5000000000000009 3.5000000000000004 21.500000000000004 6.5000000000000009 8.5000000000000018 20.500000000000004 18.500000000000004 7.5000000000000009 9.5000000000000018 1.5000000000000002 2.5000000000000004
decision_type=2 2 2 2 2 2 2 2 2 2 2 2 2 2 2 2 2 2 2 2 2 2 2 2 2 2 2 2 2 2
left_child=1 3 10 4 5 14 -7 -6 19 22 -3 27 13 -4 -1 24 17 -13 -9 20 -5 -20 -10 -16 -11 -19 -15 28 -12 -30
right_child=-2 2 12 8 7 6 -8 18 9 15 11 16 -14 26 23 -17 -18 25 21 -21 -22 -23 -24 -25 -26 -27 -28 -29 29 -31
leaf_value=0.0052252358103856093 0.29267547411247768 0.096635770082978523 0.0043105467156641097 0.012068736565783666 0.051499517295241139 -0.0099650034352300812 -0.0042854423604005388 -0.00040346396399812997 0.021290547063557819 0.017658705587414669 0.030407320737602994 0.0087325101230040451 -0.00036628710411442799 0.08216962546583409 -0.010791587283685001 0.063799357310256696 0.0066141997857669388 0.087010788754677701 -0.01014046318729054 -0.0021198804015614358 0.21821872246630508 -0.0021449951970983427 0.041185169480063837 0.0022797449646394297 0.063192412104639217 0.029979197840130124 0.029084821734167224 0.040373806697079656 -0.016912520763924865 0.05566895598901607
leaf_weight=130 144 26 45 13.000000000000002 81 126 165 521 14.999999999999998 146 11.999999999999998 94 226 20 389 10.999999999999998 12.999999999999998 16.000000000000004 78 10.000000000000002 4.9999999999999991 58 24 75 5.9999999999999991 14.999999999999998 18 46 6.9999999999999991 35
leaf_count=130 144 26 45 13 81 126 165 521 15 146 12 94 226 20 389 11 13 16 78 10 5 58 24 75 6 15 18 46 7 35
internal_value=0.000136187 -0.000152514 0.000898779 -0.000477604 -0.000668515 -0.00115819 -0.00273196 -8.13006e-05 0.000869565 0.00128713 0.0019697 0.00163866 -1.6181e-05 0.00138554 -0.000387205 0.000705522 0.000652174 0.001 -0.000327245 -0.00214286 -0.000555555 -0.00125 0.00371795 -0.000711207 0.000394737 0.0033871 0.00368421 0.003 0.00222222 0.00142857
internal_weight=2570 2426 573 1853 1623 885 291 738 230 202 264 238 309 83 594 163 138 125 657 28 18 136 39 464 152 31 38 100 54 42
internal_count=2570 2426 573 1853 1623 885 291 738 230 202 264 238 309 83 594 163 138 125 657 28 18 136 39 464 152 31 38 100 54 42
is_linear=0
shrinkage=0.05


Tree=36
num_leaves=31
num_cat=0
split_feature=2 5 3 3 8 9 3 3 3 3 3 8 3 3 3 3 3 8 3 3 8 3 3 8 3 3 9 3 3 8
split_gain=1.44351 0.278878 0.195211 0.325286 0.387097 0.191123 0.130839 0.127263 0.122097 0.0887982 0.0904408 0.0822161 0.0804367 0.0659545 0.056391 0.0518241 0.0478475 0.0416667 0.0412088 0.0320745 0.038961 0.0312741 0.0307201 0.0542005 0.0255989 0.0370652 0.0255074 0.0219436 0.0191695 0.0191388
threshold=1.0000000180025095e-35 1.0000000180025095e-35 12.500000000000002 9.5000000000000018 1.0000000180025095e-35 1.6000000000000003 10.500000000000002 18.500000000000004 17.500000000000004 8.5000000000000018 5.5000000000000009 1.0000000180025095e-35 1.5000000000000002 13.500000000000002 11.500000000000002 4.5000000000000009 17.500000000000004 1.0000000180025095e-35 11.500000000000002 22.500000000000004 1.0000000180025095e-35 20.500000000000004 21.500000000000004 1.0000000180025095e-35 8.5000000000000018 7.5000000000000009 1.6000000000000003 6.5000000000000009 15.500000000000002 1.0000000180025095e-35
decision_type=2 2 2 2 2 2 2 2 2 2 2 2 2 2 2 2 2 2 2 2 2 2 2 2 2 2 2 2 2 2
left_child=1 2 3 15 6 -3 -5 8 9 10 12 13 17 14 -11 -1 -4 -7 -6 21 -21 26 -23 -24 25 -17 -18 -12 -15 -10
right_child=-2 5 16 4 18 7 -8 -9 29 11 27 -13 -14 28 -16 24 19 -19 -20 20 -22 22 23 -25 -26 -27 -28 -29 -30 -31
leaf_value=0.014930858842874609 0.27804170040685378 0.091803981578829588 0.0047169474508834122 -0.0094667532634685747 0.046625910000232244 0.028886954700722847 -0.0025857808121609207 -0.0008027379412146405 0.08266024931694381 0.03185100933784462 0.075001745031581912 -0.00023028914836994239 0.0025950207880406587 -0.0097041162176115144 0.067755063176965377 -0.0042996960659447648 0.11446120638078608 0.015399405491848196 0.025707387571023421 0.053844942490800921 0.098109388885950333 -0.0096334400279260105 -0.0050377454521445047 0.071123864695119068 0.0021657577164074572 -0.010755081378602005 0.0017613637864003274 0.056902417380646643 0.03939967282250402 0.098360484913611046
leaf_weight=94 144 26 357 126 15 12 131 100 15.999999999999998 42 13.999999999999998 132 44 35 14.999999999999998 352 5.9999999999999991 12 13 22.000000000000004 5.9999999999999991 84 36 4.9999999999999991 75 125 406 44 59 22
leaf_count=94 144 26 357 126 15 12 131 100 16 42 14 132 44 35 15 352 6 12 13 22 6 84 36 5 75 125 406 44 59 22
internal_value=0.000136187 -0.000152514 -0.00045062 -0.000961332 -0.00236842 0.000811518 -0.00297665 0.000612432 0.000973155 0.000721272 0.0018254 0.000229682 0.000588235 0.00102649 0.00236842 -0.000340557 6.50761e-05 0.00291667 0.00321429 -0.000221239 0.00142857 -0.000307262 -0.001 0.000121951 -0.000525362 -0.000660377 -9.70872e-05 0.00327586 0.000212766 0.00368421
internal_weight=2570 2426 1853 931 285 573 257 547 447 409 126 283 68 151 57 646 922 24 28 565 28 537 125 41 552 477 412 58 94 38
internal_count=2570 2426 1853 931 285 573 257 547 447 409 126 283 68 151 57 646 922 24 28 565 28 537 125 41 552 477 412 58 94 38
is_linear=0
shrinkage=0.05


Tree=37
num_leaves=31
num_cat=0
split_feature=2 5 9 8 3 3 3 3 3 3 3 3 3 3 3 3 8 3 3 3 3 3 8 3 3 3 3 3 3 3
split_gain=1.43198 0.267081 0.191123 0.175662 0.190596 0.368883 0.218219 0.135163 0.127263 0.122097 0.115725 0.114234 0.0890256 0.0887982 0.0904408 0.0870197 0.0822161 0.0804367 0.0659545 0.056391 0.0507936 0.0854701 0.0416667 0.0410256 0.0390427 0.0347272 0.0273323 0.0219436 0.020388 0.0191695
threshold=1.0000000180025095e-35 1.0000000180025095e-35 1.6000000000000003 1.0000000180025095e-35 13.500000000000002 9.5000000000000018 10.500000000000002 15.500000000000002 18.500000000000004 17.500000000000004 5.5000000000000009 11.500000000000002 5.5000000000000009 8.5000000000000018 5.5000000000000009 21.500000000000004 1.0000000180025095e-35 1.5000000000000002 13.500000000000002 11.500000000000002 4.5000000000000009 3.5000000000000004 1.0000000180025095e-35 6.5000000000000009 8.5000000000000018 20.500000000000004 20.500000000000004 6.5000000000000009 21.500000000000004 15.500000000000002
decision_type=2 2 2 2 2 2 2 2 2 2 2 2 2 2 2 2 2 2 2 2 2 2 2 2 2 2 2 2 2 2
left_child=1 3 -3 4 5 12 -7 -6 9 13 20 23 -1 14 17 25 18 22 19 -15 21 -5 -4 -12 -14 -13 -9 -16 -28 -20
right_child=-2 2 8 10 7 6 -8 26 -10 -11 11 15 24 16 27 -17 -18 -19 29 -21 -22 -23 -24 -25 -26 -27 28 -29 -30 -31
leaf_value=0.0051789588231635712 0.26413961538651115 0.087213782499888121 0.027442606965686702 0.010718756795350748 0.048688694057934925 -0.0089934156002951411 -0.0039418812017724585 -0.0006191381383423792 -0.00076260104415389095 0.081527229713439162 0.020441004513677186 0.016687702118723901 -0.010037023116203515 0.030258458870952378 0.071251657780002822 0.055703920000446376 -0.00021877469095142913 0.0024652697486386103 -0.0092189104067309287 0.064367310018117116 -0.0017989015781861184 0.20656124340084611 0.014629435217255793 0.036794615506049011 0.0020574698305870776 0.060514463500803563 -0.0091517680265297049 0.054057296511614318 -0.0017858581646362005 0.037429689181378824
leaf_weight=130 144 26 12 13.000000000000002 81 126 165 521 100 38 14.999999999999998 146 389 42 13.999999999999998 10.999999999999998 132 44 35 14.999999999999998 10.000000000000002 4.9999999999999991 12 24 75 5.9999999999999991 78 44 58 59
leaf_count=130 144 26 12 13 81 126 165 521 100 38 15 146 389 42 14 11 132 44 35 15 10 5 12 24 75 6 78 44 58 59
internal_value=0.000155642 -0.000131904 0.000811518 -0.000423637 -0.000606901 -0.00110169 -0.00256014 -1.35499e-05 0.000612432 0.000973155 0.000869565 0.00128713 -0.000387205 0.000721272 0.0018254 0.000705522 0.000229682 0.000588235 0.00102649 0.00236842 -0.00214286 -0.000555555 0.00291667 0.00371795 -0.000711207 0.000394737 -0.000251141 0.00327586 -0.000882353 0.000212766
internal_weight=2570 2426 573 1853 1623 885 291 738 547 447 230 202 594 409 126 163 283 68 151 57 28 18 24 39 464 152 657 58 136 94
internal_count=2570 2426 573 1853 1623 885 291 738 547 447 230 202 594 409 126 163 283 68 151 57 28 18 24 39 464 152 657 58 136 94
is_linear=0
shrinkage=0.05


Tree=38
num_leaves=31
num_cat=0
split_feature=2 5 3 3 8 9 3 3 3 3 3 8 3 3 3 3 3 8 3 3 8 3 3 8 9 3 3 8 3 3
split_gain=1.44351 0.278878 0.195211 0.249228 0.36315 0.191123 0.178839 0.127263 0.122097 0.0887982 0.0904408 0.0822161 0.0804367 0.0659545 0.0594799 0.056391 0.0478475 0.0416667 0.0412088 0.0320745 0.038961 0.0312741 0.0307201 0.0542005 0.0255074 0.023319 0.0219436 0.021015 0.176961 0.0273685
threshold=1.0000000180025095e-35 1.0000000180025095e-35 12.500000000000002 9.5000000000000018 1.0000000180025095e-35 1.6000000000000003 10.500000000000002 18.500000000000004 17.500000000000004 8.5000000000000018 5.5000000000000009 1.0000000180025095e-35 1.5000000000000002 13.500000000000002 4.5000000000000009 11.500000000000002 17.500000000000004 1.0000000180025095e-35 11.500000000000002 22.500000000000004 1.0000000180025095e-35 20.500000000000004 21.500000000000004 1.0000000180025095e-35 1.6000000000000003 11.500000000000002 6.5000000000000009 1.0000000180025095e-35 5.5000000000000009 5.5000000000000009
decision_type=2 2 2 2 2 2 2 2 2 2 2 2 2 2 2 2 2 2 2 2 2 2 2 2 2 2 2 2 2 2
left_child=1 2 3 14 6 -3 -5 8 9 10 12 13 17 15 -1 -11 -4 -7 -6 21 -21 24 -23 -24 -18 -8 -12 29 -29 -16
right_child=-2 5 16 4 18 7 25 -9 -10 11 26 -13 -14 -15 27 -17 19 -19 -20 20 -22 22 23 -25 -26 -27 -28 28 -30 -31
leaf_value=0.010712540532613125 0.25093263461718557 0.082853093374893716 0.0035259016491750654 -0.008543744820280386 0.042454883724918173 0.026070476617402385 -0.0072350478074113102 -0.0007244709919461943 0.077450868227767214 0.028745535927404742 0.067689074891002662 -0.00020783595640384823 0.0023420062612066863 0.009242035948070982 0.00042001421241584237 0.061148944517211284 0.10876910296866393 0.013897963456393004 0.023587633086536067 0.051241988274492695 0.090418723441630489 -0.0086941796252032241 -0.0046965652713054752 0.064782475460340772 0.0016898495189011653 -0.0022593977114642393 0.05135443168603359 -0.0017089564992768037 0.018418952991592488 -0.0085351746128007229
leaf_weight=94 144 26 357 126 15 12 76 100 38 42 13.999999999999998 132 44 94 54 14.999999999999998 5.9999999999999991 12 13 22.000000000000004 5.9999999999999991 84 36 4.9999999999999991 406 55 44 9.9999999999999982 24 464
leaf_count=94 144 26 357 126 15 12 76 100 38 42 14 132 44 94 54 15 6 12 13 22 6 84 36 5 406 55 44 10 24 464
internal_value=0.000136187 -0.000152514 -0.00045062 -0.000961332 -0.00219298 0.000811518 -0.0027821 0.000612432 0.000973155 0.000721272 0.0018254 0.000229682 0.000588235 0.00102649 -0.000417956 0.00236842 6.50761e-05 0.00291667 0.00321429 -0.000221239 0.00142857 -0.000307262 -0.001 0.000121951 -9.70872e-05 -0.00148855 0.00327586 -0.000615942 0.000588235 -0.00069498
internal_weight=2570 2426 1853 931 285 573 257 547 447 409 126 283 68 151 646 57 922 24 28 565 28 537 125 41 412 131 58 552 34 518
internal_count=2570 2426 1853 931 285 573 257 547 447 409 126 283 68 151 646 57 922 24 28 565 28 537 125 41 412 131 58 552 34 518
is_linear=0
shrinkage=0.05


Tree=39
num_leaves=31
num_cat=0
split_feature=2 5 8 9 3 3 3 3 3 3 3 3 3 3 3 3 3 8 3 3 3 3 3 3 8 3 3 3 3 3
split_gain=1.44577 0.311726 0.203538 0.191123 0.127263 0.125273 0.200711 0.283721 0.178839 0.122097 0.115725 0.114234 0.108642 0.110435 0.0887982 0.0904408 0.0870197 0.0822161 0.0804367 0.067509 0.0659545 0.056391 0.0507936 0.0854701 0.0416667 0.0410256 0.0390427 0.0347272 0.023319 0.0222593
threshold=0.3499999999999997 1.0000000180025095e-35 1.0000000180025095e-35 1.6000000000000003 18.500000000000004 5.5000000000000009 12.500000000000002 9.5000000000000018 10.500000000000002 17.500000000000004 5.5000000000000009 11.500000000000002 15.500000000000002 16.500000000000004 8.5000000000000018 5.5000000000000009 21.500000000000004 1.0000000180025095e-35 1.5000000000000002 13.500000000000002 13.500000000000002 11.500000000000002 4.5000000000000009 3.5000000000000004 1.0000000180025095e-35 6.5000000000000009 8.5000000000000018 20.500000000000004 11.500000000000002 20.500000000000004
decision_type=2 2 2 2 2 2 2 2 2 2 2 2 2 2 2 2 2 2 2 2 2 2 2 2 2 2 2 2 2 2
left_child=1 2 5 -3 9 -1 7 26 -9 14 22 25 19 -14 15 18 27 20 24 -8 21 -16 23 -4 -5 -12 -7 -13 -10 -15
right_child=-2 3 10 4 -6 6 12 8 28 -11 11 16 13 29 17 -17 -18 -19 -20 -21 -22 -23 -24 -25 -26 -27 -28 -29 -30 -31
leaf_value=0.0048990101713846101 0.27988494050417095 0.078710438706149022 0.0096471919289525601 0.024766952786532272 -0.00068824744234890253 -0.0091084132297533094 0.0075041727605079213 -0.0081165575792663709 -0.0068732954170407368 0.073578324816378868 0.018498006638413677 0.01576882453684263 -0.0021359630065940216 -0.00076447680089628553 0.027308259131034518 0.034512282268691852 0.048397787828342503 -0.00019744415858364206 0.0022249059481463719 0.046077964272579444 0.0087799341506674244 0.058091497291350713 -0.0016235086743129569 0.19569755420417315 0.013203065283573357 0.032832140544500635 0.0023813550696977662 0.057923449307023533 -0.0021464278258910285 -0.0082594706439430687
leaf_weight=130 141 26 13.000000000000002 12 100 389 35 126 76 38 14.999999999999998 146 67 456 42 58 10.999999999999998 132 44 81 94 14.999999999999998 10.000000000000002 4.9999999999999991 12 24 75 5.9999999999999991 55 136
leaf_count=130 141 26 13 12 100 389 35 126 76 38 15 146 67 456 42 58 11 132 44 81 94 15 10 5 12 24 75 6 55 136
internal_value=7.78212e-05 -0.000207904 -0.000522629 0.000811518 0.000612432 -0.000719557 -0.00084893 -0.00144938 -0.0027821 0.000973155 0.000869565 0.00128713 -0.000290322 -0.000538695 0.000721272 0.0018254 0.000705522 0.000229682 0.000588235 0.00112069 0.00102649 0.00236842 -0.00214286 -0.000555555 0.00291667 0.00371795 -0.000711207 0.000394737 -0.00148855 -0.000320946
internal_weight=2570 2429 1856 573 547 1626 1496 721 257 447 230 202 775 659 409 126 163 283 68 116 151 57 28 18 24 39 464 152 131 592
internal_count=2570 2429 1856 573 547 1626 1496 721 257 447 230 202 775 659 409 126 163 283 68 116 151 57 28 18 24 39 464 152 131 592
is_linear=0
shrinkage=0.05


Tree=40
num_leaves=31
num_cat=0
split_feature=2 2 5 9 7 3 3 3 3 8 8 8 3 3 8 3 3 8 3 3 3 3 8 3 3 3 3 3 3 3
split_gain=1.41326 0.316261 0.290929 0.191123 0.134736 0.127263 0.122097 0.0960755 0.35911 0.250651 0.203373 0.118347 0.0887982 0.0904408 0.0822161 0.0804367 0.0791011 0.0772907 0.0659545 0.0613867 0.056391 0.0479825 0.0416667 0.0373392 0.153757 0.0492611 0.0344794 0.0329117 0.0309157 0.0219436
threshold=0.55000000000000082 1.0000000180025095e-35 1.0000000180025095e-35 1.6000000000000003 1.0000000180025095e-35 18.500000000000004 17.500000000000004 10.500000000000002 9.5000000000000018 1.0000000180025095e-35 1.0000000180025095e-35 1.0000000180025095e-35 8.5000000000000018 5.5000000000000009 1.0000000180025095e-35 1.5000000000000002 21.500000000000004 1.0000000180025095e-35 13.500000000000002 11.500000000000002 11.500000000000002 17.500000000000004 1.0000000180025095e-35 15.500000000000002 13.500000000000002 21.500000000000004 6.5000000000000009 14.500000000000002 20.500000000000004 6.5000000000000009
decision_type=2 2 2 2 2 2 2 2 2 2 2 2 2 2 2 2 2 2 2 2 2 2 2 2 2 2 2 2 2 2
left_child=1 2 4 -4 7 6 12 8 10 -10 -1 23 13 15 18 22 19 26 20 -13 -14 -19 -5 24 -9 -25 -6 -26 -21 -15
right_child=-2 -3 3 5 17 -7 -8 11 9 -11 -12 16 14 29 -16 -17 -18 21 -20 28 -22 -23 -24 25 27 -27 -28 -29 -30 -31
leaf_value=0.0046540596628153802 0.27613033455813141 -0.0070483003216276459 0.074774916770841582 0.023528605147205672 -0.010152994959902496 -0.00065383507023147088 0.069899408575559943 -0.0032334204527577574 -0.0077107297003030546 0.061190531729136272 -0.0065801804231705513 0.051968773919404444 0.025942846174482795 0.062579007033017928 -0.00018757195065445743 0.0021136606507390354 0.045977898436925374 0.023573116734835045 0.0083409374431340447 0.01229820512961282 0.055186922426783191 0.01498038331000049 0.012542912019394682 -0.0067195655183297613 0.0067740593683296886 -0.001048763460641955 -0.00071099642752948315 0.14808549838762125 0.055027276841672371 0.047061095988297344
leaf_weight=130 138 5.9999999999999991 26 12 116 100 38 165 126 7.9999999999999991 28 6.9999999999999991 42 13.999999999999998 132 44 10.999999999999998 41 94 76 14.999999999999998 53 12 145 43 58 802 38 5.9999999999999991 44
leaf_count=130 138 6 26 12 116 100 38 165 126 8 28 7 42 14 132 44 11 41 94 76 15 53 12 145 43 58 802 38 6 44
internal_value=7.78212e-05 -0.00020148 -0.000173124 0.000811518 -0.000477604 0.000612432 0.000973155 -0.000945303 -0.00167808 -0.00358209 -6.3291e-05 -0.000555555 0.000721272 0.0018254 0.000229682 0.000588235 0.001 -8.89326e-05 0.00102649 0.000505618 0.00236842 0.0012766 0.00291667 -0.000902004 -0.000487805 -0.00140394 -0.000228758 0.0012963 0.000121951 0.00327586
internal_weight=2570 2432 2426 573 1853 547 447 841 292 134 158 549 409 126 283 68 100 1012 151 89 57 94 24 449 246 203 918 81 82 58
internal_count=2570 2432 2426 573 1853 547 447 841 292 134 158 549 409 126 283 68 100 1012 151 89 57 94 24 449 246 203 918 81 82 58
is_linear=0
shrinkage=0.05


Tree=41
num_leaves=31
num_cat=0
split_feature=2 2 5 8 3 3 8 3 9 3 3 3 3 3 3 3 3 8 3 3 3 3 3 3 3 8 3 3 8 3
split_gain=1.42446 0.315128 0.252877 0.218386 0.175128 0.249228 0.36315 0.178839 0.119589 0.11097 0.148136 0.0934066 0.056338 0.0542076 0.0528431 0.06887 0.0583748 0.0466518 0.148205 0.0428156 0.0412088 0.0344086 0.0334378 0.0314387 0.0320745 0.038961 0.0312741 0.0307201 0.0542005 0.0292398
threshold=0.55000000000000082 1.0000000180025095e-35 1.0000000180025095e-35 1.0000000180025095e-35 12.500000000000002 9.5000000000000018 1.0000000180025095e-35 10.500000000000002 1.6000000000000003 8.5000000000000018 5.5000000000000009 21.500000000000004 1.5000000000000002 2.5000000000000004 17.500000000000004 13.500000000000002 11.500000000000002 1.0000000180025095e-35 5.5000000000000009 2.5000000000000004 11.500000000000002 18.500000000000004 6.5000000000000009 17.500000000000004 22.500000000000004 1.0000000180025095e-35 20.500000000000004 21.500000000000004 1.0000000180025095e-35 7.5000000000000009
decision_type=2 2 2 2 2 2 2 2 2 2 2 2 2 2 2 2 2 2 2 2 2 2 2 2 2 2 2 2 2 2
left_child=1 2 4 8 5 13 7 -7 -4 10 -5 12 -10 -1 15 16 19 -15 -19 -14 -8 -16 -21 -6 26 -26 -25 -28 -29 -12
right_child=-2 -3 3 9 23 6 20 -9 11 -11 29 -13 14 17 21 -17 -18 18 -20 22 -22 -23 -24 24 25 -27 27 28 -30 -31
leaf_value=0.016699255231000753 0.26232381783022479 -0.0066958853055462371 0.071036170932299511 0.0026710955030203321 0.0021839401074798268 -0.0073251932152879062 0.035631005924990425 -0.0018774354119585946 0.02235217488984538 -0.00080398792896818172 0.065531036879986043 0.0064650844209733112 -0.016653937895567194 -0.0053543429692578292 0.063404445284439434 0.0079238905709773325 0.052427576305444049 -0.0066097390601444379 0.015394449173350422 0.056767998129153209 0.021004899948886459 0.028661832572618364 0.028741719871256462 -0.0023208653915184562 0.049145300565997335 0.081179002956285551 -0.0075105188358294168 -0.0039963253025109393 0.056824567374060345 0.015436204455694647
leaf_weight=41 138 5.9999999999999991 26 45 357 126 15 131 11.999999999999998 226 20 12.999999999999998 6.9999999999999991 555 16.000000000000004 94 14.999999999999998 26 24 7.9999999999999991 13 14.999999999999998 58 412 22.000000000000004 5.9999999999999991 84 36 4.9999999999999991 18
leaf_count=41 138 6 26 45 357 126 15 131 12 226 20 13 7 555 16 94 15 26 24 8 13 15 58 412 22 6 84 36 5 18
internal_value=5.83659e-05 -0.000222039 -0.000193734 0.000724258 -0.000477604 -0.000961332 -0.00219298 -0.0027821 0.0017803 -0.000177993 0.00138554 0.00142857 0.00166667 -0.000417956 0.00147887 0.00115385 0.00215909 -0.00053719 -0.002 0.00157534 0.00321429 0.0033871 0.0019697 1.08462e-05 -0.000221239 0.00142857 -0.000307262 -0.001 0.000121951 0.00368421
internal_weight=2570 2432 2426 573 1853 931 285 257 264 309 83 238 225 646 213 182 88 605 50 73 28 31 66 922 565 28 537 125 41 38
internal_count=2570 2432 2426 573 1853 931 285 257 264 309 83 238 225 646 213 182 88 605 50 73 28 31 66 922 565 28 537 125 41 38
is_linear=0
shrinkage=0.05


Tree=42
num_leaves=31
num_cat=0
split_feature=2 2 5 8 3 3 8 3 9 3 3 3 3 3 3 3 3 3 8 3 3 3 3 3 3 3 8 3 3 8
split_gain=1.3809 0.384684 0.241649 0.218386 0.156314 0.350591 0.179064 0.178839 0.119589 0.11097 0.148136 0.1 0.0934066 0.0571429 0.056338 0.0528431 0.06887 0.0583748 0.0487227 0.117216 0.0543905 0.0428156 0.0344086 0.0334378 0.0314387 0.0320745 0.038961 0.0312741 0.0307201 0.0542005
threshold=0.65000000000000047 1.0000000180025095e-35 1.0000000180025095e-35 1.0000000180025095e-35 12.500000000000002 9.5000000000000018 1.0000000180025095e-35 10.500000000000002 1.6000000000000003 8.5000000000000018 5.5000000000000009 12.500000000000002 21.500000000000004 10.500000000000002 1.5000000000000002 17.500000000000004 13.500000000000002 11.500000000000002 1.0000000180025095e-35 5.5000000000000009 5.5000000000000009 2.5000000000000004 18.500000000000004 6.5000000000000009 17.500000000000004 22.500000000000004 1.0000000180025095e-35 20.500000000000004 21.500000000000004 1.0000000180025095e-35
decision_type=2 2 2 2 2 2 2 2 2 2 2 2 2 2 2 2 2 2 2 2 2 2 2 2 2 2 2 2 2 2
left_child=1 2 4 8 5 18 7 -7 -4 10 -5 -3 14 -8 -10 16 17 21 20 -20 -1 -16 -17 -23 -6 27 -27 -26 -29 -30
right_child=-2 11 3 9 24 6 13 -9 12 -11 -12 -13 -14 -15 15 22 -18 -19 19 -21 -22 23 -24 -25 25 26 -28 28 29 -31
leaf_value=0.0046890738281375023 0.2704679418371736 0.012892427972462612 0.067484362385684518 0.0025375407278693213 0.0020747431021058446 -0.0069589335545235057 0.056349454846429926 -0.0017835636413606748 0.021234566145353108 -0.00076378853251976683 0.017962346847255416 -0.007264336232905004 0.0061418301999246255 0.016118070239252779 -0.015821241000788834 0.060234223020217442 0.0075276960424284674 0.049806197490171844 -0.0059206844490048045 0.01462472671468289 -0.0068776283242150127 0.053929598222695545 0.027228740943987442 0.027304633877693659 -0.0022048221219425289 0.046688035537697473 0.077120052808471284 -0.007134992894037951 -0.0037965090373853873 0.053983339005357324
leaf_weight=130 134 4.9999999999999982 26 45 357 126 8.0000000000000018 131 11.999999999999998 226 38 5 12.999999999999998 20 6.9999999999999991 16.000000000000004 94 14.999999999999998 28 24 464 7.9999999999999991 14.999999999999998 58 412 22.000000000000004 5.9999999999999991 84 36 4.9999999999999991
leaf_count=130 134 5 26 45 357 126 8 131 12 226 38 5 13 20 7 16 94 15 28 24 464 8 15 58 412 22 6 84 36 5
internal_value=5.83659e-05 -0.000213465 -0.000173124 0.000724258 -0.00045062 -0.000907626 -0.00236842 -0.0027821 0.0017803 -0.000177993 0.00138554 -0.01 0.00142857 0.00142857 0.00166667 0.00147887 0.00115385 0.00215909 -0.000263158 -0.00173077 -0.00013468 0.00157534 0.0033871 0.0019697 1.08462e-05 -0.000221239 0.00142857 -0.000307262 -0.001 0.000121951
internal_weight=2570 2436 2426 573 1853 931 285 257 264 309 83 10 238 28 225 213 182 88 646 52 594 73 31 66 922 565 28 537 125 41
internal_count=2570 2436 2426 573 1853 931 285 257 264 309 83 10 238 28 225 213 182 88 646 52 594 73 31 66 922 565 28 537 125 41
is_linear=0
shrinkage=0.05


Tree=43
num_leaves=31
num_cat=0
split_feature=2 2 5 8 3 3 8 3 9 3 3 3 3 3 3 3 3 3 3 3 3 3 3 8 3 3 3 3 8 3
split_gain=1.39179 0.383072 0.252877 0.218386 0.175128 0.325286 0.179064 0.178839 0.119589 0.11097 0.148136 0.1 0.0934066 0.0571429 0.056338 0.0528431 0.06887 0.0583748 0.0495432 0.0592844 0.0428156 0.0344086 0.0334378 0.0316252 0.150156 0.0547522 0.0314387 0.0320745 0.038961 0.0312741
threshold=0.65000000000000047 1.0000000180025095e-35 1.0000000180025095e-35 1.0000000180025095e-35 12.500000000000002 9.5000000000000018 1.0000000180025095e-35 10.500000000000002 1.6000000000000003 8.5000000000000018 5.5000000000000009 12.500000000000002 21.500000000000004 10.500000000000002 1.5000000000000002 17.500000000000004 13.500000000000002 11.500000000000002 2.5000000000000004 6.5000000000000009 2.5000000000000004 18.500000000000004 6.5000000000000009 1.0000000180025095e-35 5.5000000000000009 4.5000000000000009 17.500000000000004 22.500000000000004 1.0000000180025095e-35 20.500000000000004
decision_type=2 2 2 2 2 2 2 2 2 2 2 2 2 2 2 2 2 2 2 2 2 2 2 2 2 2 2 2 2 2
left_child=1 2 4 8 5 18 7 -7 -4 10 -5 -3 14 -8 -10 16 17 20 -1 23 -16 -17 -22 25 -25 -20 -6 29 -29 -28
right_child=-2 11 3 9 26 6 13 -9 12 -11 -12 -13 -14 -15 15 21 -18 -19 19 -21 22 -23 -24 24 -26 -27 27 28 -30 -31
leaf_value=0.015629838778043848 0.25694454474531486 0.012247806573839433 0.064110144266400299 0.0024106636914758661 0.0019710059470005588 -0.0066109868767973319 0.053531982104108436 -0.0016943854592926357 0.020172837838085433 -0.0007255991058937772 0.017064229504892635 -0.006901119421259809 0.0058347386899284094 0.015312166727290123 -0.015030178950749385 0.057222511869206551 0.0071513112403070352 0.047315887615663244 0.12838622591858084 -0.00057935116188209744 0.051233118311560771 0.025867303896788086 0.025939402183808986 -0.0059832178846869755 0.014893491675349591 -0.0065337469080042569 -0.0020945810158454095 0.044353633760812583 0.073264050168047712 -0.0067782432493360585
leaf_weight=41 134 4.9999999999999982 26 45 357 126 8.0000000000000018 131 11.999999999999998 226 38 5 12.999999999999998 20 6.9999999999999991 16.000000000000004 94 14.999999999999998 37 357 7.9999999999999991 14.999999999999998 58 26 14.999999999999998 170 412 22.000000000000004 5.9999999999999991 125
leaf_count=41 134 5 26 45 357 126 8 131 12 226 38 5 13 20 7 16 94 15 37 357 8 15 58 26 15 170 412 22 6 125
internal_value=3.89107e-05 -0.00023399 -0.000193734 0.000724258 -0.000477604 -0.000961332 -0.00236842 -0.0027821 0.0017803 -0.000177993 0.00138554 -0.01 0.00142857 0.00142857 0.00166667 0.00147887 0.00115385 0.00215909 -0.000340557 -0.000454545 0.00157534 0.0033871 0.0019697 -0.00104839 -0.00231707 -0.000797101 1.08462e-05 -0.000221239 0.00142857 -0.000307262
internal_weight=2570 2436 2426 573 1853 931 285 257 264 309 83 10 238 28 225 213 182 88 646 605 73 31 66 248 41 207 922 565 28 537
internal_count=2570 2436 2426 573 1853 931 285 257 264 309 83 10 238 28 225 213 182 88 646 605 73 31 66 248 41 207 922 565 28 537
is_linear=0
shrinkage=0.05


Tree=44
num_leaves=31
num_cat=0
split_feature=2 2 5 8 7 3 3 9 3 3 3 3 8 8 3 3 3 3 3 3 3 3 3 3 3 3 3 8 3 3
split_gain=1.40273 0.381464 0.264359 0.218386 0.154094 0.12314 0.471632 0.119589 0.11097 0.148136 0.1 0.0934066 0.0781472 0.0643032 0.100112 0.056338 0.0528431 0.06887 0.0583748 0.0428156 0.0373392 0.153757 0.0492611 0.0344086 0.0334378 0.0329117 0.0292398 0.0288042 0.0392985 0.0285714
threshold=0.65000000000000047 1.0000000180025095e-35 1.0000000180025095e-35 1.0000000180025095e-35 1.0000000180025095e-35 9.5000000000000018 10.500000000000002 1.6000000000000003 8.5000000000000018 5.5000000000000009 12.500000000000002 21.500000000000004 1.0000000180025095e-35 1.0000000180025095e-35 21.500000000000004 1.5000000000000002 17.500000000000004 13.500000000000002 11.500000000000002 2.5000000000000004 15.500000000000002 13.500000000000002 21.500000000000004 18.500000000000004 6.5000000000000009 14.500000000000002 7.5000000000000009 1.0000000180025095e-35 6.5000000000000009 4.5000000000000009
decision_type=2 2 2 2 2 2 2 2 2 2 2 2 2 2 2 2 2 2 2 2 2 2 2 2 2 2 2 2 2 2
left_child=1 2 4 7 5 12 -7 -4 9 -5 -3 15 -1 20 -15 -9 17 18 19 -17 21 -8 -22 -18 -21 -23 -11 28 -6 -14
right_child=-2 10 3 8 27 6 13 11 -10 26 -12 -13 29 14 -16 16 23 -19 -20 24 22 25 -24 -25 -26 -27 -28 -29 -30 -31
leaf_value=0.0043916497470204083 0.24409731750804903 0.011635416245147474 0.060904637053080295 0.002290130506902062 -0.0087070593018335196 -0.0062804375329574618 -0.0028039802044892816 0.019164195946181153 -0.00068931915059908364 0.06050315621837931 -0.006556063450196741 0.0055430017554320091 -0.006656122773456433 0.0054716458441080376 0.032100848218438886 -0.014278670003211903 0.054361386275746208 0.006793745678291674 0.044950093234880098 0.048671462395982745 -0.0058654686728581689 0.0061238719420839251 -0.00026777140814823188 0.024573938701948662 0.024642432074618536 0.14036973901041092 0.012913065415302506 0.014562377570965835 -0.00089172486957121353 -0.00028764214974699167
leaf_weight=130 134 4.9999999999999982 26 45 116 134 165 11.999999999999998 226 20 5 12.999999999999998 18 89 10.999999999999998 6.9999999999999991 16.000000000000004 94 14.999999999999998 7.9999999999999991 145 43 58 14.999999999999998 58 38 18 94 802 10.000000000000002
leaf_count=130 134 5 26 45 116 134 165 12 226 20 5 13 18 89 11 7 16 94 15 8 145 43 58 15 58 38 18 94 802 10
internal_value=1.94554e-05 -0.000254515 -0.000214344 0.000724258 -0.000504587 -0.00100476 -0.00129575 0.0017803 -0.000177993 0.00138554 -0.01 0.00142857 0.000253165 -0.00064663 0.0005 0.00166667 0.00147887 0.00115385 0.00215909 0.00157534 -0.000902004 -0.000487805 -0.00140394 0.0033871 0.0019697 0.0012963 0.00368421 -8.89326e-05 -0.000174292 -0.00214286
internal_weight=2570 2436 2426 573 1853 841 683 264 309 83 10 238 158 549 100 225 213 182 88 73 449 246 203 31 66 81 38 1012 918 28
internal_count=2570 2436 2426 573 1853 841 683 264 309 83 10 238 158 549 100 225 213 182 88 73 449 246 203 31 66 81 38 1012 918 28
is_linear=0
shrinkage=0.05


Tree=45
num_leaves=31
num_cat=0
split_feature=2 2 5 9 3 3 3 3 3 8 3 3 3 3 3 3 3 3 3 3 3 3 8 3 3 8 3 9 8 3
split_gain=1.35924 0.387918 0.267081 0.191123 0.138568 0.469207 0.201517 0.127263 0.1 0.0761986 0.0769759 0.101393 0.0538785 0.148136 0.0441176 0.0483481 0.0428156 0.0368087 0.0334378 0.032286 0.0314387 0.0320745 0.038961 0.0312741 0.0307201 0.0542005 0.0292398 0.0255074 0.0249052 0.0225957
threshold=0.65000000000000047 1.0000000180025095e-35 1.0000000180025095e-35 1.6000000000000003 12.500000000000002 9.5000000000000018 10.500000000000002 18.500000000000004 12.500000000000002 1.0000000180025095e-35 17.500000000000004 13.500000000000002 8.5000000000000018 5.5000000000000009 11.500000000000002 1.5000000000000002 2.5000000000000004 2.5000000000000004 6.5000000000000009 9.5000000000000018 17.500000000000004 22.500000000000004 1.0000000180025095e-35 20.500000000000004 21.500000000000004 1.0000000180025095e-35 7.5000000000000009 1.6000000000000003 1.0000000180025095e-35 14.500000000000002
decision_type=2 2 2 2 2 2 2 2 2 2 2 2 2 2 2 2 2 2 2 2 2 2 2 2 2 2 2 2 2 2
left_child=1 2 4 -4 5 17 28 9 -3 10 11 14 13 -11 15 -5 -17 -1 -18 -14 29 23 -23 27 -25 -26 -15 -22 -7 -6
right_child=-2 8 3 7 20 6 -8 -9 -10 12 -12 -13 19 26 -16 16 18 -19 -20 -21 21 22 -24 24 25 -27 -28 -29 -30 -31
leaf_value=0.014628764351790613 0.23189245163264652 0.011053645432890042 0.057859405200426275 0.018205986148872099 -0.00018232086526004387 -0.0059664156563095875 -0.0014694671761035451 -0.001296678556440099 -0.006228260277686852 0.0021756239815569805 0.051643316961958875 0.0064540583943770938 -0.0016785274454574008 0.057477998407460346 0.04270258857313608 -0.013564736503051301 0.046237889276183622 -0.0048210953271947089 0.023410310470887596 0.0010701445471897155 0.10378002115159589 0.04214934064317935 0.067995805248723382 -0.0061460576532263557 -0.0032543828526419016 0.050018041806634272 0.012267412144537372 0.0020547303743212674 0.051169404875550883 0.0054659061278407558
leaf_weight=41 134 4.9999999999999982 26 11.999999999999998 105 126 151 100 5 45 15.999999999999998 94 30 20 14.999999999999998 6.9999999999999991 7.9999999999999991 605 58 124 5.9999999999999991 22.000000000000004 5.9999999999999991 84 36 4.9999999999999991 18 406 7.9999999999999991 252
leaf_count=41 134 5 26 12 105 126 151 100 5 45 16 94 30 20 15 7 8 605 58 124 6 22 6 84 36 5 18 406 8 252
internal_value=9.72764e-05 -0.000172414 -0.000131904 0.000811518 -0.000423637 -0.00085392 -0.00254386 0.000612432 -0.01 0.000973155 0.00166667 0.00139175 0.00035865 0.00138554 0.0025 0.00205882 0.00157534 -0.000108359 0.0019697 -0.000194805 1.08462e-05 -0.000221239 0.00142857 -0.000307262 -0.001 0.000121951 0.00368421 -9.70872e-05 -0.00395522 0.000378151
internal_weight=2570 2436 2426 573 1853 931 285 547 10 447 210 194 237 83 100 85 73 646 66 154 922 565 28 537 125 41 38 412 134 357
internal_count=2570 2436 2426 573 1853 931 285 547 10 447 210 194 237 83 100 85 73 646 66 154 922 565 28 537 125 41 38 412 134 357
is_linear=0
shrinkage=0.05


Tree=46
num_leaves=31
num_cat=0
split_feature=2 2 3 5 8 3 3 3 3 3 3 3 3 3 3 3 3 3 9 3 3 3 3 8 3 3 3 3 3 9
split_gain=1.36964 0.537163 0.769231 0.207087 0.178187 0.121734 0.469207 0.201517 0.11097 0.148136 0.0824416 0.0516473 0.0732101 0.0516303 0.0509295 0.054902 0.0541444 0.0583748 0.0435203 0.0428156 0.0368087 0.0334378 0.0292398 0.0249052 0.020964 0.0333333 0.0191695 0.0174948 0.0172792 0.0255074
threshold=1.0500000000000009 1.0000000180025095e-35 8.5000000000000018 1.0000000180025095e-35 1.0000000180025095e-35 12.500000000000002 9.5000000000000018 10.500000000000002 8.5000000000000018 5.5000000000000009 21.500000000000004 20.500000000000004 22.500000000000004 1.5000000000000002 17.500000000000004 18.500000000000004 13.500000000000002 11.500000000000002 1.6000000000000003 2.5000000000000004 2.5000000000000004 6.5000000000000009 7.5000000000000009 1.0000000180025095e-35 1.0000000180025095e-35 1.5000000000000002 15.500000000000002 14.500000000000002 17.500000000000004 1.6000000000000003
decision_type=2 2 2 2 2 2 2 2 2 2 2 2 2 2 2 2 2 2 2 2 2 2 2 2 2 2 2 2 2 2
left_child=1 3 -3 5 10 6 20 23 9 -6 13 28 -13 -5 16 -16 17 19 -18 -15 24 -21 -11 -8 -1 -26 27 -20 -7 -30
right_child=-2 2 -4 4 8 11 7 -9 -10 22 -12 12 -14 14 15 -17 18 -19 26 21 -22 -23 -24 -25 25 -27 -28 -29 29 -31
leaf_value=0.0038973326907119966 0.26634267726407845 0.024909337006679414 -0.0097357056046484692 0.017295686841428504 0.0020668427824791129 0.0017022002000540691 -0.0056680948734941124 -0.0013959938172983578 -0.00059045756316726972 0.054604098487087332 0.008830684693962176 -0.0058387547705650361 0.035458116785106901 -0.012886499677898745 0.046240339969735415 0.028410071149818885 0.063692528918368616 0.040567459144479269 0.26476493322747213 0.043925994812374428 -0.0045800405608349701 0.022239794947343225 0.01165404153731049 0.04861093463177335 0.18889734669780381 0.14601139311874803 0.032447524248897151 -0.016868645806841952 0.098591020094016102 0.0019519938556052053
leaf_weight=21 131 4.9999999999999991 7.9999999999999991 11.999999999999998 45 357 126 151 226 20 13.999999999999998 125 28 6.9999999999999991 21 30 4.9999999999999991 14.999999999999998 11.999999999999998 7.9999999999999991 605 58 18 7.9999999999999991 8 12 59 23 5.9999999999999991 406
leaf_count=21 131 5 8 12 45 357 126 151 226 20 14 125 28 7 21 30 5 15 12 8 605 58 18 8 8 12 59 23 6 406
internal_value=1.94554e-05 -0.000248052 -0.0103846 -0.000193734 0.000636998 -0.00045062 -0.00085392 -0.00254386 -0.000177993 0.00138554 0.00159091 -4.33838e-05 -0.000882353 0.0018 0.00163866 0.00303922 0.00125668 0.00215909 0.000454546 0.00157534 -0.000108359 0.0019697 0.00368421 -0.00395522 0.00134146 0.0025 0.000212766 -0.000714286 0.000123537 -9.70872e-05
internal_weight=2570 2439 13 2426 573 1853 931 285 309 83 264 922 153 250 238 51 187 88 99 73 646 66 38 134 41 20 94 35 769 412
internal_count=2570 2439 13 2426 573 1853 931 285 309 83 264 922 153 250 238 51 187 88 99 73 646 66 38 134 41 20 94 35 769 412
is_linear=0
shrinkage=0.05


Tree=47
num_leaves=31
num_cat=0
split_feature=2 2 3 5 8 7 3 3 3 3 3 8 3 3 3 3 3 3 3 3 9 3 8 3 3 8 3 3 3 8
split_gain=1.40193 0.530664 0.769231 0.23906 0.178187 0.17475 0.135055 0.446024 0.11097 0.148136 0.0824416 0.0781472 0.0553835 0.0843186 0.138469 0.0516303 0.0509295 0.054902 0.0541444 0.0583748 0.0435203 0.0428156 0.038961 0.0334378 0.0292398 0.0288042 0.0392985 0.0285714 0.0274844 0.0249052
threshold=1.0500000000000009 1.0000000180025095e-35 8.5000000000000018 1.0000000180025095e-35 1.0000000180025095e-35 1.0000000180025095e-35 9.5000000000000018 10.500000000000002 8.5000000000000018 5.5000000000000009 21.500000000000004 1.0000000180025095e-35 22.500000000000004 15.500000000000002 14.500000000000002 1.5000000000000002 17.500000000000004 18.500000000000004 13.500000000000002 11.500000000000002 1.6000000000000003 2.5000000000000004 1.0000000180025095e-35 6.5000000000000009 7.5000000000000009 1.0000000180025095e-35 6.5000000000000009 4.5000000000000009 12.500000000000002 1.0000000180025095e-35
decision_type=2 2 2 2 2 2 2 2 2 2 2 2 2 2 2 2 2 2 2 2 2 2 2 2 2 2 2 2 2 2
left_child=1 3 -3 5 10 6 11 29 9 -6 15 -1 13 14 28 -5 18 -18 19 21 -20 -17 -14 -23 -11 26 -7 -13 -9 -8
right_child=-2 2 -4 4 8 25 7 12 -10 24 -12 27 22 -15 -16 16 17 -19 20 -21 -22 23 -24 -25 -26 -27 -28 -29 -30 -31
leaf_value=0.0033853983037813238 0.25302554340087458 0.02366387015634544 -0.0092489203244160868 0.01643090249935706 0.0019635006433551387 -0.0078016495423403609 -0.0053846901298194028 -0.0013261941264334444 -0.0005609346850088975 0.051873893562732969 0.0083891504592640501 -0.0058532598403820899 0.038268967771765007 -0.0054514150228884596 0.051732201427983848 -0.012242174694003793 0.043928322971248657 0.026989567592327957 0.060507902472450192 0.038539086187255316 0.0069747877650003344 0.041729695071755703 0.062823109147031847 0.021127805199976056 0.011071339460444963 0.013633922480921212 -0.0011226967425694769 0.0001967967521418368 -0.00025831483199971749 0.046180387900184708
leaf_weight=130 131 4.9999999999999991 7.9999999999999991 11.999999999999998 45 116 126 151 226 20 13.999999999999998 18 22.000000000000004 203 62 6.9999999999999991 21 30 4.9999999999999991 14.999999999999998 94 7.9999999999999991 5.9999999999999991 58 18 94 802 10.000000000000002 105 7.9999999999999991
leaf_count=130 131 5 8 12 45 116 126 151 226 20 14 18 22 203 62 7 21 30 5 15 94 8 6 58 18 94 802 10 105 8
internal_value=-3.89103e-05 -0.000309553 -0.0103846 -0.000255565 0.000636998 -0.00053157 -0.00106421 -0.00136896 -0.000177993 0.00138554 0.00159091 0.000253165 -0.000737705 -0.000854126 -0.000345912 0.0018 0.00163866 0.00303922 0.00125668 0.00215909 0.000454546 0.00157534 0.00142857 0.0019697 0.00368421 -8.89326e-05 -0.000174292 -0.00214286 -0.000859375 -0.00395522
internal_weight=2570 2439 13 2426 573 1853 841 683 309 83 264 158 549 521 318 250 238 51 187 88 99 73 28 66 38 1012 918 28 256 134
internal_count=2570 2439 13 2426 573 1853 841 683 309 83 264 158 549 521 318 250 238 51 187 88 99 73 28 66 38 1012 918 28 256 134
is_linear=0
shrinkage=0.05


Tree=48
num_leaves=31
num_cat=0
split_feature=2 2 3 5 8 3 3 3 3 3 3 3 3 3 3 3 9 3 3 3 3 3 8 3 3 8 3 9 8 3
split_gain=1.31583 0.542194 0.769231 0.227254 0.147078 0.144037 0.469207 0.201517 0.0891893 0.148136 0.0824416 0.0516303 0.0509295 0.054902 0.0541444 0.0583748 0.0435203 0.0428156 0.0368087 0.0334378 0.0333326 0.0317139 0.038961 0.032153 0.0307201 0.0542005 0.0292398 0.0257014 0.0249052 0.0218509
threshold=1.5999999999999999 0.3499999999999997 8.5000000000000018 1.0000000180025095e-35 1.0000000180025095e-35 12.500000000000002 9.5000000000000018 10.500000000000002 8.5000000000000018 5.5000000000000009 21.500000000000004 1.5000000000000002 17.500000000000004 18.500000000000004 13.500000000000002 11.500000000000002 1.6000000000000003 2.5000000000000004 2.5000000000000004 6.5000000000000009 17.500000000000004 22.500000000000004 1.0000000180025095e-35 20.500000000000004 21.500000000000004 1.0000000180025095e-35 7.5000000000000009 1.6000000000000003 1.0000000180025095e-35 18.500000000000004
decision_type=2 2 2 2 2 2 2 2 2 2 2 2 2 2 2 2 2 2 2 2 2 2 2 2 2 2 2 2 2 2
left_child=1 3 -3 5 10 6 18 28 9 -6 11 -5 14 -14 15 17 -16 -13 -1 -19 -7 23 -23 27 -25 -26 -11 -22 -8 -10
right_child=-2 2 -4 4 8 20 7 -9 29 26 -12 12 13 -15 16 -17 -18 19 -20 -21 21 22 -24 24 25 -27 -28 -29 -30 -31
leaf_value=0.013533189584476402 0.25801194327639199 0.022480676648528222 -0.0087864743081952339 0.015609357374389222 0.001865325611187381 0.0022442332201757101 -0.0051154556233284354 -0.0012598844201117789 -1.7499862030676695e-05 0.049280198884596338 0.007969692936300855 -0.011630065959303604 0.04173190682268621 0.025640089212711548 0.057482507348827698 0.036612131877892529 0.0066260483767503157 0.039643210318167914 -0.0043212936249381719 0.020071414939977258 0.093717603926443752 0.036355519383176736 0.05968195368968026 -0.0052742462808923699 -0.0025271552203371406 0.048081648205975248 0.010517772487422717 -0.0009646737318742875 0.043871368505175479 -0.001013978159674699
leaf_weight=41 128 4.9999999999999991 7.9999999999999991 11.999999999999998 45 359 126 151 154 20 13.999999999999998 6.9999999999999991 21 30 4.9999999999999991 14.999999999999998 94 7.9999999999999991 605 58 5.9999999999999991 22.000000000000004 5.9999999999999991 84 36 4.9999999999999991 18 407 7.9999999999999991 72
leaf_count=41 128 5 8 12 45 359 126 151 154 20 14 7 21 30 5 15 94 8 605 58 6 22 6 84 36 5 18 407 8 72
internal_value=5.83659e-05 -0.000200655 -0.0103846 -0.00014615 0.000724258 -0.00041487 -0.00085392 -0.00254386 -1.6181e-05 0.00138554 0.00159091 0.0018 0.00163866 0.00303922 0.00125668 0.00215909 0.000454546 0.00157534 -0.000108359 0.0019697 2.70272e-05 -0.000212014 0.00142857 -0.000297398 -0.001 0.000121951 0.00368421 -8.47456e-05 -0.00395522 -0.000530973
internal_weight=2570 2442 13 2429 573 1856 931 285 309 83 264 250 238 51 187 88 99 73 646 66 925 566 28 538 125 41 38 413 134 226
internal_count=2570 2442 13 2429 573 1856 931 285 309 83 264 250 238 51 187 88 99 73 646 66 925 566 28 538 125 41 38 413 134 226
is_linear=0
shrinkage=0.05


Tree=49
num_leaves=31
num_cat=0
split_feature=2 2 3 5 8 3 3 3 3 3 3 3 3 9 3 3 3 3 3 3 3 3 3 3 3 3 9 3 3 7
split_gain=1.30549 0.211349 0.432692 0.145259 0.0859169 0.0822679 0.288326 0.0721501 0.0677382 0.0597572 0.0536462 0.0732101 0.0368087 0.035463 0.0711111 0.0290016 0.0998983 0.0287681 0.0502108 0.0254771 0.0302621 0.020964 0.0333333 0.0198413 0.0198413 0.0183432 0.0257014 0.0211267 0.0413561 0.0175417
threshold=1.5999999999999999 0.3499999999999997 8.5000000000000018 1.0000000180025095e-35 1.0000000180025095e-35 12.500000000000002 9.5000000000000018 1.5000000000000002 10.500000000000002 21.500000000000004 20.500000000000004 22.500000000000004 2.5000000000000004 1.6000000000000003 20.500000000000004 8.5000000000000018 6.5000000000000009 2.5000000000000004 6.5000000000000009 9.5000000000000018 15.500000000000002 1.0000000180025095e-35 1.5000000000000002 10.500000000000002 7.5000000000000009 17.500000000000004 1.6000000000000003 14.500000000000002 15.500000000000002 1.0000000180025095e-35
decision_type=2 2 2 2 2 2 2 2 2 2 2 2 2 2 2 2 2 2 2 2 2 2 2 2 2 2 2 2 2 2
left_child=1 3 -3 5 7 6 12 -5 -8 13 25 -12 21 14 -9 16 -6 -15 -19 -17 23 -1 -23 -21 -18 27 -27 -7 -29 -22
right_child=-2 2 -4 4 15 10 8 9 -10 -11 11 -13 -14 17 -16 19 24 18 -20 20 29 22 -24 -25 -26 26 -28 28 -30 -31
leaf_value=0.0028565366617634871 0.24511134611257229 0.021356642816101862 -0.0083471505927854781 0.014828889505669763 0.00029460560047804845 0.0001423887792049161 -0.0048596828421620169 0.047126846912128012 -0.001196890199106182 0.0075712082894858314 -0.0050105339668477522 0.029235778049197171 -0.0041052289436912639 -0.011048562661338402 0.051823352766255319 -0.0015361564676741768 0.11915194172744724 0.037661049802259511 0.013020698607709822 0.011326414641460603 -0.00023728920086717897 0.1786065499685007 0.13786489406839772 0.055009619566281698 0.0099918838630515885 0.089031723730121567 -0.00091644004528053694 0.049033379695575863 9.0558538490581603e-05 -0.00098534688396028258
leaf_weight=21 128 4.9999999999999991 7.9999999999999991 11.999999999999998 55 106 134 15.999999999999998 151 13.999999999999998 125 28 605 6.9999999999999991 9.0000000000000018 30 10.000000000000002 7.9999999999999991 198 18 39 8 12 42 18 5.9999999999999991 407 62 191 97
leaf_count=21 128 5 8 12 55 106 134 16 151 14 125 28 605 7 9 30 10 8 198 18 39 8 12 42 18 6 407 62 191 97
internal_value=7.78212e-05 -0.00018018 -0.00653846 -0.00014615 0.000549738 -0.000360991 -0.000692803 0.00121212 -0.00201754 0.00103175 -2.70268e-05 -0.000882353 -0.000108359 0.00121849 0.003 -1.6181e-05 0.000783133 0.00100939 0.00111651 -0.000309734 -0.000102041 0.00134146 0.0025 0.000833334 0.00321429 0.000142487 -8.47456e-05 0.0004039 0.000652174 -0.000514706
internal_weight=2570 2442 13 2429 573 1856 931 264 285 252 925 153 646 238 25 309 83 213 206 226 196 41 20 60 28 772 413 359 253 136
internal_count=2570 2442 13 2429 573 1856 931 264 285 252 925 153 646 238 25 309 83 213 206 226 196 41 20 60 28 772 413 359 253 136
is_linear=0
shrinkage=0.05


Tree=50
num_leaves=31
num_cat=0
split_feature=2 2 3 3 7 3 5 3 9 5 8 3 3 3 3 8 3 3 3 8 5 3 3 8 8 3 3 3 3 3
split_gain=1.30549 0.211349 0.432692 0.116246 0.0974736 0.100009 0.0973131 0.139088 0.0777624 0.0833333 0.0766327 0.0734319 0.0677382 0.0550904 0.0776313 0.0406928 0.0434783 0.0368192 0.0366225 0.0272089 0.0254986 0.111119 0.0418585 0.0479847 0.0274992 0.0412597 0.0251383 0.0194847 0.0154452 0.0266667
threshold=1.5999999999999999 0.3499999999999997 8.5000000000000018 1.5000000000000002 1.0000000180025095e-35 12.500000000000002 1.0000000180025095e-35 9.5000000000000018 1.6000000000000003 1.0000000180025095e-35 1.0000000180025095e-35 1.0000000180025095e-35 10.500000000000002 20.500000000000004 22.500000000000004 1.0000000180025095e-35 4.5000000000000009 4.5000000000000009 2.5000000000000004 1.0000000180025095e-35 1.0000000180025095e-35 8.5000000000000018 19.500000000000004 1.0000000180025095e-35 1.0000000180025095e-35 6.5000000000000009 21.500000000000004 11.500000000000002 18.500000000000004 19.500000000000004
decision_type=2 2 2 2 2 2 2 2 2 2 2 2 2 2 2 2 2 2 2 2 2 2 2 2 2 2 2 2 2 2
left_child=1 3 -3 11 5 6 7 10 9 -6 -5 -1 -9 -7 19 18 -17 -12 -8 -15 24 -22 23 -23 25 -10 -21 -18 -26 -30
right_child=-2 2 -4 4 8 13 15 12 20 -11 17 -13 -14 14 -16 16 27 -19 -20 26 21 22 -24 -25 28 -27 -28 -29 29 -31
leaf_value=0.0056379532332372258 0.23285577880694364 0.020288810675296781 -0.0079297930631461386 0.0012838416085049432 0.13458013828867355 0.00023270416028326347 -0.010496134528271472 -0.0046166987000539122 -0.0069902409367918698 0.044770504566521596 -0.0051644862505170848 0.16967622247007569 -0.001137045689150873 -0.0047600072685053622 0.030641967124827581 -0.016181266253799852 0.011594200191081551 0.00060828304296620681 0.014299392223287841 -0.028831331266975704 0.01966825873960179 0.023707050417736398 0.038591197242382053 -0.0031734571784253086 0.030138248068002728 -0.00041534806164598498 0.031468480427887781 0.019259135443822739 0.0010462798999658408 0.029046277158151713
leaf_weight=37 128 4.9999999999999991 7.9999999999999991 102 8.0000000000000018 342 6.9999999999999991 134 116 15.999999999999998 17 15.999999999999998 151 135 40 11.999999999999998 54 10.000000000000002 46 17 58 70 18 109 54 796 9.0000000000000018 14.999999999999998 25 14.999999999999998
leaf_count=37 128 5 8 102 8 342 7 134 116 16 17 16 151 135 40 12 54 10 46 17 58 70 18 109 54 796 9 15 25 15
internal_value=7.78212e-05 -0.00018018 -0.00653846 -0.00014615 -0.000197811 -0.000545371 -0.0010219 -0.00140097 9.72764e-05 0.00291667 -3.87595e-05 0.00216981 -0.00201754 -6.44565e-05 -0.000721393 0.000149254 -0.000555555 -0.00240741 0.00122642 -0.00121118 4.36164e-05 0.000490196 -7.61419e-05 -0.000307262 -6.95823e-05 -0.000153509 -0.00269231 -7.24636e-05 0.000744681 1.86265e-10
internal_weight=2570 2442 13 2429 2376 1091 548 414 1285 24 129 53 285 543 201 134 81 27 53 161 1261 255 197 179 1006 912 26 69 94 40
internal_count=2570 2442 13 2429 2376 1091 548 414 1285 24 129 53 285 543 201 134 81 27 53 161 1261 255 197 179 1006 912 26 69 94 40
is_linear=0
shrinkage=0.05


Tree=51
num_leaves=31
num_cat=0
split_feature=2 2 3 3 7 3 5 3 9 5 8 3 3 3 3 8 3 2 3 3 8 3 3 3 8 8 3 3 9 5
split_gain=1.26094 0.216616 0.491228 0.118322 0.0860274 0.100009 0.0973131 0.139088 0.0799236 0.0833333 0.0766327 0.0734319 0.0677382 0.0550904 0.0776313 0.0406928 0.0434783 0.0380952 0.0368192 0.0366225 0.0272089 0.0251383 0.0194847 0.0178032 0.0278161 0.0153784 0.023319 0.0197802 0.0151629 0.0147313
threshold=3.3000000000000012 0.3499999999999997 8.5000000000000018 1.5000000000000002 1.0000000180025095e-35 12.500000000000002 1.0000000180025095e-35 9.5000000000000018 1.6000000000000003 1.0000000180025095e-35 1.0000000180025095e-35 1.0000000180025095e-35 10.500000000000002 20.500000000000004 22.500000000000004 1.0000000180025095e-35 4.5000000000000009 1.0500000000000009 4.5000000000000009 2.5000000000000004 1.0000000180025095e-35 21.500000000000004 11.500000000000002 6.5000000000000009 1.0000000180025095e-35 1.0000000180025095e-35 11.500000000000002 11.500000000000002 1.6000000000000003 1.0000000180025095e-35
decision_type=2 2 2 2 2 2 2 2 2 2 2 2 2 2 2 2 2 2 2 2 2 2 2 2 2 2 2 2 2 2
left_child=1 3 -3 11 5 6 7 10 9 -6 -5 -1 -9 -7 20 19 -17 -4 -12 -8 29 -22 -18 24 -10 26 28 -27 -14 -15
right_child=-2 2 17 4 8 13 15 12 23 -11 18 -13 25 14 -16 16 22 -19 -20 -21 21 -23 -24 -25 -26 27 -28 -29 -30 -31
leaf_value=0.0053560555715753584 0.28432075656888234 0.0053099441891971333 -0.0077391809905165204 0.0012196495280796917 0.12785113137423987 0.00022106895226909219 -0.0099713278018579224 -0.0043858637650512127 -0.0046407283833127871 0.042531979338195511 -0.0049062619379912388 0.16119241134657189 0.11692928681680984 -0.0045220069050800893 0.029109868768586206 -0.015372202941109858 0.011014490181527493 -0.0081202721398410862 0.00057786889081790083 0.013584422612123446 -0.027389764703626918 0.029895056406493384 0.018296178671631604 0.0014854951627191126 0.0046272623515653645 0.046132964558062331 -0.0010801934046933193 0.018498834582319778 -0.0035707171841518727 -0.0030693485354619022
leaf_weight=37 122 7.0000000000000027 4.9999999999999982 102 8.0000000000000018 342 6.9999999999999991 134 120 15.999999999999998 17 15.999999999999998 5.9999999999999991 114 40 11.999999999999998 54 7 10.000000000000002 46 17 9.0000000000000018 14.999999999999998 1116 25 7.0000000000000009 55 13 70 21
leaf_count=37 122 7 5 102 8 342 7 134 120 16 17 16 6 114 40 12 54 7 10 46 17 9 15 1116 25 7 55 13 70 21
internal_value=3.89107e-05 -0.000208333 -0.00552632 -0.000166735 -0.000218855 -0.000545371 -0.0010219 -0.00140097 5.83659e-05 0.00291667 -3.87595e-05 0.00216981 -0.00201754 -6.44565e-05 -0.000721393 0.000149254 -0.000555555 -0.0116667 -0.00240741 0.00122642 -0.00121118 -0.00269231 -7.24636e-05 3.96529e-06 -0.000517241 -0.00129139 -0.00148855 1.86265e-10 -0.000921052 -0.000925926
internal_weight=2570 2448 19 2429 2376 1091 548 414 1285 24 129 53 285 543 201 134 81 12 27 53 161 26 69 1261 145 151 131 20 76 135
internal_count=2570 2448 19 2429 2376 1091 548 414 1285 24 129 53 285 543 201 134 81 12 27 53 161 26 69 1261 145 151 131 20 76 135
is_linear=0
shrinkage=0.05


Tree=52
num_leaves=31
num_cat=0
split_feature=2 2 3 2 3 2 7 3 5 3 9 5 8 3 3 3 3 8 3 3 3 8 3 3 3 8 8 3 3 9
split_gain=1.23679 0.73584 0.12111 0.109811 0.3375 0.1 0.0860274 0.100009 0.0973131 0.139088 0.0799236 0.0833333 0.0766327 0.0734319 0.0677382 0.0550904 0.0776313 0.0406928 0.0434783 0.0368192 0.0366225 0.0272089 0.0251383 0.0194847 0.0178032 0.0278161 0.0153784 0.023319 0.0197802 0.0151629
threshold=3.5500000000000012 2.3000000000000012 1.5000000000000002 0.3499999999999997 8.5000000000000018 1.0500000000000009 1.0000000180025095e-35 12.500000000000002 1.0000000180025095e-35 9.5000000000000018 1.6000000000000003 1.0000000180025095e-35 1.0000000180025095e-35 1.0000000180025095e-35 10.500000000000002 20.500000000000004 22.500000000000004 1.0000000180025095e-35 4.5000000000000009 4.5000000000000009 2.5000000000000004 1.0000000180025095e-35 21.500000000000004 11.500000000000002 6.5000000000000009 1.0000000180025095e-35 1.0000000180025095e-35 11.500000000000002 11.500000000000002 1.6000000000000003
decision_type=2 2 2 2 2 2 2 2 2 2 2 2 2 2 2 2 2 2 2 2 2 2 2 2 2 2 2 2 2 2
left_child=1 2 13 6 -5 -6 7 8 9 12 11 -8 -4 -1 -11 -9 21 20 -19 -14 -10 -17 -23 -20 25 -12 27 29 -28 -16
right_child=-2 -3 3 4 5 -7 10 15 17 14 24 -13 19 -15 26 16 -18 18 23 -21 -22 22 -24 -25 -26 -27 28 -29 -30 -31
leaf_value=0.0050882527929965735 0.29081448649592118 -0.010791894052043949 0.0011586670516757103 0.0043312072113196433 -0.007352221940990728 0.053119029599414704 0.12145857480552787 0.00021001550465564057 -0.0094727614117650297 -0.0041665705767986562 -0.0044086919641471494 0.040405380371285743 -0.0046609488410916701 0.1531327907792433 0.11108282247596937 -0.0042959065598260791 0.027654375330156907 -0.014603592794054366 0.010463765672451109 0.00054897544627701138 0.012905201481517256 -0.026020276468445569 0.028400303586168709 0.017381369738050025 0.0014112204045831623 0.0043958992339870884 0.043826316330159237 -0.0010261837344586633 0.01757389285320379 -0.003392181324944277
leaf_weight=37 118 6.9999999999999991 102 5.9999999999999991 4.9999999999999982 5 8.0000000000000018 342 6.9999999999999991 134 120 15.999999999999998 17 15.999999999999998 5.9999999999999991 135 40 11.999999999999998 54 10.000000000000002 46 17 9.0000000000000018 14.999999999999998 1116 25 7.0000000000000009 55 13 70
leaf_count=37 118 7 102 6 5 5 8 342 7 134 120 16 17 16 6 135 40 12 54 10 46 17 9 15 1116 25 7 55 13 70
internal_value=1.86265e-10 -0.00024062 -0.000194274 -0.000246655 -0.004375 -0.01 -0.000218855 -0.000545371 -0.0010219 -0.00140097 5.83659e-05 0.00291667 -3.87595e-05 0.00216981 -0.00201754 -6.44565e-05 -0.000721393 0.000149254 -0.000555555 -0.00240741 0.00122642 -0.00121118 -0.00269231 -7.24636e-05 3.96529e-06 -0.000517241 -0.00129139 -0.00148855 1.86265e-10 -0.000921052
internal_weight=2570 2452 2445 2392 16 10 2376 1091 548 414 1285 24 129 53 285 543 201 134 81 27 53 161 26 69 1261 145 151 131 20 76
internal_count=2570 2452 2445 2392 16 10 2376 1091 548 414 1285 24 129 53 285 543 201 134 81 27 53 161 26 69 1261 145 151 131 20 76
is_linear=0
shrinkage=0.05


Tree=53
num_leaves=31
num_cat=0
split_feature=2 2 3 3 2 3 2 7 3 3 5 9 5 8 3 3 3 3 3 8 3 3 5 3 8 8 3 3 9 5
split_gain=1.21155 0.736527 1.21212 0.123214 0.108702 0.3375 0.1 0.0995838 0.119978 0.0838932 0.111368 0.0799236 0.0833333 0.07879 0.0888889 0.0734319 0.0677382 0.0550904 0.0776313 0.0272089 0.0251383 0.0204813 0.0253968 0.0178032 0.0278161 0.0153784 0.023319 0.0197802 0.0151629 0.0147313
threshold=4.0500000000000016 2.3000000000000012 17.500000000000004 1.5000000000000002 0.3499999999999997 8.5000000000000018 1.0500000000000009 1.0000000180025095e-35 12.500000000000002 9.5000000000000018 1.0000000180025095e-35 1.6000000000000003 1.0000000180025095e-35 1.0000000180025095e-35 3.5000000000000004 1.0000000180025095e-35 10.500000000000002 20.500000000000004 22.500000000000004 1.0000000180025095e-35 21.500000000000004 4.5000000000000009 1.0000000180025095e-35 6.5000000000000009 1.0000000180025095e-35 1.0000000180025095e-35 11.500000000000002 11.500000000000002 1.6000000000000003 1.0000000180025095e-35
decision_type=2 2 2 2 2 2 2 2 2 2 2 2 2 2 2 2 2 2 2 2 2 2 2 2 2 2 2 2 2 2
left_child=1 3 -3 15 7 -6 -7 8 9 13 16 12 -9 -5 -15 -1 -11 -10 19 29 -21 22 -16 24 -13 26 28 -27 -18 -19
right_child=-2 2 -4 4 5 6 -8 11 17 10 -12 23 -14 14 21 -17 25 18 -20 20 -22 -23 -24 -25 -26 27 -28 -29 -30 -31
leaf_value=0.0048338401533467258 0.29566218383222276 0.52277035976171382 -0.010330268979548179 0.0016007333042110661 0.0041146468507537006 -0.0069846108439411804 0.050463078119443949 0.11538564606525148 0.00019951472942284933 -0.0039582420479587271 0.0042813389990797651 -0.0041882573659397957 0.038385111352721456 -0.010327047658661749 0.18942080448981979 0.14547615124028113 0.10552868135217089 -0.0040811112318347781 0.026271656563649045 -0.024719262645023291 0.026980288406860255 0.0010215265287835105 0.019126591628921032 0.0013406593843540082 0.0041761042722877175 0.041635000513651259 -0.00097487454773572681 0.016695198210543615 -0.0032225722586970654 -0.0027010857806974986
leaf_weight=37 114 4.9999999999999982 6 113 5.9999999999999991 4.9999999999999982 5 8.0000000000000018 342 134 90 120 15.999999999999998 14.999999999999998 4.9999999999999973 15.999999999999998 5.9999999999999991 114 40 17 9.0000000000000018 31 9 1116 25 7.0000000000000009 55 13 70 21
leaf_count=37 114 5 6 113 6 5 5 8 342 134 90 120 16 15 5 16 6 114 40 17 9 31 9 1116 25 7 55 13 70 21
internal_value=-3.89103e-05 -0.000272801 -0.0131818 -0.000214724 -0.000267558 -0.004375 -0.01 -0.000239899 -0.000591201 -0.00111314 -0.00153333 5.83659e-05 0.00291667 -0.000202312 -0.00166667 0.00216981 -0.00201754 -6.44565e-05 -0.000721393 -0.00121118 -0.00269231 -0.000555555 -0.00214286 3.96529e-06 -0.000517241 -0.00129139 -0.00148855 1.86265e-10 -0.000921052 -0.000925926
internal_weight=2570 2456 11 2445 2392 16 10 2376 1091 548 375 1285 24 173 60 53 285 543 201 161 26 45 14 1261 145 151 131 20 76 135
internal_count=2570 2456 11 2445 2392 16 10 2376 1091 548 375 1285 24 173 60 53 285 543 201 161 26 45 14 1261 145 151 131 20 76 135
is_linear=0
shrinkage=0.05


Tree=54
num_leaves=31
num_cat=0
split_feature=2 2 3 3 2 3 2 7 3 3 5 9 5 8 3 3 3 3 3 8 3 3 5 3 8 8 3 3 9 5
split_gain=1.21155 0.736527 1.21212 0.123214 0.108702 0.3375 0.1 0.0995838 0.119978 0.0838932 0.111368 0.0799236 0.0833333 0.07879 0.0888889 0.0734319 0.0677382 0.0550904 0.0776313 0.0272089 0.0251383 0.0204813 0.0253968 0.0178032 0.0278161 0.0153784 0.023319 0.0197802 0.0151629 0.0147313
threshold=4.0500000000000016 2.3000000000000012 17.500000000000004 1.5000000000000002 0.3499999999999997 8.5000000000000018 1.0500000000000009 1.0000000180025095e-35 12.500000000000002 9.5000000000000018 1.0000000180025095e-35 1.6000000000000003 1.0000000180025095e-35 1.0000000180025095e-35 3.5000000000000004 1.0000000180025095e-35 10.500000000000002 20.500000000000004 22.500000000000004 1.0000000180025095e-35 21.500000000000004 4.5000000000000009 1.0000000180025095e-35 6.5000000000000009 1.0000000180025095e-35 1.0000000180025095e-35 11.500000000000002 11.500000000000002 1.6000000000000003 1.0000000180025095e-35
decision_type=2 2 2 2 2 2 2 2 2 2 2 2 2 2 2 2 2 2 2 2 2 2 2 2 2 2 2 2 2 2
left_child=1 3 -3 15 7 -6 -7 8 9 13 16 12 -9 -5 -15 -1 -11 -10 19 29 -21 22 -16 24 -13 26 28 -27 -18 -19
right_child=-2 2 -4 4 5 6 -8 11 17 10 -12 23 -14 14 21 -17 25 18 -20 20 -22 -23 -24 -25 -26 27 -28 -29 -30 -31
leaf_value=0.004592148145679399 0.28087907464061163 0.49663184177362807 -0.0098137555305706156 0.0015206966390005185 0.0039089145082160997 -0.0066353803017441815 0.047939924213471846 0.10961636376198891 0.0001895389929517032 -0.0037603299455607922 0.0040672720491257584 -0.0039788444976428085 0.036465855785085398 -0.0098106952757286425 0.17994976426532877 0.13820234367826709 0.10025224728456235 -0.003877055670243035 0.024958073735466588 -0.023483299512772123 0.025631273986517246 0.00097045020234434037 0.018170262047474985 0.0012736264151363131 0.0039672990586733237 0.039553250487968677 -0.00092613082034893608 0.015860438300016443 -0.0030614436457622185 -0.002566031491662635
leaf_weight=37 114 4.9999999999999982 6 113 5.9999999999999991 4.9999999999999982 5 8.0000000000000018 342 134 90 120 15.999999999999998 14.999999999999998 4.9999999999999973 15.999999999999998 5.9999999999999991 114 40 17 9.0000000000000018 31 9 1116 25 7.0000000000000009 55 13 70 21
leaf_count=37 114 5 6 113 6 5 5 8 342 134 90 120 16 15 5 16 6 114 40 17 9 31 9 1116 25 7 55 13 70 21
internal_value=-3.89103e-05 -0.000272801 -0.0131818 -0.000214724 -0.000267558 -0.004375 -0.01 -0.000239899 -0.000591201 -0.00111314 -0.00153333 5.83659e-05 0.00291667 -0.000202312 -0.00166667 0.00216981 -0.00201754 -6.44565e-05 -0.000721393 -0.00121118 -0.00269231 -0.000555555 -0.00214286 3.96529e-06 -0.000517241 -0.00129139 -0.00148855 1.86265e-10 -0.000921052 -0.000925926
internal_weight=2570 2456 11 2445 2392 16 10 2376 1091 548 375 1285 24 173 60 53 285 543 201 161 26 45 14 1261 145 151 131 20 76 135
internal_count=2570 2456 11 2445 2392 16 10 2376 1091 548 375 1285 24 173 60 53 285 543 201 161 26 45 14 1261 145 151 131 20 76 135
is_linear=0
shrinkage=0.05


Tree=55
num_leaves=31
num_cat=0
split_feature=2 2 3 3 2 3 2 7 3 3 5 9 5 8 3 3 3 3 3 8 3 3 5 3 8 8 3 3 9 5
split_gain=1.16501 0.689083 2.00893 0.123214 0.108702 0.3375 0.1 0.0995838 0.119978 0.0838932 0.111368 0.0799236 0.0833333 0.07879 0.0888889 0.0734319 0.0677382 0.0550904 0.0776313 0.0272089 0.0251383 0.0204813 0.0253968 0.0178032 0.0278161 0.0153784 0.023319 0.0197802 0.0151629 0.0147313
threshold=4.6000000000000023 2.3000000000000012 17.500000000000004 1.5000000000000002 0.3499999999999997 8.5000000000000018 1.0500000000000009 1.0000000180025095e-35 12.500000000000002 9.5000000000000018 1.0000000180025095e-35 1.6000000000000003 1.0000000180025095e-35 1.0000000180025095e-35 3.5000000000000004 1.0000000180025095e-35 10.500000000000002 20.500000000000004 22.500000000000004 1.0000000180025095e-35 21.500000000000004 4.5000000000000009 1.0000000180025095e-35 6.5000000000000009 1.0000000180025095e-35 1.0000000180025095e-35 11.500000000000002 11.500000000000002 1.6000000000000003 1.0000000180025095e-35
decision_type=2 2 2 2 2 2 2 2 2 2 2 2 2 2 2 2 2 2 2 2 2 2 2 2 2 2 2 2 2 2
left_child=1 3 -3 15 7 -6 -7 8 9 13 16 12 -9 -5 -15 -1 -11 -10 19 29 -21 22 -16 24 -13 26 28 -27 -18 -19
right_child=-2 2 -4 4 5 6 -8 11 17 10 -12 23 -14 14 21 -17 25 18 -20 20 -22 -23 -24 -25 -26 27 -28 -29 -30 -31
leaf_value=0.0043625407383954271 0.29905567948658995 0.33914586189466667 -0.011286528699678703 0.0014446618070504957 0.0037134687828053073 -0.0063036112866569349 0.045542928002798182 0.10413554557388947 0.00018006204330411215 -0.0035723134482827492 0.0038639084466694841 -0.0037799022727606716 0.034642562995831135 -0.0093201605119422222 0.17095227605206231 0.13129222649435374 0.095239634920334257 -0.0036832028867308853 0.023710170048693264 -0.022309134537133513 0.024349710287191365 0.00092192769222711884 0.01726174894510123 0.0012099450943794986 0.0037689341057396634 0.037575587963570238 -0.00087982427933148706 0.01506741638501561 -0.0029083714634741131 -0.0024377299170795122
leaf_weight=37 109 8.9999999999999982 6.9999999999999991 113 5.9999999999999991 4.9999999999999982 5 8.0000000000000018 342 134 90 120 15.999999999999998 14.999999999999998 4.9999999999999973 15.999999999999998 5.9999999999999991 114 40 17 9.0000000000000018 31 9 1116 25 7.0000000000000009 55 13 70 21
leaf_count=37 109 9 7 113 6 5 5 8 342 134 90 120 16 15 5 16 6 114 40 17 9 31 9 1116 25 7 55 13 70 21
internal_value=-5.83656e-05 -0.000282405 -0.010625 -0.000214724 -0.000267558 -0.004375 -0.01 -0.000239899 -0.000591201 -0.00111314 -0.00153333 5.83659e-05 0.00291667 -0.000202312 -0.00166667 0.00216981 -0.00201754 -6.44565e-05 -0.000721393 -0.00121118 -0.00269231 -0.000555555 -0.00214286 3.96529e-06 -0.000517241 -0.00129139 -0.00148855 1.86265e-10 -0.000921052 -0.000925926
internal_weight=2570 2461 16 2445 2392 16 10 2376 1091 548 375 1285 24 173 60 53 285 543 201 161 26 45 14 1261 145 151 131 20 76 135
internal_count=2570 2461 16 2445 2392 16 10 2376 1091 548 375 1285 24 173 60 53 285 543 201 161 26 45 14 1261 145 151 131 20 76 135
is_linear=0
shrinkage=0.05


Tree=56
num_leaves=31
num_cat=0
split_feature=2 2 3 2 3 2 3 7 3 3 5 9 5 8 3 3 3 3 3 8 3 3 5 3 8 8 3 3 9 5
split_gain=1.13774 1.07441 2.29365 0.31746 0.34188 0.221612 0.120416 0.0995838 0.119978 0.0838932 0.111368 0.0799236 0.0833333 0.07879 0.0888889 0.0734319 0.0677382 0.0550904 0.0776313 0.0272089 0.0251383 0.0204813 0.0253968 0.0178032 0.0278161 0.0153784 0.023319 0.0197802 0.0151629 0.0147313
threshold=5.150000000000003 0.3499999999999997 19.500000000000004 3.5500000000000012 7.5000000000000009 1.0500000000000009 1.5000000000000002 1.0000000180025095e-35 12.500000000000002 9.5000000000000018 1.0000000180025095e-35 1.6000000000000003 1.0000000180025095e-35 1.0000000180025095e-35 3.5000000000000004 1.0000000180025095e-35 10.500000000000002 20.500000000000004 22.500000000000004 1.0000000180025095e-35 21.500000000000004 4.5000000000000009 1.0000000180025095e-35 6.5000000000000009 1.0000000180025095e-35 1.0000000180025095e-35 11.500000000000002 11.500000000000002 1.6000000000000003 1.0000000180025095e-35
decision_type=2 2 2 2 2 2 2 2 2 2 2 2 2 2 2 2 2 2 2 2 2 2 2 2 2 2 2 2 2 2
left_child=1 6 3 4 -3 -6 15 8 9 13 16 12 -9 -8 -15 -1 -11 -10 19 29 -21 22 -16 24 -13 26 28 -27 -18 -19
right_child=-2 2 -4 -5 5 -7 7 11 17 10 -12 23 -14 14 21 -17 25 18 -20 20 -22 -23 -24 -25 -26 27 -28 -29 -30 -31
leaf_value=0.0041444137014756367 0.33122644569632487 0.22324864118709994 -0.010306152682809168 0.047444311468346018 -0.0017559366985748172 -0.011263598625901051 0.0013724287166979822 0.098928768295195021 0.0001710589411389062 -0.0033936977758686096 0.0036707130243359923 -0.003590907159122636 0.032910434846039581 -0.0088541524863451123 0.16240466224945918 0.12472761516963603 0.090477653174317538 -0.003499042742394343 0.022524661546258581 -0.021193677810276836 0.023132224772831778 0.00087583130761576954 0.016398661497846169 0.0011494478396605267 0.0035804874004526921 0.035696808565391702 -0.00083583306536492161 0.014314045565764833 -0.0027629528903004188 -0.0023158434212255498
leaf_weight=37 105 5.0000000000000062 7.9999999999999991 9.9999999999999982 5.9999999999999982 7 113 8.0000000000000018 342 134 90 120 15.999999999999998 14.999999999999998 4.9999999999999973 15.999999999999998 5.9999999999999991 114 40 17 9.0000000000000018 31 9 1116 25 7.0000000000000009 55 13 70 21
leaf_count=37 105 5 8 10 6 7 113 8 342 134 90 120 16 15 5 16 6 114 40 17 9 31 9 1116 25 7 55 13 70 21
internal_value=-9.72761e-05 -0.000314401 -0.00888889 -0.00214286 -0.00611111 -0.0103846 -0.00018732 -0.000239899 -0.000591201 -0.00111314 -0.00153333 5.83659e-05 0.00291667 -0.000202312 -0.00166667 0.00216981 -0.00201754 -6.44565e-05 -0.000721393 -0.00121118 -0.00269231 -0.000555555 -0.00214286 3.96529e-06 -0.000517241 -0.00129139 -0.00148855 1.86265e-10 -0.000921052 -0.000925926
internal_weight=2570 2465 36 28 18 13 2429 2376 1091 548 375 1285 24 173 60 53 285 543 201 161 26 45 14 1261 145 151 131 20 76 135
internal_count=2570 2465 36 28 18 13 2429 2376 1091 548 375 1285 24 173 60 53 285 543 201 161 26 45 14 1261 145 151 131 20 76 135
is_linear=0
shrinkage=0.05


Tree=57
num_leaves=31
num_cat=0
split_feature=2 2 3 2 5 3 3 7 3 3 5 9 5 8 3 3 3 3 3 8 3 3 5 3 8 8 3 3 9 5
split_gain=1.13774 1.07441 2.29365 0.31746 0.34188 0.221612 0.120416 0.0995838 0.119978 0.0838932 0.111368 0.0799236 0.0833333 0.07879 0.0888889 0.0734319 0.0677382 0.0550904 0.0776313 0.0272089 0.0251383 0.0204813 0.0253968 0.0178032 0.0278161 0.0153784 0.023319 0.0197802 0.0151629 0.0147313
threshold=5.150000000000003 0.3499999999999997 19.500000000000004 3.5500000000000012 1.0000000180025095e-35 8.5000000000000018 1.5000000000000002 1.0000000180025095e-35 12.500000000000002 9.5000000000000018 1.0000000180025095e-35 1.6000000000000003 1.0000000180025095e-35 1.0000000180025095e-35 3.5000000000000004 1.0000000180025095e-35 10.500000000000002 20.500000000000004 22.500000000000004 1.0000000180025095e-35 21.500000000000004 4.5000000000000009 1.0000000180025095e-35 6.5000000000000009 1.0000000180025095e-35 1.0000000180025095e-35 11.500000000000002 11.500000000000002 1.6000000000000003 1.0000000180025095e-35
decision_type=2 2 2 2 2 2 2 2 2 2 2 2 2 2 2 2 2 2 2 2 2 2 2 2 2 2 2 2 2 2
left_child=1 6 3 4 5 -3 15 8 9 13 16 12 -9 -8 -15 -1 -11 -10 19 29 -21 22 -16 24 -13 26 28 -27 -18 -19
right_child=-2 2 -4 -5 -6 -7 7 11 17 10 -12 23 -14 14 21 -17 25 18 -20 20 -22 -23 -24 -25 -26 27 -28 -29 -30 -31
leaf_value=0.003937193016401842 0.31466512341150871 -0.0017718307392833533 -0.0097908450486687403 0.045072095894928686 0.56583767120843365 -0.01070041869460594 0.0013038072808630786 0.093982329880435256 0.00016250599408195612 -0.0032240128870751786 0.003487177373119188 -0.0034113618011665015 0.031264913103737607 -0.0084114448620278733 0.15428442913698623 0.11849123441115422 0.08595377051560163 -0.0033240906052746213 0.021398428468945657 -0.020133993919762994 0.021975613534190187 0.00083203974223497879 0.015578728422953859 0.0010919754476775001 0.0034014630304300521 0.033911968137122099 -0.00079404141209666885 0.013598343287476578 -0.002624805245785389 -0.0022000512501642701
leaf_weight=37 105 6.0000000000000053 7.9999999999999991 9.9999999999999982 4.9999999999999991 7 113 8.0000000000000018 342 134 90 120 15.999999999999998 14.999999999999998 4.9999999999999973 15.999999999999998 5.9999999999999991 114 40 17 9.0000000000000018 31 9 1116 25 7.0000000000000009 55 13 70 21
leaf_count=37 105 6 8 10 5 7 113 8 342 134 90 120 16 15 5 16 6 114 40 17 9 31 9 1116 25 7 55 13 70 21
internal_value=-9.72761e-05 -0.000314401 -0.00888889 -0.00214286 -0.00611111 -0.0103846 -0.00018732 -0.000239899 -0.000591201 -0.00111314 -0.00153333 5.83659e-05 0.00291667 -0.000202312 -0.00166667 0.00216981 -0.00201754 -6.44565e-05 -0.000721393 -0.00121118 -0.00269231 -0.000555555 -0.00214286 3.96529e-06 -0.000517241 -0.00129139 -0.00148855 1.86265e-10 -0.000921052 -0.000925926
internal_weight=2570 2465 36 28 18 13 2429 2376 1091 548 375 1285 24 173 60 53 285 543 201 161 26 45 14 1261 145 151 131 20 76 135
internal_count=2570 2465 36 28 18 13 2429 2376 1091 548 375 1285 24 173 60 53 285 543 201 161 26 45 14 1261 145 151 131 20 76 135
is_linear=0
shrinkage=0.05


Tree=58
num_leaves=31
num_cat=0
split_feature=2 2 3 2 5 3 3 7 3 3 5 9 5 8 3 3 3 3 3 8 3 3 5 3 8 8 3 3 9 5
split_gain=1.13774 1.07441 2.29365 0.31746 0.34188 0.221612 0.120416 0.0995838 0.119978 0.0838932 0.111368 0.0799236 0.0833333 0.07879 0.0888889 0.0734319 0.0677382 0.0550904 0.0776313 0.0272089 0.0251383 0.0204813 0.0253968 0.0178032 0.0278161 0.0153784 0.023319 0.0197802 0.0151629 0.0147313
threshold=5.150000000000003 0.3499999999999997 19.500000000000004 3.5500000000000012 1.0000000180025095e-35 8.5000000000000018 1.5000000000000002 1.0000000180025095e-35 12.500000000000002 9.5000000000000018 1.0000000180025095e-35 1.6000000000000003 1.0000000180025095e-35 1.0000000180025095e-35 3.5000000000000004 1.0000000180025095e-35 10.500000000000002 20.500000000000004 22.500000000000004 1.0000000180025095e-35 21.500000000000004 4.5000000000000009 1.0000000180025095e-35 6.5000000000000009 1.0000000180025095e-35 1.0000000180025095e-35 11.500000000000002 11.500000000000002 1.6000000000000003 1.0000000180025095e-35
decision_type=2 2 2 2 2 2 2 2 2 2 2 2 2 2 2 2 2 2 2 2 2 2 2 2 2 2 2 2 2 2
left_child=1 6 3 4 5 -3 15 8 9 13 16 12 -9 -8 -15 -1 -11 -10 19 29 -21 22 -16 24 -13 26 28 -27 -18 -19
right_child=-2 2 -4 -5 -6 -7 7 11 17 10 -12 23 -14 14 21 -17 25 18 -20 20 -22 -23 -24 -25 -26 27 -28 -29 -30 -31
leaf_value=0.0037403333655817612 0.29893186724093329 -0.0016832392023191868 -0.0093013027962352453 0.042818491100182161 0.53754578764801186 -0.010165397759875728 0.0012386169168199235 0.089283213386413485 0.00015438069437786908 -0.0030628122427214244 0.0033128185044632111 -0.0032407937111081811 0.029701667448550746 -0.0079908726189264808 0.14657020768013693 0.1125666726905965 0.08165608198982155 -0.003157886075010885 0.020328507045498396 -0.019127294223774845 0.020876832857480689 0.00079043775512323972 0.014799792001806167 0.0010373766752936264 0.0032313898789085417 0.032216369730265981 -0.00075433934149182758 0.012918426123102745 -0.0024935649834961107 -0.0020900486876560542
leaf_weight=37 105 6.0000000000000053 7.9999999999999991 9.9999999999999982 4.9999999999999991 7 113 8.0000000000000018 342 134 90 120 15.999999999999998 14.999999999999998 4.9999999999999973 15.999999999999998 5.9999999999999991 114 40 17 9.0000000000000018 31 9 1116 25 7.0000000000000009 55 13 70 21
leaf_count=37 105 6 8 10 5 7 113 8 342 134 90 120 16 15 5 16 6 114 40 17 9 31 9 1116 25 7 55 13 70 21
internal_value=-9.72761e-05 -0.000314401 -0.00888889 -0.00214286 -0.00611111 -0.0103846 -0.00018732 -0.000239899 -0.000591201 -0.00111314 -0.00153333 5.83659e-05 0.00291667 -0.000202312 -0.00166667 0.00216981 -0.00201754 -6.44565e-05 -0.000721393 -0.00121118 -0.00269231 -0.000555555 -0.00214286 3.96529e-06 -0.000517241 -0.00129139 -0.00148855 1.86265e-10 -0.000921052 -0.000925926
internal_weight=2570 2465 36 28 18 13 2429 2376 1091 548 375 1285 24 173 60 53 285 543 201 161 26 45 14 1261 145 151 131 20 76 135
internal_count=2570 2465 36 28 18 13 2429 2376 1091 548 375 1285 24 173 60 53 285 543 201 161 26 45 14 1261 145 151 131 20 76 135
is_linear=0
shrinkage=0.05


Tree=59
num_leaves=31
num_cat=0
split_feature=2 2 3 2 5 3 3 7 9 5 3 3 3 3 5 3 8 3 3 3 5 3 5 3 8 5 3 8 3 8
split_gain=1.16394 1.05921 2.29365 0.31746 0.34188 0.221612 0.126808 0.146201 0.0799236 0.0833333 0.0734319 0.0650944 0.0880624 0.0838932 0.111368 0.0815902 0.07879 0.0888889 0.0677382 0.0204813 0.0253968 0.0204105 0.0474002 0.0178032 0.0278161 0.016669 0.05 0.0323755 0.0212328 0.0460925
threshold=5.150000000000003 0.3499999999999997 19.500000000000004 3.5500000000000012 1.0000000180025095e-35 8.5000000000000018 1.5000000000000002 1.0000000180025095e-35 1.6000000000000003 1.0000000180025095e-35 1.0000000180025095e-35 12.500000000000002 15.500000000000002 9.5000000000000018 1.0000000180025095e-35 22.500000000000004 1.0000000180025095e-35 3.5000000000000004 10.500000000000002 4.5000000000000009 1.0000000180025095e-35 14.500000000000002 1.0000000180025095e-35 6.5000000000000009 1.0000000180025095e-35 1.0000000180025095e-35 20.500000000000004 1.0000000180025095e-35 20.500000000000004 1.0000000180025095e-35
decision_type=2 2 2 2 2 2 2 2 2 2 2 2 2 2 2 2 2 2 2 2 2 2 2 2 2 2 2 2 2 2
left_child=1 6 3 4 5 -3 10 11 9 -9 -1 13 21 16 18 25 -8 -18 -15 20 -19 -13 -23 24 -10 28 27 -27 -14 -30
right_child=-2 2 -4 -5 -6 -7 7 8 23 -11 -12 12 15 14 -16 -17 17 19 -20 -21 -22 22 -24 -25 -26 26 -28 -29 29 -31
leaf_value=0.0035533166973026674 0.28398527387888656 -0.001599077242203273 -0.0088362376564233187 0.040677566545172912 0.51066849826561134 -0.0096571278718818668 0.0011766860709789386 0.084819052717092808 -0.0030787540255527769 0.028216584076123204 0.10693833905606667 0.0025492254349539448 -0.0015000134611299343 -0.0029096716305853534 0.003147177579240035 0.019312081693223487 -0.00759132898798014 0.13924169729613009 -0.00071662237441723071 0.00075091586736708441 0.01405980240171586 0.046495668210172779 -0.009942332642838482 0.00098550784152894749 0.0030698203849631291 0.056738893624620972 -0.0037157819055025606 0.02739795137373351 -0.0029999917712603356 -0.013707388016984279
leaf_weight=37 105 6.0000000000000053 7.9999999999999991 9.9999999999999982 4.9999999999999991 7 113 8.0000000000000018 120 15.999999999999998 15.999999999999998 131 78 134 90 40 14.999999999999998 4.9999999999999973 151 31 9 62 26 1116 25 29 36 15.999999999999998 114 10.999999999999998
leaf_count=37 105 6 8 10 5 7 113 8 120 16 16 131 78 134 90 40 15 5 151 31 9 62 26 1116 25 29 36 16 114 11
internal_value=-0.000155642 -0.000375253 -0.00888889 -0.00214286 -0.00611111 -0.0103846 -0.000249074 -0.00030303 5.83659e-05 0.00291667 0.00216981 -0.000728689 -0.0003407 -0.00111314 -0.00153333 -0.000864197 -0.000202312 -0.00166667 -0.00201754 -0.000555555 -0.00214286 0.00043379 0.00102273 3.96529e-06 -0.000517241 -0.00116197 -0.000555555 0.000555556 -0.00140394 -0.001
internal_weight=2570 2465 36 28 18 13 2429 2376 1285 24 53 1091 543 548 375 324 173 60 285 45 14 219 88 1261 145 284 81 45 203 125
internal_count=2570 2465 36 28 18 13 2429 2376 1285 24 53 1091 543 548 375 324 173 60 285 45 14 219 88 1261 145 284 81 45 203 125
is_linear=0
shrinkage=0.05


Tree=60
num_leaves=31
num_cat=0
split_feature=2 2 3 2 5 3 3 7 3 3 5 9 5 8 3 3 3 3 3 8 3 8 3 5 3 8 8 3 3 9
split_gain=1.14644 1.06933 2.29365 0.31746 0.34188 0.221612 0.122528 0.114132 0.0998337 0.0838932 0.111368 0.0799236 0.0833333 0.07879 0.0888889 0.0734319 0.0677382 0.040729 0.0776313 0.0272089 0.0251383 0.0222603 0.0204813 0.0253968 0.0178032 0.0278161 0.0153784 0.023319 0.0197802 0.0151629
threshold=5.150000000000003 0.3499999999999997 19.500000000000004 3.5500000000000012 1.0000000180025095e-35 8.5000000000000018 1.5000000000000002 1.0000000180025095e-35 12.500000000000002 9.5000000000000018 1.0000000180025095e-35 1.6000000000000003 1.0000000180025095e-35 1.0000000180025095e-35 3.5000000000000004 1.0000000180025095e-35 10.500000000000002 20.500000000000004 22.500000000000004 1.0000000180025095e-35 21.500000000000004 1.0000000180025095e-35 4.5000000000000009 1.0000000180025095e-35 6.5000000000000009 1.0000000180025095e-35 1.0000000180025095e-35 11.500000000000002 11.500000000000002 1.6000000000000003
decision_type=2 2 2 2 2 2 2 2 2 2 2 2 2 2 2 2 2 2 2 2 2 2 2 2 2 2 2 2 2 2
left_child=1 6 3 4 5 -3 15 8 9 13 16 12 -9 -8 -15 -1 -11 21 19 -19 -21 -10 23 -16 25 -13 27 29 -28 -18
right_child=-2 2 -4 -5 -6 -7 7 11 17 10 -12 24 -14 14 22 -17 26 18 -20 20 -22 -23 -24 -25 -26 -27 28 -29 -30 -31
leaf_value=0.0033756508624375524 0.26978601018494219 -0.0015191233800930571 -0.008394425773602077 0.03864368821791439 0.48513507335233075 -0.0091742714782877318 0.0011178517674300004 0.080578100081238183 7.4989658239552068e-05 -0.0027641880490560824 0.0029898187002780131 -0.0029248163242751369 0.026805754872317053 -0.0072117625385811129 0.13227961243132355 0.10159142210326336 0.077609109009051339 -0.0028499921826973143 0.018346477608562336 -0.017985140417310974 0.020118696365041124 -0.00085806517355943308 0.00071337007399874123 0.013356812281630071 0.00093623244945250533 0.0029163293657149536 0.03064138236247356 -0.00068079125569637806 0.01230833593566847 -0.0023330556156004436
leaf_weight=37 105 6.0000000000000053 7.9999999999999991 9.9999999999999982 4.9999999999999991 7 113 8.0000000000000018 251 134 90 120 15.999999999999998 14.999999999999998 4.9999999999999973 15.999999999999998 5.9999999999999991 135 40 17 9.0000000000000018 91 31 9 1116 25 7.0000000000000009 55 13 70
leaf_count=37 105 6 8 10 5 7 113 8 251 134 90 120 16 15 5 16 6 135 40 17 9 91 31 9 1116 25 7 55 13 70
internal_value=-0.000116731 -0.000334685 -0.00888889 -0.00214286 -0.00611111 -0.0103846 -0.000207904 -0.000260943 -0.00063703 -0.00111314 -0.00153333 5.83659e-05 0.00291667 -0.000202312 -0.00166667 0.00216981 -0.00201754 -0.000156538 -0.000721393 -0.00121118 -0.00269231 0.000175439 -0.000555555 -0.00214286 3.96529e-06 -0.000517241 -0.00129139 -0.00148855 1.86265e-10 -0.000921052
internal_weight=2570 2465 36 28 18 13 2429 2376 1091 548 375 1285 24 173 60 53 285 543 201 161 26 342 45 14 1261 145 151 131 20 76
internal_count=2570 2465 36 28 18 13 2429 2376 1091 548 375 1285 24 173 60 53 285 543 201 161 26 342 45 14 1261 145 151 131 20 76
is_linear=0
shrinkage=0.05


Tree=61
num_leaves=31
num_cat=0
split_feature=2 2 3 2 3 3 7 2 3 3 5 9 5 8 3 3 3 3 3 8 3 8 3 5 3 8 8 3 3 9
split_gain=1.15517 1.21291 2.20389 0.395229 0.141176 0.123196 0.113165 0.101587 0.0977672 0.0838932 0.111368 0.0803574 0.0833333 0.07879 0.0888889 0.0734319 0.0677382 0.0394113 0.0776313 0.0272089 0.0251383 0.0213527 0.0204813 0.0253968 0.0172687 0.0278161 0.0153784 0.023319 0.0197802 0.0151629
threshold=5.150000000000003 1.0000000180025095e-35 19.500000000000004 1.5999999999999999 16.500000000000004 1.5000000000000002 1.0000000180025095e-35 0.65000000000000047 12.500000000000002 9.5000000000000018 1.0000000180025095e-35 1.6000000000000003 1.0000000180025095e-35 1.0000000180025095e-35 3.5000000000000004 1.0000000180025095e-35 10.500000000000002 20.500000000000004 22.500000000000004 1.0000000180025095e-35 21.500000000000004 1.0000000180025095e-35 4.5000000000000009 1.0000000180025095e-35 6.5000000000000009 1.0000000180025095e-35 1.0000000180025095e-35 11.500000000000002 11.500000000000002 1.6000000000000003
decision_type=2 2 2 2 2 2 2 2 2 2 2 2 2 2 2 2 2 2 2 2 2 2 2 2 2 2 2 2 2 2
left_child=1 5 3 7 -5 15 8 -3 9 13 16 12 -8 -7 -15 -1 -11 21 19 -19 -21 -10 23 -16 25 -13 27 29 -28 -18
right_child=-2 2 -4 4 -6 6 11 -9 17 10 -12 24 -14 14 22 -17 26 18 -20 20 -22 -23 -24 -25 -26 -27 28 -29 -30 -31
leaf_value=0.0032068683193156597 0.25629670967569512 -0.00086157220991247511 -0.007974704484921968 0.043957023552988389 -0.0034666140713545839 0.0010619591790584915 0.076549195077176266 -0.0091858365514078475 7.1239301086278847e-05 -0.0026259786466032776 0.0028403277652641282 -0.0027785755080613761 0.025465467128701198 -0.0068511744116520395 0.12566563180975737 0.096511850998100182 0.07372865355859877 -0.0027074925735624533 0.017429153728134202 -0.017085883396445425 0.019112761546789061 -0.00081516191488145988 0.00067770157029880401 0.012688971667548565 0.0012596156273438242 0.0027705128974292005 0.029109313244349889 -0.00064675169291155137 0.011692919138885038 -0.0022164028348204304
leaf_weight=37 105 9.0000000000000018 7.9999999999999991 12.000000000000002 4.9999999999999991 113 8.0000000000000018 4.9999999999999991 250 134 90 120 15.999999999999998 14.999999999999998 4.9999999999999973 15.999999999999998 5.9999999999999991 135 40 17 9.0000000000000018 91 31 9 1114 25 7.0000000000000009 55 13 70
leaf_count=37 105 9 8 12 5 113 8 5 250 134 90 120 16 15 5 16 6 135 40 17 9 91 31 9 1114 25 7 55 13 70
internal_value=-0.000136187 -0.000354969 -0.00910256 -0.00306452 0.00205882 -0.000214344 -0.000267594 -0.00928571 -0.000642202 -0.00111314 -0.00153333 5.06627e-05 0.00291667 -0.000202312 -0.00166667 0.00216981 -0.00201754 -0.000166051 -0.000721393 -0.00121118 -0.00269231 0.000161291 -0.000555555 -0.00214286 -3.97122e-06 -0.000517241 -0.00129139 -0.00148855 1.86265e-10 -0.000921052
internal_weight=2570 2465 39 31 17 2426 2373 14 1090 548 375 1283 24 173 60 53 285 542 201 161 26 341 45 14 1259 145 151 131 20 76
internal_count=2570 2465 39 31 17 2426 2373 14 1090 548 375 1283 24 173 60 53 285 542 201 161 26 341 45 14 1259 145 151 131 20 76
is_linear=0
shrinkage=0.05


Tree=62
num_leaves=31
num_cat=0
split_feature=2 2 3 2 5 3 7 3 3 5 9 5 8 3 3 3 3 3 2 8 3 8 3 5 3 8 8 3 3 9
split_gain=1.15517 1.43887 2.03175 0.496032 0.534188 0.122528 0.114132 0.0998337 0.0838932 0.111368 0.0799236 0.0833333 0.07879 0.0888889 0.0734319 0.0677382 0.040729 0.0776313 0.029304 0.0272089 0.0251383 0.0222603 0.0204813 0.0253968 0.0178032 0.0278161 0.0153784 0.023319 0.0197802 0.0151629
threshold=5.150000000000003 0.3499999999999997 19.500000000000004 3.5500000000000012 1.0000000180025095e-35 1.5000000000000002 1.0000000180025095e-35 12.500000000000002 9.5000000000000018 1.0000000180025095e-35 1.6000000000000003 1.0000000180025095e-35 1.0000000180025095e-35 3.5000000000000004 1.0000000180025095e-35 10.500000000000002 20.500000000000004 22.500000000000004 1.0500000000000009 1.0000000180025095e-35 21.500000000000004 1.0000000180025095e-35 4.5000000000000009 1.0000000180025095e-35 6.5000000000000009 1.0000000180025095e-35 1.0000000180025095e-35 11.500000000000002 11.500000000000002 1.6000000000000003
decision_type=2 2 2 2 2 2 2 2 2 2 2 2 2 2 2 2 2 2 2 2 2 2 2 2 2 2 2 2 2 2
left_child=1 5 3 4 18 14 7 8 12 15 11 -8 -7 -14 -1 -10 21 19 -3 -18 -21 -9 23 -15 25 -12 27 29 -28 -17
right_child=-2 2 -4 -5 -6 6 10 16 9 -11 24 -13 13 22 -16 26 17 -19 -20 20 -22 -23 -24 -25 -26 -27 28 -29 -30 -31
leaf_value=0.0030465249033498794 0.24348187419191039 -0.003713840269286508 -0.00757596926067583 0.034750770785690693 0.46002502636659481 0.0010088612201055724 0.072721735323317424 6.7678210273267045e-05 -0.0024946797142731182 0.0026983113770009393 -0.0026396467326583076 0.024192193772266141 -0.0065086156910694193 0.11938235021926946 0.091686258448195182 0.070042220880668804 -0.0025721179448843336 0.016557696041727493 -0.0084278427537612527 -0.016231589226623152 0.018157123469449612 -0.0007744038191373954 0.0006438164917838649 0.012054523084171143 0.00082644004561269072 0.0026319872525577327 0.027653847582132407 -0.00061441410826597049 0.011108273181940787 -0.0021055826930794111
leaf_weight=37 105 6.0000000000000053 7.9999999999999991 9.9999999999999982 4.9999999999999991 113 8.0000000000000018 251 134 90 120 15.999999999999998 14.999999999999998 4.9999999999999973 15.999999999999998 5.9999999999999991 135 40 7 17 9.0000000000000018 91 31 9 1116 25 7.0000000000000009 55 13 70
leaf_count=37 105 6 8 10 5 113 8 251 134 90 120 16 15 5 16 6 135 40 7 17 9 91 31 9 1116 25 7 55 13 70
internal_value=-0.000136187 -0.000354969 -0.0102778 -0.00392857 -0.00888889 -0.000207904 -0.000260943 -0.00063703 -0.00111314 -0.00153333 5.83659e-05 0.00291667 -0.000202312 -0.00166667 0.00216981 -0.00201754 -0.000156538 -0.000721393 -0.0142308 -0.00121118 -0.00269231 0.000175439 -0.000555555 -0.00214286 3.96529e-06 -0.000517241 -0.00129139 -0.00148855 1.86265e-10 -0.000921052
internal_weight=2570 2465 36 28 18 2429 2376 1091 548 375 1285 24 173 60 53 285 543 201 13 161 26 342 45 14 1261 145 151 131 20 76
internal_count=2570 2465 36 28 18 2429 2376 1091 548 375 1285 24 173 60 53 285 543 201 13 161 26 342 45 14 1261 145 151 131 20 76
is_linear=0
shrinkage=0.05


Tree=63
num_leaves=31
num_cat=0
split_feature=2 2 8 3 3 7 2 7 3 5 9 5 3 3 8 3 3 8 8 3 3 3 3 8 3 3 3 8 3 8
split_gain=1.16037 2.04603 1.76444 1.74321 0.469925 0.380952 0.192857 0.116357 0.0938113 0.150842 0.0803574 0.0833333 0.0803026 0.0718695 0.0809071 0.0909774 0.047619 0.0444138 0.0416667 0.0394113 0.0776313 0.0310265 0.0320106 0.0272089 0.0251383 0.023319 0.0230277 0.0213527 0.0172687 0.0278161
threshold=6.0500000000000016 1.0000000180025095e-35 1.0000000180025095e-35 17.500000000000004 12.500000000000002 1.0000000180025095e-35 3.3000000000000012 1.0000000180025095e-35 12.500000000000002 1.0000000180025095e-35 1.6000000000000003 1.0000000180025095e-35 1.5000000000000002 4.5000000000000009 1.0000000180025095e-35 1.0000000180025095e-35 1.5000000000000002 1.0000000180025095e-35 1.0000000180025095e-35 20.500000000000004 22.500000000000004 10.500000000000002 9.5000000000000018 1.0000000180025095e-35 21.500000000000004 11.500000000000002 3.5000000000000004 1.0000000180025095e-35 6.5000000000000009 1.0000000180025095e-35
decision_type=2 2 2 2 2 2 2 2 2 2 2 2 2 2 2 2 2 2 2 2 2 2 2 2 2 2 2 2 2 2
left_child=1 7 3 4 5 -3 -5 8 9 13 11 -9 18 14 15 -1 -17 21 -11 27 23 22 -15 -21 -25 -23 -14 -10 29 -12
right_child=-2 2 -4 6 -6 -7 -8 10 19 12 28 -13 26 17 -16 16 -18 -19 -20 20 -22 25 -24 24 -26 -27 -28 -29 -30 -31
leaf_value=-0.0015300455733934016 0.29857530873166754 0.26684132758713347 0.46036896630655355 -0.0044661990893086799 0.15247104807213679 -0.011578069595198049 -0.0076454673927852466 0.069085648557151561 6.4293425518302535e-05 0.011343690455331457 -0.0025076643960253889 0.022982584083652821 -0.0045818172758011538 -4.1581721689620825e-05 -0.0031831805702779549 0.087101945525785415 0.11688238865401622 -0.00088837302533528728 0.0067751938646136017 -0.0024435120476401177 0.01572981123964114 -0.0040003039905591063 -0.0023699457285594641 -0.015420009765291993 0.017249267295977144 -0.00058369340285266966 0.002563396031668086 -0.00073568362818051964 0.0011553128436959993 0.002500387889929834
leaf_weight=20 101 6.0000000000000044 11.999999999999998 4.9999999999999982 4.9999999999999991 8 7 8.0000000000000018 250 12 120 15.999999999999998 13.999999999999998 54 18 7.9999999999999991 48 38 12 135 40 76 126 17 9.0000000000000018 55 120 91 1114 25
leaf_count=20 101 6 12 5 5 8 7 8 250 12 120 16 14 54 18 8 48 38 12 135 40 76 126 17 9 55 120 91 1114 25
internal_value=-0.000252918 -0.000467801 -0.0112791 -0.0175806 -0.00815789 -0.0128571 -0.0325 -0.000276175 -0.000643044 -0.00107321 5.06627e-05 0.00291667 0.000253165 -0.00154628 -0.000319149 0.000394737 0.00142857 -0.00187679 0.00291667 -0.000166051 -0.000721393 -0.00207395 -0.0025 -0.00121118 -0.00269231 -0.00148855 -0.00022388 0.000161291 -3.97122e-06 -0.000517241
internal_weight=2570 2469 43 31 19 14 12 2426 1143 601 1283 24 158 443 94 76 56 349 24 542 201 311 180 161 26 131 134 341 1259 145
internal_count=2570 2469 43 31 19 14 12 2426 1143 601 1283 24 158 443 94 76 56 349 24 542 201 311 180 161 26 131 134 341 1259 145
is_linear=0
shrinkage=0.05


Tree=64
num_leaves=31
num_cat=0
split_feature=2 2 8 3 7 3 7 3 5 9 5 3 3 3 3 3 8 3 3 2 8 3 3 8 3 8 8 3 3 9
split_gain=1.14324 1.90496 1.81071 1.44048 0.560897 0.126808 0.146201 0.141555 0.0814936 0.0799236 0.0833333 0.0734319 0.0514578 0.0677382 0.040729 0.0776313 0.0346811 0.0544662 0.0368192 0.0307692 0.0272089 0.0251383 0.0230277 0.0222603 0.0178032 0.0278161 0.0153784 0.023319 0.0197802 0.0151629
threshold=6.0500000000000016 0.3499999999999997 1.0000000180025095e-35 19.500000000000004 1.0000000180025095e-35 1.5000000000000002 1.0000000180025095e-35 12.500000000000002 1.0000000180025095e-35 1.6000000000000003 1.0000000180025095e-35 1.0000000180025095e-35 9.5000000000000018 10.500000000000002 20.500000000000004 22.500000000000004 1.0000000180025095e-35 4.5000000000000009 4.5000000000000009 3.5500000000000012 1.0000000180025095e-35 21.500000000000004 3.5000000000000004 1.0000000180025095e-35 6.5000000000000009 1.0000000180025095e-35 1.0000000180025095e-35 11.500000000000002 11.500000000000002 1.6000000000000003
decision_type=2 2 2 2 2 2 2 2 2 2 2 2 2 2 2 2 2 2 2 2 2 2 2 2 2 2 2 2 2 2
left_child=1 5 3 4 -3 11 7 8 12 10 -8 -1 16 -14 23 20 17 -7 -18 -6 -16 -22 -10 -9 25 -11 27 29 -28 -15
right_child=-2 2 -4 -5 19 6 9 14 22 24 -12 -13 13 26 15 -17 18 -19 -20 -21 21 -23 -24 -25 -26 -27 28 -29 -30 -31
leaf_value=0.0025844888214602889 0.28364654329508404 0.081860481261062615 0.43735051799122582 -0.0073263250604138994 -0.0069102865276611308 0.11103826922131542 0.065631366129293989 6.1079628483692866e-05 -0.0043527264120110992 -0.0023822811762241216 0.021833454879470179 0.082746848249496144 -0.0022514484421314873 0.06674012503616332 -0.0023213364452581153 0.014943320677659085 -0.0040240229871767235 -3.9502635605148662e-05 0.00015604446364110293 -0.0068579439894556286 -0.014649009277027392 0.016386803931178296 0.0024352262300846752 -0.00069889944677149762 0.00072735240114725648 0.0023753684954333611 0.026315573854292576 -0.00055450873271003511 0.010597278174110514 -0.001800288358897495
leaf_weight=37 101 8.0000000000000036 11.999999999999998 6.9999999999999991 7.9999999999999991 48 8.0000000000000018 251 13.999999999999998 120 15.999999999999998 15.999999999999998 134 5.9999999999999991 135 40 17 54 10.000000000000002 5.0000000000000009 17 9.0000000000000018 120 91 1116 25 7.0000000000000009 55 13 70
leaf_count=37 101 8 12 7 8 48 8 251 14 120 16 16 134 6 135 40 17 54 10 5 17 9 120 91 1116 25 7 55 13 70
internal_value=-0.000214008 -0.000427298 -0.01125 -0.0182143 -0.0116667 -0.000249074 -0.00030303 -0.000728689 -0.00129562 5.83659e-05 0.00291667 0.00216981 -0.00164251 -0.00201754 -0.000156538 -0.000721393 -0.000813953 -0.000392157 -0.00240741 -0.0180769 -0.00121118 -0.00269231 -0.00022388 0.000175439 3.96529e-06 -0.000517241 -0.00129139 -0.00148855 1.86265e-10 -0.000921052
internal_weight=2570 2469 40 28 21 2429 2376 1091 548 1285 24 53 414 285 543 201 129 102 27 13 161 26 134 342 1261 145 151 131 20 76
internal_count=2570 2469 40 28 21 2429 2376 1091 548 1285 24 53 414 285 543 201 129 102 27 13 161 26 134 342 1261 145 151 131 20 76
is_linear=0
shrinkage=0.05


Tree=65
num_leaves=31
num_cat=0
split_feature=2 2 3 7 2 2 7 9 5 3 3 3 5 3 3 3 3 3 5 8 5 8 3 3 3 8 8 3 3 9
split_gain=1.14324 1.49033 1.58681 0.406349 0.347115 0.1 0.0912224 0.0821145 0.0833333 0.0803571 0.0792679 0.147821 0.115537 0.044755 0.040729 0.0776313 0.0286509 0.113122 0.058639 0.0625 0.0417872 0.0272089 0.0261522 0.0677382 0.0251383 0.0222603 0.0153784 0.023319 0.0197802 0.0151629
threshold=6.0500000000000016 0.3499999999999997 17.500000000000004 1.0000000180025095e-35 1.5999999999999999 0.65000000000000047 1.0000000180025095e-35 1.6000000000000003 1.0000000180025095e-35 8.5000000000000018 12.500000000000002 3.5000000000000004 1.0000000180025095e-35 6.5000000000000009 20.500000000000004 22.500000000000004 1.0000000180025095e-35 1.5000000000000002 1.0000000180025095e-35 1.0000000180025095e-35 1.0000000180025095e-35 1.0000000180025095e-35 9.5000000000000018 10.500000000000002 21.500000000000004 1.0000000180025095e-35 1.0000000180025095e-35 11.500000000000002 11.500000000000002 1.6000000000000003
decision_type=2 2 2 2 2 2 2 2 2 2 2 2 2 2 2 2 2 2 2 2 2 2 2 2 2 2 2 2 2 2
left_child=1 6 4 -4 5 -3 10 8 -8 -6 11 16 22 -9 25 21 18 -18 -1 -20 -19 -16 -13 -24 -23 -12 27 29 -28 -25
right_child=-2 2 3 -5 9 -7 7 13 -10 -11 14 12 -14 -15 15 -17 17 20 19 -21 -22 24 23 26 -26 -27 28 -29 -30 -31
leaf_value=-8.2766908782838655e-05 0.26946421613032978 0.0017389664994081956 -0.0078355583185906793 -0.004747983299160808 0.030194672761802502 -0.0074750148311008707 0.062349797822829303 -0.0017631678848229249 0.020741782135496673 0.067958630334105555 5.8025647059498092e-05 -3.7527503824885683e-05 0.0023134649185804434 0.00069098478108989162 -0.0022052696229952098 0.014196154643776122 0.078609505837021365 0.059677181656503556 0.0076472817746137348 -0.0027097381994576342 -0.0041350900914105398 -0.013916558813176022 -0.0021388760200249158 0.063403118784355117 0.015567463734619381 -0.00066395447443291788 0.024999795161577954 -0.00052678329607454006 0.010067414265405007 -0.0017102739409526225
leaf_weight=21 101 5.0000000000000018 4.9999999999999973 9 8.9999999999999982 5 8.0000000000000018 145 15.999999999999998 6.9999999999999991 251 91 120 1116 135 40 15.999999999999998 38 7.9999999999999973 8 13.999999999999998 17 134 5.9999999999999991 9.0000000000000018 91 7.0000000000000009 55 13 70
leaf_count=21 101 5 5 9 9 5 8 145 16 7 251 91 120 1116 135 40 16 38 8 8 14 17 134 6 9 91 7 55 13 70
internal_value=-0.000214008 -0.000427298 -0.01 -0.0235714 -0.00269231 -0.01 -0.000269658 1.94554e-05 0.00291667 0.001875 -0.000594405 -0.000990016 -0.00135081 -3.56858e-05 -0.000156538 -0.000721393 0.000714286 0.00132353 -0.000405405 0.001875 0.000192308 -0.00121118 -0.00178191 -0.00201754 -0.00269231 0.000175439 -0.00129139 -0.00148855 1.86265e-10 -0.000921052
internal_weight=2570 2469 40 14 26 10 2429 1285 24 16 1144 601 496 1261 543 201 105 68 37 16 52 161 376 285 26 342 151 131 20 76
internal_count=2570 2469 40 14 26 10 2429 1285 24 16 1144 601 496 1261 543 201 105 68 37 16 52 161 376 285 26 342 151 131 20 76
is_linear=0
shrinkage=0.05


Tree=66
num_leaves=31
num_cat=0
split_feature=2 2 3 5 2 7 7 3 5 3 9 5 3 8 3 8 3 3 3 3 3 8 3 3 3 3 8 3 3 8
split_gain=1.06094 1.55464 1.82008 2.30114 0.523193 0.30303 0.13263 0.114076 0.102452 0.0942308 0.0799236 0.0833333 0.0718695 0.0809071 0.0909774 0.0654375 0.119438 0.0964286 0.0870827 0.0611111 0.047619 0.0444138 0.040729 0.0776313 0.0310265 0.0320106 0.0272089 0.0251383 0.023319 0.0222603
threshold=7.6499999999999995 0.3499999999999997 17.500000000000004 1.0000000180025095e-35 2.3000000000000012 1.0000000180025095e-35 1.0000000180025095e-35 12.500000000000002 1.0000000180025095e-35 9.5000000000000018 1.6000000000000003 1.0000000180025095e-35 4.5000000000000009 1.0000000180025095e-35 1.0000000180025095e-35 1.0000000180025095e-35 3.5000000000000004 1.0000000180025095e-35 1.5000000000000002 9.5000000000000018 1.5000000000000002 1.0000000180025095e-35 20.500000000000004 22.500000000000004 10.500000000000002 9.5000000000000018 1.0000000180025095e-35 21.500000000000004 11.500000000000002 1.0000000180025095e-35
decision_type=2 2 2 2 2 2 2 2 2 2 2 2 2 2 2 2 2 2 2 2 2 2 2 2 2 2 2 2 2 2
left_child=1 6 4 5 9 -4 7 8 12 -3 11 -8 13 14 -1 18 17 -17 -10 -6 -16 24 29 26 25 -14 -24 -28 -26 -9
right_child=-2 2 3 -5 19 -7 10 22 15 -11 -12 -13 21 -15 20 16 -18 -19 -20 -21 -22 -23 23 -25 28 -27 27 -29 -30 -31
leaf_value=-0.0015786293903576 0.33024401244876228 -0.0044489430103793739 -0.010556513596306072 0.36368515078545116 0.026206433978205393 -0.0046439746931500369 0.059232307931687836 5.5124364706513053e-05 0.010264917402761187 0.033857235481899166 1.3955441486520889e-05 0.019704693028721826 -3.5651128633640287e-05 -0.0058066794752304144 0.074679030545170291 -0.0025742512894847639 0.0046650781808399433 -0.0065177298400512732 0.0061081754673773005 0.14184517162323448 0.10339821710572204 -0.00084988022205934044 -0.0020950061418454459 0.013486346911587316 -0.003624760676038652 -0.0020319322190236687 -0.013220730872517223 0.014789090547888406 -0.00050044413127081633 -0.0006307567507112616
leaf_weight=20 92 7.9999999999999982 4.9999999999999982 4.9999999999999991 9.0000000000000018 6 8.0000000000000018 251 11.999999999999998 5 1261 15.999999999999998 54 18 7.9999999999999991 7.9999999999999982 78 7 53 10.999999999999998 48 38 135 40 76 126 17 9.0000000000000018 55 91
leaf_count=20 92 8 5 5 9 6 8 251 12 5 1261 16 54 18 8 8 78 7 53 11 48 38 135 40 76 126 17 9 55 91
internal_value=-0.000272373 -0.000468119 -0.00928571 -0.023125 -0.00257576 -0.0359091 -0.000290243 -0.000681818 -0.00115641 -0.0103846 5.83659e-05 0.00291667 -0.00154628 -0.000319149 0.000394737 -6.3291e-05 -0.000913978 -0.005 0.00115385 0.0025 0.00142857 -0.00187679 -0.000156538 -0.000721393 -0.00207395 -0.0025 -0.00121118 -0.00269231 -0.00148855 0.000175439
internal_weight=2570 2478 49 16 33 11 2429 1144 601 13 1285 24 443 94 76 158 93 15 65 20 56 349 543 201 311 180 161 26 131 342
internal_count=2570 2478 49 16 33 11 2429 1144 601 13 1285 24 443 94 76 158 93 15 65 20 56 349 543 201 311 180 161 26 131 342
is_linear=0
shrinkage=0.05


Tree=67
num_leaves=31
num_cat=0
split_feature=2 2 3 5 2 7 7 3 3 3 8 5 9 5 3 3 3 3 8 3 5 3 8 3 3 3 8 3 5 3
split_gain=1.06094 1.55464 1.82008 2.30114 0.523193 0.30303 0.13263 0.0942308 0.0809469 0.119594 0.105806 0.0814936 0.0799236 0.0833333 0.0664568 0.0611111 0.0514578 0.0677382 0.0467507 0.0428571 0.0571429 0.0377201 0.0346811 0.0544662 0.0368192 0.0230277 0.0222603 0.0207161 0.0556653 0.0178032
threshold=7.6499999999999995 0.3499999999999997 17.500000000000004 1.0000000180025095e-35 2.3000000000000012 1.0000000180025095e-35 1.0000000180025095e-35 9.5000000000000018 1.5000000000000002 12.500000000000002 1.0000000180025095e-35 1.0000000180025095e-35 1.6000000000000003 1.0000000180025095e-35 20.500000000000004 9.5000000000000018 9.5000000000000018 10.500000000000002 1.0000000180025095e-35 1.0000000180025095e-35 1.0000000180025095e-35 22.500000000000004 1.0000000180025095e-35 4.5000000000000009 4.5000000000000009 3.5000000000000004 1.0000000180025095e-35 21.500000000000004 1.0000000180025095e-35 6.5000000000000009
decision_type=2 2 2 2 2 2 2 2 2 2 2 2 2 2 2 2 2 2 2 2 2 2 2 2 2 2 2 2 2 2
left_child=1 6 4 5 7 -4 8 -3 10 11 19 16 13 -8 26 -6 22 -18 21 20 -1 -16 23 -10 -24 -13 -11 -20 -29 -14
right_child=-2 2 3 -5 15 -7 12 -9 9 14 -12 25 29 -15 18 -17 17 -19 27 -21 -22 -23 24 -25 -26 -27 -28 28 -30 -31
leaf_value=-0.0014996979208397043 0.31373181182632437 -0.0042264958598603282 -0.010028687916490765 0.34550089324617866 0.024896112279295248 -0.0044117759584924076 0.056270692535103445 0.032164373707804166 0.098228306250435923 5.2368146471179489e-05 0.00038853203621568022 -0.0037918376866780293 -0.0016757072626561011 0.018719458377285753 -0.0019902558347531739 0.1347529130420729 -0.0019303356080724865 -0.00047542192470726444 -0.012559694328891364 0.07694507904771393 0.0067516718157449862 0.019246013197645739 -0.0065163469468815464 -3.3868572201956053e-05 0.00019261262675325242 0.001892382899282552 -0.00059921891317570595 -9.386989728970008e-05 0.022712029507024743 0.00065573776996107774
leaf_weight=20 92 7.9999999999999982 4.9999999999999982 4.9999999999999991 9.0000000000000018 6 8.0000000000000018 5 48 251 12.999999999999998 13.999999999999998 145 15.999999999999998 135 10.999999999999998 134 151 17 11.999999999999998 8.0000000000000018 26 17 54 10.000000000000002 120 91 11 12 1116
leaf_count=20 92 8 5 5 9 6 8 5 48 251 13 14 145 16 135 11 134 151 17 12 8 26 17 54 10 120 91 11 12 1116
internal_value=-0.000272373 -0.000468119 -0.00928571 -0.023125 -0.00257576 -0.0359091 -0.000290243 -0.0103846 -0.000681818 -0.000774519 0.00122642 -0.00129562 5.83659e-05 0.00291667 -0.000248619 0.0025 -0.00164251 -0.00201754 -0.000970149 0.0025 0.00142857 -0.000590062 -0.000813953 -0.000392157 -0.00240741 -0.00022388 0.000175439 -0.0025 -0.00152174 3.96529e-06
internal_weight=2570 2478 49 16 33 11 2429 13 1144 1091 53 548 1285 24 543 20 414 285 201 40 28 161 129 102 27 134 342 40 23 1261
internal_count=2570 2478 49 16 33 11 2429 13 1144 1091 53 548 1285 24 543 20 414 285 201 40 28 161 129 102 27 134 342 40 23 1261
is_linear=0
shrinkage=0.05


Tree=68
num_leaves=31
num_cat=0
split_feature=2 2 3 5 3 3 2 3 7 2 3 3 8 5 9 5 3 3 3 8 3 5 3 8 3 3 3 8 3 5
split_gain=1.06094 1.55464 1.74402 0.525341 0.526094 0.816667 0.4 0.245455 0.13263 0.109091 0.0809469 0.119594 0.105806 0.0814936 0.0799236 0.0833333 0.0664568 0.0514578 0.0677382 0.0467507 0.0428571 0.0571429 0.0377201 0.0346811 0.0544662 0.0368192 0.0230277 0.0222603 0.0207161 0.0556653
threshold=7.6499999999999995 0.3499999999999997 19.500000000000004 1.0000000180025095e-35 12.500000000000002 8.5000000000000018 3.3000000000000012 21.500000000000004 1.0000000180025095e-35 5.150000000000003 1.5000000000000002 12.500000000000002 1.0000000180025095e-35 1.0000000180025095e-35 1.6000000000000003 1.0000000180025095e-35 20.500000000000004 9.5000000000000018 10.500000000000002 1.0000000180025095e-35 1.0000000180025095e-35 1.0000000180025095e-35 22.500000000000004 1.0000000180025095e-35 4.5000000000000009 4.5000000000000009 3.5000000000000004 1.0000000180025095e-35 21.500000000000004 1.0000000180025095e-35
decision_type=2 2 2 2 2 2 2 2 2 2 2 2 2 2 2 2 2 2 2 2 2 2 2 2 2 2 2 2 2 2
left_child=1 8 3 4 5 6 -3 -4 10 -6 12 13 20 17 15 -10 27 23 -19 22 21 -1 -18 24 -12 -25 -15 -13 -21 -30
right_child=-2 2 7 -5 9 -7 -8 -9 14 -11 11 16 -14 26 -16 -17 19 18 -20 28 -22 -23 -24 25 -26 -27 -28 -29 29 -31
leaf_value=-0.0014247130247976971 0.29804522123500821 -0.0012475352568795885 -0.0038322513836941737 0.30127356531615812 -0.0023185359709728434 -0.020620306853284764 0.046479903078427288 -0.0095272535206663463 0.053457157908348263 0.16357622129470831 0.093316890937914107 4.9749739147617049e-05 0.00036910543440487887 -0.0036022458023441256 9.1268863911124259e-05 0.017783485458421483 -0.0018907430430155194 -0.0018338188276688649 -0.00045165082847189455 -0.011931709612446795 0.07309782509532825 0.0064140882249577487 0.018283712537763463 -0.0061905295995374754 -3.2175143591861576e-05 0.00018298199541559869 0.0017977637543184156 -0.00056925796751691466 -8.9176402425206197e-05 0.021576428031673509
leaf_weight=20 92 5.0000000000000053 5.9999999999999982 10.999999999999998 4.9999999999999982 5.9999999999999991 5 5 8.0000000000000018 6 48 251 12.999999999999998 13.999999999999998 1261 15.999999999999998 135 134 151 17 11.999999999999998 8.0000000000000018 26 17 54 10.000000000000002 120 91 11 12
leaf_count=20 92 5 6 11 5 6 5 5 8 6 48 251 13 14 1261 16 135 134 151 17 12 8 26 17 54 10 120 91 11 12
internal_value=-0.000272373 -0.000468119 -0.00928571 -0.00421053 -0.00796296 -0.01375 -0.005 -0.0268182 -0.000290243 0.000454546 -0.000681818 -0.000774519 0.00122642 -0.00129562 5.83659e-05 0.00291667 -0.000248619 -0.00164251 -0.00201754 -0.000970149 0.0025 0.00142857 -0.000590062 -0.000813953 -0.000392157 -0.00240741 -0.00022388 0.000175439 -0.0025 -0.00152174
internal_weight=2570 2478 49 38 27 16 10 11 2429 11 1144 1091 53 548 1285 24 543 414 285 201 40 28 161 129 102 27 134 342 40 23
internal_count=2570 2478 49 38 27 16 10 11 2429 11 1144 1091 53 548 1285 24 543 414 285 201 40 28 161 129 102 27 134 342 40 23
is_linear=0
shrinkage=0.05


Tree=69
num_leaves=31
num_cat=0
split_feature=2 2 3 5 2 3 3 7 3 3 8 5 9 5 3 3 3 8 3 5 3 8 3 3 2 3 8 3 5 3
split_gain=0.989355 1.18986 2.00455 0.467009 0.564654 0.245455 0.222222 0.13263 0.0809469 0.119594 0.105806 0.0814936 0.0799236 0.0833333 0.0664568 0.0514578 0.0677382 0.0467507 0.0428571 0.0571429 0.0377201 0.0346811 0.0544662 0.0368192 0.029304 0.0230277 0.0222603 0.0207161 0.0556653 0.0178032
threshold=8.5000000000000018 0.3499999999999997 19.500000000000004 1.0000000180025095e-35 3.5500000000000012 21.500000000000004 11.500000000000002 1.0000000180025095e-35 1.5000000000000002 12.500000000000002 1.0000000180025095e-35 1.0000000180025095e-35 1.6000000000000003 1.0000000180025095e-35 20.500000000000004 9.5000000000000018 10.500000000000002 1.0000000180025095e-35 1.0000000180025095e-35 1.0000000180025095e-35 22.500000000000004 1.0000000180025095e-35 4.5000000000000009 4.5000000000000009 1.5999999999999999 3.5000000000000004 1.0000000180025095e-35 21.500000000000004 1.0000000180025095e-35 6.5000000000000009
decision_type=2 2 2 2 2 2 2 2 2 2 2 2 2 2 2 2 2 2 2 2 2 2 2 2 2 2 2 2 2 2
left_child=1 7 3 4 24 -4 -6 8 10 11 18 15 13 -9 26 21 -17 20 19 -1 -16 22 -10 -23 -3 -13 -11 -19 -29 -14
right_child=-2 2 5 -5 6 -7 -8 12 9 14 -12 25 29 -15 17 16 -18 27 -20 -21 -22 23 -24 -25 -26 -27 -28 28 -30 -31
leaf_value=-0.001353477373557821 0.32808943704022037 -0.015005186734236151 -0.0036406388145095885 0.3114695659272359 -0.0054071624553374293 -0.0090508908446330413 0.00080139666524840694 0.050784300012930841 0.088651046391018395 4.7262252190247156e-05 0.00035065016268461538 -0.0034221335122269271 -0.0015964853427188565 0.016894311185500405 -0.0017962058908647439 -0.0017421278862854274 -0.0004290682870482954 -0.011335124131824454 0.069442933840561868 0.0060933838137098746 0.017369526910875299 -0.0058810031195605907 -3.0566386412278489e-05 0.00017383289564480988 -0.0024325644662774046 0.0017078755666025014 -0.00054079506914107844 -8.4717582303950334e-05 0.020497606630089826 0.00061838743826746916
leaf_weight=20 86 7.0000000000000018 5.9999999999999982 12.999999999999998 9.0000000000000018 5 8.9999999999999982 8.0000000000000018 48 251 12.999999999999998 13.999999999999998 145 15.999999999999998 135 134 151 17 11.999999999999998 8.0000000000000018 26 17 54 10.000000000000002 6 120 91 11 12 1116
leaf_count=20 86 7 6 13 9 5 9 8 48 251 13 14 145 16 135 134 151 17 12 8 26 17 54 10 6 120 91 11 12 1116
internal_value=-0.000272373 -0.000454911 -0.00772727 -0.00295455 -0.00629032 -0.0268182 -0.000555555 -0.000290243 -0.000681818 -0.000774519 0.00122642 -0.00129562 5.83659e-05 0.00291667 -0.000248619 -0.00164251 -0.00201754 -0.000970149 0.0025 0.00142857 -0.000590062 -0.000813953 -0.000392157 -0.00240741 -0.0142308 -0.00022388 0.000175439 -0.0025 -0.00152174 3.96529e-06
internal_weight=2570 2484 55 44 31 11 18 2429 1144 1091 53 548 1285 24 543 414 285 201 40 28 161 129 102 27 13 134 342 40 23 1261
internal_count=2570 2484 55 44 31 11 18 2429 1144 1091 53 548 1285 24 543 414 285 201 40 28 161 129 102 27 13 134 342 40 23 1261
is_linear=0
shrinkage=0.05


Tree=70
num_leaves=31
num_cat=0
split_feature=2 2 3 5 2 3 3 7 3 3 8 5 9 5 3 3 3 8 3 5 3 8 3 3 2 3 8 3 5 3
split_gain=0.989355 1.18986 2.00455 0.467009 0.564654 0.245455 0.222222 0.13263 0.0809469 0.119594 0.105806 0.0814936 0.0799236 0.0833333 0.0664568 0.0514578 0.0677382 0.0467507 0.0428571 0.0571429 0.0377201 0.0346811 0.0544662 0.0368192 0.029304 0.0230277 0.0222603 0.0207161 0.0556653 0.0178032
threshold=8.5000000000000018 0.3499999999999997 19.500000000000004 1.0000000180025095e-35 3.5500000000000012 21.500000000000004 11.500000000000002 1.0000000180025095e-35 1.5000000000000002 12.500000000000002 1.0000000180025095e-35 1.0000000180025095e-35 1.6000000000000003 1.0000000180025095e-35 20.500000000000004 9.5000000000000018 10.500000000000002 1.0000000180025095e-35 1.0000000180025095e-35 1.0000000180025095e-35 22.500000000000004 1.0000000180025095e-35 4.5000000000000009 4.5000000000000009 1.5999999999999999 3.5000000000000004 1.0000000180025095e-35 21.500000000000004 1.0000000180025095e-35 6.5000000000000009
decision_type=2 2 2 2 2 2 2 2 2 2 2 2 2 2 2 2 2 2 2 2 2 2 2 2 2 2 2 2 2 2
left_child=1 7 3 4 24 -4 -6 8 10 11 18 15 13 -9 26 21 -17 20 19 -1 -16 22 -10 -23 -3 -13 -11 -19 -29 -14
right_child=-2 2 5 -5 6 -7 -8 12 9 14 -12 25 29 -15 17 16 -18 27 -20 -21 -22 23 -24 -25 -26 -27 -28 28 -30 -31
leaf_value=-0.0012858035048799454 0.31168496518820943 -0.014254927397524373 -0.0034586068737841088 0.29589608763087405 -0.0051368043325707062 -0.0085983463024013503 0.00076132683198612734 0.048245085012284285 0.084218494071467462 4.4899139580742436e-05 0.00033311765455038282 -0.0032510268366155864 -0.0015166610755829148 0.016049595626225373 -0.0017063955963215083 -0.0016550214919711537 -0.00040761487269587172 -0.010768367925233231 0.065970787148533772 0.0057887146230243937 0.016501050565331531 -0.005586952963582581 -2.9038067091669008e-05 0.00016514125086257715 -0.0023109362429636414 0.0016224817882723565 -0.00051375531568401969 -8.0481703188750586e-05 0.019472726298585329 0.00058746806635409535
leaf_weight=20 86 7.0000000000000018 5.9999999999999982 12.999999999999998 9.0000000000000018 5 8.9999999999999982 8.0000000000000018 48 251 12.999999999999998 13.999999999999998 145 15.999999999999998 135 134 151 17 11.999999999999998 8.0000000000000018 26 17 54 10.000000000000002 6 120 91 11 12 1116
leaf_count=20 86 7 6 13 9 5 9 8 48 251 13 14 145 16 135 134 151 17 12 8 26 17 54 10 6 120 91 11 12 1116
internal_value=-0.000272373 -0.000454911 -0.00772727 -0.00295455 -0.00629032 -0.0268182 -0.000555555 -0.000290243 -0.000681818 -0.000774519 0.00122642 -0.00129562 5.83659e-05 0.00291667 -0.000248619 -0.00164251 -0.00201754 -0.000970149 0.0025 0.00142857 -0.000590062 -0.000813953 -0.000392157 -0.00240741 -0.0142308 -0.00022388 0.000175439 -0.0025 -0.00152174 3.96529e-06
internal_weight=2570 2484 55 44 31 11 18 2429 1144 1091 53 548 1285 24 543 414 285 201 40 28 161 129 102 27 13 134 342 40 23 1261
internal_count=2570 2484 55 44 31 11 18 2429 1144 1091 53 548 1285 24 543 414 285 201 40 28 161 129 102 27 13 134 342 40 23 1261
is_linear=0
shrinkage=0.05


Tree=71
num_leaves=31
num_cat=0
split_feature=2 2 3 5 3 3 2 3 3 7 3 3 8 5 9 5 3 3 3 8 3 5 3 8 3 3 3 8 3 5
split_gain=0.953691 1.0412 2.11779 0.398623 0.373638 0.535185 0.288095 0.245455 0.177778 0.13263 0.0809469 0.119594 0.105806 0.0814936 0.0799236 0.0833333 0.0664568 0.0514578 0.0677382 0.0467507 0.0428571 0.0571429 0.0377201 0.0346811 0.0544662 0.0368192 0.0230277 0.0222603 0.0207161 0.0556653
threshold=9.1500000000000039 0.3499999999999997 19.500000000000004 1.0000000180025095e-35 7.5000000000000009 11.500000000000002 4.0500000000000016 21.500000000000004 16.500000000000004 1.0000000180025095e-35 1.5000000000000002 12.500000000000002 1.0000000180025095e-35 1.0000000180025095e-35 1.6000000000000003 1.0000000180025095e-35 20.500000000000004 9.5000000000000018 10.500000000000002 1.0000000180025095e-35 1.0000000180025095e-35 1.0000000180025095e-35 22.500000000000004 1.0000000180025095e-35 4.5000000000000009 4.5000000000000009 3.5000000000000004 1.0000000180025095e-35 21.500000000000004 1.0000000180025095e-35
decision_type=2 2 2 2 2 2 2 2 2 2 2 2 2 2 2 2 2 2 2 2 2 2 2 2 2 2 2 2 2 2
left_child=1 9 3 4 -3 6 -6 -4 -7 10 12 13 20 17 15 -11 27 23 -19 22 21 -1 -18 24 -12 -25 -15 -13 -21 -30
right_child=-2 2 7 -5 5 8 -8 -9 -10 14 11 16 -14 26 -16 -17 19 18 -20 28 -22 -23 -24 25 -26 -27 -28 -29 29 -31
leaf_value=-0.0012215133296359594 0.30893707644551893 0.28570797892859212 -0.0032856765300948495 0.28110128324933037 -0.016458322048938628 0.057387906790244518 -0.0073844168389177595 -0.0081684289872813853 -0.0050034377880158534 0.045832830761670086 0.080007569367894105 4.265418260169518e-05 0.00031646177182285962 -0.0030884754947848149 2.6412937838820889e-05 0.015247115844914123 -0.0016210758165054351 -0.0015722704173726011 -0.00038723412906107593 -0.010229949528971567 0.062672247791107069 0.0054992788918731611 0.015675998037064966 -0.0053076053154034412 -2.7586163737081117e-05 0.00015688418831945051 0.0015413576988587254 -0.00048806754989982052 -7.645761802930196e-05 0.018499089983656066
leaf_weight=20 83 6.9999999999999991 5.9999999999999982 12.999999999999998 5.0000000000000018 5.9999999999999991 7 5 8.9999999999999982 8.0000000000000018 48 251 12.999999999999998 13.999999999999998 1261 15.999999999999998 135 134 151 17 11.999999999999998 8.0000000000000018 26 17 54 10.000000000000002 120 91 11 12
leaf_count=20 83 7 6 13 5 6 7 5 9 8 48 251 13 14 1261 16 135 134 151 17 12 8 26 17 54 10 120 91 11 12
internal_value=-0.000272373 -0.000448331 -0.00706897 -0.00244681 -0.00529412 -0.00796296 -0.0158333 -0.0268182 -0.00166667 -0.000290243 -0.000681818 -0.000774519 0.00122642 -0.00129562 5.83659e-05 0.00291667 -0.000248619 -0.00164251 -0.00201754 -0.000970149 0.0025 0.00142857 -0.000590062 -0.000813953 -0.000392157 -0.00240741 -0.00022388 0.000175439 -0.0025 -0.00152174
internal_weight=2570 2487 58 47 34 27 12 11 15 2429 1144 1091 53 548 1285 24 543 414 285 201 40 28 161 129 102 27 134 342 40 23
internal_count=2570 2487 58 47 34 27 12 11 15 2429 1144 1091 53 548 1285 24 543 414 285 201 40 28 161 129 102 27 134 342 40 23
is_linear=0
shrinkage=0.05


Tree=72
num_leaves=31
num_cat=0
split_feature=2 2 3 5 3 3 3 3 7 2 3 3 8 5 9 5 3 3 3 8 3 5 3 8 3 3 3 8 3 5
split_gain=0.960742 1.32287 1.93694 0.520651 0.338991 0.933057 0.245455 0.15873 0.13263 0.109091 0.0809469 0.119594 0.105806 0.0814936 0.0799236 0.0833333 0.0664568 0.0514578 0.0677382 0.0467507 0.0428571 0.0571429 0.0377201 0.0346811 0.0544662 0.0368192 0.0230277 0.0222603 0.0207161 0.0556653
threshold=9.1500000000000039 0.3499999999999997 19.500000000000004 1.0000000180025095e-35 8.5000000000000018 12.500000000000002 21.500000000000004 16.500000000000004 1.0000000180025095e-35 3.3000000000000012 1.5000000000000002 12.500000000000002 1.0000000180025095e-35 1.0000000180025095e-35 1.6000000000000003 1.0000000180025095e-35 20.500000000000004 9.5000000000000018 10.500000000000002 1.0000000180025095e-35 1.0000000180025095e-35 1.0000000180025095e-35 22.500000000000004 1.0000000180025095e-35 4.5000000000000009 4.5000000000000009 3.5000000000000004 1.0000000180025095e-35 21.500000000000004 1.0000000180025095e-35
decision_type=2 2 2 2 2 2 2 2 2 2 2 2 2 2 2 2 2 2 2 2 2 2 2 2 2 2 2 2 2 2
left_child=1 8 3 4 9 -6 -4 -7 10 -3 12 13 20 17 15 -10 27 23 -19 22 21 -1 -18 24 -12 -25 -15 -13 -21 -30
right_child=-2 2 6 -5 5 7 -8 -9 14 -11 11 16 -14 26 -16 -17 19 18 -20 28 -22 -23 -24 25 -26 -27 -28 -29 29 -31
leaf_value=-0.0011604376631541679 0.29349022262324309 -0.0084545579000310078 -0.0031213927035899642 0.26704621908686382 -0.015916380847812734 0.12388361687075325 -0.0077600075379172578 -0.0047532658986152347 0.043541189223586588 0.04825277043618325 0.07600719089949938 4.0521473471619164e-05 0.00030063868323169929 -0.0029340517200455718 2.5092290946887327e-05 0.014484760052668395 -0.0015400220256801657 -0.0014936568965039699 -0.0003678724226080288 -0.0097184520525229866 0.059538635401551736 0.0052243149472794848 0.014892198135211698 -0.0050422250496332758 -2.6206855550237053e-05 0.00014903997890347576 0.001464289813915798 -0.00046366417240483463 -7.2634737127819093e-05 0.017574135484473251
leaf_weight=20 83 4.9999999999999982 5.9999999999999982 12.999999999999998 9.0000000000000018 4.9999999999999991 5 8.9999999999999982 8.0000000000000018 6 48 251 12.999999999999998 13.999999999999998 1261 15.999999999999998 135 134 151 17 11.999999999999998 8.0000000000000018 26 17 54 10.000000000000002 120 91 11 12
leaf_count=20 83 5 6 13 9 5 5 9 8 6 48 251 13 14 1261 16 135 134 151 17 12 8 26 17 54 10 120 91 11 12
internal_value=-0.000291829 -0.000468436 -0.00793103 -0.00351064 -0.00676471 -0.0102174 -0.0268182 -0.00214286 -0.000290243 0.000454546 -0.000681818 -0.000774519 0.00122642 -0.00129562 5.83659e-05 0.00291667 -0.000248619 -0.00164251 -0.00201754 -0.000970149 0.0025 0.00142857 -0.000590062 -0.000813953 -0.000392157 -0.00240741 -0.00022388 0.000175439 -0.0025 -0.00152174
internal_weight=2570 2487 58 47 34 23 11 14 2429 11 1144 1091 53 548 1285 24 543 414 285 201 40 28 161 129 102 27 134 342 40 23
internal_count=2570 2487 58 47 34 23 11 14 2429 11 1144 1091 53 548 1285 24 543 414 285 201 40 28 161 129 102 27 134 342 40 23
is_linear=0
shrinkage=0.05


Tree=73
num_leaves=31
num_cat=0
split_feature=2 2 3 5 3 3 3 3 7 2 3 3 8 5 9 5 3 3 3 8 3 5 3 8 3 3 3 8 3 5
split_gain=0.960742 1.32287 1.93694 0.520651 0.338991 0.933057 0.245455 0.15873 0.13263 0.109091 0.0809469 0.119594 0.105806 0.0814936 0.0799236 0.0833333 0.0664568 0.0514578 0.0677382 0.0467507 0.0428571 0.0571429 0.0377201 0.0346811 0.0544662 0.0368192 0.0230277 0.0222603 0.0207161 0.0556653
threshold=9.1500000000000039 0.3499999999999997 19.500000000000004 1.0000000180025095e-35 8.5000000000000018 12.500000000000002 21.500000000000004 16.500000000000004 1.0000000180025095e-35 3.3000000000000012 1.5000000000000002 12.500000000000002 1.0000000180025095e-35 1.0000000180025095e-35 1.6000000000000003 1.0000000180025095e-35 20.500000000000004 9.5000000000000018 10.500000000000002 1.0000000180025095e-35 1.0000000180025095e-35 1.0000000180025095e-35 22.500000000000004 1.0000000180025095e-35 4.5000000000000009 4.5000000000000009 3.5000000000000004 1.0000000180025095e-35 21.500000000000004 1.0000000180025095e-35
decision_type=2 2 2 2 2 2 2 2 2 2 2 2 2 2 2 2 2 2 2 2 2 2 2 2 2 2 2 2 2 2
left_child=1 8 3 4 9 -6 -4 -7 10 -3 12 13 20 17 15 -10 27 23 -19 22 21 -1 -18 24 -12 -25 -15 -13 -21 -30
right_child=-2 2 6 -5 5 7 -8 -9 14 -11 11 16 -14 26 -16 -17 19 18 -20 28 -22 -23 -24 25 -26 -27 -28 -29 29 -31
leaf_value=-0.0011024157799964574 0.27881571149208101 -0.0080318300050294788 -0.0029653230684104298 0.25369390813252057 -0.015120561805422102 0.11768943602721554 -0.007372007161021355 -0.0045156026036845221 0.041364129762407269 0.045840131914373965 0.072206831354524409 3.8495399798030297e-05 0.00028560674907010807 -0.0027873491340432905 2.3837676399523796e-05 0.013760522050034958 -0.0014630209243961523 -0.0014189740516787675 -0.00034947880147762067 -0.0092325294498968365 0.056561703631474149 0.0049630991999155332 0.014147588228451103 -0.0047901137971515968 -2.4896512772731862e-05 0.00014158797995831308 0.0013910753232200257 -0.0004404809637845869 -6.9003000271417034e-05 0.01669542871024959
leaf_weight=20 83 4.9999999999999982 5.9999999999999982 12.999999999999998 9.0000000000000018 4.9999999999999991 5 8.9999999999999982 8.0000000000000018 6 48 251 12.999999999999998 13.999999999999998 1261 15.999999999999998 135 134 151 17 11.999999999999998 8.0000000000000018 26 17 54 10.000000000000002 120 91 11 12
leaf_count=20 83 5 6 13 9 5 5 9 8 6 48 251 13 14 1261 16 135 134 151 17 12 8 26 17 54 10 120 91 11 12
internal_value=-0.000291829 -0.000468436 -0.00793103 -0.00351064 -0.00676471 -0.0102174 -0.0268182 -0.00214286 -0.000290243 0.000454546 -0.000681818 -0.000774519 0.00122642 -0.00129562 5.83659e-05 0.00291667 -0.000248619 -0.00164251 -0.00201754 -0.000970149 0.0025 0.00142857 -0.000590062 -0.000813953 -0.000392157 -0.00240741 -0.00022388 0.000175439 -0.0025 -0.00152174
internal_weight=2570 2487 58 47 34 23 11 14 2429 11 1144 1091 53 548 1285 24 543 414 285 201 40 28 161 129 102 27 134 342 40 23
internal_count=2570 2487 58 47 34 23 11 14 2429 11 1144 1091 53 548 1285 24 543 414 285 201 40 28 161 129 102 27 134 342 40 23
is_linear=0
shrinkage=0.05


Tree=74
num_leaves=31
num_cat=0
split_feature=2 2 3 5 3 3 3 3 7 2 3 3 8 5 9 5 3 3 3 8 3 5 3 8 3 3 3 8 3 5
split_gain=0.960742 1.32287 1.93694 0.520651 0.338991 0.933057 0.245455 0.15873 0.13263 0.109091 0.0809469 0.119594 0.105806 0.0814936 0.0799236 0.0833333 0.0664568 0.0514578 0.0677382 0.0467507 0.0428571 0.0571429 0.0377201 0.0346811 0.0544662 0.0368192 0.0230277 0.0222603 0.0207161 0.0556653
threshold=9.1500000000000039 0.3499999999999997 19.500000000000004 1.0000000180025095e-35 8.5000000000000018 12.500000000000002 21.500000000000004 16.500000000000004 1.0000000180025095e-35 3.3000000000000012 1.5000000000000002 12.500000000000002 1.0000000180025095e-35 1.0000000180025095e-35 1.6000000000000003 1.0000000180025095e-35 20.500000000000004 9.5000000000000018 10.500000000000002 1.0000000180025095e-35 1.0000000180025095e-35 1.0000000180025095e-35 22.500000000000004 1.0000000180025095e-35 4.5000000000000009 4.5000000000000009 3.5000000000000004 1.0000000180025095e-35 21.500000000000004 1.0000000180025095e-35
decision_type=2 2 2 2 2 2 2 2 2 2 2 2 2 2 2 2 2 2 2 2 2 2 2 2 2 2 2 2 2 2
left_child=1 8 3 4 9 -6 -4 -7 10 -3 12 13 20 17 15 -10 27 23 -19 22 21 -1 -18 24 -12 -25 -15 -13 -21 -30
right_child=-2 2 6 -5 5 7 -8 -9 14 -11 11 16 -14 26 -16 -17 19 18 -20 28 -22 -23 -24 25 -26 -27 -28 -29 29 -31
leaf_value=-0.0010472949909966279 0.26487492591747708 -0.0076302385047779383 -0.0028170569149899788 0.24100921272589446 -0.014364533715150894 0.11180496422585479 -0.0070034068029701585 -0.0042898224735004173 0.039295923274286881 0.043548125318655234 0.068596489786798193 3.6570629808127529e-05 0.00027132641161658756 -0.002647981677341127 2.264579257961726e-05 0.01307249594753322 -0.0013898698781763419 -0.001348025349094828 -0.00033200486140374521 -0.008770902977401995 0.053733618449900433 0.004714944239919739 0.013440208817028544 -0.0045506081072939969 -2.3651687134096378e-05 0.00013450858096040186 0.0013215215570590467 -0.00041845691559535826 -6.5552850257866174e-05 0.015860657274737098
leaf_weight=20 83 4.9999999999999982 5.9999999999999982 12.999999999999998 9.0000000000000018 4.9999999999999991 5 8.9999999999999982 8.0000000000000018 6 48 251 12.999999999999998 13.999999999999998 1261 15.999999999999998 135 134 151 17 11.999999999999998 8.0000000000000018 26 17 54 10.000000000000002 120 91 11 12
leaf_count=20 83 5 6 13 9 5 5 9 8 6 48 251 13 14 1261 16 135 134 151 17 12 8 26 17 54 10 120 91 11 12
internal_value=-0.000291829 -0.000468436 -0.00793103 -0.00351064 -0.00676471 -0.0102174 -0.0268182 -0.00214286 -0.000290243 0.000454546 -0.000681818 -0.000774519 0.00122642 -0.00129562 5.83659e-05 0.00291667 -0.000248619 -0.00164251 -0.00201754 -0.000970149 0.0025 0.00142857 -0.000590062 -0.000813953 -0.000392157 -0.00240741 -0.00022388 0.000175439 -0.0025 -0.00152174
internal_weight=2570 2487 58 47 34 23 11 14 2429 11 1144 1091 53 548 1285 24 543 414 285 201 40 28 161 129 102 27 134 342 40 23
internal_count=2570 2487 58 47 34 23 11 14 2429 11 1144 1091 53 548 1285 24 543 414 285 201 40 28 161 129 102 27 134 342 40 23
is_linear=0
shrinkage=0.05


Tree=75
num_leaves=31
num_cat=0
split_feature=2 2 3 2 3 3 2 7 3 3 8 5 9 5 3 3 3 8 3 5 3 2 3 8 3 3 3 8 3 5
split_gain=0.946666 0.793217 2.30671 0.302224 0.45 0.245455 0.148485 0.13263 0.0809469 0.119594 0.105806 0.0814936 0.0799236 0.0833333 0.0664568 0.0514578 0.0677382 0.0467507 0.0428571 0.0571429 0.0380952 0.128571 0.0377201 0.0346811 0.0544662 0.0368192 0.0230277 0.0222603 0.0207161 0.0556653
threshold=9.1500000000000039 0.3499999999999997 19.500000000000004 1.5999999999999999 17.500000000000004 21.500000000000004 0.65000000000000047 1.0000000180025095e-35 1.5000000000000002 12.500000000000002 1.0000000180025095e-35 1.0000000180025095e-35 1.6000000000000003 1.0000000180025095e-35 20.500000000000004 9.5000000000000018 10.500000000000002 1.0000000180025095e-35 1.0000000180025095e-35 1.0000000180025095e-35 9.5000000000000018 5.150000000000003 22.500000000000004 1.0000000180025095e-35 4.5000000000000009 4.5000000000000009 3.5000000000000004 1.0000000180025095e-35 21.500000000000004 1.0000000180025095e-35
decision_type=2 2 2 2 2 2 2 2 2 2 2 2 2 2 2 2 2 2 2 2 2 2 2 2 2 2 2 2 2 2
left_child=1 7 3 6 20 -4 -3 8 10 11 18 15 13 -9 27 23 -17 22 19 -1 21 -5 -16 24 -10 -25 -13 -11 -19 -30
right_child=-2 2 5 4 -6 -7 -8 12 9 14 -12 26 -14 -15 17 16 -18 28 -20 -21 -22 -23 -24 25 -26 -27 -28 -29 29 -31
leaf_value=-0.00099493024144678985 0.25163117962160331 0.010572825074307419 -0.0026762040692403727 0.020545549459086588 -0.0061568365845274331 -0.0066532364628215214 -0.0095969848286848944 0.037331127110572564 0.065166665297458279 3.4742098317727678e-05 0.0002577600910357608 -0.0025155825934740778 2.1513502950626116e-05 0.012418871150156547 -0.00132037638426753 -0.0012806240816400916 -0.00031540461833354797 -0.0083323578285318944 0.051046937527405412 0.004479197027923743 0.015352279662642824 0.0054674442488091115 0.01276819837617711 -0.0043230777019292793 -2.2469102777389339e-05 0.00012778315191237511 0.0012554454792061077 -0.00039753406981558881 -6.2275207744955105e-05 0.015067624411000256
leaf_weight=20 83 5.9999999999999982 5.9999999999999982 9.0000000000000018 5.9999999999999991 5 5 8.0000000000000018 48 251 12.999999999999998 13.999999999999998 1261 15.999999999999998 135 134 151 17 11.999999999999998 8.0000000000000018 15.999999999999998 4.9999999999999991 26 17 54 10.000000000000002 120 91 11 12
leaf_count=20 83 6 6 9 6 5 5 8 48 251 13 14 1261 16 135 134 151 17 12 8 16 5 26 17 54 10 120 91 11 12
internal_value=-0.000252918 -0.000428227 -0.0062069 -0.00138298 0.000833334 -0.0268182 -0.00863636 -0.000290243 -0.000681818 -0.000774519 0.00122642 -0.00129562 5.83659e-05 0.00291667 -0.000248619 -0.00164251 -0.00201754 -0.000970149 0.0025 0.00142857 0.00333333 0.00142857 -0.000590062 -0.000813953 -0.000392157 -0.00240741 -0.00022388 0.000175439 -0.0025 -0.00152174
internal_weight=2570 2487 58 47 36 11 11 2429 1144 1091 53 548 1285 24 543 414 285 201 40 28 30 14 161 129 102 27 134 342 40 23
internal_count=2570 2487 58 47 36 11 11 2429 1144 1091 53 548 1285 24 543 414 285 201 40 28 30 14 161 129 102 27 134 342 40 23
is_linear=0
shrinkage=0.05


Tree=76
num_leaves=31
num_cat=0
split_feature=2 2 3 5 3 3 3 7 2 3 3 8 5 9 5 3 3 3 8 3 5 3 8 3 3 3 8 3 5 3
split_gain=0.953691 1.19199 1.69529 0.626786 0.427094 0.653358 0.983041 0.133765 0.1 0.080523 0.117095 0.105806 0.086484 0.0794924 0.0833333 0.0664568 0.0514578 0.0677382 0.0467507 0.0428571 0.0571429 0.0377201 0.0346811 0.0544662 0.0368192 0.0239451 0.0222603 0.0207161 0.0556653 0.018344
threshold=9.1500000000000039 0.55000000000000082 20.500000000000004 1.0000000180025095e-35 17.500000000000004 12.500000000000002 8.5000000000000018 1.0000000180025095e-35 3.5500000000000012 1.5000000000000002 12.500000000000002 1.0000000180025095e-35 1.0000000180025095e-35 1.6000000000000003 1.0000000180025095e-35 20.500000000000004 9.5000000000000018 10.500000000000002 1.0000000180025095e-35 1.0000000180025095e-35 1.0000000180025095e-35 22.500000000000004 1.0000000180025095e-35 4.5000000000000009 4.5000000000000009 3.5000000000000004 1.0000000180025095e-35 21.500000000000004 1.0000000180025095e-35 6.5000000000000009
decision_type=2 2 2 2 2 2 2 2 2 2 2 2 2 2 2 2 2 2 2 2 2 2 2 2 2 2 2 2 2 2
left_child=1 7 3 4 5 6 8 9 -3 11 12 19 16 14 -9 26 22 -18 21 20 -1 -17 23 -11 -24 -14 -12 -20 -29 -15
right_child=-2 2 -4 -5 -6 -7 -8 13 -10 10 15 -13 25 29 -16 18 17 -19 27 -21 -22 -23 24 -25 -26 -27 -28 28 -30 -31
leaf_value=-0.0009451837293744437 0.2390496206405231 -0.0073717280328433783 -0.0058666965713247247 0.22838231628572769 -0.0062209086475314875 0.12148783599476363 -0.013970733047045629 0.035464570755043924 0.037142998249431861 0.061908332032585361 3.3004993401838936e-05 0.00024487208648396873 -0.0023898034638003777 -0.0014468031318395358 0.011797927592648711 -0.0012543575650541539 -0.001216592877558087 -0.00029963438741686943 -0.0079157399371052994 0.048494590651035147 0.0042552371765275602 0.012129788457368252 -0.0041069238168327969 -2.1345647638515431e-05 0.00012139399431676523 0.0016926730111328143 -0.00037765736632481563 -5.9161447357691803e-05 0.014314243190450236 0.00015793875869128085
leaf_weight=20 83 5.0000000000000053 6.9999999999999991 12.999999999999998 5.9999999999999991 9.9999999999999982 8.9999999999999982 8.0000000000000018 5 48 251 12.999999999999998 13.999999999999998 145 15.999999999999998 135 134 151 17 11.999999999999998 8.0000000000000018 26 17 54 10.000000000000002 121 91 11 12 1118
leaf_count=20 83 5 7 13 6 10 9 8 5 48 251 13 14 145 16 135 134 151 17 12 8 26 17 54 10 121 91 11 12 1118
internal_value=-0.000272373 -0.000448331 -0.00772727 -0.004375 -0.00785714 -0.00534483 -0.0107895 -0.000283717 1.86265e-10 -0.000676856 -0.000769231 0.00122642 -0.00128415 6.60453e-05 0.00291667 -0.000248619 -0.00164251 -0.00201754 -0.000970149 0.0025 0.00142857 -0.000590062 -0.000813953 -0.000392157 -0.00240741 -0.000185185 0.000175439 -0.0025 -0.00152174 1.18767e-05
internal_weight=2570 2487 55 48 35 29 19 2432 10 1145 1092 53 549 1287 24 543 414 285 201 40 28 161 129 102 27 135 342 40 23 1263
internal_count=2570 2487 55 48 35 29 19 2432 10 1145 1092 53 549 1287 24 543 414 285 201 40 28 161 129 102 27 135 342 40 23 1263
is_linear=0
shrinkage=0.05


Tree=77
num_leaves=31
num_cat=0
split_feature=2 2 3 5 3 2 7 3 8 3 5 5 3 9 5 3 3 2 8 3 3 3 8 3 5 3 3 5 3 3
split_gain=0.925746 0.482712 1.10655 0.379167 0.651724 0.991754 0.118502 0.083958 0.124675 0.123187 0.12172 0.105494 0.0964286 0.0794924 0.0833333 0.0664568 0.0565217 0.1 0.0467507 0.0377201 0.0261522 0.0677382 0.0222603 0.0207161 0.0556653 0.0185679 0.0428571 0.0571429 0.0316106 0.018344
threshold=9.1500000000000039 0.55000000000000082 20.500000000000004 1.0000000180025095e-35 17.500000000000004 1.5999999999999999 1.0000000180025095e-35 3.5000000000000004 1.0000000180025095e-35 12.500000000000002 1.0000000180025095e-35 1.0000000180025095e-35 1.0000000180025095e-35 1.6000000000000003 1.0000000180025095e-35 20.500000000000004 9.5000000000000018 4.6000000000000023 1.0000000180025095e-35 22.500000000000004 9.5000000000000018 10.500000000000002 1.0000000180025095e-35 21.500000000000004 1.0000000180025095e-35 1.5000000000000002 1.0000000180025095e-35 1.0000000180025095e-35 2.5000000000000004 6.5000000000000009
decision_type=2 2 2 2 2 2 2 2 2 2 2 2 2 2 2 2 2 2 2 2 2 2 2 2 2 2 2 2 2 2
left_child=1 6 3 4 5 -3 7 8 25 10 20 -10 -13 14 -8 22 17 -7 19 -17 -9 -22 -11 -20 -25 26 27 -1 -27 -15
right_child=-2 2 -4 -5 -6 16 13 9 11 15 -12 12 -14 29 -16 18 -18 -19 23 -21 21 -23 -24 24 -26 28 -28 -29 -30 -31
leaf_value=-0.00089792454290571477 0.22709713960849701 -0.01554815915059489 -0.005573361742758509 0.2169632004714413 -0.0059098632151547434 0.0093506572462765478 0.033691342217291712 -2.0278365256598541e-05 0.017098427470205468 3.1354743731745736e-05 0.001608039360576194 -0.0026014422790664685 -0.0056767757370525659 -0.001374462975247559 0.01120803121301624 -0.001191639686801449 0.017463790756199572 0.0058926086887210079 -0.0075199529402500357 0.011523299034499824 -0.001155763233680185 -0.00028465266804602598 -0.00035877449800857667 -5.6203374989793886e-05 0.013598531030927705 0.02218103797881046 0.046069861118483373 0.0040424753177011668 0.036965829467511972 0.00015004182075673803
leaf_weight=20 83 6.0000000000000027 6.9999999999999991 12.999999999999998 5.9999999999999991 5.0000000000000018 8.0000000000000018 91 13 251 121 7.9999999999999991 7.0000000000000009 145 15.999999999999998 135 12.999999999999998 5 17 26 134 151 91 11 12 18 11.999999999999998 8.0000000000000018 19 1118
leaf_count=20 83 6 7 13 6 5 8 91 13 251 121 8 7 145 16 135 13 5 17 26 134 151 91 11 12 18 12 8 19 1118
internal_value=-0.000194552 -0.000367913 -0.005 -0.00229167 -0.005 -0.00189655 -0.000263158 -0.000633188 0.000714286 -0.000769231 -0.00133803 -0.00214286 -0.005 6.60453e-05 0.00291667 -0.000248619 0.00282609 1.86265e-10 -0.000970149 -0.000590062 -0.00178191 -0.00201754 0.000175439 -0.0025 -0.00152174 0.00175325 0.0025 0.00142857 0.000945946 1.18767e-05
internal_weight=2570 2487 55 48 35 29 2432 1145 105 1040 497 28 15 1287 24 543 23 10 201 161 376 285 342 40 23 77 40 28 37 1263
internal_count=2570 2487 55 48 35 29 2432 1145 105 1040 497 28 15 1287 24 543 23 10 201 161 376 285 342 40 23 77 40 28 37 1263
is_linear=0
shrinkage=0.05


Tree=78
num_leaves=31
num_cat=0
split_feature=2 2 5 3 3 3 7 7 2 3 3 8 5 9 5 3 3 3 8 3 5 3 8 3 3 3 8 3 5 3
split_gain=0.946666 0.918609 1.15227 1.47092 0.653358 0.983041 0.245455 0.133765 0.1 0.080523 0.117095 0.105806 0.086484 0.0794924 0.0833333 0.0664568 0.0514578 0.0677382 0.0467507 0.0428571 0.0571429 0.0377201 0.0346811 0.0544662 0.0368192 0.0239451 0.0222603 0.0207161 0.0556653 0.018344
threshold=9.1500000000000039 0.55000000000000082 1.0000000180025095e-35 17.500000000000004 12.500000000000002 8.5000000000000018 1.0000000180025095e-35 1.0000000180025095e-35 3.5500000000000012 1.5000000000000002 12.500000000000002 1.0000000180025095e-35 1.0000000180025095e-35 1.6000000000000003 1.0000000180025095e-35 20.500000000000004 9.5000000000000018 10.500000000000002 1.0000000180025095e-35 1.0000000180025095e-35 1.0000000180025095e-35 22.500000000000004 1.0000000180025095e-35 4.5000000000000009 4.5000000000000009 3.5000000000000004 1.0000000180025095e-35 21.500000000000004 1.0000000180025095e-35 6.5000000000000009
decision_type=2 2 2 2 2 2 2 2 2 2 2 2 2 2 2 2 2 2 2 2 2 2 2 2 2 2 2 2 2 2
left_child=1 7 3 4 5 8 -5 9 -3 11 12 19 16 14 -9 26 22 -18 21 20 -1 -17 23 -11 -24 -14 -12 -20 -29 -15
right_child=-2 2 -4 6 -6 -7 -8 13 -10 10 15 -13 25 29 -16 18 17 -19 27 -21 -22 -23 24 -25 -26 -27 -28 28 -30 -31
leaf_value=-0.00085302831576044018 0.21574228262807221 -0.0067237100090293241 0.23132692477815942 -0.0057485717239759808 0.11454025465721535 -0.013352419163515825 -0.0056143700543971565 0.032006775106427111 0.034887476446828214 0.058036883199432621 2.9787006545164975e-05 0.00048571393168295868 -0.0026261136231287788 -0.0013057398264851861 0.010647629652365438 -0.0011320577024613754 -0.0010979750719961711 -0.00027042003464372577 -0.0071439552932375363 0.043766368062559208 0.0038403515518161237 0.010947134082774835 -0.0047564989995014352 -1.9264446993760843e-05 0.00011633821286376467 0.0015276373925473847 -0.00034083577310814185 -5.3393206240315294e-05 0.012918604479381321 0.00014253972971890822
leaf_weight=20 83 5.0000000000000053 14.999999999999998 4.9999999999999982 9.9999999999999982 8.9999999999999982 6 8.0000000000000018 5 48 251 12.999999999999998 13.999999999999998 145 15.999999999999998 135 134 151 17 11.999999999999998 8.0000000000000018 26 17 54 10.000000000000002 121 91 11 12 1118
leaf_count=20 83 5 15 5 10 9 6 8 5 48 251 13 14 145 16 135 134 151 17 12 8 26 17 54 10 121 91 11 12 1118
internal_value=-0.000252918 -0.000428227 -0.00681818 -0.01125 -0.00534483 -0.0107895 -0.0268182 -0.000283717 1.86265e-10 -0.000676856 -0.000769231 0.00122642 -0.00128415 6.60453e-05 0.00291667 -0.000248619 -0.00164251 -0.00201754 -0.000970149 0.0025 0.00142857 -0.000590062 -0.000813953 -0.000392157 -0.00240741 -0.000185185 0.000175439 -0.0025 -0.00152174 1.18767e-05
internal_weight=2570 2487 55 40 29 19 11 2432 10 1145 1092 53 549 1287 24 543 414 285 201 40 28 161 129 102 27 135 342 40 23 1263
internal_count=2570 2487 55 40 29 19 11 2432 10 1145 1092 53 549 1287 24 543 414 285 201 40 28 161 129 102 27 135 342 40 23 1263
is_linear=0
shrinkage=0.05


Tree=79
num_leaves=31
num_cat=0
split_feature=2 2 8 3 3 3 2 7 7 2 9 5 3 3 8 5 3 3 3 8 3 5 3 8 3 3 3 8 3 5
split_gain=0.953691 0.912837 0.951082 0.435076 0.537618 0.658442 0.468864 0.3 0.12014 0.1 0.0816739 0.0833333 0.080523 0.117095 0.105806 0.086484 0.0664568 0.0514578 0.0677382 0.0467507 0.0428571 0.0571429 0.0377201 0.0346811 0.0544662 0.0368192 0.0239451 0.0222603 0.0207161 0.0556653
threshold=9.1500000000000039 0.55000000000000082 1.0000000180025095e-35 17.500000000000004 15.500000000000002 10.500000000000002 4.0500000000000016 1.0000000180025095e-35 1.0000000180025095e-35 4.0500000000000016 1.6000000000000003 1.0000000180025095e-35 1.5000000000000002 12.500000000000002 1.0000000180025095e-35 1.0000000180025095e-35 20.500000000000004 9.5000000000000018 10.500000000000002 1.0000000180025095e-35 1.0000000180025095e-35 1.0000000180025095e-35 22.500000000000004 1.0000000180025095e-35 4.5000000000000009 4.5000000000000009 3.5000000000000004 1.0000000180025095e-35 21.500000000000004 1.0000000180025095e-35
decision_type=2 2 2 2 2 2 2 2 2 2 2 2 2 2 2 2 2 2 2 2 2 2 2 2 2 2 2 2 2 2
left_child=1 8 3 4 5 7 -5 -3 12 -9 11 -10 14 15 20 17 27 23 -19 22 21 -1 -18 24 -14 -25 -17 -15 -21 -30
right_child=-2 2 -4 6 -6 -7 -8 9 10 -11 -12 -13 13 16 -16 26 19 18 -20 28 -22 -23 -24 25 -26 -27 -28 -29 29 -31
leaf_value=-0.00081037689997240933 0.20495516849666867 0.52175215244544859 0.34680473598811212 -0.0012580503488193008 0.099188801546354455 -0.0095293525211795176 -0.0073999061471894615 -0.007370401440311228 0.030406436351105761 0.0012326722912280625 1.4219504887516175e-05 0.010115248169747121 0.055135039039461015 2.8297656217898817e-05 0.00046142823509881113 -0.0024948079419723408 -0.0010754548173383062 -0.0010430763183963633 -0.00025689903291152837 -0.0067867575285756598 0.041578049659431265 0.0036483339742253043 0.010399777378636088 -0.0045186740495263503 -1.8301224644079461e-05 0.00011052130222057866 0.0014512555229200337 -0.00032379398445273879 -5.0723545928299531e-05 0.012272674255412262
leaf_weight=20 83 5.0000000000000044 12.999999999999998 6.9999999999999982 6.9999999999999991 6.9999999999999991 6 5 8.0000000000000018 5 1263 15.999999999999998 48 251 12.999999999999998 13.999999999999998 135 134 151 17 11.999999999999998 8.0000000000000018 26 17 54 10.000000000000002 121 91 11 12
leaf_count=20 83 5 13 7 7 7 6 5 8 5 1263 16 48 251 13 14 135 134 151 17 12 8 26 17 54 10 121 91 11 12
internal_value=-0.000272373 -0.000448331 -0.00681818 -0.0104762 -0.00706897 -0.0109091 -0.0180769 -0.005 -0.000304276 -0.01 2.71952e-05 0.00291667 -0.000676856 -0.000769231 0.00122642 -0.00128415 -0.000248619 -0.00164251 -0.00201754 -0.000970149 0.0025 0.00142857 -0.000590062 -0.000813953 -0.000392157 -0.00240741 -0.000185185 0.000175439 -0.0025 -0.00152174
internal_weight=2570 2487 55 42 29 22 13 15 2432 10 1287 24 1145 1092 53 549 543 414 285 201 40 28 161 129 102 27 135 342 40 23
internal_count=2570 2487 55 42 29 22 13 15 2432 10 1287 24 1145 1092 53 549 543 414 285 201 40 28 161 129 102 27 135 342 40 23
is_linear=0
shrinkage=0.05


Tree=80
num_leaves=31
num_cat=0
split_feature=2 2 3 5 2 2 2 3 2 7 3 2 3 8 3 5 8 3 3 3 3 3 3 3 3 3 5 5 3 8
split_gain=0.847213 0.428566 0.755714 1.05 0.266842 0.192857 0.138158 0.1875 0.204167 0.117964 0.111807 0.1 0.0777778 0.0611647 0.0566725 0.111368 0.0749645 0.0871262 0.0832838 0.0677382 0.0447026 0.0353535 0.0369105 0.0270766 0.0716161 0.0207161 0.0556653 0.0194045 0.1212 0.0691205
threshold=11.550000000000002 1.0000000180025095e-35 17.500000000000004 1.0000000180025095e-35 1.5999999999999999 0.65000000000000047 5.150000000000003 15.500000000000002 7.6499999999999995 1.0000000180025095e-35 12.500000000000002 9.1500000000000039 19.500000000000004 1.0000000180025095e-35 9.5000000000000018 1.0000000180025095e-35 1.0000000180025095e-35 4.5000000000000009 4.5000000000000009 10.500000000000002 20.500000000000004 1.0000000180025095e-35 3.5000000000000004 1.0000000180025095e-35 1.5000000000000002 21.500000000000004 1.0000000180025095e-35 1.0000000180025095e-35 8.5000000000000018 1.0000000180025095e-35
decision_type=2 2 2 2 2 2 2 2 2 2 2 2 2 2 2 2 2 2 2 2 2 2 2 2 2 2 2 2 2 2
left_child=1 9 4 12 5 -3 -6 8 -8 10 14 -10 -4 -12 16 19 18 21 23 -16 -15 -18 -23 -1 -25 -22 -27 -11 -29 -30
right_child=-2 2 3 -5 6 -7 7 -9 11 27 13 -13 -14 20 15 -17 17 -19 -20 -21 25 22 -24 24 -26 26 -28 28 29 -31
leaf_value=0.00050087593092508736 0.27352926255377341 0.018156704899335893 -0.0054084145481191667 0.23745083420039015 0.029863735916023423 -0.007001881368295629 -0.0076029762099837422 0.13872818835778275 0.013396503803349875 -0.0012411638104052993 2.688189916570938e-05 0.019595945872877336 -0.0041833916937063613 -0.00030760428523010365 -0.00099092250247654343 0.0008786927173698001 0.00048127229441408126 0.00060499502013976886 -1.7386163411869938e-05 -0.0002440540812659542 -0.0064474196521468775 -0.0029164470947459355 -0.020160752041549726 0.039499147176459685 0.025178493567846127 -4.8187368631902318e-05 0.011659040542641629 0.017728233202200423 0.014828057414171442 -0.0029869591911554213
leaf_weight=28 74 6.9999999999999982 5.0000000000000027 5.9999999999999991 13.999999999999998 5 6.0000000000000062 7.9999999999999991 4.9999999999999982 1012 411 5 8.9999999999999982 91 134 90 8.9999999999999982 31 54 151 17 19 13.999999999999998 11.999999999999998 59 11 12 58 86 127
leaf_count=28 74 7 5 6 14 5 6 8 5 1012 411 5 9 91 134 90 9 31 54 151 17 19 14 12 59 11 12 58 86 127
internal_value=-0.000272373 -0.000428686 -0.00428571 -0.0125 -0.001 -0.0075 0.00105263 -0.00125 -0.004375 -0.000317395 -0.000686789 1.86265e-10 -0.02 -0.000166051 -0.00115641 -0.00153333 -0.000530973 -0.00184931 9.80394e-05 -0.00201754 -0.00110687 -0.00333333 -0.00409091 0.000959596 0.00147887 -0.0025 -0.00152174 1.16915e-05 0.000387454 -0.000164319
internal_weight=2570 2496 70 20 50 12 38 24 16 2426 1143 10 14 542 601 375 226 73 153 285 131 42 33 99 71 40 23 1283 271 213
internal_count=2570 2496 70 20 50 12 38 24 16 2426 1143 10 14 542 601 375 226 73 153 285 131 42 33 99 71 40 23 1283 271 213
is_linear=0
shrinkage=0.05


Tree=81
num_leaves=31
num_cat=0
split_feature=2 2 8 3 3 2 2 3 7 3 3 8 5 3 3 3 3 3 8 3 3 3 8 3 3 3 3 5 3 3
split_gain=0.859764 0.785773 0.9375 0.547009 0.622222 0.468864 0.358974 0.432692 0.107247 0.111842 0.1 0.0623713 0.0553503 0.139158 0.0472717 0.0447026 0.0355174 0.0677382 0.039072 0.0517495 0.0471154 0.0303673 0.116018 0.0964286 0.020964 0.0333333 0.0207161 0.0556653 0.0191056 0.0254818
threshold=11.550000000000002 0.55000000000000082 1.0000000180025095e-35 17.500000000000004 11.500000000000002 4.0500000000000016 3.5500000000000012 8.5000000000000018 1.0000000180025095e-35 12.500000000000002 15.500000000000002 1.0000000180025095e-35 1.0000000180025095e-35 2.5000000000000004 6.5000000000000009 20.500000000000004 9.5000000000000018 10.500000000000002 1.0000000180025095e-35 4.5000000000000009 4.5000000000000009 3.5000000000000004 1.0000000180025095e-35 1.0000000180025095e-35 1.0000000180025095e-35 1.5000000000000002 21.500000000000004 1.0000000180025095e-35 20.500000000000004 22.500000000000004
decision_type=2 2 2 2 2 2 2 2 2 2 2 2 2 2 2 2 2 2 2 2 2 2 2 2 2 2 2 2 2 2
left_child=1 8 3 4 6 -5 -3 -8 9 12 -6 28 13 24 -10 -13 18 -18 19 -15 -20 22 -14 -24 -1 -26 -17 -28 -11 -30
right_child=-2 2 -4 5 10 -7 7 -9 14 11 -12 15 21 16 -16 26 17 -19 20 -21 -22 -23 23 -25 25 -27 27 -29 29 -31
leaf_value=0.00070509897549384535 0.2598527994260848 -0.012569691585560675 0.31951775770135216 -0.00096147779015243228 -0.0012329044025070847 -0.0067901156842404709 0.031588282214124179 -0.010413195336785492 -0.0011791056198850347 2.5538678448719376e-05 0.094797890096010418 -0.00029222407096859694 0.0075756290374840943 0.0558470322538408 0.00035523309748948891 -0.0061250486695395324 -0.00094137637735272064 -0.00023185137720265205 -0.0051469194377253835 -1.651685524126645e-05 7.4745486102556499e-05 0.0013347581133525662 -0.0025427908881729524 -0.0051731104318766923 0.031524189787834535 0.063154459969818874 -4.5778000200291662e-05 0.011076088515509529 -0.0010230261714296752 0.0098784444147460362
leaf_weight=21 74 8.0000000000000018 14.999999999999998 6.9999999999999982 5.9999999999999991 6 4.9999999999999991 7.9999999999999991 145 251 8.9999999999999982 91 23 37 1142 17 134 151 15.999999999999998 54 10.000000000000002 121 7.9999999999999982 7 8 12 11 12 135 26
leaf_count=21 74 8 15 7 6 6 5 8 145 251 9 91 23 37 1142 17 134 151 16 54 10 121 8 7 8 12 11 12 135 26
internal_value=-0.000311284 -0.00046875 -0.0059375 -0.00928571 -0.00611111 -0.0180769 -0.0116667 -0.00653846 -0.000324835 -0.000676856 0.00166667 -0.000156538 -0.00114618 -0.00143341 -1.16548e-05 -0.00110687 -0.00171642 -0.00201754 -0.000982906 -0.000494505 -0.00269231 -0.000345912 -0.00157895 -0.005 0.00134146 0.0025 -0.0025 -0.00152174 0.000145631 -0.000279503
internal_weight=2570 2496 64 49 36 13 21 13 2432 1145 15 543 602 443 1287 131 402 285 117 91 26 159 38 15 41 20 40 23 412 161
internal_count=2570 2496 64 49 36 13 21 13 2432 1145 15 543 602 443 1287 131 402 285 117 91 26 159 38 15 41 20 40 23 412 161
is_linear=0
shrinkage=0.05


Tree=82
num_leaves=31
num_cat=0
split_feature=2 2 8 3 2 2 3 3 7 3 3 5 8 2 8 3 3 8 5 3 3 3 3 3 3 3 3 3 5 3
split_gain=0.847213 0.587213 0.808355 0.681362 0.75 0.468864 0.140351 0.169173 0.0936286 0.0938573 0.0888876 0.1311 0.113537 0.0714286 0.0623713 0.0472717 0.0447026 0.0444138 0.031746 0.0547009 0.0444444 0.0964286 0.0310265 0.0320106 0.0270766 0.0716161 0.023319 0.0207161 0.0556653 0.0191056
threshold=11.550000000000002 0.55000000000000082 1.0000000180025095e-35 17.500000000000004 3.3000000000000012 4.0500000000000016 15.500000000000002 8.5000000000000018 1.0000000180025095e-35 12.500000000000002 4.5000000000000009 1.0000000180025095e-35 1.0000000180025095e-35 7.6499999999999995 1.0000000180025095e-35 6.5000000000000009 20.500000000000004 1.0000000180025095e-35 1.0000000180025095e-35 3.5000000000000004 3.5000000000000004 1.0000000180025095e-35 10.500000000000002 9.5000000000000018 1.0000000180025095e-35 1.5000000000000002 11.500000000000002 21.500000000000004 1.0000000180025095e-35 20.500000000000004
decision_type=2 2 2 2 2 2 2 2 2 2 2 2 2 2 2 2 2 2 2 2 2 2 2 2 2 2 2 2 2 2
left_child=1 8 3 4 -3 -5 7 -6 9 10 12 17 24 -9 29 -10 -16 22 19 -14 21 -20 23 -12 -1 -26 -24 -18 -29 -11
right_child=-2 2 -4 5 6 -7 -8 13 15 14 11 -13 18 -15 16 -17 27 -19 20 -21 -22 -23 26 -25 25 -27 -28 28 -30 -31
leaf_value=0.00033751924849545305 0.24686015945478054 -0.011163440450617179 0.30354186981628456 -0.00091340390064498277 0.030008868103418008 -0.0064506099000284913 0.12705188443509313 -0.0061937798070965831 -0.0011201503388907797 2.426174452627439e-05 -1.5691012479202018e-05 0.0019233322806222718 0.017110433075770183 -0.0036422451187809561 -0.00027761286742017665 0.00033747144261496816 -0.0058187962360625543 -0.00092899062591220724 -0.0024156513437643135 0.11841072870069987 0.010780548399918178 -0.0049144549102828478 -0.0031883595258719757 -0.00089430755848508576 0.035947980328244977 0.021609931100328352 -0.00022025880834251055 -4.3489100190274856e-05 0.010522284089734045 -0.00097187461246289731
leaf_weight=28 74 8.9999999999999982 14.999999999999998 6.9999999999999982 5.0000000000000062 6 7.9999999999999991 6.9999999999999982 145 251 54 112 13.000000000000002 7 91 1142 17 38 7.9999999999999991 4.9999999999999991 9 7.0000000000000009 76 126 11.999999999999998 59 55 11 12 161
leaf_count=28 74 9 15 7 5 6 8 7 145 251 54 112 13 7 91 1142 17 38 8 5 9 7 76 126 12 59 55 11 12 161
internal_value=-0.000272373 -0.000428686 -0.00515625 -0.00826531 -0.00472222 -0.0180769 -0.000555555 -0.00289474 -0.000304276 -0.000633188 -0.00106312 -0.00139913 3.54612e-05 -0.00571429 -0.000156538 -1.16548e-05 -0.00110687 -0.00187679 -0.00214286 -0.000555555 -0.00333333 -0.005 -0.00207395 -0.0025 0.000959596 0.00147887 -0.00148855 -0.0025 -0.00152174 0.000145631
internal_weight=2570 2496 64 49 36 13 27 19 2432 1145 602 461 141 14 543 1287 131 349 42 18 24 15 311 180 99 71 131 40 23 412
internal_count=2570 2496 64 49 36 13 27 19 2432 1145 602 461 141 14 543 1287 131 349 42 18 24 15 311 180 99 71 131 40 23 412
is_linear=0
shrinkage=0.05


Tree=83
num_leaves=31
num_cat=0
split_feature=2 2 8 3 2 2 3 3 7 3 2 8 5 3 3 3 3 3 8 3 3 3 8 3 3 3 3 5 3 3
split_gain=0.847213 0.40917 0.688775 0.830455 0.596059 0.468864 0.139655 0.192857 0.107247 0.111842 0.0714286 0.0623713 0.0553503 0.139158 0.0472717 0.0447026 0.0355174 0.0677382 0.039072 0.0517495 0.0471154 0.0303673 0.116018 0.0964286 0.020964 0.0333333 0.0207161 0.0556653 0.0191056 0.0254818
threshold=11.550000000000002 0.55000000000000082 1.0000000180025095e-35 17.500000000000004 1.5999999999999999 4.0500000000000016 15.500000000000002 8.5000000000000018 1.0000000180025095e-35 12.500000000000002 7.6499999999999995 1.0000000180025095e-35 1.0000000180025095e-35 2.5000000000000004 6.5000000000000009 20.500000000000004 9.5000000000000018 10.500000000000002 1.0000000180025095e-35 4.5000000000000009 4.5000000000000009 3.5000000000000004 1.0000000180025095e-35 1.0000000180025095e-35 1.0000000180025095e-35 1.5000000000000002 21.500000000000004 1.0000000180025095e-35 20.500000000000004 22.500000000000004
decision_type=2 2 2 2 2 2 2 2 2 2 2 2 2 2 2 2 2 2 2 2 2 2 2 2 2 2 2 2 2 2
left_child=1 8 3 4 -3 -5 7 -6 9 12 -9 28 13 24 -10 -13 18 -18 19 -15 -20 22 -14 -24 -1 -26 -17 -28 -11 -30
right_child=-2 2 -4 5 6 -7 -8 10 14 11 -12 15 21 16 -16 26 17 -19 20 -21 -22 -23 23 -25 25 -27 27 -29 29 -31
leaf_value=0.00065296806429437915 0.23451715148204136 -0.01216080153941723 0.28836477632547025 -0.00086773370561263926 0.0080815891643338036 -0.0061280794050270759 0.085087554535929671 -0.005884090816741655 -0.0010641428219462458 2.3048657299959419e-05 -0.0034601328628417966 -0.00026373222404917632 0.0069672474697985588 0.051974184086132372 0.00032059787048414927 -0.0055278564242594256 -0.00084959218056083205 -0.00020924586792538948 -0.005745095119627619 -1.4906461855246357e-05 0.00011745774309301904 0.0011718535936538295 -0.0022948687765761201 -0.004668732164768697 0.028150581282030542 0.058916240416311542 -4.1314645180756671e-05 0.0099961698852473503 -0.0009232811322350432 0.0094331159246318751
leaf_weight=21 74 6.9999999999999991 14.999999999999998 6.9999999999999982 6.0000000000000062 6 8.9999999999999982 6.9999999999999982 145 251 7 91 23 37 1142 17 134 151 15.999999999999998 54 10.000000000000002 121 7.9999999999999982 7 8 12 11 12 135 26
leaf_count=21 74 7 15 7 6 6 9 7 145 251 7 91 23 37 1142 17 134 151 16 54 10 121 8 7 8 12 11 12 135 26
internal_value=-0.000272373 -0.000428686 -0.004375 -0.0072449 -0.00333333 -0.0180769 -0.000172414 -0.0025 -0.000324835 -0.000676856 -0.00571429 -0.000156538 -0.00114618 -0.00143341 -1.16548e-05 -0.00110687 -0.00171642 -0.00201754 -0.000982906 -0.000494505 -0.00269231 -0.000345912 -0.00157895 -0.005 0.00134146 0.0025 -0.0025 -0.00152174 0.000145631 -0.000279503
internal_weight=2570 2496 64 49 36 13 29 20 2432 1145 14 543 602 443 1287 131 402 285 117 91 26 159 38 15 41 20 40 23 412 161
internal_count=2570 2496 64 49 36 13 29 20 2432 1145 14 543 602 443 1287 131 402 285 117 91 26 159 38 15 41 20 40 23 412 161
is_linear=0
shrinkage=0.05


Tree=84
num_leaves=31
num_cat=0
split_feature=2 2 3 2 7 3 2 3 2 2 3 5 8 3 3 8 2 2 3 3 3 3 3 3 3 8 3 5 3 3
split_gain=0.840972 0.307975 1.14863 0.285714 0.112507 0.131467 0.110294 0.1875 0.204167 0.1 0.0695399 0.144301 0.077598 0.0871262 0.0863684 0.0660304 0.050426 0.0495746 0.0472717 0.0450013 0.0447026 0.0353535 0.0369105 0.0286508 0.0694444 0.0229665 0.0207161 0.0556653 0.0198413 0.0197802
threshold=11.550000000000002 3.3000000000000012 17.500000000000004 5.150000000000003 1.0000000180025095e-35 12.500000000000002 5.150000000000003 15.500000000000002 7.6499999999999995 9.1500000000000039 9.5000000000000018 1.0000000180025095e-35 1.0000000180025095e-35 4.5000000000000009 4.5000000000000009 1.0000000180025095e-35 1.0500000000000009 0.55000000000000082 6.5000000000000009 10.500000000000002 20.500000000000004 1.0000000180025095e-35 3.5000000000000004 1.0000000180025095e-35 1.5000000000000002 1.0000000180025095e-35 21.500000000000004 1.0000000180025095e-35 2.5000000000000004 11.500000000000002
decision_type=2 2 2 2 2 2 2 2 2 2 2 2 2 2 2 2 2 2 2 2 2 2 2 2 2 2 2 2 2 2
left_child=1 4 6 -4 5 10 -3 8 -8 -10 12 19 14 21 23 -7 17 18 -6 -12 -17 -14 -23 -1 -25 -21 -22 -28 -26 -27
right_child=-2 2 3 -5 16 15 7 -9 9 -11 11 -13 13 -15 -16 20 -18 -19 -20 25 26 22 -24 24 28 29 27 -29 -30 -31
leaf_value=0.00019328070447554866 0.22279129390793947 0.044193013106938552 -0.0016340265305286425 -0.0056215991684533716 -0.0010109356808489344 2.189535019365696e-05 -0.0063277813782302008 0.11644491248654204 0.013602457279103038 0.017748040963162359 -0.0008071125715327865 0.0023029901033626596 0.00081987423011899987 0.00061158462742004623 -1.416113876249181e-05 -0.0002505456128467115 0.00028089148559417632 0.0021047346188597603 0.00030456797695994388 -0.00048650959208305732 -0.0052514636030464553 -0.0024578360274082559 -0.019817072444818465 0.032743052247731178 0.006970433715210023 0.024104374355658598 -3.9248912921729939e-05 0.009496361390984984 0.020640018282272563 0.0099186125042943114
leaf_weight=28 74 9.9999999999999982 6.9999999999999982 7 145 415 6.0000000000000062 7.9999999999999991 4.9999999999999982 5 134 92 8.9999999999999982 31 54 91 4.9999999999999991 4.9999999999999991 1142 132 17 19 13.999999999999998 11.999999999999998 18 7.0000000000000009 11 12 42 13
leaf_count=28 74 10 7 7 145 415 6 8 5 5 134 92 9 31 54 91 5 5 1142 132 17 19 14 12 18 7 11 12 42 13
internal_value=-0.000252918 -0.000408654 -0.004375 -0.0164286 -0.000330882 -0.000690704 0.000588235 -0.00125 -0.004375 1.86265e-10 -0.00119835 -0.00161376 -0.000506608 -0.00184931 0.00012987 -0.000128205 -1.1565e-05 -3.09596e-05 -1.16548e-05 -0.00216783 -0.00110687 -0.00333333 -0.00409091 0.001 0.00152778 -0.00157895 -0.0025 -0.00152174 0.000833334 1.86265e-10
internal_weight=2570 2496 48 14 2448 1151 34 24 16 10 605 378 227 73 154 546 1297 1292 1287 286 131 42 33 100 72 152 40 23 60 20
internal_count=2570 2496 48 14 2448 1151 34 24 16 10 605 378 227 73 154 546 1297 1292 1287 286 131 42 33 100 72 152 40 23 60 20
is_linear=0
shrinkage=0.05


Tree=85
num_leaves=31
num_cat=0
split_feature=2 2 3 2 2 3 3 7 3 3 5 8 3 3 8 2 2 3 3 3 3 3 3 3 8 3 5 3 3 3
split_gain=0.847213 0.487062 0.958683 0.285714 0.196078 0.333333 0.25 0.112507 0.131467 0.0695399 0.144301 0.077598 0.0871262 0.0863684 0.0660304 0.050426 0.0495746 0.0472717 0.0450013 0.0447026 0.0353535 0.0369105 0.0286508 0.0694444 0.0229665 0.0207161 0.0556653 0.0198413 0.0197802 0.0167908
threshold=11.550000000000002 3.3000000000000012 17.500000000000004 5.150000000000003 5.150000000000003 15.500000000000002 10.500000000000002 1.0000000180025095e-35 12.500000000000002 9.5000000000000018 1.0000000180025095e-35 1.0000000180025095e-35 4.5000000000000009 4.5000000000000009 1.0000000180025095e-35 1.0500000000000009 0.55000000000000082 6.5000000000000009 10.500000000000002 20.500000000000004 1.0000000180025095e-35 3.5000000000000004 1.0000000180025095e-35 1.5000000000000002 1.0000000180025095e-35 21.500000000000004 1.0000000180025095e-35 2.5000000000000004 11.500000000000002 20.500000000000004
decision_type=2 2 2 2 2 2 2 2 2 2 2 2 2 2 2 2 2 2 2 2 2 2 2 2 2 2 2 2 2 2
left_child=1 7 4 -4 -3 6 -6 8 9 11 18 13 20 22 29 16 17 -9 -11 -16 -13 -22 -1 -24 -20 -21 -27 -25 -26 -10
right_child=-2 2 3 -5 5 -7 -8 15 14 10 -12 12 -14 -15 19 -17 -18 -19 24 25 21 -23 23 27 28 26 -28 -29 -30 -31
leaf_value=0.00018361666925179331 0.21165172921254252 0.04198336245159149 -0.0015523252040020583 -0.0053405192100305357 0.019712817802665539 0.11062266686221489 -0.004659108322164038 -0.00096038889680648558 0.00025547882216008649 -0.00076675694295614833 0.0021878405981945056 0.00077888051861303438 0.00058100539604904881 -1.345308182436611e-05 -0.0002380183322043733 0.00026684691131443949 0.0019994978879167126 0.00028933957811188443 -0.00046218411247889814 -0.0049888904228941322 -0.0023349442260378606 -0.018826218822577536 0.031105899635344603 0.006621912029449506 0.022899155637875659 -3.7286467275654546e-05 0.0090215433214357304 0.019608017368158922 0.0094226818790795978 -0.00066816479328407554
leaf_weight=28 74 9.9999999999999982 6.9999999999999982 7 8.0000000000000053 7.9999999999999991 7.9999999999999991 145 252 134 92 8.9999999999999982 31 54 91 4.9999999999999991 4.9999999999999991 1142 132 17 19 13.999999999999998 11.999999999999998 18 7.0000000000000009 11 12 42 13 163
leaf_count=28 74 10 7 7 8 8 8 145 252 134 92 9 31 54 91 5 5 1142 132 17 19 14 12 18 7 11 12 42 13 163
internal_value=-0.000272373 -0.000428686 -0.00541667 -0.0164286 -0.000882353 -0.00333333 -0.0075 -0.000330882 -0.000690704 -0.00119835 -0.00161376 -0.000506608 -0.00184931 0.00012987 -0.000128205 -1.1565e-05 -3.09596e-05 -1.16548e-05 -0.00216783 -0.00110687 -0.00333333 -0.00409091 0.001 0.00152778 -0.00157895 -0.0025 -0.00152174 0.000833334 1.86265e-10 0.000180723
internal_weight=2570 2496 48 14 34 24 16 2448 1151 605 378 227 73 154 546 1297 1292 1287 286 131 42 33 100 72 152 40 23 60 20 415
internal_count=2570 2496 48 14 34 24 16 2448 1151 605 378 227 73 154 546 1297 1292 1287 286 131 42 33 100 72 152 40 23 60 20 415
is_linear=0
shrinkage=0.05


Tree=86
num_leaves=31
num_cat=0
split_feature=2 2 3 5 2 2 3 3 2 2 7 3 3 3 5 2 8 3 3 3 3 8 3 3 3 3 5 3 3 8
split_gain=0.736038 0.266969 1.35297 1.20098 0.101898 0.225217 0.0964286 0.207983 0.142017 0.1 0.0936286 0.0938573 0.121858 0.130546 0.086484 0.0833333 0.0623713 0.0514578 0.0677382 0.0472717 0.0447026 0.0346811 0.0544662 0.0368192 0.0239451 0.0207161 0.0556653 0.0191056 0.0254818 0.0153784
threshold=13.500000000000002 3.3000000000000012 17.500000000000004 1.0000000180025095e-35 1.0500000000000009 0.55000000000000082 14.500000000000002 8.5000000000000018 7.6499999999999995 9.9000000000000004 1.0000000180025095e-35 12.500000000000002 1.5000000000000002 1.0000000180025095e-35 1.0000000180025095e-35 5.150000000000003 1.0000000180025095e-35 9.5000000000000018 10.500000000000002 6.5000000000000009 20.500000000000004 1.0000000180025095e-35 4.5000000000000009 4.5000000000000009 3.5000000000000004 21.500000000000004 1.0000000180025095e-35 20.500000000000004 22.500000000000004 1.0000000180025095e-35
decision_type=2 2 2 2 2 2 2 2 2 2 2 2 2 2 2 2 2 2 2 2 2 2 2 2 2 2 2 2 2 2
left_child=1 4 6 15 5 10 7 -3 -9 -10 11 12 13 -1 17 -4 27 21 -19 -12 -18 22 -14 -23 -16 -22 -27 -13 -29 -20
right_child=-2 2 3 -5 -6 -7 -8 8 9 -11 19 16 14 -15 24 -17 20 18 29 -21 25 23 -24 -25 -26 26 -28 28 -30 -31
leaf_value=3.2089616262158048e-05 0.30013578146820019 0.043101927620098984 -0.001627688492883324 0.27449464328463763 0.00041278781079613473 -0.011656914565817328 0.12069175881003709 -0.0055279803024861143 0.012667851301496056 0.066995557583864149 -0.00091236945196616632 8.0275158172521396e-06 0.043069620503089198 0.023550604623775229 -0.0031074643474796634 -0.0052735695158512173 -0.00022611741559416533 -0.00072841909580834141 -0.00015134888930101731 0.00027487259920621265 -0.0047394459017494261 -0.0042181999055612707 -1.2780427733138923e-05 5.1955354764920972e-05 0.00088871940838181627 -3.5422143911878481e-05 0.0085704661553639514 -0.00084480360346876897 0.0089937736005548004 0.0036318155023595737
leaf_weight=37 65 11.000000000000002 6.0000000000000018 4.9999999999999991 8.9999999999999982 6.9999999999999991 11.999999999999998 7.0000000000000027 4.9999999999999982 5 145 251 48 15.999999999999998 13.999999999999998 6 91 134 131 1142 17 17 54 10.000000000000002 121 11 12 135 26 20
leaf_count=37 65 11 6 5 9 7 12 7 5 5 145 251 48 16 14 6 91 134 131 1142 17 17 54 10 121 11 12 135 26 20
internal_value=-0.000252918 -0.000389221 -0.00377193 -0.0155882 -0.000310457 -0.000330053 0.00125 -0.000357143 -0.00382353 1.86265e-10 -0.000304276 -0.000633188 -0.00106312 0.00122642 -0.00128415 -0.0241667 -0.000156538 -0.00164251 -0.00201754 -1.16548e-05 -0.00110687 -0.000813953 -0.000392157 -0.00240741 -0.000185185 -0.0025 -0.00152174 0.000145631 -0.000279503 -0.00129139
internal_weight=2570 2505 57 17 2448 2439 40 28 17 10 2432 1145 602 53 549 12 543 414 285 1287 131 129 102 27 135 40 23 412 161 151
internal_count=2570 2505 57 17 2448 2439 40 28 17 10 2432 1145 602 53 549 12 543 414 285 1287 131 129 102 27 135 40 23 412 161 151
is_linear=0
shrinkage=0.05


Tree=87
num_leaves=31
num_cat=0
split_feature=2 2 3 5 3 3 7 3 2 3 3 5 8 3 3 8 2 2 3 3 3 3 3 3 3 8 3 5 3 3
split_gain=0.746982 0.415482 1.15955 1.20098 0.171429 0.481203 0.112507 0.131467 0.0833333 0.0723684 0.0695399 0.144301 0.077598 0.0871262 0.0863684 0.0660304 0.050426 0.0495746 0.0472717 0.0450013 0.0447026 0.0353535 0.0369105 0.0286508 0.0694444 0.0229665 0.0207161 0.0556653 0.0198413 0.0197802
threshold=13.500000000000002 3.3000000000000012 17.500000000000004 1.0000000180025095e-35 14.500000000000002 10.500000000000002 1.0000000180025095e-35 12.500000000000002 5.150000000000003 8.5000000000000018 9.5000000000000018 1.0000000180025095e-35 1.0000000180025095e-35 4.5000000000000009 4.5000000000000009 1.0000000180025095e-35 1.0500000000000009 0.55000000000000082 6.5000000000000009 10.500000000000002 20.500000000000004 1.0000000180025095e-35 3.5000000000000004 1.0000000180025095e-35 1.5000000000000002 1.0000000180025095e-35 21.500000000000004 1.0000000180025095e-35 2.5000000000000004 11.500000000000002
decision_type=2 2 2 2 2 2 2 2 2 2 2 2 2 2 2 2 2 2 2 2 2 2 2 2 2 2 2 2 2 2
left_child=1 6 4 8 5 9 7 10 -4 -3 12 19 14 21 23 -9 17 18 -8 -12 -17 -14 -23 -1 -25 -21 -22 -28 -26 -27
right_child=-2 2 3 -5 -6 -7 16 15 -10 -11 11 -13 13 -15 -16 20 -18 -19 -20 25 26 22 -24 24 28 29 27 -29 -30 -31
leaf_value=0.00017283135497611911 0.28512899239479017 0.040946831239093984 -0.0015463040682392531 0.26076991112040576 0.11465717086953511 -0.0040959253830313179 -0.00086675097936785852 7.6252657850828249e-06 -0.0050098910400587001 0.018366721812027569 -0.00069199814101792443 0.0020340125978656905 0.00073833201186928048 0.00054935735663803615 -1.2141406346488637e-05 -0.00021481154481445554 0.00023286517520888008 0.0024823687218118898 0.00026112896924589715 -0.00043150746238989712 -0.0045024736066619558 -0.0029027602072503366 -0.01792934385186774 0.028373074422388636 0.0041373354028225954 0.021572607080863906 -3.3651036716264571e-05 0.0081419428475957602 0.016705021039908254 0.0087699570100076684
leaf_weight=28 65 11.000000000000005 6.0000000000000018 4.9999999999999991 11.999999999999998 8.9999999999999982 145 415 6 7.9999999999999991 134 92 8.9999999999999982 31 54 91 4.9999999999999991 4.9999999999999991 1142 132 17 19 13.999999999999998 11.999999999999998 18 7.0000000000000009 11 12 42 13
leaf_count=28 65 11 6 5 12 9 145 415 6 8 134 92 9 31 54 91 5 5 1142 132 17 19 14 12 18 7 11 12 42 13
internal_value=-0.000291829 -0.000429142 -0.00464912 -0.0155882 1.86265e-10 -0.00214286 -0.000330882 -0.000690704 -0.0241667 0.00236842 -0.00119835 -0.00161376 -0.000506608 -0.00184931 0.00012987 -0.000128205 -1.1565e-05 -3.09596e-05 -1.16548e-05 -0.00216783 -0.00110687 -0.00333333 -0.00409091 0.001 0.00152778 -0.00157895 -0.0025 -0.00152174 0.000833334 1.86265e-10
internal_weight=2570 2505 57 17 40 28 2448 1151 12 19 605 378 227 73 154 546 1297 1292 1287 286 131 42 33 100 72 152 40 23 60 20
internal_count=2570 2505 57 17 40 28 2448 1151 12 19 605 378 227 73 154 546 1297 1292 1287 286 131 42 33 100 72 152 40 23 60 20
is_linear=0
shrinkage=0.05


Tree=88
num_leaves=31
num_cat=0
split_feature=2 2 3 5 3 3 2 2 7 3 3 5 8 2 3 8 3 3 8 5 3 3 3 3 3 3 3 3 3 5
split_gain=0.7415 0.419422 1.15955 1.20098 0.171429 0.481203 0.101898 0.225217 0.0936286 0.0938573 0.0888876 0.1311 0.113537 0.0833333 0.0723684 0.0623713 0.0472717 0.0447026 0.0444138 0.031746 0.0547009 0.0444444 0.0964286 0.0310265 0.0320106 0.0270766 0.0716161 0.023319 0.0207161 0.0556653
threshold=13.500000000000002 3.3000000000000012 17.500000000000004 1.0000000180025095e-35 14.500000000000002 10.500000000000002 1.0500000000000009 0.55000000000000082 1.0000000180025095e-35 12.500000000000002 4.5000000000000009 1.0000000180025095e-35 1.0000000180025095e-35 5.150000000000003 8.5000000000000018 1.0000000180025095e-35 6.5000000000000009 20.500000000000004 1.0000000180025095e-35 1.0000000180025095e-35 3.5000000000000004 3.5000000000000004 1.0000000180025095e-35 10.500000000000002 9.5000000000000018 1.0000000180025095e-35 1.5000000000000002 11.500000000000002 21.500000000000004 1.0000000180025095e-35
decision_type=2 2 2 2 2 2 2 2 2 2 2 2 2 2 2 2 2 2 2 2 2 2 2 2 2 2 2 2 2 2
left_child=1 6 4 13 5 14 7 8 9 10 12 18 25 -4 -3 -11 -10 -17 23 20 -14 22 -21 24 -12 -1 -27 -25 -19 -30
right_child=-2 2 3 -5 -6 -7 -8 -9 16 15 11 -13 19 -15 -16 17 -18 28 -20 21 -22 -23 -24 27 -26 26 -28 -29 29 -31
leaf_value=0.00016418978722731746 0.27087254277505074 0.038899489677139132 -0.0014689888648271548 0.24773141556438547 0.10892431232605837 -0.0038911291138796324 0.00038050516149587099 -0.011139909751235492 -0.00082341343039946677 7.2440024958320141e-06 -1.1534336029161985e-05 0.0014218093706700229 0.017137853196275945 -0.004759396488055667 0.017448385721426114 -0.00020407096757372458 0.00024807252078359746 -0.004277349926328858 -0.00097810911851485831 -0.002298584156590522 0.11581698877288754 0.012967124085783689 -0.0046948873971761826 -0.0029419017533694582 -0.00065739823396703261 0.026954420701269213 0.013841431301966004 -0.00012220607171646859 -3.1968484880451345e-05 0.007734845705215973
leaf_weight=28 65 11.000000000000005 6.0000000000000018 4.9999999999999991 11.999999999999998 8.9999999999999982 8.9999999999999982 6.9999999999999991 145 412 54 112 13.000000000000002 6 7.9999999999999991 91 1142 17 38 7.9999999999999991 4.9999999999999991 9 7.0000000000000009 76 126 11.999999999999998 59 55 11 12
leaf_count=28 65 11 6 5 12 9 9 7 145 412 54 112 13 6 8 91 1142 17 38 8 5 9 7 76 126 12 59 55 11 12
internal_value=-0.000272373 -0.000409181 -0.00464912 -0.0155882 1.86265e-10 -0.00214286 -0.000310457 -0.000330053 -0.000304276 -0.000633188 -0.00106312 -0.00139913 3.54612e-05 -0.0241667 0.00236842 -0.000156538 -1.16548e-05 -0.00110687 -0.00187679 -0.00214286 -0.000555555 -0.00333333 -0.005 -0.00207395 -0.0025 0.000959596 0.00147887 -0.00148855 -0.0025 -0.00152174
internal_weight=2570 2505 57 17 40 28 2448 2439 2432 1145 602 461 141 12 19 543 1287 131 349 42 18 24 15 311 180 99 71 131 40 23
internal_count=2570 2505 57 17 40 28 2448 2439 2432 1145 602 461 141 12 19 543 1287 131 349 42 18 24 15 311 180 99 71 131 40 23
is_linear=0
shrinkage=0.05


Tree=89
num_leaves=31
num_cat=0
split_feature=2 2 3 5 3 3 7 3 2 3 3 5 8 3 3 8 2 2 3 3 3 3 3 3 3 8 3 5 3 3
split_gain=0.746982 0.415482 1.15955 1.20098 0.171429 0.481203 0.112507 0.131467 0.0833333 0.0723684 0.0695399 0.144301 0.077598 0.0871262 0.0863684 0.0660304 0.050426 0.0495746 0.0472717 0.0450013 0.0447026 0.0353535 0.0369105 0.0286508 0.0694444 0.0229665 0.0207161 0.0556653 0.0198413 0.0197802
threshold=13.500000000000002 3.3000000000000012 17.500000000000004 1.0000000180025095e-35 14.500000000000002 10.500000000000002 1.0000000180025095e-35 12.500000000000002 5.150000000000003 8.5000000000000018 9.5000000000000018 1.0000000180025095e-35 1.0000000180025095e-35 4.5000000000000009 4.5000000000000009 1.0000000180025095e-35 1.0500000000000009 0.55000000000000082 6.5000000000000009 10.500000000000002 20.500000000000004 1.0000000180025095e-35 3.5000000000000004 1.0000000180025095e-35 1.5000000000000002 1.0000000180025095e-35 21.500000000000004 1.0000000180025095e-35 2.5000000000000004 11.500000000000002
decision_type=2 2 2 2 2 2 2 2 2 2 2 2 2 2 2 2 2 2 2 2 2 2 2 2 2 2 2 2 2 2
left_child=1 6 4 8 5 9 7 10 -4 -3 12 19 14 21 23 -9 17 18 -8 -12 -17 -14 -23 -1 -25 -21 -22 -28 -26 -27
right_child=-2 2 3 -5 -6 -7 16 15 -10 -11 11 -13 13 -15 -16 20 -18 -19 -20 25 26 22 -24 24 28 29 27 -29 -30 -31
leaf_value=0.00015598029786594036 0.25732891563629812 0.036954515193282023 -0.001395539421585697 0.23534484478616613 0.10347809670975537 -0.0036965726581855486 -0.00078224275887949228 6.8818023710504054e-06 -0.0045214266636529271 0.016575966435354979 -0.00062452832226868045 0.0018612214994389075 0.00081634461910531366 0.00057079493936765399 -1.0957619227713878e-05 -0.00019386741919504014 0.00020219665837363846 0.0029152457732831484 0.00023566889474443609 -0.00027693550753116078 -0.0040634824300124165 -0.0026034430529796207 -0.017681232863563535 0.025606699666205747 0.0032383970675831544 0.020542882182746469 -3.0370060636419895e-05 0.0073481034199551626 0.015177698422814535 0.0083803646154330565
leaf_weight=28 65 11.000000000000005 6.0000000000000018 4.9999999999999991 11.999999999999998 8.9999999999999982 145 415 6 7.9999999999999991 134 92 8.9999999999999982 31 54 91 4.9999999999999991 4.9999999999999991 1142 132 17 19 13.999999999999998 11.999999999999998 18 7.0000000000000009 11 12 42 13
leaf_count=28 65 11 6 5 12 9 145 415 6 8 134 92 9 31 54 91 5 5 1142 132 17 19 14 12 18 7 11 12 42 13
internal_value=-0.000291829 -0.000429142 -0.00464912 -0.0155882 1.86265e-10 -0.00214286 -0.000330882 -0.000690704 -0.0241667 0.00236842 -0.00119835 -0.00161376 -0.000506608 -0.00184931 0.00012987 -0.000128205 -1.1565e-05 -3.09596e-05 -1.16548e-05 -0.00216783 -0.00110687 -0.00333333 -0.00409091 0.001 0.00152778 -0.00157895 -0.0025 -0.00152174 0.000833334 1.86265e-10
internal_weight=2570 2505 57 17 40 28 2448 1151 12 19 605 378 227 73 154 546 1297 1292 1287 286 131 42 33 100 72 152 40 23 60 20
internal_count=2570 2505 57 17 40 28 2448 1151 12 19 605 378 227 73 154 546 1297 1292 1287 286 131 42 33 100 72 152 40 23 60 20
is_linear=0
shrinkage=0.05


Tree=90
num_leaves=31
num_cat=0
split_feature=2 2 3 5 7 3 3 3 2 2 2 3 5 8 3 3 8 2 2 3 3 3 3 3 3 3 8 3 5 3
split_gain=0.7415 0.263827 1.35297 1.20098 0.112507 0.131467 0.0964286 0.207983 0.142017 0.1 0.0833333 0.0695399 0.144301 0.077598 0.0871262 0.0863684 0.0660304 0.050426 0.0495746 0.0472717 0.0450013 0.0447026 0.0353535 0.0369105 0.0286508 0.0694444 0.0229665 0.0207161 0.0556653 0.0198413
threshold=13.500000000000002 3.3000000000000012 17.500000000000004 1.0000000180025095e-35 1.0000000180025095e-35 12.500000000000002 14.500000000000002 8.5000000000000018 7.6499999999999995 9.9000000000000004 5.150000000000003 9.5000000000000018 1.0000000180025095e-35 1.0000000180025095e-35 4.5000000000000009 4.5000000000000009 1.0000000180025095e-35 1.0500000000000009 0.55000000000000082 6.5000000000000009 10.500000000000002 20.500000000000004 1.0000000180025095e-35 3.5000000000000004 1.0000000180025095e-35 1.5000000000000002 1.0000000180025095e-35 21.500000000000004 1.0000000180025095e-35 2.5000000000000004
decision_type=2 2 2 2 2 2 2 2 2 2 2 2 2 2 2 2 2 2 2 2 2 2 2 2 2 2 2 2 2 2
left_child=1 4 6 10 5 11 7 -3 -9 -10 -4 13 20 15 22 24 -7 18 19 -6 -13 -18 -15 -24 -1 -26 -22 -23 -29 -27
right_child=-2 2 3 -5 17 16 -8 8 9 -11 -12 12 -14 14 -16 -17 21 -19 -20 -21 26 27 23 -25 25 29 -28 28 -30 -31
leaf_value=0.00014818128297262322 0.24446246985448311 0.035106789433618037 -0.0013257624505063476 0.22357760254685777 -0.00074313062093551714 6.5377122524967747e-06 0.098304191874267491 -0.0059488939234411502 0.011337146052602521 0.064229961062425914 -0.0042953553304703957 -0.00059330190615524141 0.0017681604244669511 0.00077552738815005466 0.00054225519239926162 -1.0409738266337066e-05 -0.00018417404823528884 0.00019208682545490186 0.0027694834846189401 0.0002238854500071528 -0.00026308873215461382 -0.0038603083085117953 -0.0024732709003306343 -0.016797171220385355 0.024326364682895465 0.0030764772142040098 0.0025167882990454536 -2.8851557604614444e-05 0.0069806982489574263 0.014418813501673823
leaf_weight=28 65 11.000000000000002 6.0000000000000018 4.9999999999999991 145 415 11.999999999999998 7.0000000000000027 4.9999999999999982 5 6 134 92 8.9999999999999982 31 54 91 4.9999999999999991 4.9999999999999991 1142 132 17 19 13.999999999999998 11.999999999999998 18 20 11 12 42
leaf_count=28 65 11 6 5 145 415 12 7 5 5 6 134 92 9 31 54 91 5 5 1142 132 17 19 14 12 18 20 11 12 42
internal_value=-0.000272373 -0.000409181 -0.00377193 -0.0155882 -0.000330882 -0.000690704 0.00125 -0.000357143 -0.00382353 1.86265e-10 -0.0241667 -0.00119835 -0.00161376 -0.000506608 -0.00184931 0.00012987 -0.000128205 -1.1565e-05 -3.09596e-05 -1.16548e-05 -0.00216783 -0.00110687 -0.00333333 -0.00409091 0.001 0.00152778 -0.00157895 -0.0025 -0.00152174 0.000833334
internal_weight=2570 2505 57 17 2448 1151 40 28 17 10 12 605 378 227 73 154 546 1297 1292 1287 286 131 42 33 100 72 152 40 23 60
internal_count=2570 2505 57 17 2448 1151 40 28 17 10 12 605 378 227 73 154 546 1297 1292 1287 286 131 42 33 100 72 152 40 23 60
is_linear=0
shrinkage=0.05


Tree=91
num_leaves=31
num_cat=0
split_feature=2 2 3 5 3 3 7 3 3 5 8 3 3 2 8 2 2 3 3 3 3 2 3 3 8 3 5 3 3 3
split_gain=0.67641 0.436135 1.6254 1.36752 0.144444 0.543478 0.125642 0.131467 0.0695399 0.144301 0.077598 0.0871262 0.0863684 0.0676328 0.0660304 0.0496532 0.0503498 0.0450013 0.0447026 0.0353535 0.0369105 0.029304 0.0286508 0.0694444 0.0229665 0.0207161 0.0556653 0.0198413 0.0197802 0.0193747
threshold=14.35 3.3000000000000012 17.500000000000004 1.0000000180025095e-35 14.500000000000002 10.500000000000002 1.0000000180025095e-35 12.500000000000002 9.5000000000000018 1.0000000180025095e-35 1.0000000180025095e-35 4.5000000000000009 4.5000000000000009 6.4500000000000002 1.0000000180025095e-35 1.0500000000000009 0.55000000000000082 10.500000000000002 20.500000000000004 1.0000000180025095e-35 3.5000000000000004 6.7500000000000009 1.0000000180025095e-35 1.5000000000000002 1.0000000180025095e-35 21.500000000000004 1.0000000180025095e-35 2.5000000000000004 11.500000000000002 6.5000000000000009
decision_type=2 2 2 2 2 2 2 2 2 2 2 2 2 2 2 2 2 2 2 2 2 2 2 2 2 2 2 2 2 2
left_child=1 6 4 21 5 13 7 8 10 17 12 19 22 -3 -9 16 29 -10 -16 -12 -21 -4 -1 -24 -19 -20 -27 -25 -26 -8
right_child=-2 2 3 -5 -6 -7 15 14 9 -11 11 -13 -14 -15 18 -17 -18 24 25 20 -22 -23 23 27 28 26 -28 -29 -30 -31
leaf_value=0.0001407722188239786 0.38679833723522611 -0.0016071519655358514 -0.0011064947788996578 0.21239872241951485 0.0954179621448948 -0.0039160878371331158 -0.00070597408988873908 6.2108266398741563e-06 -0.00056363681084747874 0.0016797524032436104 0.00073675101874255417 0.00051514243277928778 -9.8892513530124407e-06 0.046863011704765582 -0.00017496534582352175 0.0001824824841822176 0.0026310093103879329 -0.00024993429554689305 -0.0036672928930862048 -0.0023496073553140977 -0.015957312659366087 -0.005110635221785992 0.023110046448750678 0.0029226533534937984 0.019389898658656882 -2.7408979724397044e-05 0.0066316633365095384 0.013697872826590119 0.0078355069697091384 0.00021269117750673399
leaf_weight=28 59 9.0000000000000018 7.0000000000000018 4.9999999999999991 12.999999999999998 8.9999999999999982 145 415 134 92 8.9999999999999982 31 54 13.999999999999998 91 4.9999999999999991 4.9999999999999991 132 17 19 13.999999999999998 6 11.999999999999998 18 7.0000000000000009 11 12 42 13 1142
leaf_count=28 59 9 7 5 13 9 145 415 134 92 9 31 54 14 91 5 5 132 17 19 14 6 12 18 7 11 12 42 13 1142
internal_value=-0.000291829 -0.000416169 -0.00452381 -0.0172222 0.000555556 -0.00125 -0.000310457 -0.000690704 -0.00119835 -0.00161376 -0.000506608 -0.00184931 0.00012987 0.00282609 -0.000128205 2.69855e-05 7.74012e-06 -0.00216783 -0.00110687 -0.00333333 -0.00409091 -0.0257692 0.001 0.00152778 -0.00157895 -0.0025 -0.00152174 0.000833334 1.86265e-10 2.71952e-05
internal_weight=2570 2511 63 18 45 32 2448 1151 605 378 227 73 154 23 546 1297 1292 286 131 42 33 13 100 72 152 40 23 60 20 1287
internal_count=2570 2511 63 18 45 32 2448 1151 605 378 227 73 154 23 546 1297 1292 286 131 42 33 13 100 72 152 40 23 60 20 1287
is_linear=0
shrinkage=0.05


Tree=92
num_leaves=31
num_cat=0
split_feature=2 2 3 5 3 3 7 3 3 5 8 3 3 2 8 2 2 3 3 3 3 2 3 3 8 3 5 3 3 3
split_gain=0.67641 0.436135 1.6254 1.36752 0.144444 0.543478 0.125642 0.131467 0.0695399 0.144301 0.077598 0.0871262 0.0863684 0.0676328 0.0660304 0.0496532 0.0503498 0.0450013 0.0447026 0.0353535 0.0369105 0.029304 0.0286508 0.0694444 0.0229665 0.0207161 0.0556653 0.0198413 0.0197802 0.0193747
threshold=14.35 3.3000000000000012 17.500000000000004 1.0000000180025095e-35 14.500000000000002 10.500000000000002 1.0000000180025095e-35 12.500000000000002 9.5000000000000018 1.0000000180025095e-35 1.0000000180025095e-35 4.5000000000000009 4.5000000000000009 6.4500000000000002 1.0000000180025095e-35 1.0500000000000009 0.55000000000000082 10.500000000000002 20.500000000000004 1.0000000180025095e-35 3.5000000000000004 6.7500000000000009 1.0000000180025095e-35 1.5000000000000002 1.0000000180025095e-35 21.500000000000004 1.0000000180025095e-35 2.5000000000000004 11.500000000000002 6.5000000000000009
decision_type=2 2 2 2 2 2 2 2 2 2 2 2 2 2 2 2 2 2 2 2 2 2 2 2 2 2 2 2 2 2
left_child=1 6 4 21 5 13 7 8 10 17 12 19 22 -3 -9 16 29 -10 -16 -12 -21 -4 -1 -24 -19 -20 -27 -25 -26 -8
right_child=-2 2 3 -5 -6 -7 15 14 9 -11 11 -13 -14 -15 18 -17 -18 24 25 20 -22 -23 23 27 28 26 -28 -29 -30 -31
leaf_value=0.00013373360788277732 0.36745842037346477 -0.0015267943672590035 -0.0010511700399545407 0.2017787862985391 0.09064706403765016 -0.0037202834452764472 -0.00067067538539430374 5.9002853078915507e-06 -0.0005354549703051048 0.0015957647830814174 0.00069991346780544643 0.00048938531114031821 -9.3947887853662593e-06 0.044519861119527319 -0.00016621707853234081 0.00017335835997315865 0.0024994588448685297 -0.00023743758076954946 -0.0034839282484318947 -0.0022321269875483873 -0.015159447026397778 -0.0048551034606968474 0.021954544126313105 0.0027765206858191061 0.018420403725724021 -2.6038530738192734e-05 0.0063000801696840502 0.01301297918526061 0.0074437316212236926 0.00020205661863144082
leaf_weight=28 59 9.0000000000000018 7.0000000000000018 4.9999999999999991 12.999999999999998 8.9999999999999982 145 415 134 92 8.9999999999999982 31 54 13.999999999999998 91 4.9999999999999991 4.9999999999999991 132 17 19 13.999999999999998 6 11.999999999999998 18 7.0000000000000009 11 12 42 13 1142
leaf_count=28 59 9 7 5 13 9 145 415 134 92 9 31 54 14 91 5 5 132 17 19 14 6 12 18 7 11 12 42 13 1142
internal_value=-0.000291829 -0.000416169 -0.00452381 -0.0172222 0.000555556 -0.00125 -0.000310457 -0.000690704 -0.00119835 -0.00161376 -0.000506608 -0.00184931 0.00012987 0.00282609 -0.000128205 2.69855e-05 7.74012e-06 -0.00216783 -0.00110687 -0.00333333 -0.00409091 -0.0257692 0.001 0.00152778 -0.00157895 -0.0025 -0.00152174 0.000833334 1.86265e-10 2.71952e-05
internal_weight=2570 2511 63 18 45 32 2448 1151 605 378 227 73 154 23 546 1297 1292 286 131 42 33 13 100 72 152 40 23 60 20 1287
internal_count=2570 2511 63 18 45 32 2448 1151 605 378 227 73 154 23 546 1297 1292 286 131 42 33 13 100 72 152 40 23 60 20 1287
is_linear=0
shrinkage=0.05


Tree=93
num_leaves=31
num_cat=0
split_feature=2 2 3 5 3 3 7 3 3 5 8 3 3 2 8 2 2 3 3 3 3 2 3 3 8 3 5 3 3 3
split_gain=0.67641 0.436135 1.6254 1.36752 0.144444 0.543478 0.125642 0.131467 0.0695399 0.144301 0.077598 0.0871262 0.0863684 0.0676328 0.0660304 0.0496532 0.0503498 0.0450013 0.0447026 0.0353535 0.0369105 0.029304 0.0286508 0.0694444 0.0229665 0.0207161 0.0556653 0.0198413 0.0197802 0.0193747
threshold=14.35 3.3000000000000012 17.500000000000004 1.0000000180025095e-35 14.500000000000002 10.500000000000002 1.0000000180025095e-35 12.500000000000002 9.5000000000000018 1.0000000180025095e-35 1.0000000180025095e-35 4.5000000000000009 4.5000000000000009 6.4500000000000002 1.0000000180025095e-35 1.0500000000000009 0.55000000000000082 10.500000000000002 20.500000000000004 1.0000000180025095e-35 3.5000000000000004 6.7500000000000009 1.0000000180025095e-35 1.5000000000000002 1.0000000180025095e-35 21.500000000000004 1.0000000180025095e-35 2.5000000000000004 11.500000000000002 6.5000000000000009
decision_type=2 2 2 2 2 2 2 2 2 2 2 2 2 2 2 2 2 2 2 2 2 2 2 2 2 2 2 2 2 2
left_child=1 6 4 21 5 13 7 8 10 17 12 19 22 -3 -9 16 29 -10 -16 -12 -21 -4 -1 -24 -19 -20 -27 -25 -26 -8
right_child=-2 2 3 -5 -6 -7 15 14 9 -11 11 -13 -14 -15 18 -17 -18 24 25 20 -22 -23 23 27 28 26 -28 -29 -30 -31
leaf_value=0.00012704692748863609 0.34908549935479138 -0.0014504546488960869 -0.00099861153795666158 0.19168984698361211 0.086114710835767813 -0.003534269273012665 -0.00063714161612459246 5.6052710424969738e-06 -0.00050868222178984679 0.0015159765439273513 0.00066491779441517633 0.00046491604558330374 -8.9250493461090489e-06 0.042293868063551059 -0.00015790622460573335 0.00016469044197450823 0.0023744859026250346 -0.00022556570173106637 -0.003309731836010299 -0.0021205206381709543 -0.014401474675077887 -0.0046123482876619104 0.020856816919997457 0.0026376946515281664 0.017499383539437832 -2.4736604201303083e-05 0.0059850761611998631 0.012362330225997576 0.0070715450401625194 0.00019195378769979214
leaf_weight=28 59 9.0000000000000018 7.0000000000000018 4.9999999999999991 12.999999999999998 8.9999999999999982 145 415 134 92 8.9999999999999982 31 54 13.999999999999998 91 4.9999999999999991 4.9999999999999991 132 17 19 13.999999999999998 6 11.999999999999998 18 7.0000000000000009 11 12 42 13 1142
leaf_count=28 59 9 7 5 13 9 145 415 134 92 9 31 54 14 91 5 5 132 17 19 14 6 12 18 7 11 12 42 13 1142
internal_value=-0.000291829 -0.000416169 -0.00452381 -0.0172222 0.000555556 -0.00125 -0.000310457 -0.000690704 -0.00119835 -0.00161376 -0.000506608 -0.00184931 0.00012987 0.00282609 -0.000128205 2.69855e-05 7.74012e-06 -0.00216783 -0.00110687 -0.00333333 -0.00409091 -0.0257692 0.001 0.00152778 -0.00157895 -0.0025 -0.00152174 0.000833334 1.86265e-10 2.71952e-05
internal_weight=2570 2511 63 18 45 32 2448 1151 605 378 227 73 154 23 546 1297 1292 286 131 42 33 13 100 72 152 40 23 60 20 1287
internal_count=2570 2511 63 18 45 32 2448 1151 605 378 227 73 154 23 546 1297 1292 286 131 42 33 13 100 72 152 40 23 60 20 1287
is_linear=0
shrinkage=0.05


Tree=94
num_leaves=31
num_cat=0
split_feature=2 2 3 5 2 2 3 7 3 2 2 3 2 2 8 5 3 3 3 3 8 3 3 3 8 3 3 3 3 5
split_gain=0.579612 0.487093 1.66234 1.55556 0.41983 0.222222 0.148485 0.12014 0.111842 0.0840659 0.117857 0.1875 0.204167 0.1 0.0623713 0.0553503 0.139158 0.0447026 0.0355174 0.0677382 0.039072 0.0517495 0.0471154 0.0303673 0.116018 0.0964286 0.020964 0.0333333 0.0207161 0.0556653
threshold=16.850000000000001 0.55000000000000082 17.500000000000004 1.0000000180025095e-35 2.3000000000000012 6.7500000000000009 8.5000000000000018 1.0000000180025095e-35 12.500000000000002 11.550000000000002 5.150000000000003 15.500000000000002 7.6499999999999995 9.1500000000000039 1.0000000180025095e-35 1.0000000180025095e-35 2.5000000000000004 20.500000000000004 9.5000000000000018 10.500000000000002 1.0000000180025095e-35 4.5000000000000009 4.5000000000000009 3.5000000000000004 1.0000000180025095e-35 1.0000000180025095e-35 1.0000000180025095e-35 1.5000000000000002 21.500000000000004 1.0000000180025095e-35
decision_type=2 2 2 2 2 2 2 2 2 2 2 2 2 2 2 2 2 2 2 2 2 2 2 2 2 2 2 2 2 2
left_child=1 7 4 5 6 -4 -3 8 15 10 -6 12 -12 -14 -10 16 26 -16 20 -20 21 -18 -22 24 -17 -26 -1 -28 -19 -30
right_child=-2 2 3 -5 9 -7 -8 -9 14 -11 11 -13 13 -15 17 23 18 28 19 -21 22 -23 -24 -25 25 -27 27 -29 29 -31
leaf_value=0.00054773353771833124 0.51769269387477024 -0.0049755319008975007 -0.00064272186289591896 0.17007838332264075 0.033580672081649325 -0.0073073074663394522 -0.007276240210603341 7.5993244308305359e-05 5.3250074903754555e-06 0.085524328546951772 -0.0064377014315470053 0.064179770138705891 0.0084318731057101848 0.0067812923265988595 -0.00015001091337544516 0.0051972487984213948 0.040248784748939156 -0.0031442452442097843 -0.0004832481107003517 -5.3447677244000685e-05 -0.0051300975584299031 -8.4787968787969351e-06 -5.8329520943001258e-05 0.00025044862230109988 -0.0023683276631718988 -0.0038711945806001627 0.013813976044195453 0.051505804599237683 -2.3499773991231268e-05 0.0056858223531398673
leaf_weight=21 50 4.9999999999999982 9.0000000000000053 6.9999999999999991 10.999999999999998 8.9999999999999982 6 1287 412 17 6.0000000000000062 7.9999999999999991 4.9999999999999982 5 91 23 37 17 134 151 15.999999999999998 54 10.000000000000002 121 7.9999999999999982 7 8 12 11 12
leaf_count=21 50 5 9 7 11 9 6 1287 412 17 6 8 5 5 91 23 37 17 134 151 16 54 10 121 8 7 8 12 11 12
internal_value=-0.000330739 -0.000436508 -0.00409091 -0.015 0.000238095 -0.0227778 -0.00863636 -0.000304276 -0.000676856 0.00211538 0.000714286 -0.00125 -0.004375 1.86265e-10 -0.000156538 -0.00114618 -0.00143341 -0.00110687 -0.00171642 -0.00201754 -0.000982906 -0.000494505 -0.00269231 -0.000345912 -0.00157895 -0.005 0.00134146 0.0025 -0.0025 -0.00152174
internal_weight=2570 2520 88 25 63 18 11 2432 1145 52 35 24 16 10 543 602 443 131 402 285 117 91 26 159 38 15 41 20 40 23
internal_count=2570 2520 88 25 63 18 11 2432 1145 52 35 24 16 10 543 602 443 131 402 285 117 91 26 159 38 15 41 20 40 23
is_linear=0
shrinkage=0.05


Tree=95
num_leaves=31
num_cat=0
split_feature=2 2 5 2 3 3 3 2 2 7 3 3 2 8 3 3 2 8 3 3 3 8 3 3 3 3 3 3 3 3
split_gain=0.562813 0.307705 0.145968 0.478813 0.389694 0.576017 0.860215 0.277778 0.133117 0.103756 0.126959 0.178606 0.1 0.0595767 0.0709878 0.101694 0.0678811 0.0389787 0.0571895 0.0362741 0.063707 0.0308865 0.0408344 0.0261522 0.0677382 0.0191453 0.0172249 0.0266667 0.0166667 0.0161483
threshold=16.850000000000001 15.150000000000004 1.0000000180025095e-35 0.55000000000000082 6.5000000000000009 11.500000000000002 17.500000000000004 6.7500000000000009 7.6499999999999995 1.0000000180025095e-35 3.5000000000000004 12.500000000000002 5.150000000000003 1.0000000180025095e-35 8.5000000000000018 6.5000000000000009 2.3000000000000012 1.0000000180025095e-35 20.500000000000004 15.500000000000002 14.500000000000002 1.0000000180025095e-35 6.5000000000000009 9.5000000000000018 10.500000000000002 13.500000000000002 18.500000000000004 19.500000000000004 7.5000000000000009 4.5000000000000009
decision_type=2 2 2 2 2 2 2 2 2 2 2 2 2 2 2 2 2 2 2 2 2 2 2 2 2 2 2 2 2 2
left_child=1 2 3 9 -5 12 -7 -8 13 10 -1 23 -6 16 15 29 -4 19 25 20 -13 22 -11 -12 -25 -19 -23 -28 -17 -15
right_child=-2 -3 8 4 5 6 7 -9 -10 21 11 17 -14 14 -16 28 -18 18 -20 -21 -22 26 -24 24 -26 -27 27 -29 -30 -31
leaf_value=0.0065203418242392626 0.49180805918103165 -0.0099419535818178421 0.0070833533839076354 0.27079427141753371 -0.0093503232237774434 0.039958872903126025 -0.00061058576975113335 -0.0040163654999615887 0.17768193264548415 -0.0031090839367632576 -8.0548570348559788e-06 0.00085183437870011152 -0.01390917024999469 -0.0064626843289046099 -0.0020959251919740029 0.11019123078217384 0.077182751431066149 0.027454445404544892 -0.007621209343527763 -0.00080512993196457661 0.12536160008829375 0.030975513448972061 -0.0014386153606715194 -0.00045908570516532969 -5.0775293381799541e-05 -0.0021891314839766552 -7.7265166323092776e-05 0.026522732228953495 0.0074891748722248248 0.0015695509666316923
leaf_weight=67 50 5.9999999999999991 267 7.9999999999999991 8.9999999999999982 16.000000000000004 8.9999999999999982 5.9999999999999991 14.999999999999998 116 91 78 5.9999999999999991 24 228 10.000000000000002 4.9999999999999991 12.999999999999998 17 203 38 55 805 134 151 50 25 14.999999999999998 20 33
leaf_count=67 50 6 267 8 9 16 9 6 15 116 91 78 6 24 228 10 5 13 17 203 38 55 805 134 151 50 25 15 20 33
internal_value=-0.000252918 -0.000357143 -0.000330151 -0.000543933 -0.00518518 -0.00695652 -0.00306452 -0.0116667 0.000348837 -0.000409042 -0.000819477 -0.001 -0.015 0.000229983 -0.000238095 0.000977012 0.000772059 -0.000263158 -0.00125 -1.56738e-05 0.000689655 -6.88974e-05 -0.000157437 -0.00178191 -0.00201754 -0.000555555 0.000789474 1.86265e-10 0.00333333 -0.000263158
internal_weight=2570 2520 2514 1912 54 46 31 15 602 1858 842 775 15 587 315 87 272 399 80 319 116 1016 921 376 285 63 95 40 30 57
internal_count=2570 2520 2514 1912 54 46 31 15 602 1858 842 775 15 587 315 87 272 399 80 319 116 1016 921 376 285 63 95 40 30 57
is_linear=0
shrinkage=0.05


Tree=96
num_leaves=31
num_cat=0
split_feature=2 2 7 2 2 2 3 3 3 2 2 3 2 3 5 3 2 3 2 8 2 2 8 3 3 8 8 3 5 3
split_gain=0.562813 0.307705 0.117199 0.143859 0.276616 0.148485 0.11686 0.130845 0.130546 0.098551 0.0739783 0.30303 0.0696279 0.0563163 0.0563079 0.0699301 0.0552199 0.0450013 0.0391998 0.321429 0.0833333 0.0594418 0.0365806 0.0591807 0.0368192 0.0229665 0.0213527 0.0197802 0.0194045 0.1212
threshold=16.850000000000001 15.150000000000004 1.0000000180025095e-35 11.550000000000002 6.7500000000000009 9.1500000000000039 12.500000000000002 1.5000000000000002 1.0000000180025095e-35 1.0500000000000009 8.5000000000000018 16.500000000000004 6.4500000000000002 20.500000000000004 1.0000000180025095e-35 9.5000000000000018 1.0000000180025095e-35 10.500000000000002 0.65000000000000047 1.0000000180025095e-35 3.5500000000000012 1.0000000180025095e-35 1.0000000180025095e-35 4.5000000000000009 4.5000000000000009 1.0000000180025095e-35 1.0000000180025095e-35 11.500000000000002 1.0000000180025095e-35 8.5000000000000018
decision_type=2 2 2 2 2 2 2 2 2 2 2 2 2 2 2 2 2 2 2 2 2 2 2 2 2 2 2 2 2 2
left_child=1 2 3 4 6 -6 7 8 -1 14 12 -12 18 16 15 22 26 -17 21 20 -20 28 23 -9 -24 -19 -8 -27 -4 -30
right_child=-2 -3 10 -5 5 -7 13 9 -10 -11 11 -13 -14 -15 -16 17 -18 25 19 -21 -22 -23 24 -25 -26 27 -28 -29 29 -31
leaf_value=-0.00047930592893708987 0.46721765622198003 -0.0094448559027270566 -0.00045363000069561512 0.092787287330939411 -0.0030598414302819622 0.028801157976538962 4.5315253714073306e-05 0.039635701910315173 0.012797260150773671 0.21503174471119776 0.018548962072078356 -0.0038155472249633616 0.03310331175551369 -0.00076487343536635333 -0.0031162388853606341 -0.00043613141990705984 0.04533409449294297 -0.00020907626811321632 -0.003924236453963584 0.2978834902625544 -0.0057132144727307828 0.00017301940274857646 -0.0041996083263077027 -7.6521141831209515e-06 -5.5010302044111731e-05 0.016629625510997226 -3.305399228350492e-05 0.0067231789366856811 0.01630488989090409 -0.0011098779884596587
leaf_weight=37 50 5.9999999999999991 1012 10.999999999999998 4.9999999999999982 6 250 49 15.999999999999998 5.9999999999999991 4.9999999999999982 6 6.9999999999999991 207 135 134 5.9999999999999991 132 6 9 6 5.9999999999999991 17 54 10.000000000000002 7.0000000000000009 91 13 58 213
leaf_count=37 50 6 1012 11 5 6 250 49 16 6 5 6 7 207 135 134 6 132 6 9 6 6 17 54 10 7 91 13 58 213
internal_value=-0.000252918 -0.000357143 -0.000330151 -0.000691399 -0.000744681 -0.00863636 -0.000670103 -0.00114754 0.00122642 -0.00137343 -7.52993e-06 -0.00409091 2.65757e-05 -0.000144404 -0.00144283 -0.00173077 0.000244957 -0.00216783 1.86265e-10 -0.00214286 -0.0075 3.4911e-05 -0.000769231 -0.000339806 -0.00240741 -0.00157895 0.000161291 1.86265e-10 1.16915e-05 0.000387454
internal_weight=2570 2520 2514 1186 1175 11 1164 610 53 557 1328 11 1317 554 551 416 347 286 1310 21 12 1289 130 103 27 152 341 20 1283 271
internal_count=2570 2520 2514 1186 1175 11 1164 610 53 557 1328 11 1317 554 551 416 347 286 1310 21 12 1289 130 103 27 152 341 20 1283 271
is_linear=0
shrinkage=0.05


Tree=97
num_leaves=31
num_cat=0
split_feature=2 2 7 2 2 2 3 3 3 5 2 3 2 2 3 3 3 2 8 2 2 3 8 3 3 5 3 3 3 3
split_gain=0.566989 0.306627 0.104649 0.143859 0.371396 0.315657 0.245455 0.11201 0.107624 0.144301 0.0726204 0.30303 0.070695 0.0633501 0.0450013 0.0394113 0.0776313 0.0378158 0.321429 0.0833333 0.0603742 0.0455686 0.0309237 0.0792962 0.0437983 0.031746 0.0547009 0.0444444 0.0964286 0.0286508
threshold=16.850000000000001 15.150000000000004 1.0000000180025095e-35 11.550000000000002 4.0500000000000016 8.0500000000000025 13.500000000000002 12.500000000000002 9.5000000000000018 1.0000000180025095e-35 8.5000000000000018 16.500000000000004 6.4500000000000002 1.0000000180025095e-35 10.500000000000002 20.500000000000004 22.500000000000004 0.65000000000000047 1.0000000180025095e-35 3.5500000000000012 1.0000000180025095e-35 6.5000000000000009 1.0000000180025095e-35 4.5000000000000009 4.5000000000000009 1.0000000180025095e-35 3.5000000000000004 3.5000000000000004 1.0000000180025095e-35 1.0000000180025095e-35
decision_type=2 2 2 2 2 2 2 2 2 2 2 2 2 2 2 2 2 2 2 2 2 2 2 2 2 2 2 2 2 2
left_child=1 2 3 4 7 6 -6 8 22 14 12 -12 17 15 -10 -9 -17 20 19 -19 21 -4 23 29 25 26 -24 28 -27 -1
right_child=-2 -3 10 -5 5 -7 -8 13 9 -11 11 -13 -14 -15 -16 16 -18 18 -20 -21 -22 -23 24 -25 -26 27 -28 -29 -30 -31
leaf_value=-0.00028693178235660537 0.44385677341088087 -0.0089726131075906334 -0.00062976614936241591 0.088147922964392278 0.047005676887182768 -0.002801396052964221 -0.0027611569978274191 4.3049491028379633e-05 -0.00041432484891170687 0.0012751960158037632 0.017621513968474278 -0.0036247698637153661 0.031448146167738146 0.00043640485694657711 -0.00019862244938156456 -0.0007266297635980302 0.0032977186893728655 -0.0037280246312654062 0.28298931574942671 -0.0054275537490943992 0.00016436843261117379 0.00087907115986077819 0.017010377186204285 -7.2695084739615723e-06 0.0011429105044931929 -0.0019028117671212375 0.11449285929357132 0.016785023533332256 -0.003676093669054819 0.012157397143235028
leaf_weight=28 50 5.9999999999999991 145 10.999999999999998 5.0000000000000018 8.9999999999999982 6 341 134 92 4.9999999999999982 6 6.9999999999999991 5.9999999999999991 152 161 40 6 9 6 5.9999999999999991 1138 13.000000000000002 55 32 7.9999999999999991 4.9999999999999991 9 7.0000000000000009 72
leaf_count=28 50 6 145 11 5 9 6 341 134 92 5 6 7 6 152 161 40 6 9 6 6 1138 13 55 32 8 5 9 7 72
internal_value=-0.000272373 -0.000376984 -0.00035004 -0.000691399 -0.000744681 -0.0075 -0.0131818 -0.000627705 -0.00109555 -0.00161376 -4.51805e-05 -0.00409091 -1.13893e-05 -0.000109489 -0.00216783 -0.000166051 -0.000721393 -3.81678e-05 -0.00214286 -0.0075 -3.87879e-06 -2.72796e-05 -0.000240174 0.000161291 -0.00108108 -0.00214286 -0.000555555 -0.00333333 -0.005 0.001
internal_weight=2570 2520 2514 1186 1175 20 11 1155 607 378 1328 11 1317 548 286 542 201 1310 21 12 1289 1283 229 155 74 42 18 24 15 100
internal_count=2570 2520 2514 1186 1175 20 11 1155 607 378 1328 11 1317 548 286 542 201 1310 21 12 1289 1283 229 155 74 42 18 24 15 100
is_linear=0
shrinkage=0.05


Tree=98
num_leaves=31
num_cat=0
split_feature=2 2 7 2 2 2 3 3 3 8 2 3 2 8 3 3 2 2 2 2 3 5 3 3 3 3 3 3 3 8
split_gain=0.571181 0.30555 0.14788 0.148153 0.362097 0.315657 0.245455 0.152564 0.0945593 0.0836694 0.0739783 0.30303 0.0901233 0.0737066 0.0965653 0.0792962 0.0633501 0.06 0.1 0.0495746 0.0472717 0.0425645 0.0394113 0.0776313 0.0353535 0.0369105 0.0322494 0.0286508 0.0694444 0.0272089
threshold=16.850000000000001 15.150000000000004 1.0000000180025095e-35 11.550000000000002 4.0500000000000016 8.0500000000000025 13.500000000000002 12.500000000000002 9.5000000000000018 1.0000000180025095e-35 8.5000000000000018 16.500000000000004 1.0500000000000009 1.0000000180025095e-35 4.5000000000000009 4.5000000000000009 1.0000000180025095e-35 5.150000000000003 7.6499999999999995 0.55000000000000082 6.5000000000000009 1.0000000180025095e-35 20.500000000000004 22.500000000000004 1.0000000180025095e-35 3.5000000000000004 10.500000000000002 1.0000000180025095e-35 1.5000000000000002 1.0000000180025095e-35
decision_type=2 2 2 2 2 2 2 2 2 2 2 2 2 2 2 2 2 2 2 2 2 2 2 2 2 2 2 2 2 2
left_child=1 2 3 4 7 6 -6 8 13 21 12 -12 19 15 24 27 22 -14 -19 20 -4 26 -9 29 -15 -26 -10 -1 -29 -24
right_child=-2 -3 10 -5 5 -7 -8 16 9 -11 11 -13 17 14 -16 -17 -18 18 -20 -21 -22 -23 23 -25 25 -27 -28 28 -30 -31
leaf_value=-0.00027258519323879686 0.42166393474033692 -0.0085239824522112435 -0.00059827784189428988 0.0837405268161725 0.044655393042823704 -0.0026613262503159085 -0.0026230991479360369 4.0897016476959538e-05 -0.00039360860646612265 -0.0010372913669783976 0.016740438270050707 -0.0034435313705297346 0.00066930082904114395 0.0011923283891011494 0.001085764979268529 -6.9060330502690455e-06 0.00041458461409915148 0.049767227304843259 0.025875723540957199 0.0034006815848688643 0.00023317753826058155 0.018248845350478844 -0.00069029827541813307 0.0031328327549042263 -0.0023891095238901309 -0.014054228388392398 -0.00018869133223848756 0.017549527315875401 0.008097867722528216 -0.00330766146559483
leaf_weight=28 50 5.9999999999999991 145 10.999999999999998 5.0000000000000018 8.9999999999999982 6 341 126 76 4.9999999999999982 6 15.000000000000002 8.9999999999999982 32 55 5.9999999999999991 4.9999999999999982 5 4.9999999999999991 1142 44 135 40 19 13.999999999999998 132 11.999999999999998 60 26
leaf_count=28 50 6 145 11 5 9 6 341 126 76 5 6 15 9 32 55 6 5 5 5 1142 44 135 40 19 14 132 12 60 26
internal_value=-0.000291829 -0.000396825 -0.000369928 -0.000775716 -0.000829787 -0.0075 -0.0131818 -0.000714286 -0.0012603 -0.00174603 -7.52993e-06 -0.00409091 2.65757e-05 -0.000458515 -0.00175676 0.000161291 -0.000109489 0.003 1.86265e-10 -3.09596e-05 -1.16548e-05 -0.00211921 -0.000166051 -0.000721393 -0.00333333 -0.00409091 -0.00236434 0.001 0.00152778 -0.00121118
internal_weight=2570 2520 2514 1186 1175 20 11 1155 607 378 1328 11 1317 229 74 155 548 25 10 1292 1287 302 542 201 42 33 258 100 72 161
internal_count=2570 2520 2514 1186 1175 20 11 1155 607 378 1328 11 1317 229 74 155 548 25 10 1292 1287 302 542 201 42 33 258 100 72 161
is_linear=0
shrinkage=0.05


Tree=99
num_leaves=31
num_cat=0
split_feature=2 2 7 2 2 2 3 3 3 3 2 3 2 2 2 2 5 3 2 3 3 8 3 3 3 3 8 3 8 8
split_gain=0.562813 0.307705 0.117199 0.143859 0.371396 0.315657 0.245455 0.154925 0.134278 0.130546 0.0739783 0.30303 0.0901233 0.0611078 0.06 0.1 0.0575261 0.0797755 0.0495746 0.0472717 0.0450013 0.0303447 0.0539782 0.0488923 0.0302734 0.0493302 0.0398153 0.0251383 0.0229665 0.0213527
threshold=16.850000000000001 15.150000000000004 1.0000000180025095e-35 11.550000000000002 4.0500000000000016 8.0500000000000025 13.500000000000002 12.500000000000002 1.5000000000000002 1.0000000180025095e-35 8.5000000000000018 16.500000000000004 1.0500000000000009 1.0000000180025095e-35 5.150000000000003 7.6499999999999995 1.0000000180025095e-35 9.5000000000000018 0.55000000000000082 6.5000000000000009 10.500000000000002 1.0000000180025095e-35 4.5000000000000009 4.5000000000000009 22.500000000000004 20.500000000000004 1.0000000180025095e-35 21.500000000000004 1.0000000180025095e-35 1.0000000180025095e-35
decision_type=2 2 2 2 2 2 2 2 2 2 2 2 2 2 2 2 2 2 2 2 2 2 2 2 2 2 2 2 2 2
left_child=1 2 3 4 7 6 -6 8 9 -1 12 -12 18 24 -14 -16 17 21 19 -4 -19 22 -10 -23 25 29 -27 -28 -22 -9
right_child=-2 -3 10 -5 5 -7 -8 13 16 -11 11 -13 14 -15 15 -17 -18 20 -20 -21 28 23 -24 -25 -26 26 27 -29 -30 -31
leaf_value=-0.00042736478371051484 0.40058073800332006 -0.0080977833296007173 -0.00056836394979957038 0.079553500475363914 0.042422623390682514 -0.0025282599377999581 -0.0024919441905390644 3.8852165653113785e-05 0.036641153571511265 0.010672050920279475 0.015903416356548294 -0.003271354802003296 0.00063583578758922513 0.0003938553833942214 0.047278865939601213 0.02458193736390939 -0.0034366294787933518 -0.00037392817614281262 0.0032306475056254782 0.00022151866134760721 -0.00017925676562655535 -0.0047206912931080152 -6.5607313977533723e-06 0.00033630731058789112 0.0029761911171590234 -0.000655783361647222 -0.0026422784891726339 0.00061555354949883317 0.00078993091139890686 -3.5598618044585528e-05
leaf_weight=37 50 5.9999999999999991 145 10.999999999999998 5.0000000000000018 8.9999999999999982 6 250 49 15.999999999999998 4.9999999999999982 6 15.000000000000002 5.9999999999999991 4.9999999999999982 5 136 134 4.9999999999999991 1142 132 17 55 11.000000000000002 40 135 17 9.0000000000000018 20 91
leaf_count=37 50 6 145 11 5 9 6 250 49 16 5 6 15 6 5 5 136 134 5 1142 132 17 55 11 40 135 17 9 20 91
internal_value=-0.000252918 -0.000357143 -0.000330151 -0.000691399 -0.000744681 -0.0075 -0.0131818 -0.000627705 -0.00117792 0.00122642 -7.52993e-06 -0.00409091 2.65757e-05 -1.8248e-05 0.003 1.86265e-10 -0.00140794 -0.00169856 -3.09596e-05 -1.16548e-05 -0.00216783 -0.000681818 -0.000288461 -0.00214286 -7.38006e-05 -0.000179283 -0.000900621 -0.00269231 -0.00157895 0.000161291
internal_weight=2570 2520 2514 1186 1175 20 11 1155 607 53 1328 11 1317 548 25 10 554 418 1292 1287 286 132 104 28 542 502 161 26 152 341
internal_count=2570 2520 2514 1186 1175 20 11 1155 607 53 1328 11 1317 548 25 10 554 418 1292 1287 286 132 104 28 542 502 161 26 152 341
is_linear=0
shrinkage=0.05


end of trees

feature_importances:
hour_bucket=1907
is_high_traffic_zone=366
current_delay=344
is_fog_season=237
is_peak_hour=75
train_priority_score=71

parameters:
[boosting: gbdt]
[objective: quantile]
[metric: quantile]
[tree_learner: serial]
[device_type: cpu]
[data_sample_strategy: bagging]
[data: ]
[valid: ]
[num_iterations: 100]
[learning_rate: 0.05]
[num_leaves: 31]
[num_threads: 0]
[seed: 42]
[deterministic: 0]
[force_col_wise: 0]
[force_row_wise: 0]
[histogram_pool_size: -1]
[max_depth: -1]
[min_data_in_leaf: 5]
[min_sum_hessian_in_leaf: 0.001]
[bagging_fraction: 1]
[pos_bagging_fraction: 1]
[neg_bagging_fraction: 1]
[bagging_freq: 0]
[bagging_seed: 400]
[bagging_by_query: 0]
[feature_fraction: 1]
[feature_fraction_bynode: 1]
[feature_fraction_seed: 30056]
[extra_trees: 0]
[extra_seed: 12879]
[early_stopping_round: 0]
[early_stopping_min_delta: 0]
[first_metric_only: 0]
[max_delta_step: 0]
[lambda_l1: 0]
[lambda_l2: 0]
[linear_lambda: 0]
[min_gain_to_split: 0]
[drop_rate: 0.1]
[max_drop: 50]
[skip_drop: 0.5]
[xgboost_dart_mode: 0]
[uniform_drop: 0]
[drop_seed: 17869]
[top_rate: 0.2]
[other_rate: 0.1]
[min_data_per_group: 100]
[max_cat_threshold: 32]
[cat_l2: 10]
[cat_smooth: 10]
[max_cat_to_onehot: 4]
[top_k: 20]
[monotone_constraints: ]
[monotone_constraints_method: basic]
[monotone_penalty: 0]
[feature_contri: ]
[forcedsplits_filename: ]
[refit_decay_rate: 0.9]
[cegb_tradeoff: 1]
[cegb_penalty_split: 0]
[cegb_penalty_feature_lazy: ]
[cegb_penalty_feature_coupled: ]
[path_smooth: 0]
[interaction_constraints: ]
[verbosity: -1]
[saved_feature_importance_type: 0]
[use_quantized_grad: 0]
[num_grad_quant_bins: 4]
[quant_train_renew_leaf: 0]
[stochastic_rounding: 1]
[linear_tree: 0]
[max_bin: 255]
[max_bin_by_feature: ]
[min_data_in_bin: 3]
[bin_construct_sample_cnt: 200000]
[data_random_seed: 175]
[is_enable_sparse: 1]
[enable_bundle: 1]
[use_missing: 1]
[zero_as_missing: 0]
[feature_pre_filter: 1]
[pre_partition: 0]
[two_round: 0]
[header: 0]
[label_column: ]
[weight_column: ]
[group_column: ]
[ignore_column: ]
[categorical_feature: ]
[forcedbins_filename: ]
[precise_float_parser: 0]
[parser_config_file: ]
[objective_seed: 16083]
[num_class: 1]
[is_unbalance: 0]
[scale_pos_weight: 1]
[sigmoid: 1]
[boost_from_average: 1]
[reg_sqrt: 0]
[alpha: 0.1]
[fair_c: 1]
[poisson_max_delta_step: 0.7]
[tweedie_variance_power: 1.5]
[lambdarank_truncation_level: 30]
[lambdarank_norm: 1]
[label_gain: ]
[lambdarank_position_bias_regularization: 0]
[eval_at: ]
[multi_error_top_k: 1]
[auc_mu_weights: ]
[num_machines: 1]
[local_listen_port: 12400]
[time_out: 120]
[machine_list_filename: ]
[machines: ]
[gpu_platform_id: -1]
[gpu_device_id: -1]
[gpu_device_id_list: ]
[gpu_use_dp: 0]
[num_gpu: 1]

end of parameters

pandas_categorical:[]
