tree
version=v4
num_class=1
num_tree_per_iteration=1
label_index=0
max_feature_idx=10
objective=quantile
feature_names=scheduled_minutes distance_km current_delay hour_bucket day_of_week is_fog_season is_monsoon_season is_peak_hour is_high_traffic_zone train_priority_score journey_progress_fraction
feature_infos=none none [0:102.19999999999999] [0:23] none [0:1] none [0:1] [0:1] [1.3999999999999999:1.8] none
tree_sizes=2710 2889 2888 2897 2887 2924 2891 2906 2929 2942 2899 2890 2896 2895 2915 2905 2887 2901 2937 2966 2903 2884 2923 2948 3035 2958 2962 2968 2927 2967 2987 3006 3015 3006 3035 2965 3015 3004 2974 3019 3030 3047 3020 3063 3013 3017 3054 3049 3055 3023 3065 3072 3038 3031 3020 3003 3129 3061 3067 3118 3059 3023 3117 3101 3201 3100 3187 3112 3117 3102 3095 3117 3091 3106 3064 3124 3062 3016 3083 3104 3170 3125 3064 3139 3091 3172 3120 3071 3153 3084 3108 3146 3128 3088 3050 3069 3132 3117 3093 3074

Tree=0
num_leaves=31
num_cat=0
split_feature=2 5 8 8 3 3 7 3 3 3 3 3 3 3 3 3 3 3 3 3 3 3 3 9 3 3 3 3 9 3
split_gain=38.8525 12.2898 5.76096 3.82997 2.20194 2.05718 2.05295 2.61514 2.69029 2.49579 2.43941 1.94351 1.92639 1.30066 1.28128 1.15666 2.28003 1.8853 0.697875 0.660715 0.652323 0.648575 0.806145 0.643275 0.632331 0.596799 0.593751 0.514919 0.439375 0.393772
threshold=1.0000000180025095e-35 1.0000000180025095e-35 1.0000000180025095e-35 1.0000000180025095e-35 1.0000000180025095e-35 15.500000000000002 1.0000000180025095e-35 12.500000000000002 15.500000000000002 4.5000000000000009 14.500000000000002 11.500000000000002 18.500000000000004 7.5000000000000009 21.500000000000004 14.500000000000002 5.5000000000000009 17.500000000000004 4.5000000000000009 18.500000000000004 11.500000000000002 16.500000000000004 17.500000000000004 1.6000000000000003 1.0000000180025095e-35 11.500000000000002 21.500000000000004 9.5000000000000018 1.6000000000000003 19.500000000000004
decision_type=2 2 2 2 2 2 2 2 2 2 2 2 2 2 2 2 2 2 2 2 2 2 2 2 2 2 2 2 2 2
left_child=1 2 6 15 -5 11 7 9 10 24 -9 -4 18 -8 -10 16 -3 -17 -6 -7 -20 -15 -23 -11 -1 27 -19 -25 -24 -21
right_child=-2 3 5 4 12 19 13 8 14 23 -12 -13 -14 21 -16 17 -18 26 20 29 -22 22 28 25 -26 -27 -28 -29 -30 -31
leaf_value=9.2125001907348629 10.94500012397766 9.2850001811981198 9.3850001811981194 9.0900001764297489 9.2150001883506771 9.6500001430511482 9.1325001835823052 9.3150002002716068 9.2150001764297489 9.3350001811981205 9.5025001764297485 9.1600001811981198 9.2000001788139336 9.257500171661377 9.3550001859664924 9.3150002002716068 9.5050001621246345 9.4400002002716068 9.3875001907348636 9.3050001621246334 9.320000171661377 9.225000190734864 9.3375001907348629 9.2100001811981205 9.350000190734864 9.2150001764297489 9.3400001764297489 9.0600001811981201 9.2550001621246345 9.380000185966491
leaf_weight=20 144 23 67 7.9999999999999991 15.999999999999998 41 264 77 145 9.9999999999999982 38 65 72 200 58 87 89 51 122 25 91 95 5.9999999999999991 54 56 55 13.999999999999998 192 353 32
leaf_count=20 144 23 67 8 16 41 264 77 145 10 38 65 72 200 58 87 89 51 122 25 91 95 6 54 56 55 14 192 353 32
internal_value=9.29977 9.29827 9.29629 9.30467 9.30089 9.3037 9.29524 9.29727 9.30063 9.29451 9.30674 9.29962 9.30158 9.29368 9.29717 9.30909 9.31295 9.30625 9.30382 9.30918 9.30458 9.29488 9.29383 9.29252 9.30263 9.29211 9.31269 9.29106 9.29492 9.3057
internal_weight=2570 2426 1853 573 309 230 1623 705 318 387 115 132 301 918 203 264 112 152 229 98 213 654 454 311 76 301 65 246 359 57
internal_count=2570 2426 1853 573 309 230 1623 705 318 387 115 132 301 918 203 264 112 152 229 98 213 654 454 311 76 301 65 246 359 57
is_linear=0
shrinkage=1


Tree=1
num_leaves=31
num_cat=0
split_feature=2 5 8 8 3 3 3 3 7 3 3 3 3 3 3 3 3 3 3 3 3 3 3 9 3 3 3 3 9 3
split_gain=37.959 11.1311 5.14846 3.82997 2.20194 2.05718 1.94351 1.92639 1.8412 1.87896 2.09958 2.04214 1.6806 1.4504 1.18276 1.15666 2.28003 1.8853 0.697875 0.660715 0.652323 0.632331 0.593751 0.547645 0.465916 1.13818 0.393772 0.387028 0.377841 0.38254
threshold=1.0000000180025095e-35 1.0000000180025095e-35 1.0000000180025095e-35 1.0000000180025095e-35 1.0000000180025095e-35 15.500000000000002 11.500000000000002 18.500000000000004 1.0000000180025095e-35 12.500000000000002 15.500000000000002 4.5000000000000009 14.500000000000002 7.5000000000000009 21.500000000000004 14.500000000000002 5.5000000000000009 17.500000000000004 4.5000000000000009 18.500000000000004 11.500000000000002 1.0000000180025095e-35 21.500000000000004 1.6000000000000003 16.500000000000004 17.500000000000004 19.500000000000004 17.500000000000004 1.6000000000000003 18.500000000000004
decision_type=2 2 2 2 2 2 2 2 2 2 2 2 2 2 2 2 2 2 2 2 2 2 2 2 2 2 2 2 2 2
left_child=1 2 8 15 -5 6 -4 18 9 11 12 21 -11 -10 -12 16 -3 -17 -6 27 -20 -1 -19 -13 -15 -26 -21 -7 -27 -30
right_child=-2 3 5 4 7 19 -8 -9 13 10 14 23 -14 24 -16 17 -18 22 20 26 -22 -23 -24 -25 25 28 -28 -29 29 -31
leaf_value=-0.083124999999999991 1.5627499365806581 -0.014250009059905989 0.080749990940094038 -0.19950001358985903 -0.080750002264976486 0.18749999761581418 -0.133000009059906 -0.095000011324882477 -0.15912500679492947 0.014250009059905989 -0.080750013589859032 0.033249990940093975 0.192374986410141 -0.040375018119812013 0.052249995470046967 0.014250009059905989 0.19474997282028195 0.133000009059906 0.083124999999999991 0.0047499728202820002 0.018999981880187991 0.047499999999999966 0.037999986410140976 -0.15575001358985904 -0.071250000000000036 0.035625000000000018 0.075999995470047044 0.46749999284744259 -0.057749989032745398 -0.035249998569488565
leaf_weight=20 144 23 67 7.9999999999999991 15.999999999999998 28 65 72 264 77 145 9.9999999999999982 38 200 58 87 89 51 122 25 91 56 13.999999999999998 301 95 5.9999999999999991 32 12.999999999999998 137 216
leaf_count=20 144 23 67 8 16 28 65 72 264 77 145 10 38 200 58 87 89 51 122 25 91 56 14 301 95 6 32 13 137 216
internal_value=5.83658e-05 -0.00142209 -0.00330545 0.00466841 0.000889968 0.00369565 -0.000378788 0.00157807 -0.0042976 -0.00237589 0.000471698 -0.00471576 0.00586957 -0.00577342 -0.00258621 0.00909091 0.0129464 0.00625 0.00382096 0.00918367 0.00457746 0.00263158 0.0126923 -0.00651125 -0.0045107 -0.00539648 0.00570175 0.0140244 -0.00410864 -0.00432011
internal_weight=2570 2426 1853 573 309 230 132 301 1623 705 318 387 115 918 203 264 112 152 229 98 213 76 65 311 654 454 57 41 359 353
internal_count=2570 2426 1853 573 309 230 132 301 1623 705 318 387 115 918 203 264 112 152 229 98 213 76 65 311 654 454 57 41 359 353
is_linear=0
shrinkage=0.05


Tree=2
num_leaves=31
num_cat=0
split_feature=2 5 8 8 3 3 3 3 7 3 3 3 3 3 3 3 3 3 3 3 3 3 3 9 3 3 3 3 9 3
split_gain=37.6635 10.4463 4.9131 3.9826 2.1745 2.05718 1.94351 1.83772 1.62937 1.58993 2.22368 1.90102 1.6806 1.18902 1.15666 2.28003 1.8853 0.953695 0.667943 0.660715 0.632331 0.593751 0.560234 0.517478 0.397749 0.999528 0.393772 0.387028 0.369429 0.307465
threshold=1.0000000180025095e-35 1.0000000180025095e-35 1.0000000180025095e-35 1.0000000180025095e-35 1.0000000180025095e-35 15.500000000000002 11.500000000000002 18.500000000000004 1.0000000180025095e-35 12.500000000000002 15.500000000000002 4.5000000000000009 14.500000000000002 7.5000000000000009 14.500000000000002 5.5000000000000009 17.500000000000004 21.500000000000004 4.5000000000000009 18.500000000000004 1.0000000180025095e-35 21.500000000000004 11.500000000000002 1.6000000000000003 16.500000000000004 17.500000000000004 19.500000000000004 17.500000000000004 1.6000000000000003 11.500000000000002
decision_type=2 2 2 2 2 2 2 2 2 2 2 2 2 2 2 2 2 2 2 2 2 2 2 2 2 2 2 2 2 2
left_child=1 2 8 14 -5 6 -4 18 9 11 12 20 -11 -10 15 -3 -16 -12 -6 27 -1 -18 -20 -13 -15 -26 -21 -7 -27 -25
right_child=-2 3 5 4 7 19 -8 -9 13 10 17 23 -14 24 16 -17 21 -19 22 26 -22 -23 -24 29 25 28 -28 -29 -30 -31
leaf_value=-0.078968749999999949 1.4846124397516252 -0.01353750860691072 0.07671249139308936 -0.18952501291036611 -0.076712502151727702 0.17812499773502344 -0.1263500086069107 -0.090250010758638324 -0.15116875645518296 0.01353750860691072 -0.076712512910366126 0.031587491393089272 0.18275623708963398 -0.038356267213821398 0.01353750860691072 0.18501247417926781 0.1263500086069107 0.04963749569654459 0.078968749999999949 0.0045124741792679224 0.045124999999999998 0.03609998708963396 0.018049982786178555 -0.18021249884366988 -0.067687500000000081 0.03384375000000004 0.072199995696544672 0.44412499320507043 -0.039862527728080813 -0.072962512910366067
leaf_weight=20 144 23 67 7.9999999999999991 15.999999999999998 28 65 72 264 77 145 9.9999999999999982 38 200 87 89 51 58 122 25 56 13.999999999999998 91 246 95 5.9999999999999991 32 12.999999999999998 353 55
leaf_count=20 144 23 67 8 16 28 65 72 264 77 145 10 38 200 87 89 51 58 122 25 56 14 91 246 95 6 32 13 353 55
internal_value=0.000155642 -0.00131904 -0.00314355 0.00458115 0.000728155 0.00369565 -0.000378788 0.00141196 -0.00411275 -0.00230496 0.000314465 -0.00445736 0.00586957 -0.00550109 0.00909091 0.0129464 0.00625 -0.00283251 0.00360262 0.00918367 0.00263158 0.0126923 0.00434272 -0.00618971 -0.0043578 -0.00517621 0.00570175 0.0140244 -0.00396936 -0.00656146
internal_weight=2570 2426 1853 573 309 230 132 301 1623 705 318 387 115 918 264 112 152 203 229 98 76 65 213 311 654 454 57 41 359 301
internal_count=2570 2426 1853 573 309 230 132 301 1623 705 318 387 115 918 264 112 152 203 229 98 76 65 213 311 654 454 57 41 359 301
is_linear=0
shrinkage=0.05


Tree=3
num_leaves=31
num_cat=0
split_feature=2 5 8 8 3 3 3 3 7 3 3 3 3 3 3 3 3 3 3 3 3 3 9 3 3 3 9 3 3 3
split_gain=37.4279 9.55622 4.68325 3.31765 2.20194 2.05718 1.94351 1.56959 1.31321 1.58993 1.88922 1.35405 1.29884 1.14577 0.970053 1.99913 1.63641 1.01463 0.868966 0.667943 0.660715 0.560234 0.552094 0.40911 0.393772 0.387028 0.343825 0.346253 0.899016 0.32743
threshold=1.0000000180025095e-35 1.0000000180025095e-35 1.0000000180025095e-35 1.0000000180025095e-35 1.0000000180025095e-35 15.500000000000002 11.500000000000002 18.500000000000004 1.0000000180025095e-35 12.500000000000002 15.500000000000002 14.500000000000002 9.5000000000000018 7.5000000000000009 14.500000000000002 5.5000000000000009 17.500000000000004 21.500000000000004 21.500000000000004 4.5000000000000009 18.500000000000004 11.500000000000002 1.6000000000000003 11.500000000000002 19.500000000000004 17.500000000000004 1.6000000000000003 18.500000000000004 16.500000000000004 20.500000000000004
decision_type=2 2 2 2 2 2 2 2 2 2 2 2 2 2 2 2 2 2 2 2 2 2 2 2 2 2 2 2 2 2
left_child=1 2 8 14 -5 6 -4 19 9 12 11 -11 -1 -10 15 -3 -16 -18 -12 -6 25 -21 -14 -24 -22 -7 -15 28 -28 -9
right_child=-2 3 5 4 7 20 -8 29 13 10 18 -13 22 26 16 -17 17 -19 -20 21 24 -23 23 -25 -26 -27 27 -29 -30 -31
leaf_value=-0.0021312786102295257 1.4103818177640439 -0.012860633176565184 0.07287686682343493 -0.18004876226484781 -0.07287687704414135 0.16921874784827226 -0.12003250817656515 -0.070737512604892236 -0.14361031863242379 0.012860633176565184 -0.072876887264847853 0.17361842523515225 0.030008116823434784 0.012856563860177994 0.012860633176565184 0.17576185047030446 0.12003250817656515 0.034294987735152292 0.047155620911717391 0.075020312499999964 0.0042868504703045046 0.017147483646869601 -0.21120188343822957 -0.069314387264847802 0.068589995911717425 0.4219187435448169 -0.038938463389873501 -0.031494372254610069 -0.061086253634095256 -0.11073749829977748
leaf_weight=130 144 23 67 7.9999999999999991 15.999999999999998 28 65 49 264 77 145 38 9.9999999999999982 7.9999999999999991 87 89 51 13.999999999999998 58 122 25 91 192 55 32 12.999999999999998 198 216 232 23
leaf_count=130 144 23 67 8 16 28 65 49 264 77 145 38 10 8 87 89 51 14 58 122 25 91 192 55 32 13 198 216 232 23
internal_value=0.000233463 -0.0012366 -0.00298165 0.00440663 0.000889968 0.00369565 -0.000378788 0.00157807 -0.00392791 -0.00230496 0.000314465 0.00543478 -0.00445736 -0.00517429 0.00852273 0.0120536 0.00592105 0.0119231 -0.00258621 0.00360262 0.00918367 0.00434272 -0.00651751 -0.00698381 0.00570175 0.0140244 -0.00405199 -0.00417957 -0.005 -0.00486111
internal_weight=2570 2426 1853 573 309 230 132 301 1623 705 318 115 387 918 264 112 152 65 203 229 98 213 257 247 57 41 654 646 430 72
internal_count=2570 2426 1853 573 309 230 132 301 1623 705 318 115 387 918 264 112 152 65 203 229 98 213 257 247 57 41 654 646 430 72
is_linear=0
shrinkage=0.05


Tree=4
num_leaves=31
num_cat=0
split_feature=2 5 8 8 3 3 3 3 7 3 3 3 3 3 3 3 3 3 3 3 3 9 3 3 3 3 3 3 9 3
split_gain=37.6045 8.05642 4.2741 2.67021 2.22338 2.1745 1.71183 1.48965 1.12136 1.58993 1.88922 1.35405 1.29884 1.00001 1.73669 0.995422 0.875223 0.868966 0.660715 0.659879 0.638667 0.552094 0.507452 0.613823 0.40911 0.393772 0.387028 0.385843 0.338741 0.32743
threshold=1.0000000180025095e-35 1.0000000180025095e-35 1.0000000180025095e-35 1.0000000180025095e-35 15.500000000000002 1.0000000180025095e-35 11.500000000000002 18.500000000000004 1.0000000180025095e-35 12.500000000000002 15.500000000000002 14.500000000000002 9.5000000000000018 14.500000000000002 5.5000000000000009 17.500000000000004 7.5000000000000009 21.500000000000004 18.500000000000004 21.500000000000004 4.5000000000000009 1.6000000000000003 8.5000000000000018 5.5000000000000009 11.500000000000002 19.500000000000004 17.500000000000004 4.5000000000000009 1.6000000000000003 20.500000000000004
decision_type=2 2 2 2 2 2 2 2 2 2 2 2 2 2 2 2 2 2 2 2 2 2 2 2 2 2 2 2 2 2
left_child=1 2 8 13 6 -5 27 20 9 12 11 -11 -1 14 -3 -15 -10 -12 26 -17 -7 -14 23 -22 -23 -20 -6 -4 -18 -9
right_child=-2 3 4 5 18 7 -8 29 16 10 17 -13 21 15 -16 19 28 -19 25 -21 22 24 -24 -25 -26 -27 -28 -29 -30 -31
leaf_value=-0.0020247146797180092 1.3398627268758416 -0.012217601517736921 0.099233042555749496 -0.17104632415160542 0.1607578104558586 -0.069233033191934287 -0.11403088276773686 -0.067200636974647579 -0.1364298027008026 0.012217601517736921 -0.069233042901605479 0.16493750397339468 0.028507710982263037 0.012217601517736921 0.1669737579467892 0.11403088276773686 0.012213735667169124 0.044797839866131554 0.0040725079467892836 0.03258023834839472 0.0387692682647705 -0.20064178926631807 0.050029703169763053 0.11126928256988525 -0.065848667901605401 0.065160496116131575 0.40082280636757606 0.024233042555749498 -0.037419682252109079 -0.10520062338478864
leaf_weight=130 144 23 18 7.9999999999999991 28 15.999999999999998 65 49 264 77 145 38 9.9999999999999982 87 89 51 7.9999999999999991 58 25 13.999999999999998 21 192 154 38 55 32 12.999999999999998 49 646 23
leaf_count=130 144 23 18 8 28 16 65 49 264 77 145 38 10 87 89 51 8 58 25 14 21 192 154 38 55 32 13 49 646 23
internal_value=0.000175097 -0.00129843 -0.0029007 0.00388307 0.00347826 0.000728155 -0.000757576 0.00141196 -0.00380468 -0.00230496 0.000314465 0.00543478 -0.00445736 0.00757576 0.0111607 0.00493421 -0.00495643 -0.00258621 0.00918367 0.00961538 0.00338428 -0.00651751 0.00410798 0.00805085 -0.00698381 0.00570175 0.0140244 0.00485075 -0.00397554 -0.00486111
internal_weight=2570 2426 1853 573 230 309 132 301 1623 705 318 115 387 264 112 152 918 203 98 65 229 257 213 59 247 57 41 67 654 72
internal_count=2570 2426 1853 573 230 309 132 301 1623 705 318 115 387 264 112 152 918 203 98 65 229 257 213 59 247 57 41 67 654 72
is_linear=0
shrinkage=0.05


Tree=5
num_leaves=31
num_cat=0
split_feature=2 5 8 8 3 3 3 3 7 3 3 3 3 3 3 3 3 3 3 3 3 9 3 3 3 9 3 3 3 3
split_gain=37.6045 6.75678 3.81502 2.48288 2.00102 1.71183 1.21881 1.88564 1.1635 1.34213 1.88922 1.35405 1.0972 0.868966 0.827082 1.49271 0.816981 0.807332 0.72694 0.558522 0.518254 0.445798 0.433083 0.387028 0.385843 0.333694 0.333333 0.316535 0.297619 0.289116
threshold=1.0000000180025095e-35 1.0000000180025095e-35 1.0000000180025095e-35 1.0000000180025095e-35 15.500000000000002 11.500000000000002 4.5000000000000009 15.500000000000002 1.0000000180025095e-35 12.500000000000002 15.500000000000002 14.500000000000002 4.5000000000000009 21.500000000000004 14.500000000000002 5.5000000000000009 17.500000000000004 18.500000000000004 7.5000000000000009 21.500000000000004 20.500000000000004 1.6000000000000003 1.0000000180025095e-35 17.500000000000004 4.5000000000000009 1.6000000000000003 1.0000000180025095e-35 21.500000000000004 1.5000000000000002 9.5000000000000018
decision_type=2 2 2 2 2 2 2 2 2 2 2 2 2 2 2 2 2 2 2 2 2 2 2 2 2 2 2 2 2 2
left_child=1 2 8 14 5 24 26 -8 9 12 11 -11 22 -12 15 -3 -16 23 -10 -18 -9 -14 -1 -6 -4 -20 -5 -22 -24 -26
right_child=-2 3 4 6 17 -7 7 20 18 10 13 -13 21 -15 16 -17 19 -19 25 -21 27 -23 28 -25 29 -27 -28 -29 -30 -31
leaf_value=-0.074812512835502526 1.2728695905320495 -0.011606721441850088 0.094271390427962051 -0.16249400794402513 0.15271991993306566 -0.10832933862934997 0.068205842283248871 -0.011211375693962022 -0.12960831256576241 0.011606721441850088 -0.065771390756525258 0.15669062877472495 0.027082325433149902 0.042557947872824992 0.011606721441850088 0.15862507004944978 0.10832933862934997 0.023868911159679308 0.011603048883810675 0.03095122643097499 -0.12494059221554919 -0.13255623927489674 0.24557655920124058 0.38078166604919733 0.0055213713544756795 -0.035548698139503634 -0.065771381532337525 -0.097440594599734975 0.013076530591011083 0.088021352280989354
leaf_weight=20 144 23 18 8.0000000000000018 28 65 149 113 264 77 145 38 9.9999999999999982 58 87 89 51 57 7.9999999999999991 13.999999999999998 11 301 7.9999999999999991 12.999999999999998 34 646 15.999999999999998 12 48 14.999999999999998
leaf_count=20 144 23 18 8 28 65 149 113 264 77 145 38 10 58 87 89 51 57 8 14 11 301 8 13 34 646 16 12 48 15
internal_value=0.000175097 -0.00129843 -0.00276579 0.00344677 0.00326087 -0.000757576 0.000404531 0.00131579 -0.00361984 -0.0020922 0.000314465 0.00543478 -0.00406977 -0.00258621 0.00700758 0.0102679 0.00460526 0.00867347 -0.00479303 0.00884615 -0.00294118 -0.00538585 0.00131579 0.0140244 0.00485075 -0.00389908 -0.0104167 -0.00978261 0.00357143 0.00255102
internal_weight=2570 2426 1853 573 230 132 309 285 1623 705 318 115 387 203 264 112 152 98 918 65 136 311 76 41 67 654 24 23 56 49
internal_count=2570 2426 1853 573 230 132 309 285 1623 705 318 115 387 203 264 112 152 98 918 65 136 311 76 41 67 654 24 23 56 49
is_linear=0
shrinkage=0.05


Tree=6
num_leaves=31
num_cat=0
split_feature=2 5 8 8 3 3 3 3 7 3 3 3 3 3 3 3 3 3 3 9 3 3 9 3 3 3 3 3 3 3
split_gain=37.1345 6.29539 3.54662 2.22579 2.00102 1.71183 1.25632 1.52558 1.22091 1.37668 1.66429 1.35405 0.994438 0.807332 0.71133 0.701811 1.37764 0.816981 0.666098 0.832495 0.558522 0.433083 0.418622 0.387028 0.385843 0.372119 0.316535 0.314586 0.731893 0.297619
threshold=1.0000000180025095e-35 1.0000000180025095e-35 1.0000000180025095e-35 1.0000000180025095e-35 15.500000000000002 11.500000000000002 17.500000000000004 1.0000000180025095e-35 1.0000000180025095e-35 12.500000000000002 15.500000000000002 14.500000000000002 4.5000000000000009 18.500000000000004 21.500000000000004 14.500000000000002 5.5000000000000009 17.500000000000004 18.500000000000004 1.6000000000000003 21.500000000000004 1.0000000180025095e-35 1.6000000000000003 17.500000000000004 4.5000000000000009 20.500000000000004 21.500000000000004 5.5000000000000009 8.5000000000000018 1.5000000000000002
decision_type=2 2 2 2 2 2 2 2 2 2 2 2 2 2 2 2 2 2 2 2 2 2 2 2 2 2 2 2 2 2
left_child=1 2 8 15 5 24 7 -5 9 12 11 -11 21 23 -12 16 -3 -17 19 -10 -19 -1 -14 -6 -4 -8 -27 -9 -29 -23
right_child=-2 3 4 6 13 -7 25 27 18 10 14 -13 22 -15 -16 17 -18 20 -20 -21 -22 29 -24 -25 -26 26 -28 28 -30 -31
leaf_value=-0.071071887193727437 1.209226111005447 -0.011026385369757552 0.089557820906563904 -0.1543693075468239 0.14508392393641234 -0.10291287169788249 -0.030650787835777571 -0.021579458652400962 0.014227888263055011 0.011026385369757552 -0.06248282121869897 0.14885609733598867 0.025728209161492367 0.022675465601695335 0.040430050479183778 0.011026385369757552 0.1506938165469773 0.10291287169788249 -0.028771244159042111 -0.071883529085367256 0.029403665109426227 0.23329773124117859 -0.12592842731115192 0.36174258274673748 0.018620322813912526 -0.11869356260477169 -0.09256856486974821 0.10229552632722855 0.050357510065606272 0.012422704061460533
leaf_weight=20 144 23 18 7.9999999999999991 28 65 71 37 4.9999999999999991 77 145 38 9.9999999999999982 57 58 87 89 51 219 694 13.999999999999998 7.9999999999999991 301 12.999999999999998 49 11 12 38 132 48
leaf_count=20 144 23 18 8 28 65 71 37 5 77 145 38 10 57 58 87 89 51 219 694 14 8 301 13 49 11 12 38 132 48
internal_value=0.000330739 -0.00113355 -0.00254992 0.00344677 0.00326087 -0.000757576 0.000566343 0.00267442 -0.00337338 -0.00180851 0.000628931 0.00543478 -0.00381137 0.00867347 -0.0020936 0.00681818 0.00982143 0.00460526 -0.00457516 -0.00532904 0.00884615 0.00131579 -0.00506431 0.0140244 0.00485075 -0.00425532 -0.00978261 0.00350242 0.00441176 0.00357143
internal_weight=2570 2426 1853 573 230 132 309 215 1623 705 318 115 387 98 203 264 112 152 918 699 65 76 311 41 67 94 23 207 170 56
internal_count=2570 2426 1853 573 230 132 309 215 1623 705 318 115 387 98 203 264 112 152 918 699 65 76 311 41 67 94 23 207 170 56
is_linear=0
shrinkage=0.05


Tree=7
num_leaves=31
num_cat=0
split_feature=2 5 8 8 3 3 3 3 7 3 3 3 3 3 3 3 3 3 3 3 3 3 3 9 3 3 3 3 9 3
split_gain=36.7256 6.37882 3.38384 2.00132 1.64156 1.48841 1.26714 1.29892 0.99238 1.2048 1.47761 1.06275 0.801921 0.712552 0.701811 1.37764 0.816981 0.607481 0.558522 0.530756 0.490327 0.473399 0.470842 0.3923 0.385843 0.360294 0.347556 0.328721 0.29943 0.289116
threshold=1.0000000180025095e-35 1.0000000180025095e-35 1.0000000180025095e-35 1.0000000180025095e-35 15.500000000000002 11.500000000000002 1.0000000180025095e-35 15.500000000000002 1.0000000180025095e-35 12.500000000000002 15.500000000000002 14.500000000000002 7.5000000000000009 4.5000000000000009 14.500000000000002 5.5000000000000009 17.500000000000004 18.500000000000004 21.500000000000004 17.500000000000004 5.5000000000000009 21.500000000000004 8.5000000000000018 1.6000000000000003 4.5000000000000009 22.500000000000004 1.0000000180025095e-35 14.500000000000002 1.6000000000000003 9.5000000000000018
decision_type=2 2 2 2 2 2 2 2 2 2 2 2 2 2 2 2 2 2 2 2 2 2 2 2 2 2 2 2 2 2
left_child=1 2 8 14 5 24 -5 20 9 13 11 -11 -10 26 15 -3 -16 19 -18 -6 -8 -12 -22 -15 -4 -9 -1 -7 -14 -26
right_child=-2 3 4 6 17 27 7 25 12 10 21 -13 28 23 16 -17 18 -19 -20 -21 22 -23 -24 -25 29 -27 -28 -29 -30 -31
leaf_value=-0.067518292834041024 1.1487648054551747 -0.010475066101269715 0.085079929861235748 -0.14665084216948268 0.13782972773959176 -0.062767237649731564 -0.020500485719780939 -0.015668668107429441 -0.11953372048320593 0.010475066101269715 -0.059358680157764 0.14141329246918924 0.010311502026467467 0.024441798703417741 0.010475066101269715 0.14315912571962838 0.097767228112988394 0.021541692321610562 0.027933481853954945 0.34365545360940059 0.097180750010867109 0.038408547955224574 0.067839639330697574 -0.11963200594559434 0.0043142866460562429 -0.092940143778818207 0.039301578395130668 -0.1127672257288026 -0.032332701024576325 0.082689268526244239
leaf_weight=20 144 23 18 7.9999999999999991 28 41 37 128 264 77 145 38 7.9999999999999991 9.9999999999999982 87 89 51 57 13.999999999999998 12.999999999999998 38 58 90 301 34 7.9999999999999991 56 24 646 14.999999999999998
leaf_count=20 144 23 18 8 28 41 37 128 264 77 145 38 8 10 87 89 51 57 14 13 38 58 90 301 34 8 56 24 646 15
internal_value=0.000466926 -0.000989283 -0.002415 0.00362129 0.00326087 -0.000378788 0.000889968 0.00141196 -0.00321935 -0.00180851 0.000471698 0.005 -0.00430283 -0.00368217 0.00681818 0.00982143 0.00460526 0.00816327 0.00884615 0.0128049 0.00439394 -0.0020936 0.00585938 -0.00474277 0.00485075 -0.00220588 0.000657895 -0.00576923 -0.00336391 0.00255102
internal_weight=2570 2426 1853 573 230 132 309 301 1623 705 318 115 918 387 264 112 152 98 65 41 165 203 128 311 67 136 76 65 654 49
internal_count=2570 2426 1853 573 230 132 309 301 1623 705 318 115 918 387 264 112 152 98 65 41 165 203 128 311 67 136 76 65 654 49
is_linear=0
shrinkage=0.05


Tree=8
num_leaves=31
num_cat=0
split_feature=2 5 8 8 3 3 3 3 7 3 3 3 3 3 3 3 3 3 3 3 3 9 3 3 3 3 3 3 9 3
split_gain=36.6674 5.85031 3.03746 1.98274 1.45132 1.48841 1.24634 1.18237 0.92016 1.13102 1.47761 1.06275 0.793119 1.37764 1.0223 0.786048 0.547094 0.473399 0.436003 0.697132 0.433461 0.429251 0.422212 0.558522 0.394174 0.385843 0.360294 0.328721 0.29943 0.289116
threshold=1.0000000180025095e-35 1.0000000180025095e-35 1.0000000180025095e-35 1.0000000180025095e-35 15.500000000000002 11.500000000000002 1.0000000180025095e-35 15.500000000000002 1.0000000180025095e-35 12.500000000000002 15.500000000000002 14.500000000000002 14.500000000000002 5.5000000000000009 15.500000000000002 9.5000000000000018 7.5000000000000009 21.500000000000004 18.500000000000004 17.500000000000004 5.5000000000000009 1.6000000000000003 17.500000000000004 21.500000000000004 6.5000000000000009 4.5000000000000009 22.500000000000004 14.500000000000002 1.6000000000000003 9.5000000000000018
decision_type=2 2 2 2 2 2 2 2 2 2 2 2 2 2 2 2 2 2 2 2 2 2 2 2 2 2 2 2 2 2
left_child=1 2 8 12 5 25 -5 20 9 15 11 -11 13 -3 -14 -1 -10 -12 19 -6 -8 -17 -16 -24 -22 -4 -9 -7 -18 -27
right_child=-2 3 4 6 18 27 7 26 16 10 17 -13 14 -15 22 21 28 -19 -20 -21 24 -23 23 -25 -26 29 -28 -29 -30 -31
leaf_value=-0.00516351959811221 1.0913265651824158 -0.0099513127962062246 0.080825933368173966 -0.13931830006100854 0.1309382413526122 -0.05962887576724496 -0.019475461433791887 -0.014885234702058004 -0.11355703445904562 0.0099513127962062246 -0.056390746149875784 0.13434262784572981 -0.065048687203793781 0.13600116943364693 0.047451288954348317 0.023219708768246861 0.009795926925144062 0.036488120557463331 0.020464607705530026 0.32647268092893056 0.057321722047066898 -0.14365040087994307 0.092878866707338942 0.026536807761257199 0.073208082732412069 0.0040985723137533904 -0.08829313658987728 -0.10712886444236247 -0.030716065973347553 0.078554805099931985
leaf_weight=130 144 23 18 7.9999999999999991 28 41 37 128 264 77 145 38 23 89 64 9.9999999999999982 7.9999999999999991 58 57 12.999999999999998 9.9999999999999982 247 51 13.999999999999998 118 34 7.9999999999999991 24 646 14.999999999999998
leaf_count=130 144 23 18 8 28 41 37 128 264 77 145 38 23 89 64 10 8 58 57 13 10 247 51 14 118 34 8 24 646 15
internal_value=0.000486381 -0.000968673 -0.00233405 0.00344677 0.00304348 -0.000378788 0.000728155 0.00124585 -0.00309612 -0.00173759 0.000471698 0.005 0.00662879 0.00982143 0.00427632 -0.00355297 -0.00413943 -0.0020936 0.00765306 0.0115854 0.00409091 -0.00515564 0.00600775 0.00884615 0.00546875 0.00485075 -0.00220588 -0.00576923 -0.00336391 0.00255102
internal_weight=2570 2426 1853 573 230 132 309 301 1623 705 318 115 264 112 152 387 918 203 98 41 165 257 129 65 128 67 136 65 654 49
internal_count=2570 2426 1853 573 230 132 309 301 1623 705 318 115 264 112 152 387 918 203 98 41 165 257 129 65 128 67 136 65 654 49
is_linear=0
shrinkage=0.05


Tree=9
num_leaves=31
num_cat=0
split_feature=2 5 8 8 3 3 3 3 7 3 3 3 3 3 9 3 3 9 3 3 3 3 3 3 9 3 3 3 3 3
split_gain=36.493 5.24076 2.88696 1.73635 1.24634 1.18237 1.14783 1.2806 0.903718 0.990449 1.47761 1.06275 0.663063 0.589535 0.780603 0.558271 1.16135 0.661662 0.556483 0.697132 0.473399 0.435987 0.433461 0.410394 0.396988 0.394174 0.385843 0.360294 0.289116 0.277009
threshold=1.0000000180025095e-35 1.0000000180025095e-35 1.0000000180025095e-35 1.0000000180025095e-35 1.0000000180025095e-35 15.500000000000002 15.500000000000002 11.500000000000002 1.0000000180025095e-35 12.500000000000002 15.500000000000002 14.500000000000002 9.5000000000000018 18.500000000000004 1.6000000000000003 14.500000000000002 5.5000000000000009 1.6000000000000003 18.500000000000004 17.500000000000004 21.500000000000004 19.500000000000004 5.5000000000000009 15.500000000000002 1.6000000000000003 6.5000000000000009 4.5000000000000009 22.500000000000004 9.5000000000000018 1.5000000000000002
decision_type=2 2 2 2 2 2 2 2 2 2 2 2 2 2 2 2 2 2 2 2 2 2 2 2 2 2 2 2 2 2
left_child=1 2 8 15 -5 22 7 26 9 12 11 -11 -1 14 -10 16 29 -17 19 -8 -12 -20 -6 -19 -14 -24 -4 -7 -28 -3
right_child=-2 3 6 4 5 27 18 -9 13 10 20 -13 24 -15 -16 17 -18 23 21 -21 -22 -23 25 -25 -26 -27 28 -29 -30 -31
leaf_value=-0.004905343618206626 1.0367602369232951 0.10054624330686091 0.076784636699765235 -0.13235238505795813 -0.018501688362102264 -0.014140972966955091 0.12439132928498156 -0.091647422442139526 0.012511122402321729 0.0094537471563959311 -0.053571208842381958 0.12762549645344334 0.02205872332983452 -0.024180243601193842 -0.060616486575786249 0.085734889993370894 0.12920111096196454 -0.061796252843604106 -0.00055865128997600877 0.31014904688248407 0.034663714529590182 0.057474937470899157 0.054455635944713525 0.060209981678309092 -0.13646788083594591 0.069547678595791459 0.0038936436980657519 -0.083878479760383415 0.074627064844935379 -0.0094537471563959311
leaf_weight=130 144 12.000000000000002 18 7.9999999999999991 37 128 28 65 4.9999999999999991 77 145 38 9.9999999999999982 219 694 26 89 23 25 12.999999999999998 58 32 9.9999999999999982 103 247 118 34 7.9999999999999991 14.999999999999998 10.999999999999998
leaf_count=130 144 12 18 8 37 128 28 65 5 77 145 38 10 219 694 26 89 23 25 13 58 32 10 103 247 118 34 8 15 11
internal_value=0.000544747 -0.000906843 -0.00219914 0.00327225 0.000728155 0.00124585 0.00304348 0 -0.00294208 -0.00159574 0.000471698 0.005 -0.00329457 -0.00397603 -0.00468526 0.00625 0.00892857 0.00427632 0.00714286 0.0115854 -0.0020936 0.00394737 0.00409091 0.00277778 -0.00476654 0.00546875 0.00485075 -0.00220588 0.00255102 -0.00108696
internal_weight=2570 2426 1853 573 309 301 230 132 1623 705 318 115 387 918 699 264 112 152 98 41 203 57 165 126 257 128 67 136 49 23
internal_count=2570 2426 1853 573 309 301 230 132 1623 705 318 115 387 918 699 264 112 152 98 41 203 57 165 126 257 128 67 136 49 23
is_linear=0
shrinkage=0.05


Tree=10
num_leaves=31
num_cat=0
split_feature=2 5 8 3 3 3 3 3 8 3 3 9 3 8 3 3 3 3 3 3 3 3 3 3 3 3 3 3 3 8
split_gain=36.493 4.4019 2.53978 1.56613 1.23329 0.989707 1.2806 0.877872 0.796547 0.691642 0.697132 0.674727 0.618271 0.604851 0.602809 1.58923 1.30774 0.842687 0.766106 0.590909 0.434783 0.402026 0.385843 0.381146 0.309256 0.349806 0.295088 0.289116 0.274671 0.25
threshold=1.0000000180025095e-35 1.0000000180025095e-35 1.0000000180025095e-35 1.0000000180025095e-35 14.500000000000002 15.500000000000002 11.500000000000002 5.5000000000000009 1.0000000180025095e-35 18.500000000000004 17.500000000000004 1.6000000000000003 17.500000000000004 1.0000000180025095e-35 11.500000000000002 15.500000000000002 14.500000000000002 18.500000000000004 5.5000000000000009 1.5000000000000002 6.5000000000000009 22.500000000000004 4.5000000000000009 21.500000000000004 7.5000000000000009 10.500000000000002 19.500000000000004 9.5000000000000018 21.500000000000004 1.0000000180025095e-35
decision_type=2 2 2 2 2 2 2 2 2 2 2 2 2 2 2 2 2 2 2 2 2 2 2 2 2 2 2 2 2 2
left_child=1 2 11 29 7 6 22 19 12 10 -7 -1 -6 24 18 16 -16 -17 -13 -5 -15 -10 -4 -14 -9 -26 -11 -24 -19 -3
right_child=-2 3 5 4 8 9 -8 13 21 26 -12 14 23 20 15 17 -18 28 -20 -21 -22 -23 27 -25 25 -27 -28 -29 -30 -31
leaf_value=0.015955768089856461 0.98492222507713023 -0.046981052169181581 0.072945404864776991 0.10152004463686898 0.0062935216516034845 0.11817176282073252 -0.087065051320032533 0.050241064950609454 -0.010933938623722118 -0.00053071872547718615 0.29464159453835981 -0.0046600764372962903 0.08522442428805653 0.051732854147477886 -0.0035189640432817804 -0.049357801283011905 0.12124422163077116 -0.022971231421134154 -0.092348370328233023 -0.013278831871286645 0.064809874066124082 -0.079684555772364274 0.003698961513162491 0.02156134558140237 0.19024107448735261 0.08774106495060946 0.05460119059735416 0.07089571160268858 0.032930528803110717 -0.12573476580506024
leaf_weight=19 144 7.9999999999999973 18 7.9999999999999991 87 28 65 13.999999999999998 131 25 12.999999999999998 130 51 9.9999999999999982 132 298 38 294 654 44 115 7.9999999999999991 34 13.999999999999998 32 43 32 14.999999999999998 58 8
leaf_count=19 144 8 18 8 87 28 65 14 131 25 13 130 51 10 132 298 38 294 654 44 115 8 34 14 32 43 32 15 58 8
internal_value=0.000544747 -0.000906843 -0.0020912 0.00292321 0.00336625 0.00282609 0 0.00582707 0.00111684 0.00663265 0.0115854 -0.00278805 0.00361842 0.00724299 -0.002899 -0.00195122 0.00235294 -0.00307692 -0.00389031 0 0.005 -0.00161871 0.00485075 0.00730769 0.0103933 0.0116667 0.00307018 0.00255102 -0.00142045 -0.0125
internal_weight=2570 2426 1853 573 557 230 132 266 291 98 41 1623 152 214 1604 820 170 650 784 52 125 139 67 65 89 75 57 49 352 16
internal_count=2570 2426 1853 573 557 230 132 266 291 98 41 1623 152 214 1604 820 170 650 784 52 125 139 67 65 89 75 57 49 352 16
is_linear=0
shrinkage=0.05


Tree=11
num_leaves=31
num_cat=0
split_feature=2 5 8 3 8 3 3 3 9 3 3 3 7 3 3 3 3 3 3 3 3 3 3 3 3 3 3 3 8 3
split_gain=36.2032 3.78699 2.13744 1.53089 1.16295 0.844973 0.843301 0.916877 0.639689 0.626281 0.618271 0.592202 0.554581 0.774546 1.09452 0.592433 0.58586 0.50772 0.886156 0.446578 0.434038 0.386489 0.381146 0.330242 0.461441 0.295088 0.255624 0.359911 0.25 0.212589
threshold=1.0000000180025095e-35 1.0000000180025095e-35 1.0000000180025095e-35 1.0000000180025095e-35 1.0000000180025095e-35 15.500000000000002 15.500000000000002 11.500000000000002 1.6000000000000003 14.500000000000002 17.500000000000004 7.5000000000000009 1.0000000180025095e-35 12.500000000000002 15.500000000000002 9.5000000000000018 14.500000000000002 18.500000000000004 17.500000000000004 21.500000000000004 19.500000000000004 22.500000000000004 21.500000000000004 5.5000000000000009 6.5000000000000009 19.500000000000004 7.5000000000000009 16.500000000000004 1.0000000180025095e-35 15.500000000000002
decision_type=2 2 2 2 2 2 2 2 2 2 2 2 2 2 2 2 2 2 2 2 2 2 2 2 2 2 2 2 2 2
left_child=1 2 8 28 9 23 7 -4 -1 11 29 -5 13 15 16 -10 -15 18 -8 -16 26 -7 -12 -6 -25 -19 -14 -28 -3 -11
right_child=-2 3 6 4 5 21 17 -9 12 10 22 -13 20 14 19 -17 -18 25 -20 -21 -22 -23 -24 24 -26 -27 27 -29 -30 -31
leaf_value=0.015157979685363632 0.93567611382327365 -0.044631999560722502 0.049298106011308643 0.050229021239822119 -0.016912662350432851 -0.012887227387421252 0.11226317467969588 -0.082711798754030952 -0.0044270726154314486 -0.05902111628400402 0.080963203073653664 0.14322902076298494 -0.10023093989089241 0.0091570080007402407 -0.049084422582659215 -0.12946853859198448 0.11518201054923259 -0.00050418278920334465 0.27990951481144183 0.031284002362955213 -0.0018226889235637422 -0.075700327983746096 0.020483278302332278 0.049146211440104004 0.062829800962695664 0.05187113106748642 -0.018948263551433711 -0.040355068869981907 -0.11944802751480724 0.041753549340135268
leaf_weight=19 144 7.9999999999999973 67 29 37 128 28 65 130 23 51 75 264 77 144 247 38 25 12.999999999999998 58 95 7.9999999999999991 13.999999999999998 9.9999999999999982 118 32 198 353 8 64
leaf_count=19 144 8 67 29 37 128 28 65 130 23 51 75 264 77 144 247 38 25 13 58 95 8 14 10 118 32 198 353 8 64
internal_value=0.000642023 -0.000803792 -0.00190232 0.00274869 0.00318671 0.00107973 0.0026087 0 -0.00254159 0.00566406 0.00361842 0.00865385 -0.00264963 -0.00158501 0.000236593 -0.00311671 0.00413043 0.00612245 0.0103659 -0.0019802 -0.00346154 -0.00183824 0.00730769 0.00348485 0.0046875 0.00307018 -0.00383436 -0.00322142 -0.0125 0.000862069
internal_weight=2570 2426 1853 573 557 301 230 132 1623 256 152 104 1604 694 317 377 115 98 41 202 910 136 65 165 128 57 815 551 16 87
internal_count=2570 2426 1853 573 557 301 230 132 1623 256 152 104 1604 694 317 377 115 98 41 202 910 136 65 165 128 57 815 551 16 87
is_linear=0
shrinkage=0.05


Tree=12
num_leaves=31
num_cat=0
split_feature=2 5 8 3 8 3 3 3 3 9 3 3 7 3 3 3 3 3 3 3 3 3 3 8 3 3 3 3 3 3
split_gain=36.1454 3.74318 1.54228 1.53089 1.16295 0.784368 0.67581 0.760048 0.626281 0.622519 0.618271 0.592202 0.501092 0.714489 1.09452 0.58586 0.536312 0.461192 0.50717 0.446578 0.390453 0.381146 0.293403 0.25 0.24368 0.218557 0.214338 0.212589 0.20939 0.206379
threshold=1.0000000180025095e-35 1.0000000180025095e-35 1.0000000180025095e-35 1.0000000180025095e-35 1.0000000180025095e-35 18.500000000000004 15.500000000000002 11.500000000000002 14.500000000000002 1.6000000000000003 17.500000000000004 7.5000000000000009 1.0000000180025095e-35 12.500000000000002 15.500000000000002 14.500000000000002 9.5000000000000018 18.500000000000004 17.500000000000004 21.500000000000004 19.500000000000004 21.500000000000004 22.500000000000004 1.0000000180025095e-35 4.5000000000000009 4.5000000000000009 5.5000000000000009 15.500000000000002 10.500000000000002 6.5000000000000009
decision_type=2 2 2 2 2 2 2 2 2 2 2 2 2 2 2 2 2 2 2 2 2 2 2 2 2 2 2 2 2 2
left_child=1 2 9 23 8 25 7 24 11 -1 27 -5 13 16 15 -15 -11 18 -8 -16 29 -12 -7 -3 -4 -6 -26 -10 -13 -14
right_child=-2 3 6 4 5 22 17 -9 10 12 21 28 20 14 19 -17 -18 -19 -20 -21 -22 -23 -24 -25 26 -27 -28 -29 -30 -31
leaf_value=0.01440008070109542 0.88889230813210995 -0.042400399582686356 0.066833229320972715 0.047717570177831008 -0.059840354948934721 -0.055821697244234691 0.10665001594571111 -0.078576208816329374 -0.056070060469803812 -0.0042057189846598673 0.076915042919970936 0.17356756972483575 -0.13021939528053358 0.0086991576007032553 -0.046630201453526254 0.10942291002177092 -0.12299511166238526 0.019521054960486329 0.26591403907086975 0.029719802244807438 -0.001731554477385533 0.019459114387215638 -0.071915311584558772 -0.11347562613906687 -0.083950894247246846 0.038932942156859343 0.054886030258731913 0.039665871873128471 0.07619256066492977 -0.041903563157930007
leaf_weight=19 144 7.9999999999999973 18 29 15.999999999999998 64 28 65 23 130 51 32 116 77 144 38 247 57 12.999999999999998 58 95 13.999999999999998 7.9999999999999991 8 9.9999999999999982 213 39 64 43 699
leaf_count=19 144 8 18 29 16 64 28 65 23 130 51 32 116 77 144 38 247 57 13 58 95 14 8 8 10 213 39 64 43 699
internal_value=0.000661479 -0.000783182 -0.00187534 0.00274869 0.00318671 0.00107973 0.00195652 -0.000378788 0.00566406 -0.00241836 0.00361842 0.00865385 -0.00252494 -0.00151297 0.000236593 0.00413043 -0.00298408 0.00510204 0.00914634 -0.0019802 -0.0032967 0.00730769 -0.00347222 -0.0125 0.00335821 0.00251092 0.00153061 0.000862069 0.011 -0.00365031
internal_weight=2570 2426 1853 573 557 301 230 132 256 1623 152 104 1604 694 317 115 377 98 41 202 910 65 72 16 67 229 49 87 75 815
internal_count=2570 2426 1853 573 557 301 230 132 256 1623 152 104 1604 694 317 115 377 98 41 202 910 65 72 16 67 229 49 87 75 815
is_linear=0
shrinkage=0.05


Tree=13
num_leaves=31
num_cat=0
split_feature=2 5 8 3 3 3 3 3 9 8 3 7 3 3 3 3 3 3 3 8 3 3 3 3 8 3 3 3 3 3
split_gain=36.319 2.99151 1.49915 1.44454 0.940833 0.67581 0.760048 0.617525 0.614023 0.608991 0.590909 0.510746 0.656856 1.09452 0.58586 0.482982 0.461192 0.50717 0.446578 0.42256 0.50713 0.419583 0.402026 0.376437 0.25 0.24368 0.219548 0.214338 0.201766 0.783923
threshold=1.0000000180025095e-35 1.0000000180025095e-35 1.0000000180025095e-35 1.0000000180025095e-35 14.500000000000002 15.500000000000002 11.500000000000002 5.5000000000000009 1.6000000000000003 1.0000000180025095e-35 1.5000000000000002 1.0000000180025095e-35 12.500000000000002 15.500000000000002 14.500000000000002 9.5000000000000018 18.500000000000004 17.500000000000004 21.500000000000004 1.0000000180025095e-35 6.5000000000000009 15.500000000000002 22.500000000000004 19.500000000000004 1.0000000180025095e-35 4.5000000000000009 6.5000000000000009 5.5000000000000009 18.500000000000004 20.500000000000004
decision_type=2 2 2 2 2 2 2 2 2 2 2 2 2 2 2 2 2 2 2 2 2 2 2 2 2 2 2 2 2 2
left_child=1 2 8 24 7 6 25 10 -1 21 -5 12 15 14 -14 -10 17 -7 -15 -9 -21 -6 -11 26 -3 -4 -13 -27 -23 -30
right_child=-2 3 5 4 9 16 -8 19 11 22 -12 23 13 18 -16 -17 -18 -19 -20 20 -22 28 -24 -25 -26 27 -28 -29 29 -31
leaf_value=0.013680076666040632 0.84444769272550446 -0.040280379603552068 0.063491567854924116 0.10028169326999398 -0.053266557446313638 0.10131751514842557 -0.074647398375512888 0.09738917216510759 -0.0039954330354269102 -0.011689527431007908 -0.015614062058324319 -0.1237084255165069 0.0082641997206680529 -0.044298691380849943 0.1039517645206824 -0.11684535607926599 0.01854500221246198 0.25261833711732623 0.028233812132567062 0.044742253760255847 0.056481243206840052 0.040182563974357335 -0.068319546005330883 -0.0016449767535162254 -0.10780184483211351 -0.079753349534884513 -0.039808385000033475 0.052141728745795306 0.14679304535821933 0.041793026284732984
leaf_weight=19 144 7.9999999999999973 18 7.9999999999999991 23 28 65 89 130 131 44 116 77 144 38 247 57 12.999999999999998 58 9.9999999999999982 115 85 7.9999999999999991 95 8 9.9999999999999982 699 39 19 25
leaf_count=19 144 8 18 8 23 28 65 89 130 131 44 116 77 144 38 247 57 13 58 10 115 85 8 95 8 10 699 39 19 25
internal_value=0.000603113 -0.000845012 -0.00182137 0.00231239 0.00273788 0.00195652 -0.000378788 0.00488722 -0.00235675 0.000773196 0 -0.00246259 -0.00144092 0.000236593 0.00413043 -0.00285146 0.00510204 0.00914634 -0.0019802 0.00607477 0.0042 0.00296053 -0.00161871 -0.00324176 -0.0125 0.00335821 -0.00358896 0.00153061 0.00406977 0.00681818
internal_weight=2570 2426 1853 573 557 230 132 266 1623 291 52 1604 694 317 115 377 98 41 202 214 125 152 139 910 16 67 815 49 129 44
internal_count=2570 2426 1853 573 557 230 132 266 1623 291 52 1604 694 317 115 377 98 41 202 214 125 152 139 910 16 67 815 49 129 44
is_linear=0
shrinkage=0.05


Tree=14
num_leaves=31
num_cat=0
split_feature=2 5 8 3 3 3 3 9 3 3 8 3 3 7 3 3 3 3 3 3 3 3 3 3 9 8 3 3 3 8
split_gain=36.319 2.66995 1.45662 1.4107 0.933462 0.67581 0.760048 0.605584 0.570937 0.590909 0.52464 0.461192 0.50717 0.450314 0.656856 1.09452 0.58586 0.482982 0.447206 0.446578 0.402026 0.382234 0.369615 0.474248 0.342857 0.323799 0.50713 0.282484 0.428766 0.25
threshold=1.0000000180025095e-35 1.0000000180025095e-35 1.0000000180025095e-35 1.0000000180025095e-35 14.500000000000002 15.500000000000002 11.500000000000002 1.6000000000000003 5.5000000000000009 1.5000000000000002 1.0000000180025095e-35 18.500000000000004 17.500000000000004 1.0000000180025095e-35 12.500000000000002 15.500000000000002 14.500000000000002 9.5000000000000018 17.500000000000004 21.500000000000004 22.500000000000004 7.5000000000000009 20.500000000000004 18.500000000000004 1.6000000000000003 1.0000000180025095e-35 6.5000000000000009 10.500000000000002 7.5000000000000009 1.0000000180025095e-35
decision_type=2 2 2 2 2 2 2 2 2 2 2 2 2 2 2 2 2 2 2 2 2 2 2 2 2 2 2 2 2 2
left_child=1 2 7 29 8 6 -4 -1 9 -5 18 12 -7 14 17 16 -16 -9 -6 -17 -12 -15 23 24 -20 27 -27 28 -10 -3
right_child=-2 3 5 4 10 11 -8 13 25 -11 20 -13 -14 21 15 19 -18 -19 22 -21 -22 -23 -24 -25 -26 26 -28 -29 -30 -31
leaf_value=0.01299607283273856 0.80222530808922921 -0.038266360623374497 0.040316960851948386 0.095267608606494303 0.013173435775639498 0.096251639391004326 -0.07091502845673725 -0.0037956613836555245 0.037962223523940963 -0.014833358955408117 -0.011105051059457516 0.017617752101838847 0.23998742026145994 -0.084328401056658495 0.0078509897346346943 -0.042083756811807406 0.098754176294648319 -0.11100308827530268 0.09978388854927199 0.026822121525938682 -0.064903568705064349 -0.02040722058302671 0.039703374970496343 0.13945339309030835 0.031060153038511375 0.042505141072243013 0.053657181046498081 0.067513474023427916 0.16001973263033858 -0.10241175259050782
leaf_weight=19 144 7.9999999999999973 67 7.9999999999999991 87 28 65 130 13.999999999999998 44 131 57 12.999999999999998 264 77 144 38 247 5.0000000000000027 58 7.9999999999999991 646 25 19 15.999999999999998 9.9999999999999982 115 43 32 8
leaf_count=19 144 8 67 8 87 28 65 130 14 44 131 57 13 264 77 144 38 247 5 58 8 646 25 19 16 10 115 43 32 8
internal_value=0.000603113 -0.000845012 -0.0017674 0.00213787 0.00255835 0.00195652 -0.000378788 -0.00229513 0.00469925 0 0.000601375 0.00510204 0.00914634 -0.00240025 -0.00144092 0.000236593 0.00413043 -0.00285146 0.00263158 -0.0019802 -0.00161871 -0.00313187 0.00576923 0.00875 0.00357143 0.00584112 0.0042 0.00814607 0.0108696 -0.0125
internal_weight=2570 2426 1853 573 557 230 132 1623 266 52 291 98 41 1604 694 317 115 377 152 202 139 910 65 40 21 214 125 89 46 16
internal_count=2570 2426 1853 573 557 230 132 1623 266 52 291 98 41 1604 694 317 115 377 152 202 139 910 65 40 21 214 125 89 46 16
is_linear=0
shrinkage=0.05


Tree=15
num_leaves=31
num_cat=0
split_feature=2 5 3 8 3 3 3 9 8 3 3 7 3 3 3 3 3 3 3 3 3 3 3 3 3 9 8 3 3 3
split_gain=36.4349 2.14733 1.34423 1.09936 0.633151 0.760189 0.622343 0.588882 0.52464 0.479189 0.490045 0.468715 0.54886 1.09452 0.58586 0.447206 0.446578 0.402853 0.590909 0.402026 0.400717 0.369615 0.474248 0.354383 0.347556 0.342857 0.25 0.244846 0.24368 0.214338
threshold=1.0000000180025095e-35 1.0000000180025095e-35 1.0000000180025095e-35 1.0000000180025095e-35 16.500000000000004 11.500000000000002 14.500000000000002 1.6000000000000003 1.0000000180025095e-35 18.500000000000004 17.500000000000004 1.0000000180025095e-35 12.500000000000002 15.500000000000002 14.500000000000002 17.500000000000004 21.500000000000004 5.5000000000000009 1.5000000000000002 22.500000000000004 4.5000000000000009 20.500000000000004 18.500000000000004 6.5000000000000009 1.0000000180025095e-35 1.6000000000000003 1.0000000180025095e-35 19.500000000000004 4.5000000000000009 5.5000000000000009
decision_type=2 2 2 2 2 2 2 2 2 2 2 2 2 2 2 2 2 2 2 2 2 2 2 2 2 2 2 2 2 2
left_child=1 3 26 7 5 28 17 -1 15 10 -6 12 20 14 -14 -8 -15 18 -4 -10 24 22 25 -13 -9 -17 -3 -25 -5 -30
right_child=-2 2 6 4 9 -7 8 11 19 -11 -12 23 13 16 -16 21 -18 -19 -20 -21 -22 -23 -24 27 -26 -27 -28 -29 29 -31
leaf_value=0.012346269191101645 0.76211404268476768 -0.036353042592205752 0.090504228176169571 0.058301141419580475 0.10643904311633934 -0.040465107422037377 0.012514763986857514 -0.062584736908699506 -0.010549798506484631 0.016736864496746939 0.22798804924838692 -0.11330658418784863 0.0074584402479029423 -0.039979568971217017 0.093816467479915927 0.094794694121808395 0.025481015449641743 0.062556056389843254 -0.014091691007637675 -0.061658390269811125 -0.088030618400253779 0.037718206221971508 0.13248072343579295 -0.034698938896042454 0.038894140759013589 0.02950714538658579 -0.097291164960982404 -0.0005423668866891163 -0.077781530100737684 0.047518794265908153
leaf_weight=19 144 7.9999999999999973 7.9999999999999991 18 17 76 87 20 131 57 13.000000000000002 116 77 144 38 5.0000000000000027 58 214 44 7.9999999999999991 301 25 19 699 56 15.999999999999998 8 95 9.9999999999999982 39
leaf_count=19 144 8 8 18 17 76 87 20 131 57 13 116 77 144 38 5 58 214 44 8 301 25 19 699 56 16 8 95 10 39
internal_value=0.000564202 -0.000886232 0.00178883 -0.00171344 0.00152174 -0.000524476 0.00219928 -0.0021719 0.000601375 0.00488506 0.01 -0.00227556 -0.00129683 0.000236593 0.00413043 0.00263158 -0.0019802 0.00394737 0 -0.00161871 -0.00258621 0.00576923 0.00875 -0.00302198 0.000657895 0.00357143 -0.0125 -0.00264484 0.00335821 0.00153061
internal_weight=2570 2426 573 1853 230 143 557 1623 291 87 30 1604 694 317 115 152 202 266 52 139 377 65 40 910 76 21 16 794 67 49
internal_count=2570 2426 573 1853 230 143 557 1623 291 87 30 1604 694 317 115 152 202 266 52 139 377 65 40 910 76 21 16 794 67 49
is_linear=0
shrinkage=0.05


Tree=16
num_leaves=31
num_cat=0
split_feature=2 5 3 8 3 3 8 3 9 3 3 7 3 3 3 3 3 3 3 3 3 3 3 3 8 3 3 3 3 3
split_gain=36.319 1.94601 1.32786 1.04503 0.633151 0.760189 0.611726 0.66817 0.576509 0.479189 0.490045 0.448377 0.498496 1.09452 0.58586 0.446578 0.368622 0.347556 0.300131 0.42441 0.340308 0.783923 0.29772 0.281531 0.25 0.24368 0.230326 0.214338 0.181601 0.126959
threshold=1.0000000180025095e-35 1.0000000180025095e-35 1.0000000180025095e-35 1.0000000180025095e-35 16.500000000000004 11.500000000000002 1.0000000180025095e-35 20.500000000000004 1.6000000000000003 18.500000000000004 17.500000000000004 1.0000000180025095e-35 12.500000000000002 15.500000000000002 14.500000000000002 21.500000000000004 4.5000000000000009 1.0000000180025095e-35 10.500000000000002 7.5000000000000009 18.500000000000004 20.500000000000004 19.500000000000004 15.500000000000002 1.0000000180025095e-35 4.5000000000000009 4.5000000000000009 5.5000000000000009 19.500000000000004 2.5000000000000004
decision_type=2 2 2 2 2 2 2 2 2 2 2 2 2 2 2 2 2 2 2 2 2 2 2 2 2 2 2 2 2 2
left_child=1 3 24 8 5 25 18 23 -1 10 -6 12 16 14 -14 -15 17 -10 19 29 -20 -22 -13 26 -3 -5 -8 -27 -11 -4
right_child=-2 2 6 4 9 -7 7 -9 11 28 -12 22 13 15 -16 -17 -18 -19 20 -21 21 -23 -24 -25 -26 27 -28 -29 -30 -31
leaf_value=0.011728955731546531 0.72400834055052921 -0.034535390462595482 0.42401254597214671 0.055386084348601462 0.1011170909605224 -0.038441852050935511 -0.062886197652270104 -0.056075461219577433 -0.059455500063264569 -0.0041000073383198558 0.21658864678596759 -0.041159916381780896 0.0070855182355077598 -0.037980590522656149 0.08912564410592011 0.024206964677159618 -0.083629087480241102 0.036949433721062873 0.021009987966021184 0.14889094317932949 0.12585668726400331 0.035832295910872961 -0.00051524854235465158 -0.0059718936860911681 -0.092426606712933304 -0.073892453595700763 0.039752066894023934 0.045142854552612736 0.045656540825535434 0.0097244039083413288
leaf_weight=19 144 7.9999999999999973 11.000000000000002 18 17 76 15.999999999999998 23 20 25 13.000000000000002 815 77 144 38 58 301 56 151 32 19 25 95 113 8 9.9999999999999982 149 39 32 18
leaf_count=19 144 8 11 18 17 76 16 23 20 25 13 815 77 144 38 58 301 56 151 32 19 25 95 113 8 10 149 39 32 18
internal_value=0.000603113 -0.000845012 0.00170157 -0.00163249 0.00152174 -0.000524476 0.00210952 0.000581395 -0.00207948 0.00488506 0.01 -0.00218204 -0.00122478 0.000236593 0.00413043 -0.0019802 -0.00245358 0.000657895 0.00390625 0.00696721 0.00294872 0.00681818 -0.00291209 0.00125899 -0.0125 0.00335821 0.00257576 0.00153061 0.00219298 0.00258621
internal_weight=2570 2426 573 1853 230 143 557 301 1623 87 30 1604 694 317 115 202 377 76 256 61 195 44 910 278 16 67 165 49 57 29
internal_count=2570 2426 573 1853 230 143 557 301 1623 87 30 1604 694 317 115 202 377 76 256 61 195 44 910 278 16 67 165 49 57 29
is_linear=0
shrinkage=0.05


Tree=17
num_leaves=31
num_cat=0
split_feature=2 5 8 3 3 9 3 3 8 3 8 3 3 3 3 3 3 3 3 3 3 3 3 3 7 3 3 3 3 3
split_gain=35.8571 1.82919 1.21432 0.820552 0.575694 0.556179 0.474357 0.613777 0.355109 0.338548 0.332152 0.907673 0.403329 0.313606 0.255114 0.347556 0.275756 0.410962 1.08604 0.453147 0.349606 0.24368 0.237465 0.233248 0.226728 0.286799 0.214338 0.204907 0.203735 0.181601
threshold=1.0000000180025095e-35 1.0000000180025095e-35 1.0000000180025095e-35 1.0000000180025095e-35 20.500000000000004 1.6000000000000003 15.500000000000002 11.500000000000002 1.0000000180025095e-35 21.500000000000004 1.0000000180025095e-35 18.500000000000004 14.500000000000002 18.500000000000004 4.5000000000000009 1.0000000180025095e-35 7.5000000000000009 15.500000000000002 11.500000000000002 9.5000000000000018 14.500000000000002 4.5000000000000009 17.500000000000004 17.500000000000004 1.0000000180025095e-35 7.5000000000000009 5.5000000000000009 15.500000000000002 4.5000000000000009 19.500000000000004
decision_type=2 2 2 2 2 2 2 2 2 2 2 2 2 2 2 2 2 2 2 2 2 2 2 2 2 2 2 2 2 2
left_child=1 2 5 -3 10 -1 7 21 -6 14 11 12 24 23 15 -7 -16 18 19 -18 -20 -4 28 -8 -5 -26 -23 -14 -12 -15
right_child=-2 3 6 4 8 9 13 -9 -10 -11 22 -13 27 29 16 -17 17 -19 20 -21 -22 26 -24 -25 25 -27 -28 -29 -30 -31
leaf_value=0.011142507944969182 0.6878079235230028 -0.059056949850469082 0.052616780131171395 0.059959498104463285 0.034040681115329277 -0.056482725060101303 0.081061250717611 -0.063423929060251766 -0.053271688158598576 0.022996616443301667 -0.059741887769656589 0.11956385290080318 -0.052938138960423854 -0.0038950069714038804 -0.070624444592654531 0.035101962035009752 -0.009101949172921309 -0.024247066883555757 0.0049306468781097797 -0.12048194354974232 0.084669361900624115 -0.070197830915915735 -0.025673279928300288 0.20575921444666925 0.032450089332834685 0.2989463769468767 0.042885711824982131 0.035838526389213587 0.030858906293236645 0.043373713784258694
leaf_weight=19 144 15.999999999999998 18 73 25 20 28 65 23 58 15.999999999999998 19 23 25 318 56 198 592 132 192 38 9.9999999999999982 71 12.999999999999998 14.000000000000002 17 39 85 191 32
leaf_count=19 144 16 18 73 25 20 28 65 23 58 16 19 23 25 318 56 198 592 132 192 38 10 71 13 14 17 39 85 191 32
internal_value=0.000758755 -0.000680132 -0.0014436 0.00178883 0.00210952 -0.00192545 0.00195652 0 -0.003125 -0.00202618 0.00260314 0.00400433 0.00306604 0.00459184 -0.00216688 0.000657895 -0.00231293 -0.00195312 -0.000982143 -0.0024359 0.00235294 0.00335821 0.00143885 0.00792683 0.00528846 0.00887097 0.00153061 0.000925926 0.00229469 0.00219298
internal_weight=2570 2426 1853 573 557 1623 230 132 48 1604 509 231 212 98 1546 76 1470 1152 560 390 170 67 278 41 104 31 49 108 207 57
internal_count=2570 2426 1853 573 557 1623 230 132 48 1604 509 231 212 98 1546 76 1470 1152 560 390 170 67 278 41 104 31 49 108 207 57
is_linear=0
shrinkage=0.05


Tree=18
num_leaves=31
num_cat=0
split_feature=2 5 3 8 3 9 3 3 7 3 3 3 8 3 3 3 3 3 9 3 3 3 3 3 3 3 3 3 3 3
split_gain=35.742 1.52348 0.795097 0.732081 0.536881 0.52833 0.505764 0.646266 0.371534 0.367868 0.616357 0.388891 0.355109 0.349606 0.336821 0.331206 0.568791 0.32272 0.442596 0.601136 0.319096 0.347556 0.296431 0.241327 0.200374 0.265562 0.181601 0.177539 0.172049 0.17431
threshold=1.0000000180025095e-35 1.0000000180025095e-35 1.0000000180025095e-35 1.0000000180025095e-35 20.500000000000004 1.6000000000000003 16.500000000000004 4.5000000000000009 1.0000000180025095e-35 11.500000000000002 15.500000000000002 21.500000000000004 1.0000000180025095e-35 14.500000000000002 7.5000000000000009 1.5000000000000002 4.5000000000000009 14.500000000000002 1.6000000000000003 17.500000000000004 4.5000000000000009 1.0000000180025095e-35 18.500000000000004 17.500000000000004 19.500000000000004 16.500000000000004 19.500000000000004 13.500000000000002 11.500000000000002 9.5000000000000018
decision_type=2 2 2 2 2 2 2 2 2 2 2 2 2 2 2 2 2 2 2 2 2 2 2 2 2 2 2 2 2 2
left_child=1 3 -3 5 15 -1 7 -5 9 20 13 -12 -6 -11 -10 -4 -17 27 19 -19 21 -7 23 -8 25 -16 -24 -18 29 -9
right_child=-2 2 4 6 12 8 22 28 14 10 11 -13 -14 -15 24 16 17 18 -20 -21 -22 -23 26 -25 -26 -27 -28 -29 -30 -31
leaf_value=0.010585382547720724 0.65341752734685254 -0.056104102357945634 0.092110421038457443 0.049985941124612854 0.032338647059562846 -0.053658588807096223 0.092008173876615737 -0.01059548635131673 -0.070822624878006529 0.0046841145342042759 -0.03486920765234558 0.021846785621136622 -0.050608103750668668 0.080435893805592865 -0.008646851714275261 -0.070620017337548191 0.045576391115195805 -0.012229626272513805 0.0098618865980297354 0.113585660255763 -0.099457836835512042 0.033346863933259301 -0.0037002566228336422 0.19547125372433583 0.00072286722894086006 -0.028226060881364302 0.04120502809504574 0.25196155180946961 -0.0369606924898227 0.050741416696989818
leaf_weight=19 144 15.999999999999998 7.9999999999999991 18 25 20 17 34 264 132 144 58 23 38 198 23 222 4.9999999999999991 227 10.999999999999998 246 56 25 13.000000000000002 95 353 32 12.999999999999998 76 14.999999999999998
leaf_count=19 144 16 8 18 25 20 17 34 264 132 144 58 23 38 198 23 222 5 227 11 246 56 25 13 95 353 32 13 76 15
internal_value=0.000797665 -0.000638912 0.00161431 -0.00133567 0.00192998 -0.0017098 0.00130435 -0.000524476 -0.00180798 -0.000936599 0.000134409 -0.00173267 -0.003125 0.00235294 -0.00247253 0.00240668 0.00224551 0.00261506 0.00133745 0.009375 -0.00217391 0.000657895 0.00431034 0.00833333 -0.00185759 -0.00222323 0.00219298 0.00393617 -0.0018 0.000510204
internal_weight=2570 2426 573 1853 557 1623 230 143 1604 694 372 202 48 170 910 509 501 478 243 16 322 76 87 30 646 551 57 235 125 49
internal_count=2570 2426 573 1853 557 1623 230 143 1604 694 372 202 48 170 910 509 501 478 243 16 322 76 87 30 646 551 57 235 125 49
is_linear=0
shrinkage=0.05


Tree=19
num_leaves=31
num_cat=0
split_feature=2 5 8 3 3 3 3 7 3 3 3 8 3 3 3 3 9 3 3 3 3 3 9 3 3 3 8 3 3 3
split_gain=35.7995 1.43469 0.857611 0.782521 0.517982 0.435257 0.596252 0.363681 0.374762 0.578566 0.359113 0.355109 0.349606 0.337684 0.554105 0.325386 0.405308 0.601136 0.299835 0.296431 0.241327 0.224308 0.208396 0.215876 0.271429 0.181601 0.137756 0.711005 0.123077 0.118906
threshold=1.0000000180025095e-35 1.0000000180025095e-35 1.0000000180025095e-35 1.0000000180025095e-35 20.500000000000004 16.500000000000004 4.5000000000000009 1.0000000180025095e-35 11.500000000000002 15.500000000000002 21.500000000000004 1.0000000180025095e-35 14.500000000000002 1.5000000000000002 4.5000000000000009 10.500000000000002 1.6000000000000003 17.500000000000004 19.500000000000004 18.500000000000004 17.500000000000004 6.5000000000000009 1.6000000000000003 4.5000000000000009 1.0000000180025095e-35 19.500000000000004 1.0000000180025095e-35 18.500000000000004 3.5000000000000004 21.500000000000004
decision_type=2 2 2 2 2 2 2 2 2 2 2 2 2 2 2 2 2 2 2 2 2 2 2 2 2 2 2 2 2 2
left_child=1 2 7 -3 13 6 28 8 22 12 -11 -6 -10 -5 -15 -16 17 -17 21 20 -7 -9 -1 24 -24 -21 27 -18 -4 -13
right_child=-2 3 5 4 11 19 -8 18 9 10 -12 29 -14 14 15 16 26 -19 -20 25 -22 -23 23 -25 -26 -27 -28 -29 -30 -31
leaf_value=0.015056132493821029 0.62074665097950987 -0.053298897240048354 0.027486615458152744 0.087504899986534573 0.030721714706584715 0.087407765182784924 -0.0034047027511196152 -0.09851090568583408 0.004449908807494074 -0.032466083023181373 0.020754446340079814 -0.096877016016652287 0.07641409911531323 -0.067089016470670781 0.053403911045191516 -0.011618144958888089 0.01468269410673715 0.10790637724297483 0.00068672386749382144 -0.0035152437916919689 0.18569769103811906 -0.028282339743905285 -0.050975659366741422 -0.094484944993736442 0.031679520736596349 0.03914477669029344 0.0051172611279837639 0.079368773194641931 0.44248662499489594 -0.045577700947321012
leaf_weight=9.9999999999999982 144 15.999999999999998 13.000000000000002 7.9999999999999991 25 17 125 116 132 145 58 11 38 23 153 4.9999999999999991 141 10.999999999999998 95 25 13.000000000000002 707 20 246 56 32 155 12.999999999999998 4.9999999999999991 12
leaf_count=10 144 16 13 8 25 17 125 116 132 145 58 11 38 23 153 5 141 11 95 25 13 707 20 246 56 32 155 13 5 12
internal_value=0.00077821 -0.000659522 -0.00133567 0.00152705 0.00184022 0.00152174 -0.000174825 -0.0017406 -0.000886525 0.000201072 -0.00160099 -0.003125 0.00235294 0.00230845 0.00214571 0.00251046 0.00161538 0.009375 -0.00239651 0.00431034 0.00833333 -0.00270352 -0.00210843 -0.00232919 0 0.00219298 0.00121359 0.00227273 0.00833333 -0.0076087
internal_weight=2570 2426 1853 573 557 230 143 1623 705 373 203 48 170 509 501 478 325 16 918 87 30 823 332 322 76 57 309 154 18 23
internal_count=2570 2426 1853 573 557 230 143 1623 705 373 203 48 170 509 501 478 325 16 918 87 30 823 332 322 76 57 309 154 18 23
is_linear=0
shrinkage=0.05


Tree=20
num_leaves=31
num_cat=0
split_feature=2 5 8 3 3 9 3 9 3 8 3 3 3 3 7 3 3 3 3 3 3 3 3 3 3 3 3 8 3 8
split_gain=34.1683 1.271 0.982108 0.804501 0.563497 0.519977 0.358827 0.405308 0.601136 0.355109 0.340726 0.571229 0.296431 0.241327 0.238633 0.341037 0.306848 0.645109 0.37594 0.26291 0.212353 0.245 0.20423 0.324158 0.188052 0.271429 0.181601 0.15191 0.201827 0.137756
threshold=0.55000000000000082 1.0000000180025095e-35 1.0000000180025095e-35 4.5000000000000009 20.500000000000004 1.6000000000000003 10.500000000000002 1.6000000000000003 17.500000000000004 1.0000000180025095e-35 16.500000000000004 11.500000000000002 18.500000000000004 17.500000000000004 1.0000000180025095e-35 7.5000000000000009 11.500000000000002 15.500000000000002 14.500000000000002 21.500000000000004 4.5000000000000009 5.5000000000000009 1.0000000180025095e-35 1.5000000000000002 4.5000000000000009 1.0000000180025095e-35 19.500000000000004 1.0000000180025095e-35 9.5000000000000018 1.0000000180025095e-35
decision_type=2 2 2 2 2 2 2 2 2 2 2 2 2 2 2 2 2 2 2 2 2 2 2 2 2 2 2 2 2 2
left_child=1 2 5 22 6 -1 27 8 -8 -6 11 20 13 -12 16 -16 24 18 -18 -19 -4 -22 -3 -24 25 -7 -14 -5 -29 -9
right_child=-2 3 10 4 9 14 7 29 -10 -11 12 -13 26 -15 15 -17 17 19 -20 -21 21 -23 23 -25 -26 -27 -28 28 -30 -31
leaf_value=0.0093033067956436177 0.61720937565099343 -0.05063395237804591 0.046112313295474563 0.068378588831659926 0.029185628971255453 -0.048426876398404331 -0.011037237710943693 0.034109871858198561 0.10251105838082611 -0.045798813515769157 0.083037376923645656 -0.034942422727775611 -0.0033394816021073306 0.17641280648621313 -0.064637971747740428 -0.010400655155215599 0.0024268179214967491 -0.03150244311856927 0.072593394159547575 0.019716724023075827 -0.065987929914998134 0.026739556820122259 0.083129654987207868 -0.063734565647137226 -0.089760697744049628 0.030095544699766566 0.037187537855778795 0.030733686882702484 0.069366950638927088 0.0048613980715845884
leaf_weight=19 138 15.999999999999998 18 47 25 20 4.9999999999999991 154 10.999999999999998 23 17 76 25 13.000000000000002 264 649 133 144 38 58 9.9999999999999982 40 8.0000000000000018 23 246 56 32 89 18 155
leaf_count=19 138 16 18 47 25 20 5 154 11 23 17 76 25 13 264 649 133 144 38 58 10 40 8 23 246 56 32 89 18 155
internal_value=0.000797665 -0.000575658 -0.00121098 0.00148084 0.00203985 -0.00164413 0.00255741 0.00161538 0.009375 -0.003125 0.00183983 0.000347222 0.00431034 0.00833333 -0.00174129 -0.00227273 -0.00104317 -6.70241e-05 0.00219298 -0.0019802 0.00367647 0.002 -0.00478723 -0.00241935 -0.00217391 0 0.00219298 0.00454545 0.00350467 0.00121359
internal_weight=2570 2432 1858 574 527 1627 479 325 16 48 231 144 87 30 1608 913 695 373 171 202 68 50 47 31 322 76 57 154 107 309
internal_count=2570 2432 1858 574 527 1627 479 325 16 48 231 144 87 30 1608 913 695 373 171 202 68 50 47 31 322 76 57 154 107 309
is_linear=0
shrinkage=0.05


Tree=21
num_leaves=31
num_cat=0
split_feature=2 2 5 8 3 3 3 9 8 3 3 3 3 3 3 3 3 3 3 3 3 8 3 3 3 3 3 3 3 8
split_gain=32.5503 1.67396 1.09374 0.914027 0.536182 0.524517 0.51564 0.504547 0.446574 0.505073 0.783923 0.402026 0.318935 0.313606 0.282149 0.86398 0.37594 0.233248 0.21943 0.199018 0.187186 0.196393 0.242781 0.181601 0.177447 0.271429 0.162096 0.146881 0.141988 0.125231
threshold=1.0500000000000009 0.55000000000000082 1.0000000180025095e-35 1.0000000180025095e-35 4.5000000000000009 14.500000000000002 15.500000000000002 1.6000000000000003 1.0000000180025095e-35 18.500000000000004 20.500000000000004 22.500000000000004 11.500000000000002 18.500000000000004 11.500000000000002 15.500000000000002 14.500000000000002 17.500000000000004 17.500000000000004 13.500000000000002 10.500000000000002 1.0000000180025095e-35 9.5000000000000018 19.500000000000004 4.5000000000000009 1.0000000180025095e-35 15.500000000000002 6.5000000000000009 16.500000000000004 1.0000000180025095e-35
decision_type=2 2 2 2 2 2 2 2 2 2 2 2 2 2 2 2 2 2 2 2 2 2 2 2 2 2 2 2 2 2
left_child=1 2 3 7 29 19 12 -1 9 26 -11 -10 -5 17 24 16 -16 -8 -17 20 21 -6 -23 -15 25 -9 -7 -26 -28 -4
right_child=-2 -3 4 6 5 8 13 14 11 10 -12 -13 -14 23 15 18 -18 -19 -20 -21 -22 22 -24 -25 27 -27 28 -29 -30 -31
leaf_value=0.0088381414558614153 0.61884898316238912 -0.021151074058069954 -0.0043995073026984249 0.026809059455961307 0.064959659390076932 -0.053223954640550901 0.06388552238257815 -0.046005532578484144 -0.0053816622952514775 0.097385505461784844 0.027726347522692676 -0.046008882376723875 -0.056487341708803297 -0.0031725075220019328 0.0023054770254219204 -0.032380612860711637 0.068963724451570216 0.16759216616190242 -0.0063482090724355624 0.23692384592074936 0.01224306580849035 0.029197002538567319 0.065898603106980772 0.035328160962989852 -0.059792346971857584 0.028590767464778202 0.041113915588577313 -0.047593203158957591 0.00106312817279135 -0.058287327795094872
leaf_weight=19 131 6.9999999999999991 23 68 47 23 28 20 131 19 25 7.9999999999999991 65 25 133 162 38 12.999999999999998 491 12.999999999999998 69 89 18 32 170 56 29 538 56 24
leaf_count=19 131 7 23 68 47 23 28 20 131 19 25 8 65 25 133 162 38 13 491 13 69 89 18 32 170 56 29 538 56 24
internal_value=0.000719844 -0.000584256 -0.00051398 -0.00110334 0.00139373 0.00185009 0.00183983 -0.0015212 0.000429553 0.00230263 0.00681818 -0.00161871 -0.00018797 0.00459184 -0.00161692 -0.000970874 0.00219298 0.00792683 -0.00179939 0.00360169 0.00325112 0.00422078 0.00303738 0.00219298 -0.00229592 0 0.000462963 -0.00254237 0.00147059 -0.0037234
internal_weight=2570 2439 2432 1858 574 527 231 1627 291 152 44 139 133 98 1608 824 171 41 653 236 223 154 107 57 784 76 108 708 85 47
internal_count=2570 2439 2432 1858 574 527 231 1627 291 152 44 139 133 98 1608 824 171 41 653 236 223 154 107 57 784 76 108 708 85 47
is_linear=0
shrinkage=0.05


Tree=22
num_leaves=31
num_cat=0
split_feature=2 2 5 8 9 3 3 3 8 3 3 3 3 3 3 3 3 3 3 3 3 3 3 3 3 3 3 3 3 3
split_gain=32.0209 2.38042 0.946446 0.784529 0.500726 0.500294 0.511358 0.403045 0.374794 0.402026 0.340599 0.507608 0.30364 0.296431 0.253968 0.247009 0.241327 0.213288 0.208229 0.206882 0.814776 0.269523 0.321717 0.21943 0.181601 0.178566 0.162096 0.150409 0.149573 0.141988
threshold=1.5999999999999999 0.55000000000000082 1.0000000180025095e-35 1.0000000180025095e-35 1.6000000000000003 4.5000000000000009 14.500000000000002 16.500000000000004 1.0000000180025095e-35 22.500000000000004 18.500000000000004 20.500000000000004 7.5000000000000009 18.500000000000004 4.5000000000000009 3.5000000000000004 17.500000000000004 13.500000000000002 5.5000000000000009 15.500000000000002 14.500000000000002 11.500000000000002 9.5000000000000018 17.500000000000004 19.500000000000004 8.5000000000000018 15.500000000000002 10.500000000000002 14.500000000000002 16.500000000000004
decision_type=2 2 2 2 2 2 2 2 2 2 2 2 2 2 2 2 2 2 2 2 2 2 2 2 2 2 2 2 2 2
left_child=1 2 3 4 -1 -4 17 14 10 -10 26 -12 18 16 15 -5 -9 27 -6 20 21 22 25 -21 -15 -14 -8 -7 -16 -28
right_child=-2 -3 5 7 12 6 8 13 9 -11 11 -13 19 24 28 -17 -18 -19 -20 23 -22 -23 -24 -25 -26 -27 29 -29 -30 -31
leaf_value=0.0083962343830683572 0.60040643863683796 -0.017593510818423221 -0.028936210127834851 0.022466216047673272 -0.0032720181973818988 0.045351462034505997 -0.050562756908523368 0.075691231958334451 -0.0051125791804889076 -0.043708438257887665 0.092516230188695578 0.026340030146558037 -0.018900661078684957 -0.0030138821459018139 0.0013370206082652825 0.41671622510757933 0.15921255785380728 0.22507765362471188 -0.059026413002405548 -0.030761582217676067 0.065515538228991685 0.00219020317415084 -0.097893012235642465 -0.0060307986188138157 0.033561752914840336 0.02609931984782872 0.039058219809148476 0.011630912518065806 -0.04809752805635617 0.0010099717641517626
leaf_weight=19 128 9.9999999999999982 47 13.000000000000002 130 154 23 17 131 7.9999999999999991 19 25 125 25 91 4.9999999999999991 13.000000000000002 12.999999999999998 264 162 38 133 192 491 32 73 29 69 35 56
leaf_count=19 128 10 47 13 130 154 23 17 131 8 19 25 125 25 91 5 13 13 264 162 38 133 192 491 32 73 29 69 35 56
internal_value=0.000622568 -0.000655201 -0.000555099 -0.00110334 -0.00149047 0.00121951 0.00166034 0.00162338 0.000257732 -0.00161871 0.00197368 0.00568182 -0.00158582 0.00431034 0 0.00555556 0.00833333 0.00338983 -0.00279188 -0.0011944 -0.000490196 -0.00100382 -0.00166667 -0.00179939 0.00219298 -0.000252525 0.000462963 0.00302691 -0.000793651 0.00147059
internal_weight=2570 2442 2432 1858 1627 574 527 231 291 139 152 44 1608 87 144 18 30 236 394 1214 561 523 390 653 57 198 108 223 126 85
internal_count=2570 2442 2432 1858 1627 574 527 231 291 139 152 44 1608 87 144 18 30 236 394 1214 561 523 390 653 57 198 108 223 126 85
is_linear=0
shrinkage=0.05


Tree=23
num_leaves=31
num_cat=0
split_feature=2 2 5 3 8 3 3 3 8 3 3 3 3 3 3 3 3 3 3 9 3 3 3 8 3 3 3 3 3 3
split_gain=31.2819 1.46493 0.973467 0.734818 0.71803 0.509679 0.550273 0.435257 0.374794 0.402026 0.367343 0.340599 0.507608 0.296431 0.270474 0.247009 0.241327 0.208229 0.205141 0.191812 0.181601 0.170968 0.162096 0.156227 0.242781 0.141988 0.140268 0.834395 0.249933 0.238797
threshold=2.3000000000000012 1.0000000180025095e-35 1.0000000180025095e-35 8.5000000000000018 1.0000000180025095e-35 4.5000000000000009 14.500000000000002 16.500000000000004 1.0000000180025095e-35 22.500000000000004 7.5000000000000009 18.500000000000004 20.500000000000004 18.500000000000004 4.5000000000000009 3.5000000000000004 17.500000000000004 5.5000000000000009 13.500000000000002 1.6000000000000003 19.500000000000004 10.500000000000002 15.500000000000002 1.0000000180025095e-35 9.5000000000000018 16.500000000000004 15.500000000000002 12.500000000000002 14.500000000000002 19.500000000000004
decision_type=2 2 2 2 2 2 2 2 2 2 2 2 2 2 2 2 2 2 2 2 2 2 2 2 2 2 2 2 2 2
left_child=1 2 4 -3 10 -4 18 14 11 -10 17 22 -13 16 15 -6 -9 -1 21 -12 -15 23 -8 -7 -25 -24 27 -21 -29 -28
right_child=-2 3 5 -5 7 6 8 13 9 -11 19 12 -14 20 -16 -17 -18 -19 -20 26 -22 -23 25 24 -26 -27 29 28 -30 -31
leaf_value=-0.0031084172875127884 0.58288621207242775 -0.0056638640546245794 -0.027489399621443103 -0.012113864221517546 0.02134290524528959 0.060754511906578039 -0.048034619063097229 0.071906670360417743 -0.0048569502214644627 -0.041523016344993294 0.0079764226639149182 0.087890418679260757 0.025023028639230116 -0.0028631880386067012 -0.0026397682771555075 0.39588041385220035 0.15125192996111692 -0.05607509235228525 0.21382377094347627 -0.032955637561493847 0.031883665269098319 0.011049366892162561 0.037105308818691007 0.025469579309913649 0.060336099849906427 0.00095947317594418107 -0.025729239614386758 0.005681883906688512 0.062239761317542101 -0.0032086005733281023
leaf_weight=130 125 6.0000000000000027 47 12.999999999999998 13.000000000000002 46 23 17 131 7.9999999999999991 19 19 25 25 125 4.9999999999999991 13.000000000000002 264 12.999999999999998 445 32 69 29 89 18 56 419 77 38 231
leaf_count=130 125 6 47 13 13 46 23 17 131 8 19 19 25 25 125 5 13 264 13 445 32 69 29 89 18 56 419 77 38 231
internal_value=0.000603113 -0.000644172 -0.000535862 -0.0144737 -0.00109282 0.00126527 0.00171103 0.00152174 0.000257732 -0.00161871 -0.00146334 0.00197368 0.00568182 0.00431034 -0.000174825 0.00555556 0.00833333 -0.00279188 0.00351064 -0.00103743 0.00219298 0.00315315 0.000462963 0.00408497 0.00303738 0.00147059 -0.0011157 -0.000535714 0.00326087 -0.00161538
internal_weight=2570 2445 2426 19 1853 573 526 230 291 139 1623 152 44 87 143 18 30 394 235 1229 57 222 108 153 107 85 1210 560 115 650
internal_count=2570 2445 2426 19 1853 573 526 230 291 139 1623 152 44 87 143 18 30 394 235 1229 57 222 108 153 107 85 1210 560 115 650
is_linear=0
shrinkage=0.05


Tree=24
num_leaves=31
num_cat=0
split_feature=2 2 5 8 3 3 3 3 3 3 8 3 3 3 3 3 3 3 9 3 3 3 3 3 8 3 8 3 3 3
split_gain=30.4937 1.50614 0.754229 0.659971 0.474643 0.536507 0.435257 0.416017 0.4 0.365313 0.309298 0.402026 0.296431 0.270474 0.260872 0.247009 0.241327 0.21969 0.182534 0.181601 0.177214 0.13986 0.155125 0.135727 0.20094 0.128571 0.125231 0.277009 0.1875 0.123994
threshold=3.3000000000000012 1.0000000180025095e-35 1.0000000180025095e-35 1.0000000180025095e-35 4.5000000000000009 14.500000000000002 16.500000000000004 8.5000000000000018 18.500000000000004 7.5000000000000009 1.0000000180025095e-35 22.500000000000004 18.500000000000004 4.5000000000000009 15.500000000000002 3.5000000000000004 17.500000000000004 13.500000000000002 1.6000000000000003 19.500000000000004 5.5000000000000009 1.0000000180025095e-35 1.5000000000000002 10.500000000000002 1.0000000180025095e-35 14.500000000000002 1.0000000180025095e-35 1.5000000000000002 1.0000000180025095e-35 15.500000000000002
decision_type=2 2 2 2 2 2 2 2 2 2 2 2 2 2 2 2 2 2 2 2 2 2 2 2 2 2 2 2 2 2
left_child=1 2 3 9 26 17 13 -3 -9 20 14 -12 16 15 -7 -5 -8 23 -11 -14 21 -1 -23 24 -6 -15 27 -4 -28 -20
right_child=-2 7 4 6 5 10 12 8 -10 18 11 -13 19 25 -16 -17 -18 -19 29 -21 -22 22 -24 -25 -26 -27 28 -29 -30 -31
leaf_value=-0.043386234175315244 0.55874182517486093 -0.011258251119084406 0.083687327620272811 0.020275759983025134 0.057716786311249102 -0.045632888109942371 0.068311336842396833 -0.013608132529683027 -0.0049020614103732823 0.007577601530719136 -0.0046141027103912434 -0.039446865527743617 -0.002720028636676375 -0.00055281093579395701 0.03004814169650798 0.37608639315959036 0.14368933346306109 0.2031325823963025 -0.014602238898875443 0.030289482005643367 -0.053271337734670965 0.20981151714977309 -0.0025197443658443678 0.010496898547554423 0.024734916588357071 -0.045560663239680554 -0.071114934408742544 -0.02207265855328986 -0.052551680917876278 -0.017294804617397786
leaf_weight=20 122 7.0000000000000027 12.000000000000002 13.000000000000002 46 23 17 8.9999999999999982 5.9999999999999991 19 131 7.9999999999999991 25 90 129 4.9999999999999991 13.000000000000002 12.999999999999998 560 32 264 7.9999999999999991 102 69 107 35 8.0000000000000018 10.999999999999998 15.999999999999998 650
leaf_count=20 122 7 12 13 46 23 17 9 6 19 131 8 25 90 129 5 13 13 560 32 264 8 102 69 107 35 8 11 16 650
internal_value=0.000603113 -0.000612745 -0.000494641 -0.000984889 0.00109075 0.00152091 0.00152174 -0.0136364 -0.0183333 -0.00134011 8.59107e-05 -0.00161871 0.00431034 -0.000174825 0.00164474 0.00555556 0.00833333 0.00329787 -0.000915378 0.00219298 -0.00266497 -0.00115385 -0.000454545 0.00292793 0.00375817 -0.001 -0.0037234 -0.00108696 -0.00625 -0.000991736
internal_weight=2570 2448 2426 1853 573 526 230 22 15 1623 291 139 87 143 152 18 30 235 1229 57 394 130 110 222 153 125 47 23 24 1210
internal_count=2570 2448 2426 1853 573 526 230 22 15 1623 291 139 87 143 152 18 30 235 1229 57 394 130 110 222 153 125 47 23 24 1210
is_linear=0
shrinkage=0.05


Tree=25
num_leaves=31
num_cat=0
split_feature=2 2 5 8 3 3 3 3 3 8 3 3 3 3 3 3 3 3 3 3 3 3 8 9 3 3 3 3 3 3
split_gain=30.251 1.52986 0.447043 0.780282 0.685516 0.474357 0.416017 0.4 0.378983 0.355109 0.313606 0.277446 0.70349 0.349606 0.25731 0.247009 0.233248 0.225951 0.206625 0.205179 0.352854 0.324158 0.20094 0.190678 0.181601 0.131579 0.118906 0.1125 0.108271 0.0979145
threshold=3.3000000000000012 1.0000000180025095e-35 1.0000000180025095e-35 1.0000000180025095e-35 1.0000000180025095e-35 15.500000000000002 8.5000000000000018 18.500000000000004 20.500000000000004 1.0000000180025095e-35 18.500000000000004 11.500000000000002 15.500000000000002 14.500000000000002 4.5000000000000009 3.5000000000000004 17.500000000000004 21.500000000000004 4.5000000000000009 4.5000000000000009 10.500000000000002 1.5000000000000002 1.0000000180025095e-35 1.6000000000000003 19.500000000000004 14.500000000000002 21.500000000000004 5.5000000000000009 1.0000000180025095e-35 6.5000000000000009
decision_type=2 2 2 2 2 2 2 2 2 2 2 2 2 2 2 2 2 2 2 2 2 2 2 2 2 2 2 2 2 2
left_child=1 2 3 11 -4 14 -3 -8 19 -10 16 18 13 -13 15 -5 -7 -14 28 21 22 -6 -21 -20 -12 27 -11 -16 -1 -25
right_child=-2 6 4 5 8 10 7 -9 9 26 24 12 17 -15 25 -17 -18 -19 23 20 -22 -23 -24 29 -26 -27 -28 -29 -30 -31
leaf_value=-0.041216922466549469 0.53080473391611782 -0.010695338563130008 -0.044028113224523137 0.01926197198387385 0.087336403160959905 0.049895784305391724 -0.012927725903198885 -0.0046569583398545335 0.022269470122443204 -0.088744959819651387 -0.0025840272048425206 0.0052932442473798032 -0.017183439850534922 0.059857885196608777 -0.063936208461812069 0.35728207350161079 0.136504866789908 0.020375008466020895 0.0062470823563009151 0.054830946995686691 0.013739578218982286 -0.052184606441668002 0.023498170758939188 -0.053296603404244185 0.028775007905361163 -0.058973075422808385 -0.032474515098799062 0.0039297961543137026 0.027606238084076296 -0.040467758008462119
leaf_weight=20 122 7.0000000000000027 15.999999999999998 13.000000000000002 8.0000000000000018 28 8.9999999999999982 5.9999999999999991 25 11 25 132 599 38 9.9999999999999982 4.9999999999999991 12.999999999999998 58 11.999999999999998 46 325 23 107 170 32 24 12 80 56 538
leaf_count=20 122 7 16 13 8 28 9 6 25 11 25 132 599 38 10 5 13 58 12 46 325 23 107 170 32 24 12 80 56 538
internal_value=0.000700389 -0.000510621 -0.000391591 -0.000769023 0.00082897 0.00195652 -0.0136364 -0.0183333 0.00112208 -0.003125 0.00459184 -0.00115527 -0.000513906 0.00235294 0 0.00555556 0.00792683 -0.00125571 -0.00182161 0.00152259 0.00177824 -0.00241935 0.00375817 -0.00208333 0.00219298 -0.000877193 -0.0076087 0 0.000657895 -0.00218927
internal_weight=2570 2448 2426 1853 573 230 22 15 557 48 98 1623 827 170 132 18 41 657 796 509 478 31 153 720 57 114 23 90 76 708
internal_count=2570 2448 2426 1853 573 230 22 15 557 48 98 1623 827 170 132 18 41 657 796 509 478 31 153 720 57 114 23 90 76 708
is_linear=0
shrinkage=0.05


Tree=26
num_leaves=31
num_cat=0
split_feature=2 2 5 8 3 3 3 3 3 2 3 8 3 3 3 3 3 9 3 3 3 3 3 3 3 8 3 3 3 3
split_gain=28.3108 3.23299 0.550712 0.58271 0.403045 0.350383 0.311577 0.296431 0.277533 0.255252 0.253968 0.25 0.247009 0.241327 0.233001 0.181601 0.178131 0.164504 0.149573 0.147727 0.147016 0.433969 0.491382 0.220969 0.159135 0.144758 0.477528 0.223409 0.2911 0.141176
threshold=4.0500000000000016 0.55000000000000082 1.0000000180025095e-35 1.0000000180025095e-35 16.500000000000004 1.0000000180025095e-35 7.5000000000000009 18.500000000000004 10.500000000000002 1.0500000000000009 4.5000000000000009 1.0000000180025095e-35 3.5000000000000004 17.500000000000004 5.5000000000000009 19.500000000000004 5.5000000000000009 1.6000000000000003 14.500000000000002 1.5000000000000002 9.5000000000000018 11.500000000000002 15.500000000000002 14.500000000000002 17.500000000000004 1.0000000180025095e-35 22.500000000000004 18.500000000000004 20.500000000000004 19.500000000000004
decision_type=2 2 2 2 2 2 2 2 2 2 2 2 2 2 2 2 2 2 2 2 2 2 2 2 2 2 2 2 2 2
left_child=1 2 3 6 10 11 16 13 14 -3 12 -4 -5 -6 19 -9 -1 -8 -12 -7 -19 -22 23 -23 -24 27 -27 -10 -29 -11
right_child=-2 9 5 4 7 8 17 15 25 29 18 -13 -14 -15 -16 -17 -18 20 -20 -21 21 22 24 -25 -26 26 -28 28 -30 -31
leaf_value=-0.0034529318717299918 0.54926447814682544 -0.017281358681525204 -0.020795630715328885 0.018298873384680194 0.062400980785007401 0.082969583002911934 0.0068863673363680714 -0.0024548258446003505 0.0092850747092275473 -0.013234285304154625 0.0012333087307838221 -0.065357782027079245 0.33941796982653022 0.12967962345041251 0.036450445218025609 0.027336257510093099 -0.048584382947514326 0.0014456155517183157 -0.041024424035853761 -0.025787660358129696 -0.088597079900418763 0.0041939246260927826 -0.026213128902676176 0.056864990936778353 -0.0030836687307042258 -0.00062756579706100277 -0.035850796496416495 0.081306511749523219 0.021155996616321018 -0.0057801856906547046
leaf_weight=130 114 7.0000000000000027 7.9999999999999973 13.000000000000002 17 7.9999999999999991 19 25 151 12.000000000000002 91 8 4.9999999999999991 13.000000000000002 133 32 264 198 35 44 192 133 162 38 491 170 7.9999999999999991 19 25 4.9999999999999991
leaf_count=130 114 7 8 13 17 8 19 25 151 12 91 8 5 13 133 32 264 198 35 44 192 133 162 38 491 170 8 19 25 5
internal_value=0.000642023 -0.000488599 -0.000308388 -0.000726588 0.00162338 0.0010453 -0.00106023 0.00431034 0.00125448 -0.01875 0 -0.00625 0.00555556 0.00833333 0.00283784 0.00219298 -0.00228426 -0.0006691 -0.000793651 0 -0.000741351 -0.000984252 -0.000485437 0.00190058 -0.00111026 0.000469169 -0.000561798 0.00141026 0.00454545 -0.0220588
internal_weight=2570 2456 2432 1858 231 574 1627 87 558 24 144 16 18 30 185 57 394 1233 126 52 1214 1016 824 171 653 373 178 195 44 17
internal_count=2570 2456 2432 1858 231 574 1627 87 558 24 144 16 18 30 185 57 394 1233 126 52 1214 1016 824 171 653 373 178 195 44 17
is_linear=0
shrinkage=0.05


Tree=27
num_leaves=31
num_cat=0
split_feature=2 2 2 5 8 3 3 3 3 2 8 3 3 3 3 3 3 9 3 3 3 3 3 3 3 8 3 3 3 3
split_gain=27.0573 2.36626 0.933621 0.534111 0.6805 0.350383 0.34217 0.311577 0.277533 0.255252 0.25 0.239908 0.247009 0.233001 0.194393 0.181601 0.178131 0.164504 0.149849 0.147727 0.147016 0.433969 0.491382 0.220969 0.159135 0.144758 0.477528 0.223409 0.2911 0.141176
threshold=4.6000000000000023 0.55000000000000082 4.0500000000000016 1.0000000180025095e-35 1.0000000180025095e-35 1.0000000180025095e-35 15.500000000000002 7.5000000000000009 10.500000000000002 1.0500000000000009 1.0000000180025095e-35 4.5000000000000009 3.5000000000000004 5.5000000000000009 18.500000000000004 19.500000000000004 5.5000000000000009 1.6000000000000003 14.500000000000002 1.5000000000000002 9.5000000000000018 11.500000000000002 15.500000000000002 14.500000000000002 17.500000000000004 1.0000000180025095e-35 22.500000000000004 18.500000000000004 20.500000000000004 19.500000000000004
decision_type=2 2 2 2 2 2 2 2 2 2 2 2 2 2 2 2 2 2 2 2 2 2 2 2 2 2 2 2 2 2
left_child=1 3 9 4 7 10 11 16 13 -3 -5 12 -6 19 -8 -16 -1 -9 -13 -7 -19 -22 23 -23 -24 27 -27 -10 -29 -11
right_child=-2 2 -4 5 6 8 14 17 25 29 -12 18 -14 -15 15 -17 -18 20 -20 -21 21 22 24 -25 -26 26 -28 28 -30 -31
leaf_value=-0.0032802852781435021 0.53680131145994314 -0.016417290747448909 0.0018012733129705084 -0.019755849179562458 0.017383929715446202 0.078821103852766333 0.059280931745757041 0.0065420489695497078 0.0088208209737661754 -0.012572571038946734 -0.062089892925725289 0.0011716432942446176 0.32244707133520373 0.034627922957124295 -0.0023320845523703503 0.025969444634588435 -0.0461551638001386 0.0013733347741323955 -0.053973200449875282 -0.024498277340223185 -0.084167225905397824 0.0039842283947881365 -0.024902472457542402 0.054021741389939405 -0.0029294852941689877 -0.00059618750720795703 -0.034058256671595677 0.077241186162047101 0.020098196785504997 -0.0054911764061220227
leaf_weight=130 109 7.0000000000000062 4.9999999999999991 7.9999999999999973 13.000000000000002 7.9999999999999991 41 19 151 12.000000000000002 8 91 4.9999999999999991 133 25 32 264 198 24 44 192 133 162 38 491 170 7.9999999999999991 19 25 4.9999999999999991
leaf_count=130 109 7 5 8 13 8 41 19 151 12 8 91 5 133 25 32 264 198 24 44 192 133 162 38 491 170 8 19 25 5
internal_value=0.000622568 -0.000457131 -0.0146552 -0.000287829 -0.000699677 0.0010453 0.00183983 -0.00106023 0.00125448 -0.01875 -0.00625 0.00018797 0.00555556 0.00283784 0.00408163 0.00219298 -0.00228426 -0.0006691 -0.000652174 0 -0.000741351 -0.000984252 -0.000485437 0.00190058 -0.00111026 0.000469169 -0.000561798 0.00141026 0.00454545 -0.0220588
internal_weight=2570 2461 29 2432 1858 574 231 1627 558 24 16 133 18 185 98 57 394 1233 115 52 1214 1016 824 171 653 373 178 195 44 17
internal_count=2570 2461 29 2432 1858 574 231 1627 558 24 16 133 18 185 98 57 394 1233 115 52 1214 1016 824 171 653 373 178 195 44 17
is_linear=0
shrinkage=0.05


Tree=28
num_leaves=31
num_cat=0
split_feature=2 2 3 2 5 8 3 3 3 3 8 3 3 3 3 3 3 9 3 3 3 3 3 3 3 8 3 3 3 3
split_gain=26.1334 1.35133 1.0284 0.771429 0.584676 0.409876 0.350383 0.311577 0.277533 0.264706 0.25 0.233001 0.216749 0.253968 0.247009 0.225106 0.178131 0.164504 0.149573 0.147727 0.147016 0.433969 0.491382 0.220969 0.159135 0.144758 0.477528 0.223409 0.2911 0.126488
threshold=4.6000000000000023 0.55000000000000082 8.5000000000000018 3.5500000000000012 1.0000000180025095e-35 1.0000000180025095e-35 1.0000000180025095e-35 7.5000000000000009 10.500000000000002 18.500000000000004 1.0000000180025095e-35 5.5000000000000009 16.500000000000004 4.5000000000000009 3.5000000000000004 18.500000000000004 5.5000000000000009 1.6000000000000003 14.500000000000002 1.5000000000000002 9.5000000000000018 11.500000000000002 15.500000000000002 14.500000000000002 17.500000000000004 1.0000000180025095e-35 22.500000000000004 18.500000000000004 20.500000000000004 15.500000000000002
decision_type=2 2 2 2 2 2 2 2 2 2 2 2 2 2 2 2 2 2 2 2 2 2 2 2 2 2 2 2 2 2
left_child=1 4 3 -3 5 7 10 16 11 -4 -6 19 13 14 -7 -14 -1 -9 -15 -8 -19 -22 23 -23 -24 27 29 -10 -29 -27
right_child=-2 2 9 -5 6 12 8 17 25 -11 -12 -13 15 18 -16 -17 -18 20 -20 -21 21 22 24 -25 -26 26 -28 28 -30 -31
leaf_value=-0.0031162710142363494 0.50996124588694591 -0.0094426487175205409 -0.015596426210076508 0.0017112096473219651 -0.018768056720584347 0.016514733229673874 0.074880048660128026 0.0062149465210722182 0.0083797799250779018 -0.0067527230427332444 -0.058985398279439008 0.032896526809268072 0.078816899463583931 0.0011130611295323779 0.30632471776844361 0.012784529211991292 -0.043847405610131673 0.0013046680354257491 -0.036274542811567299 -0.02327336347321203 -0.079958864610127911 0.0037850169750487162 -0.023657348834665283 0.051320654320442395 -0.0027830110294605249 0.032401830397036591 -0.032355343838015881 0.073379126853944765 0.019093286946229783 -0.0084477009236804349
leaf_weight=130 109 7.0000000000000018 9.0000000000000018 5 7.9999999999999973 13.000000000000002 7.9999999999999991 19 151 7.9999999999999991 8 133 30 91 4.9999999999999991 57 264 198 35 44 192 133 162 38 491 42 7.9999999999999991 19 25 128
leaf_count=130 109 7 9 5 8 13 8 19 151 8 8 133 30 91 5 57 264 198 35 44 192 133 162 38 491 42 8 19 25 128
internal_value=0.000583658 -0.000477448 -0.0112069 0 -0.000349507 -0.000780409 0.0010453 -0.00106023 0.00125448 -0.0191176 -0.00625 0.00283784 0.00119048 0 0.00555556 0.00316092 -0.00228426 -0.0006691 -0.000793651 0 -0.000741351 -0.000984252 -0.000485437 0.00190058 -0.00111026 0.000469169 -0.000561798 0.00141026 0.00454545 0
internal_weight=2570 2461 29 12 2432 1858 574 1627 558 17 16 185 231 144 18 87 394 1233 126 52 1214 1016 824 171 653 373 178 195 44 170
internal_count=2570 2461 29 12 2432 1858 574 1627 558 17 16 185 231 144 18 87 394 1233 126 52 1214 1016 824 171 653 373 178 195 44 170
is_linear=0
shrinkage=0.05


Tree=29
num_leaves=31
num_cat=0
split_feature=2 2 3 2 5 8 3 3 3 3 8 3 3 3 3 8 3 9 3 3 3 8 3 7 3 2 3 3 3 3
split_gain=25.0969 2.07136 1.02984 0.468864 0.451322 0.543361 0.342066 0.294157 0.258373 0.277279 0.25 0.239908 0.247009 0.221642 0.2 0.198406 0.244928 0.158775 0.149849 0.149539 0.139738 0.192401 0.152159 0.145161 0.138791 0.133333 0.128227 0.474792 0.442667 0.220969
threshold=5.150000000000003 0.55000000000000082 8.5000000000000018 3.5500000000000012 1.0000000180025095e-35 1.0000000180025095e-35 1.0000000180025095e-35 7.5000000000000009 15.500000000000002 18.500000000000004 1.0000000180025095e-35 4.5000000000000009 3.5000000000000004 20.500000000000004 18.500000000000004 1.0000000180025095e-35 22.500000000000004 1.6000000000000003 14.500000000000002 5.5000000000000009 10.500000000000002 1.0000000180025095e-35 4.5000000000000009 1.0000000180025095e-35 7.5000000000000009 6.4500000000000002 9.5000000000000018 11.500000000000002 15.500000000000002 14.500000000000002
decision_type=2 2 2 2 2 2 2 2 2 2 2 2 2 2 2 2 2 2 2 2 2 2 2 2 2 2 2 2 2 2
left_child=1 4 3 -3 5 7 10 19 11 -10 -6 12 -7 20 -4 -15 -17 -9 -13 -1 21 23 -23 -8 -25 -2 -19 -28 29 -29
right_child=25 2 14 -5 6 8 13 17 9 -11 -12 18 -14 15 -16 16 -18 26 -20 -21 -22 22 -24 24 -26 -27 27 28 -30 -31
leaf_value=-0.0029604574635245131 0.024463145445625757 -0.0089705162816443359 -0.016740971775801052 0.001047502507000786 -0.017829653884555086 0.015688996568190207 0.028201082557898084 0.005904199195018567 0.052376040185289963 0.012145302751391718 -0.056036128365467078 0.0010574080730557434 0.29100848188002137 0.018138622598918276 -0.0085901148570962423 -0.013824158190757663 -0.030737576646115095 0.0012394346336544793 -0.049460813286803164 -0.041655035329625091 0.007960790928824046 -0.054880677648570811 0.01970890050919696 0.0030802272354648608 0.25625170046880469 0.59196316451911213 -0.075960921379621515 0.0035957661262962849 -0.0076438795514738095 0.048754621604420303
leaf_weight=130 6.9999999999999991 6.9999999999999982 10.000000000000002 6 7.9999999999999973 13.000000000000002 31 19 41 57 8 91 4.9999999999999991 25 9.9999999999999982 15 8 198 24 264 325 15.999999999999998 107 14.000000000000002 17 98 192 133 653 38
leaf_count=130 7 7 10 6 8 13 31 19 41 57 8 91 5 25 10 15 8 198 24 264 325 16 107 14 17 98 192 133 653 38
internal_value=0.000583658 -0.000436105 -0.0128788 -0.00192308 -0.00026727 -0.000645856 0.000958188 -0.000968039 0.00162338 0.00357143 -0.00625 0.00018797 0.00555556 0.00116487 -0.02 -0.00208333 -0.00543478 -0.000587997 -0.000652174 -0.00215736 0.00147059 0.00256757 0.00142276 0.00483871 0.00725806 0.0245238 -0.000658979 -0.000885827 -0.000364078 0.00190058
internal_weight=2570 2465 33 13 2432 1858 574 1627 231 98 16 133 18 558 20 48 23 1233 115 394 510 185 123 62 31 105 1214 1016 824 171
internal_count=2570 2465 33 13 2432 1858 574 1627 231 98 16 133 18 558 20 48 23 1233 115 394 510 185 123 62 31 105 1214 1016 824 171
is_linear=0
shrinkage=0.05


Tree=30
num_leaves=31
num_cat=0
split_feature=2 2 3 2 5 8 3 3 8 3 3 3 3 3 3 7 3 3 9 3 3 3 3 3 3 3 2 3 3 3
split_gain=25.2194 2.05115 1.02984 0.468864 0.372235 0.378168 0.480604 0.506849 0.366327 0.309555 0.216749 0.253968 0.247009 0.225106 0.2 0.181761 0.273722 0.420467 0.155949 0.149573 0.149539 0.138791 0.133628 0.147029 0.336933 0.399652 0.133333 0.125031 0.108314 0.106934
threshold=5.150000000000003 0.55000000000000082 8.5000000000000018 3.5500000000000012 1.0000000180025095e-35 1.0000000180025095e-35 1.0000000180025095e-35 22.500000000000004 1.0000000180025095e-35 7.5000000000000009 16.500000000000004 4.5000000000000009 3.5000000000000004 18.500000000000004 18.500000000000004 1.0000000180025095e-35 18.500000000000004 16.500000000000004 1.6000000000000003 14.500000000000002 5.5000000000000009 7.5000000000000009 21.500000000000004 9.5000000000000018 11.500000000000002 15.500000000000002 6.4500000000000002 5.5000000000000009 18.500000000000004 14.500000000000002
decision_type=2 2 2 2 2 2 2 2 2 2 2 2 2 2 2 2 2 2 2 2 2 2 2 2 2 2 2 2 2 2
left_child=1 4 3 -3 8 15 -7 28 9 20 11 12 -10 -12 -4 -6 17 21 -11 27 -1 -17 23 -20 -25 29 -2 -13 -8 -26
right_child=26 2 14 -5 5 6 7 -9 10 18 13 19 -14 -15 -16 16 -18 -19 22 -21 -22 -23 -24 24 25 -27 -28 -29 -30 -31
leaf_value=-0.0028124345903482784 0.02323998817334463 -0.0085219904675621905 -0.015903923187010973 0.00099512738165081767 0.016338324518394034 -0.053234321947193713 0.013138132472989384 -0.029200697813809341 0.014904546739780679 0.0056089892352676257 0.072257252481140191 -0.060968169100102276 0.27645805778602028 0.011538037613822105 -0.0081606091142413465 0.002926215873691618 0.069312130964806332 -0.0030002098054722651 0.0011774629019717154 -0.031987775006648803 -0.039572283563143844 0.24343911544536445 0.020178260273010284 -0.072162875310640431 0.003415977819981464 -0.013995514699703638 0.56236500629315633 0.0031171954322372743 -0.050376343166948882 0.046316890524199295
leaf_weight=130 6.9999999999999991 6.9999999999999982 10.000000000000002 6 159 7.9999999999999991 229 7.9999999999999991 13.000000000000002 19 30 9.9999999999999982 4.9999999999999991 57 9.9999999999999982 14.000000000000002 19 56 198 35 264 17 58 192 133 595 98 81 64 38
leaf_count=130 7 7 10 6 159 8 229 8 13 19 30 10 5 57 10 14 19 56 198 35 264 17 58 192 133 595 98 81 64 38
internal_value=0.000525292 -0.000496957 -0.0128788 -0.00192308 -0.000328947 0.000783972 -0.000404531 -8.30565e-05 -0.000672766 -0.000937308 0.00119048 0 0.00555556 0.00316092 -0.02 0.00216981 0.00377358 0.00258621 -0.000547445 -0.000793651 -0.00215736 0.00725806 -0.000617792 -0.000735294 -0.000991649 -0.000522193 0.0245238 0.000274725 0.000255973 0.00160819
internal_weight=2570 2465 33 13 2432 574 309 301 1858 1627 231 144 18 87 20 265 106 87 1233 126 394 31 1214 1156 958 766 105 91 293 171
internal_count=2570 2465 33 13 2432 574 309 301 1858 1627 231 144 18 87 20 265 106 87 1233 126 394 31 1214 1156 958 766 105 91 293 171
is_linear=0
shrinkage=0.05


Tree=31
num_leaves=31
num_cat=0
split_feature=2 2 2 3 2 5 8 3 3 8 3 3 3 3 3 3 7 3 3 9 3 3 3 3 3 3 3 3 3 3
split_gain=23.6361 0.893352 1.60684 1.02984 0.468864 0.345238 0.378168 0.480604 0.506849 0.345469 0.34153 0.216749 0.253968 0.247009 0.225106 0.2 0.181761 0.273722 0.420467 0.150372 0.149573 0.149539 0.138791 0.125031 0.108314 0.104077 0.102449 0.251771 0.123181 0.21214
threshold=6.7500000000000009 0.55000000000000082 5.150000000000003 8.5000000000000018 3.5500000000000012 1.0000000180025095e-35 1.0000000180025095e-35 1.0000000180025095e-35 22.500000000000004 1.0000000180025095e-35 7.5000000000000009 16.500000000000004 4.5000000000000009 3.5000000000000004 18.500000000000004 18.500000000000004 1.0000000180025095e-35 18.500000000000004 16.500000000000004 1.6000000000000003 14.500000000000002 5.5000000000000009 7.5000000000000009 5.5000000000000009 18.500000000000004 4.5000000000000009 9.5000000000000018 10.500000000000002 15.500000000000002 14.500000000000002
decision_type=2 2 2 2 2 2 2 2 2 2 2 2 2 2 2 2 2 2 2 2 2 2 2 2 2 2 2 2 2 2
left_child=1 5 3 4 -3 9 16 -8 24 10 21 12 13 -11 -13 -5 -7 18 22 -12 23 -1 -18 -14 25 -9 -21 -28 29 -29
right_child=-2 2 -4 15 -6 6 7 8 -10 11 19 14 20 -15 -16 -17 17 -19 -20 26 -22 -23 -24 -25 -26 -27 27 28 -30 -31
leaf_value=-0.0026718128608308692 0.55674669875803962 -0.0080958909441839928 0.012077950617704759 -0.015108727027660418 0.00094537101256833014 0.015521408292474349 -0.050572605849834008 -0.052793550389791721 -0.027740662923118855 0.014159319402791672 0.0053285397735042045 0.068644389857083168 -0.057919760645097185 0.26263515489671935 0.010961135733131046 -0.0077525786585292524 0.0027799050800070726 0.06584652441656598 -0.0028501993151986318 0.0011185897568731563 -0.030388386256316346 -0.037593669384986629 0.23126715967309625 0.0029613356606253308 -0.04785752600860143 0.015482165822661998 -0.086054738697665778 -8.5525326667834634e-05 -0.0065619098389150038 0.044001045997989333
leaf_weight=130 95 6.9999999999999982 9.9999999999999982 10.000000000000002 6 159 7.9999999999999991 15.999999999999998 7.9999999999999991 13.000000000000002 19 30 9.9999999999999982 4.9999999999999991 57 9.9999999999999982 14.000000000000002 19 56 198 35 264 17 81 64 213 122 203 653 38
leaf_count=130 95 7 10 10 6 159 8 16 8 13 19 30 10 5 57 10 14 19 56 198 35 264 17 81 64 213 122 203 653 38
internal_value=0.000525292 -0.000414141 -0.00755814 -0.0128788 -0.00192308 -0.000287829 0.000783972 -0.000404531 -8.30565e-05 -0.000618945 -0.000875845 0.00119048 0 0.00555556 0.00316092 -0.02 0.00216981 0.00377358 0.00258621 -0.000466342 -0.000793651 -0.00215736 0.00725806 0.000274725 0.000255973 0.000764192 -0.00053542 -0.000738189 -0.000447427 0.000518672
internal_weight=2570 2475 43 33 13 2432 574 309 301 1858 1627 231 144 18 87 20 265 106 87 1233 126 394 31 91 293 229 1214 1016 894 241
internal_count=2570 2475 43 33 13 2432 574 309 301 1858 1627 231 144 18 87 20 265 106 87 1233 126 394 31 91 293 229 1214 1016 894 241
is_linear=0
shrinkage=0.05


Tree=32
num_leaves=31
num_cat=0
split_feature=2 2 2 5 2 3 3 5 8 3 3 3 3 9 8 3 3 3 8 3 3 8 3 3 3 3 3 3 3 3
split_gain=22.862 0.706417 1.09501 0.989899 0.886447 0.4 0.230712 0.154082 0.307937 0.319622 0.277279 0.181116 0.175043 0.156641 0.146481 0.429046 0.195592 0.130584 0.377069 0.130419 0.284804 0.116795 0.1 0.0985405 0.102857 0.142857 0.0955263 0.195346 0.0872763 0.101188
threshold=7.6499999999999995 0.55000000000000082 5.150000000000003 1.0000000180025095e-35 6.4500000000000002 8.5000000000000018 6.5000000000000009 1.0000000180025095e-35 1.0000000180025095e-35 15.500000000000002 18.500000000000004 14.500000000000002 11.500000000000002 1.6000000000000003 1.0000000180025095e-35 22.500000000000004 15.500000000000002 5.5000000000000009 1.0000000180025095e-35 1.0000000180025095e-35 1.5000000000000002 1.0000000180025095e-35 19.500000000000004 16.500000000000004 19.500000000000004 21.500000000000004 19.500000000000004 21.500000000000004 7.5000000000000009 13.500000000000002
decision_type=2 2 2 2 2 2 2 2 2 2 2 2 2 2 2 2 2 2 2 2 2 2 2 2 2 2 2 2 2 2
left_child=1 6 3 5 -4 -3 17 8 13 12 -11 28 -10 -8 16 -16 -13 19 -19 21 -21 -1 -7 -18 -25 -26 -12 -28 -9 -30
right_child=-2 2 4 -5 -6 22 7 11 9 10 26 14 -14 -15 15 -17 23 18 -20 20 -22 -23 -24 24 25 -27 27 -29 29 -31
leaf_value=-0.025886258683797347 0.54890934474665121 -0.014396487335408992 0.021474091233792337 0.00017646461114786407 -0.0088571606258728511 -0.018149249748795882 0.0050621127848289767 0.035140914594378271 0.035060750229129932 0.042712156059114298 -0.0045869305902686902 -0.04735353258278252 -0.03886895740675738 -0.013266027446414298 -0.0064158582356471433 -0.026353629776962918 0.02974534741459376 -0.060384527873177656 0.011790682796495578 0.1511090997920774 -0.0047170707326486651 -0.023043975557342302 -0.0073649497256027098 0.00060331587115003416 0.036276832304677022 -0.0076681627884492183 0.027299517368970516 -0.0027005017045158121 0.022695150418585677 0.18897366439815011
leaf_weight=28 92 9.0000000000000018 6.9999999999999982 8.9999999999999982 6 8.9999999999999982 19 20 25 41 25 23 65 1362 131 7.9999999999999991 29 120 25 15.999999999999998 173 8.9999999999999982 5.9999999999999991 72 14.000000000000002 13.999999999999998 21 10.999999999999998 168 12.999999999999998
leaf_count=28 92 9 7 9 6 9 19 20 25 41 25 23 65 1362 131 8 29 120 25 16 173 9 6 72 14 14 21 11 168 13
internal_value=0.000525292 -0.000383374 -0.00652174 -0.0113636 0.00576923 -0.0166667 -0.00026727 -6.06502e-05 -0.000302741 0.00159574 0.00357143 0.000711382 -0.000555556 -0.000561188 -8.59107e-05 -0.00125899 0.000986842 -0.00141509 -0.00258621 -0.000663717 -0.000132275 -0.00337838 -0.0216667 0.00174419 0.001 0.00357143 0.00131579 0.003125 0.00186567 0.00151934
internal_weight=2570 2478 46 33 13 24 2432 2061 1569 188 98 492 90 1381 291 139 152 371 145 226 189 37 15 129 100 28 57 32 201 181
internal_count=2570 2478 46 33 13 24 2432 2061 1569 188 98 492 90 1381 291 139 152 371 145 226 189 37 15 129 100 28 57 32 201 181
is_linear=0
shrinkage=0.05


Tree=33
num_leaves=31
num_cat=0
split_feature=2 2 2 5 2 3 3 5 3 8 3 3 3 9 8 3 3 3 3 3 3 3 3 3 3 8 3 3 8 3
split_gain=22.8257 0.711069 1.09501 0.989899 0.886447 0.4 0.187083 0.154082 0.181116 0.159555 0.284872 0.225106 0.186144 0.15165 0.146481 0.429046 0.195592 0.125393 0.1 0.0985405 0.102857 0.142857 0.0955263 0.195346 0.0879409 0.331954 0.130419 0.284804 0.116795 0.0872763
threshold=7.6499999999999995 0.55000000000000082 5.150000000000003 1.0000000180025095e-35 6.4500000000000002 8.5000000000000018 6.5000000000000009 1.0000000180025095e-35 14.500000000000002 1.0000000180025095e-35 16.500000000000004 18.500000000000004 11.500000000000002 1.6000000000000003 1.0000000180025095e-35 22.500000000000004 15.500000000000002 21.500000000000004 19.500000000000004 16.500000000000004 19.500000000000004 21.500000000000004 19.500000000000004 21.500000000000004 5.5000000000000009 1.0000000180025095e-35 1.0000000180025095e-35 1.5000000000000002 1.0000000180025095e-35 7.5000000000000009
decision_type=2 2 2 2 2 2 2 2 2 2 2 2 2 2 2 2 2 2 2 2 2 2 2 2 2 2 2 2 2 2
left_child=1 6 3 5 -4 -3 24 9 29 13 12 -12 -11 -8 16 -16 -10 -15 -7 -18 -21 -22 -13 -24 26 -26 28 -28 -1 -9
right_child=-2 2 4 -5 -6 18 7 8 14 10 11 22 -14 17 15 -17 19 -19 -20 20 21 -23 23 -25 25 -27 27 -29 -30 -31
leaf_value=-0.02459194574960746 0.52146387750931855 -0.013676662968638453 0.020400386672102755 0.00016764138059048863 -0.0084143025945792264 -0.017241787261356122 0.0048090071455875183 0.03338386886465932 -0.044985855953643399 0.033307712717673431 0.06307656256127335 -0.0043575840607552154 -0.02214073242821828 -0.013542546620071594 -0.0060950653238648128 -0.025035948288114753 0.028258080043864098 0.020160744123626274 -0.0069967022393225171 0.0005731500775925547 0.03446299068944314 -0.0072847546490267152 0.025934541500522015 -0.0025654766192900525 -0.057365301479518772 0.011201148656670767 0.14355364480247354 -0.0044812171960162406 -0.021891776779475205 0.031667742754513561
leaf_weight=28 92 9.0000000000000018 6.9999999999999982 8.9999999999999982 6 8.9999999999999982 19 20 23 25 30 25 76 1304 131 7.9999999999999991 29 58 5.9999999999999991 72 14.000000000000002 13.999999999999998 21 10.999999999999998 120 25 15.999999999999998 173 8.9999999999999982 181
leaf_count=28 92 9 7 9 6 9 19 20 23 25 30 25 76 1304 131 8 29 58 6 72 14 14 21 11 120 25 16 173 9 181
internal_value=0.000544747 -0.000363196 -0.00652174 -0.0113636 0.00576923 -0.0166667 -0.000246711 -6.06502e-05 0.000711382 -0.000302741 0.00106383 0.00316092 -0.000742574 -0.000488776 -8.59107e-05 -0.00125899 0.000986842 -0.000550661 -0.0216667 0.00174419 0.001 0.00357143 0.00131579 0.003125 -0.00128032 -0.00224138 -0.000663717 -0.000132275 -0.00337838 0.00186567
internal_weight=2570 2478 46 33 13 24 2432 2061 492 1569 188 87 101 1381 291 139 152 1362 15 129 100 28 57 32 371 145 226 189 37 201
internal_count=2570 2478 46 33 13 24 2432 2061 492 1569 188 87 101 1381 291 139 152 1362 15 129 100 28 57 32 371 145 226 189 37 201
is_linear=0
shrinkage=0.05


Tree=34
num_leaves=31
num_cat=0
split_feature=2 2 5 2 3 3 3 3 3 9 2 2 5 3 3 8 3 8 3 3 3 3 3 3 3 3 3 3 7 5
split_gain=21.3194 1.55524 1.24851 0.504167 0.209367 0.403927 0.734783 0.4 0.1716 0.132921 0.1 0.1 0.0986226 0.381262 0.345902 0.252891 0.1875 0.139635 0.247009 0.108271 0.095191 0.0854701 0.115385 0.216667 0.075 0.0857143 0.0744048 0.0627047 0.0542457 0.101184
threshold=8.5000000000000018 0.3499999999999997 1.0000000180025095e-35 3.5500000000000012 19.500000000000004 16.500000000000004 11.500000000000002 8.5000000000000018 7.5000000000000009 1.6000000000000003 6.0500000000000016 3.3000000000000012 1.0000000180025095e-35 4.5000000000000009 4.5000000000000009 1.0000000180025095e-35 1.0000000180025095e-35 1.0000000180025095e-35 3.5000000000000004 1.0000000180025095e-35 1.5000000000000002 10.500000000000002 19.500000000000004 18.500000000000004 17.500000000000004 16.500000000000004 1.5000000000000002 2.5000000000000004 1.0000000180025095e-35 1.0000000180025095e-35
decision_type=2 2 2 2 2 2 2 2 2 2 2 2 2 2 2 2 2 2 2 2 2 2 2 2 2 2 2 2 2 2
left_child=1 8 4 -4 5 6 7 11 12 21 -5 -3 13 17 15 20 -17 19 -19 -1 -14 -10 23 24 25 -23 -21 -28 29 -11
right_child=-2 2 3 10 -6 -7 -8 -9 9 28 -12 -13 14 -15 -16 16 -18 18 -20 26 -22 22 -24 -25 -26 -27 27 -29 -30 -31
leaf_value=-0.035717456467611 0.53789070270733885 -0.006287438881772545 -0.0054034516993162647 0.0014590438203075707 -0.0044495167788598522 -0.012367565286932704 0.019380367338497708 -0.013519534923915 0.066116917690425936 -0.011611036108856877 0.00039070270733887469 -0.013276539268703404 0.086492750006613675 -0.029373550059855626 0.013558465958870515 -0.04579718794050143 -0.057290484286949273 0.013911267829085361 0.24996331154831664 0.1841222018122938 -0.017224956616968792 0.0045685567883081649 0.047101704141979721 -0.063046668172430972 0.054804770033420262 -0.014315016645063584 -0.014899468843239916 0.00010054069350324825 0.0022842366219375521 0.013209731207613686
leaf_weight=20 86 5.0000000000000089 5.9999999999999991 4.9999999999999982 7.9999999999999991 7.9999999999999991 4.9999999999999991 7.9999999999999991 5.9999999999999991 673 5 5 12.000000000000002 352 55 8.0000000000000018 15.999999999999998 13.000000000000002 4.9999999999999991 7.9999999999999991 10.999999999999998 7.0000000000000036 12.999999999999998 5.9999999999999991 8 5 10.999999999999998 37 939 224
leaf_count=20 86 5 6 5 8 8 5 8 6 673 5 5 12 352 55 8 16 13 5 8 11 7 13 6 8 5 11 37 939 224
internal_value=0.000525292 -0.000322061 -0.00863636 0.003125 -0.0134615 -0.0153226 -0.0119565 -0.0166667 -0.0001338 9.30356e-05 0.01 -0.01 -0.000912409 -0.00123318 0.000490196 -0.00265957 -0.00625 0.00159574 0.00555556 0.000657895 0.00108696 0.00277778 0.00192308 0 0.0025 0 0.00178571 0.00104167 2.72331e-05 -0.000250836
internal_weight=2570 2484 55 16 39 31 23 18 2429 1881 10 10 548 446 102 47 24 94 18 76 23 45 39 26 20 12 56 48 1836 897
internal_count=2570 2484 55 16 39 31 23 18 2429 1881 10 10 548 446 102 47 24 94 18 76 23 45 39 26 20 12 56 48 1836 897
is_linear=0
shrinkage=0.05


Tree=35
num_leaves=31
num_cat=0
split_feature=2 2 5 2 2 7 3 2 5 8 3 3 3 3 3 3 8 3 3 3 3 3 3 3 3 3 3 3 3 2
split_gain=20.453 1.34595 1.0469 0.504167 0.375341 0.409699 0.397744 0.232692 0.149474 0.336901 0.286957 0.277279 0.25731 0.247009 0.230503 0.291774 0.215932 0.493549 0.194408 0.188399 0.166092 0.144593 0.13968 0.131579 0.128571 0.1125 0.109308 0.107512 0.108271 0.1
threshold=9.1500000000000039 0.3499999999999997 1.0000000180025095e-35 3.5500000000000012 4.0500000000000016 1.0000000180025095e-35 19.500000000000004 5.150000000000003 1.0000000180025095e-35 1.0000000180025095e-35 15.500000000000002 18.500000000000004 4.5000000000000009 3.5000000000000004 11.500000000000002 15.500000000000002 1.0000000180025095e-35 22.500000000000004 10.500000000000002 4.5000000000000009 6.5000000000000009 15.500000000000002 17.500000000000004 14.500000000000002 7.5000000000000009 5.5000000000000009 15.500000000000002 4.5000000000000009 1.0000000180025095e-35 6.0500000000000016
decision_type=2 2 2 2 2 2 2 2 2 2 2 2 2 2 2 2 2 2 2 2 2 2 2 2 2 2 2 2 2 2
left_child=1 8 4 -4 6 -6 24 -7 9 14 12 -12 13 -11 27 -16 18 19 20 -18 -10 -21 -17 25 -3 -14 -20 28 -1 -5
right_child=-2 2 3 29 5 7 -8 -9 16 10 11 -13 23 -15 15 22 17 -19 26 21 -22 -23 -24 -25 -26 -27 -28 -29 -30 -31
leaf_value=-0.033931583644230483 0.64349624386591742 -0.012612712305268304 -0.0051332791143504867 0.0013860916292923521 0.0022814807332123266 -0.016923835601971859 -0.0026686131010023929 -0.0084919279040121861 0.0021681172746546018 0.013215704437631093 0.037308508296998076 0.010746092847928868 -0.053095180713416304 0.23746514597090079 0.0068397505219190084 -0.017338189779456847 -0.053176748107716693 -0.02444463743408969 -0.00990884263533829 0.016813627828675948 0.054319391496937902 -0.0070803605468078516 -0.00012934543555189748 -0.040237928262123163 -0.012678457876117833 0.0068316450277656317 0.017717491607581605 -0.028836093771676421 0.027595523195571216 0.00037116757197210861
leaf_weight=20 83 5.0000000000000027 5.9999999999999991 4.9999999999999982 10 5.0000000000000009 4.9999999999999991 7.9999999999999991 27 13.000000000000002 41 57 9.9999999999999982 4.9999999999999991 171 163 24 7.9999999999999991 66 149 42 128 496 24 8.9999999999999982 80 129 720 56 5
leaf_count=20 83 5 6 5 10 5 5 8 27 13 41 57 10 5 171 163 24 8 66 149 42 128 496 24 9 80 129 720 56 5
internal_value=0.000583658 -0.000231202 -0.00775862 0.003125 -0.0119048 -0.0076087 -0.0171053 -0.0134615 -5.14615e-05 -0.000269397 0.00152174 0.00357143 0 0.00555556 -0.000522755 6.0241e-05 0.00065445 -0.000242718 0.00170455 8.30565e-05 0.00398551 0.000451264 -0.000417299 -0.000877193 -0.0214286 0 0.000897436 -0.00113065 0.000657895 0.01
internal_weight=2570 2487 58 16 42 23 19 13 2429 1856 230 98 132 18 1626 830 573 309 264 301 69 277 659 114 14 90 195 796 76 10
internal_count=2570 2487 58 16 42 23 19 13 2429 1856 230 98 132 18 1626 830 573 309 264 301 69 277 659 114 14 90 195 796 76 10
is_linear=0
shrinkage=0.05


Tree=36
num_leaves=31
num_cat=0
split_feature=2 2 5 2 3 7 3 3 3 9 8 3 3 3 3 3 3 3 3 3 5 7 3 5 3 8 3 8 3 3
split_gain=19.8157 0.786261 1.04972 0.919177 1.56863 0.609524 0.4 0.395425 0.187177 0.132927 0.114499 0.161236 0.117772 0.344048 0.1 0.0854701 0.115385 0.216667 0.075 0.0857143 0.0711111 0.0655934 0.121453 0.0835191 0.197486 0.249716 0.185774 0.183143 0.244928 0.0557546
threshold=9.9000000000000004 0.55000000000000082 1.0000000180025095e-35 5.150000000000003 11.500000000000002 1.0000000180025095e-35 8.5000000000000018 13.500000000000002 7.5000000000000009 1.6000000000000003 1.0000000180025095e-35 5.5000000000000009 1.5000000000000002 1.0000000180025095e-35 19.500000000000004 10.500000000000002 19.500000000000004 18.500000000000004 17.500000000000004 16.500000000000004 1.0000000180025095e-35 1.0000000180025095e-35 19.500000000000004 1.0000000180025095e-35 10.500000000000002 1.0000000180025095e-35 20.500000000000004 1.0000000180025095e-35 22.500000000000004 18.500000000000004
decision_type=2 2 2 2 2 2 2 2 2 2 2 2 2 2 2 2 2 2 2 2 2 2 2 2 2 2 2 2 2 2
left_child=1 8 3 6 -5 -6 -3 -4 10 15 12 -12 13 -1 -8 -10 17 18 19 -17 -13 23 29 24 25 -11 -25 -28 -29 -23
right_child=-2 2 7 4 5 -7 14 -9 9 21 11 20 -14 -15 -16 16 -18 -19 -20 -21 -22 22 -24 26 -26 -27 27 28 -30 -31
leaf_value=-0.02383764414136276 0.65632141259913512 -0.011982076690004818 0.0010014414500360226 -0.0066178301707431331 0.016321355378676117 -0.0069506128053031802 -0.015817795188753082 -0.0031441850610892889 0.064252876494488478 -0.078389216565431505 -0.01244508078425044 0.0003398532896062179 -0.01711200144989369 0.25103632509864371 -0.0064147129792186067 0.0057819336374765667 0.043860744354501602 -0.060334038418110185 0.051624827877448445 -0.014485140393189511 0.064539870806236355 0.0033968515801446222 0.011758289743218154 0.015298776753938448 -0.0002602787737061796 0.036881291867472667 0.016831617027202483 -0.0079021791775069072 -0.02322240556238522 -0.0047912213312107715
leaf_weight=28 80 9.0000000000000018 8.0000000000000018 5.0000000000000027 6.9999999999999982 5 8.9999999999999982 8.9999999999999982 5.9999999999999991 122 73 25 391 11.999999999999998 5.9999999999999991 7.0000000000000036 12.999999999999998 5.9999999999999991 8 5 20 620 129 187 543 7.9999999999999991 14.999999999999998 15 8 191
leaf_count=28 80 9 8 5 7 5 9 9 6 122 73 25 391 12 6 7 13 6 8 5 20 620 129 187 543 8 15 15 8 191
internal_value=0.000505837 -0.000281124 -0.00603448 -0.0103659 -0.00147059 0.00833333 -0.0166667 0.00441176 -0.000143914 9.29368e-05 -0.000956284 0.000423729 -0.00133411 0.00125 -0.0216667 0.00277778 0.00192308 0 0.0025 0 0.00277778 2.72035e-05 0.000319149 -0.000278396 -0.000557207 -0.00230769 0.000555556 -0.00263158 -0.00543478 9.24784e-05
internal_weight=2570 2490 58 41 17 12 24 17 2432 1883 549 118 431 40 15 45 39 26 20 12 45 1838 940 898 673 130 225 38 23 811
internal_count=2570 2490 58 41 17 12 24 17 2432 1883 549 118 431 40 15 45 39 26 20 12 45 1838 940 898 673 130 225 38 23 811
is_linear=0
shrinkage=0.05


Tree=37
num_leaves=31
num_cat=0
split_feature=2 2 8 2 7 2 2 3 2 3 3 3 8 3 3 3 5 3 3 5 3 8 5 3 3 8 3 3 3 3
split_gain=19.1405 0.852077 0.988738 1.2 0.501035 0.935065 0.720238 0.4 0.30303 0.288095 0.55 0.177823 0.114499 0.161236 0.117772 0.344048 0.0711111 0.0600723 0.22311 0.121522 0.110451 0.0903588 0.186445 0.244928 0.174688 0.0685161 0.220055 0.320606 0.243696 0.0797888
threshold=10.700000000000001 0.55000000000000082 1.0000000180025095e-35 3.5500000000000012 1.0000000180025095e-35 5.150000000000003 6.7500000000000009 16.500000000000004 3.3000000000000012 8.5000000000000018 18.500000000000004 7.5000000000000009 1.0000000180025095e-35 5.5000000000000009 1.5000000000000002 1.0000000180025095e-35 1.0000000180025095e-35 19.500000000000004 20.500000000000004 1.0000000180025095e-35 18.500000000000004 1.0000000180025095e-35 1.0000000180025095e-35 22.500000000000004 21.500000000000004 1.0000000180025095e-35 16.500000000000004 18.500000000000004 11.500000000000002 17.500000000000004
decision_type=2 2 2 2 2 2 2 2 2 2 2 2 2 2 2 2 2 2 2 2 2 2 2 2 2 2 2 2 2 2
left_child=1 11 4 -4 5 8 -7 -5 -3 -6 -11 12 14 -14 15 -1 -15 19 -19 25 -21 -20 24 -24 -23 -13 28 29 -27 -28
right_child=-2 2 3 7 9 6 -8 -9 -10 10 -12 17 13 16 -16 -17 -18 18 21 20 -22 22 23 -25 -26 26 27 -29 -30 -31
leaf_value=-0.022645761934294618 0.76850532289569218 -0.0057727791790686215 -0.0066091474939847577 0.00011042165941610449 -0.0047400402093778389 0.019981169019005665 -0.0026055900894482067 0.013505399189637403 -0.011382972855504648 -0.013521359074324125 -0.014215626366428325 -0.01164112763786287 -0.011822826745037941 0.0003228606251258981 -0.016256401377399012 0.2384845088437115 0.061312877265924562 0.012284384128821026 0.00070666644574703954 0.012565728539616662 -0.0019557768194271574 0.2696940802955991 -0.0075070702186315515 -0.022061285284265965 -0.0023809416865939073 0.040037222505727416 0.035273240303140878 -0.0045516602646502591 -0.01960497298182029 0.099187950835275637
leaf_weight=28 77 6.0000000000000018 4.9999999999999991 4.9999999999999982 5.0000000000000027 5.9999999999999991 7.9999999999999991 5 5 10.999999999999998 4.9999999999999991 1001 73 25 391 11.999999999999998 20 132 161 356 47 6.0000000000000027 15 8 10.999999999999998 14.999999999999998 17 25 76 13.000000000000002
leaf_count=28 77 6 5 5 5 6 8 5 5 11 5 1001 73 25 391 12 20 132 161 356 47 6 15 8 11 15 17 25 76 13
internal_value=0.000447471 -0.00031087 -0.00614754 0.005 -0.00978261 -0.005 0.00357143 0.015 -0.0159091 -0.0154762 -0.01875 -0.000164474 -0.000956284 0.000423729 -0.00133411 0.00125 0.00277778 6.63834e-05 0.000675676 -6.45161e-05 0.000682382 -0.000373134 -0.0025 -0.00543478 0.00147059 -0.00032694 0.000684932 0.00318182 -0.000824176 0.00666667
internal_weight=2570 2493 61 15 46 25 14 10 11 21 16 2432 549 118 431 40 45 1883 333 1550 403 201 40 23 17 1147 146 55 91 30
internal_count=2570 2493 61 15 46 25 14 10 11 21 16 2432 549 118 431 40 45 1883 333 1550 403 201 40 23 17 1147 146 55 91 30
is_linear=0
shrinkage=0.05


Tree=38
num_leaves=31
num_cat=0
split_feature=2 2 2 8 3 7 2 5 2 5 3 8 3 3 3 3 3 3 3 3 3 3 3 3 3 3 2 3 8 8
split_gain=19.0496 1.12833 0.768013 0.900787 0.510411 0.533333 0.30303 0.266667 0.170393 0.1348 0.181347 0.175971 0.493549 0.188399 0.152958 0.144593 0.113875 0.213279 0.109308 0.1 0.0985405 0.102857 0.142857 0.0884885 0.0865766 0.0855839 0.0833333 0.0800594 0.316429 0.298219
threshold=10.700000000000001 0.55000000000000082 3.5500000000000012 1.0000000180025095e-35 11.500000000000002 1.0000000180025095e-35 7.6499999999999995 1.0000000180025095e-35 1.0000000180025095e-35 1.0000000180025095e-35 11.500000000000002 1.0000000180025095e-35 22.500000000000004 4.5000000000000009 4.5000000000000009 15.500000000000002 10.500000000000002 7.5000000000000009 15.500000000000002 16.500000000000004 16.500000000000004 19.500000000000004 21.500000000000004 14.500000000000002 1.5000000000000002 13.500000000000002 6.4500000000000002 15.500000000000002 1.0000000180025095e-35 1.0000000180025095e-35
decision_type=2 2 2 2 2 2 2 2 2 2 2 2 2 2 2 2 2 2 2 2 2 2 2 2 2 2 2 2 2 2
left_child=1 8 7 4 6 26 -4 -3 9 10 14 16 13 -13 -1 -15 17 24 23 -5 -20 -22 -23 25 -11 -18 -6 29 -29 -12
right_child=-2 2 3 19 5 -7 -8 -9 -10 11 27 12 -14 15 -16 -17 18 -19 20 -21 21 22 -24 -25 -26 -27 -28 28 -30 -31
leaf_value=0.0064866474359742471 0.73008005675090759 -0.011160079467400764 -0.012635790499634682 0.00010490057644538809 0.018982110568055433 -0.010502871369473255 -0.0061566591577339128 -0.0026983368490814288 0.000571428744240432 0.08438387694633312 0.0095928190112866581 -0.049304515325866397 -0.02095822102005265 0.014579721172564409 -0.024592590224102387 -0.0067401757875580337 -0.0083066400733638798 0.10021019665741325 0.023905589636233328 0.012830129230155408 -0.00068598338699117363 0.028793538334022054 -0.010866819737524347 -0.044294832849252778 -1.0792541627857589e-05 0.13138331957885382 0.0031659347620207612 -0.0073061351858568994 0.014230062576977743 -0.032232762108683269
leaf_weight=94 77 15.000000000000002 6.0000000000000018 4.9999999999999982 6 8 5 4.9999999999999991 5.9999999999999991 11.999999999999998 170 24 7.9999999999999991 149 769 128 31 32 29 5 72 14.000000000000002 13.999999999999998 23 25 11.999999999999998 6 657 98 65
leaf_count=94 77 15 6 5 6 8 5 5 6 12 170 24 8 149 769 128 31 32 29 5 72 14 14 23 25 12 6 657 98 65
internal_value=0.000505837 -0.000250702 -0.00696721 -0.00304878 -0.00725806 -0.0025 -0.0159091 -0.015 -8.22368e-05 -0.00010305 -0.000310308 0.00056719 -0.000242718 8.30565e-05 -0.000840093 0.000451264 0.00151515 0.00326087 0.000897436 0.01 0.00174419 0.001 0.00357143 -0.000757576 0.000675676 0.000581395 0.00416667 0.000151515 -9.93377e-05 0.000957447
internal_weight=2570 2493 61 41 31 20 11 20 2432 2426 1853 573 309 301 863 277 264 69 195 10 129 100 28 66 37 43 12 990 755 235
internal_count=2570 2493 61 41 31 20 11 20 2432 2426 1853 573 309 301 863 277 264 69 195 10 129 100 28 66 37 43 12 990 755 235
is_linear=0
shrinkage=0.05


Tree=39
num_leaves=31
num_cat=0
split_feature=2 2 2 8 3 7 2 5 3 2 2 5 3 8 3 3 3 3 3 3 3 3 3 3 3 3 3 3 8 3
split_gain=17.6346 1.57629 0.585329 0.773694 0.655518 0.418841 0.358974 0.266667 0.245455 0.177778 0.169561 0.126638 0.216527 0.175971 0.493549 0.188399 0.144593 0.113875 0.213279 0.109308 0.0985405 0.102857 0.142857 0.0981244 0.123457 0.0884885 0.0865766 0.0855839 0.0716536 0.220055
threshold=12.4 0.55000000000000082 3.5500000000000012 1.0000000180025095e-35 11.500000000000002 1.0000000180025095e-35 7.6499999999999995 1.0000000180025095e-35 14.500000000000002 6.4500000000000002 1.0000000180025095e-35 1.0000000180025095e-35 19.500000000000004 1.0000000180025095e-35 22.500000000000004 4.5000000000000009 15.500000000000002 10.500000000000002 7.5000000000000009 15.500000000000002 16.500000000000004 19.500000000000004 21.500000000000004 4.5000000000000009 7.5000000000000009 14.500000000000002 1.5000000000000002 13.500000000000002 1.0000000180025095e-35 16.500000000000004
decision_type=2 2 2 2 2 2 2 2 2 2 2 2 2 2 2 2 2 2 2 2 2 2 2 2 2 2 2 2 2 2
left_child=1 10 7 4 6 9 -4 -3 -5 -6 11 12 23 17 15 -15 -17 18 26 25 -21 -22 -23 -1 -25 27 -13 -19 -26 -30
right_child=-2 2 3 8 5 -7 -8 -9 -10 -11 -12 13 -14 14 -16 16 -18 19 -20 20 21 22 -24 24 28 -27 -28 -29 29 -31
leaf_value=0.0061623150641755501 0.74857597761941685 -0.010602075494030673 -0.01200400097465284 0.0012559488635329075 0.018033005039652751 -0.0099777278009995033 -0.0060565646419490811 -0.0025634200066274818 0.0058213213460113879 -0.0014240223805831677 0.00054285730702838817 0.080164683099016462 0.0050827276754708888 -0.046839289559573061 -0.019910309969050036 0.013850735113936176 -0.0064031669981801549 -0.007891308069695669 0.095199686824542606 0.022710310154421622 -0.00065168421764165711 0.02735386141732099 -0.010323478750648141 -0.025184584749740436 -0.010825601631632998 -0.042080091206790106 -1.0252914546438064e-05 0.12481415359991113 -0.0014082158895100784 0.014964448229962813
leaf_weight=94 71 15.000000000000002 5.9999999999999982 4.9999999999999982 6.0000000000000009 8 7 4.9999999999999991 6 8.9999999999999982 5.9999999999999991 11.999999999999998 263 24 7.9999999999999991 149 128 31 32 29 72 14.000000000000002 13.999999999999998 352 998 23 25 11.999999999999998 91 55
leaf_count=94 71 15 6 5 6 8 7 5 6 9 6 12 263 24 8 149 128 31 32 29 72 14 14 352 998 23 25 12 91 55
internal_value=0.000428016 -0.000270108 -0.00783582 -0.00478723 -0.00833333 -0.00326087 -0.0173077 -0.015 0.00681818 0.00166667 -6.16776e-05 -8.24402e-05 -0.000283324 0.00056719 -0.000242718 8.30565e-05 0.000451264 0.00151515 0.00326087 0.000897436 0.00174419 0.001 0.00357143 -0.000503145 -0.000601604 -0.000757576 0.000675676 0.000581395 -0.00034965 0.000684932
internal_weight=2570 2499 67 47 36 23 13 20 11 15 2432 2426 1853 573 309 301 277 264 69 195 129 100 28 1590 1496 66 37 43 1144 146
internal_count=2570 2499 67 47 36 23 13 20 11 15 2432 2426 1853 573 309 301 277 264 69 195 129 100 28 1590 1496 66 37 43 1144 146
is_linear=0
shrinkage=0.05


Tree=40
num_leaves=31
num_cat=0
split_feature=2 2 2 8 3 7 2 5 3 3 2 3 3 5 8 3 3 3 5 3 8 5 3 3 8 3 3 3 3 3
split_gain=17.7465 1.54312 0.585329 0.773694 0.655518 0.418841 0.358974 0.266667 0.245455 0.187177 0.177778 0.0930992 0.326613 0.0929858 0.0827374 0.0642857 0.0549504 0.22311 0.111252 0.110451 0.0903588 0.186445 0.244928 0.174688 0.0627399 0.220055 0.320606 0.243696 0.0797888 0.0777912
threshold=12.4 0.55000000000000082 3.5500000000000012 1.0000000180025095e-35 11.500000000000002 1.0000000180025095e-35 7.6499999999999995 1.0000000180025095e-35 14.500000000000002 7.5000000000000009 6.4500000000000002 1.0000000180025095e-35 1.5000000000000002 1.0000000180025095e-35 1.0000000180025095e-35 5.5000000000000009 19.500000000000004 20.500000000000004 1.0000000180025095e-35 18.500000000000004 1.0000000180025095e-35 1.0000000180025095e-35 22.500000000000004 21.500000000000004 1.0000000180025095e-35 16.500000000000004 18.500000000000004 11.500000000000002 17.500000000000004 15.500000000000002
decision_type=2 2 2 2 2 2 2 2 2 2 2 2 2 2 2 2 2 2 2 2 2 2 2 2 2 2 2 2 2 2
left_child=1 9 7 4 6 10 -4 -3 -5 11 -6 13 -13 -1 -14 -16 18 -18 24 -20 -19 23 -23 -22 29 27 28 -26 -27 -11
right_child=-2 2 3 8 5 -7 -8 -9 -10 16 -12 12 14 -15 15 -17 17 20 19 -21 21 22 -24 -25 25 26 -28 -29 -30 -31
leaf_value=-0.0030432727465004028 0.71114717873844602 -0.010071971719329121 -0.011403800925920039 0.0011931514203563866 0.017131354787670007 -0.0094788414109494568 -0.005753736409851485 -0.0024352490062959477 0.0055302552787107832 -5.8440453438368683e-05 -0.0013528212615540271 0.12430074814632541 -0.015248300021336548 -0.029335728286644238 -0.00784565834123363 0.0043257010515601385 0.011242930353828395 0.00078250349897892593 0.011126888492118337 -0.0017911045982241802 0.25524373676819673 -0.0064745495684130905 -0.018914794470597542 -0.0032275341148866768 0.039335401686121686 0.03204985274763681 -0.0057838027917648032 -0.016942675432819576 0.092768827753164737 -0.012908132129945838
leaf_weight=21 71 15.000000000000002 5.9999999999999982 4.9999999999999982 6.0000000000000009 8 7 4.9999999999999991 6 573 8.9999999999999982 15.999999999999998 391 15.999999999999998 60 45 132 161 356 47 6.0000000000000027 15 8 10.999999999999998 14.999999999999998 17 25 76 13.000000000000002 428
leaf_count=21 71 15 6 5 6 8 7 5 6 573 9 16 391 16 60 45 132 161 356 47 6 15 8 11 15 17 25 76 13 428
internal_value=0.000350195 -0.00035014 -0.00783582 -0.00478723 -0.00833333 -0.00326087 -0.0173077 -0.015 0.00681818 -0.000143914 0.00166667 -0.000956284 -0.00078125 -0.00337838 -0.00100806 0.000238095 9.29368e-05 0.000675676 -3.22581e-05 0.000682382 -0.000373134 -0.0025 -0.00543478 0.00147059 -0.000283348 0.000684932 0.00318182 -0.000824176 0.00666667 -0.000424575
internal_weight=2570 2499 67 47 36 23 13 20 11 2432 15 549 512 37 496 105 1883 333 1550 403 201 40 23 17 1147 146 55 91 30 1001
internal_count=2570 2499 67 47 36 23 13 20 11 2432 15 549 512 37 496 105 1883 333 1550 403 201 40 23 17 1147 146 55 91 30 1001
is_linear=0
shrinkage=0.05


Tree=41
num_leaves=31
num_cat=0
split_feature=2 2 3 2 8 5 5 2 3 3 2 2 3 3 3 5 5 3 3 3 3 9 3 7 3 3 7 3 3 5
split_gain=16.1823 1.74053 0.607587 2.37363 0.301863 0.595238 0.394075 0.402381 0.343546 0.5625 0.222222 0.168732 0.165314 0.252529 0.124315 0.0929858 0.0724455 0.204421 0.145445 0.0877276 0.0487179 0.043371 0.123077 0.311688 0.214286 0.291667 0.0484523 0.0876349 0.088512 0.0837054
threshold=13.500000000000002 0.55000000000000082 19.500000000000004 5.150000000000003 1.0000000180025095e-35 1.0000000180025095e-35 1.0000000180025095e-35 9.9000000000000004 11.500000000000002 16.500000000000004 4.6000000000000023 1.0000000180025095e-35 1.0000000180025095e-35 1.5000000000000002 7.5000000000000009 1.0000000180025095e-35 1.0000000180025095e-35 6.5000000000000009 4.5000000000000009 4.5000000000000009 3.5000000000000004 1.6000000000000003 19.500000000000004 1.0000000180025095e-35 17.500000000000004 18.500000000000004 1.0000000180025095e-35 19.500000000000004 18.500000000000004 1.0000000180025095e-35
decision_type=2 2 2 2 2 2 2 2 2 2 2 2 2 2 2 2 2 2 2 2 2 2 2 2 2 2 2 2 2 2
left_child=1 11 4 -4 6 -6 8 -8 10 -10 -3 12 15 -14 16 -1 18 19 20 -18 -15 22 23 -16 -25 -26 29 28 -28 -23
right_child=-2 2 3 -5 5 -7 7 -9 9 -11 -12 -13 13 14 21 -17 17 -19 -20 -21 -22 26 -24 24 25 -27 27 -29 -30 -31
leaf_value=-0.0028911091091753608 0.77558981980152386 -0.0066782372571108084 -0.0046869837852472783 0.014883053249686995 0.0024335908511814888 -0.0036591732333382866 0.0013095130317962501 -0.0054660495893589459 0.0031464802060265033 -0.0084298100429606396 -0.012655577166529498 0.00073027521863666678 0.11808571073900916 -0.0054788630496291901 0.017848763099927112 -0.027868941872312016 -0.028774461728773071 0.030752669963876135 -0.023652290538009015 0.0041094159989821582 0.095514153126702972 -0.0061365758979736512 0.038785878651973076 -0.014878630844885166 0.049551737662530876 -0.056123197857015139 0.0052292097745171521 0.010105179907444041 -0.0088786690878125633 0.0081162822894732985
leaf_weight=21 65 9.0000000000000018 6.9999999999999982 6 5.9999999999999973 8 6.9999999999999982 5 7.9999999999999991 7.9999999999999991 8.9999999999999982 5.9999999999999991 15.999999999999998 38 10.999999999999998 15.999999999999998 23 20 352 35 27 672 12.999999999999998 7.0000000000000027 7.9999999999999982 6 619 128 190 224
leaf_count=21 65 9 7 6 6 8 7 5 8 8 9 6 16 38 11 16 23 20 352 35 27 672 13 7 8 6 619 128 190 224
internal_value=0.00036965 -0.000269461 -0.00787671 0.00192308 -0.01 -0.00357143 -0.0119565 -0.00416667 -0.0147059 -0.009375 -0.0194444 -4.11184e-05 -6.18302e-05 -1.04646e-05 -5.26759e-05 -0.00337838 -0.000757576 0.000641026 -0.00101918 -0.000862069 0.00115385 0.00013312 0.00166667 0 -0.00357143 0 9.54719e-05 0.000346852 0.000154512 -0.000167411
internal_weight=2570 2505 73 13 60 14 46 12 34 16 18 2432 2426 2389 2373 37 495 78 417 58 65 1878 45 32 21 14 1833 937 809 896
internal_count=2570 2505 73 13 60 14 46 12 34 16 18 2432 2426 2389 2373 37 495 78 417 58 65 1878 45 32 21 14 1833 937 809 896
is_linear=0
shrinkage=0.05


Tree=42
num_leaves=31
num_cat=0
split_feature=2 2 3 2 2 3 3 2 2 2 3 2 3 3 2 9 3 8 3 5 3 3 3 3 3 3 3 3 3 3
split_gain=15.5634 2.18611 0.496884 1.16667 0.564798 0.695309 0.643189 0.266667 0.4 0.257143 0.522139 0.769925 0.162254 0.255062 0.15873 0.15028 0.130013 0.0944742 0.0979604 0.0929858 0.0854701 0.115385 0.216667 0.075 0.0857143 0.0627609 0.0655951 0.0559747 0.0458297 0.0802053
threshold=13.950000000000001 0.3499999999999997 19.500000000000004 5.150000000000003 0.65000000000000047 8.5000000000000018 9.5000000000000018 4.6000000000000023 3.5500000000000012 10.700000000000001 13.500000000000002 8.5000000000000018 1.0000000180025095e-35 1.5000000000000002 6.4500000000000002 1.6000000000000003 7.5000000000000009 1.0000000180025095e-35 5.5000000000000009 1.0000000180025095e-35 10.500000000000002 19.500000000000004 18.500000000000004 17.500000000000004 16.500000000000004 5.5000000000000009 6.5000000000000009 2.5000000000000004 9.5000000000000018 11.500000000000002
decision_type=2 2 2 2 2 2 2 2 2 2 2 2 2 2 2 2 2 2 2 2 2 2 2 2 2 2 2 2 2 2
left_child=1 12 4 -4 -3 7 -7 8 -6 10 -8 14 19 -14 -12 20 17 25 -19 -1 -15 22 23 24 -22 27 -27 -17 -18 -30
right_child=-2 2 3 -5 5 6 9 -9 -10 -11 11 -13 13 15 -16 16 28 18 -20 -21 21 -23 -24 -25 -26 26 -28 -29 29 -31
leaf_value=-0.0027465536537166105 0.8993104241788793 -0.009258636105478146 -0.0042854535403536792 0.014138900587202486 -0.0025774200020155292 -0.014714296173676013 0.0012440373802064643 -0.0074130540853534661 0.001316452511005295 -0.0060118014250630132 -0.0097756499945059975 0.0075195648515268944 0.11218142520205868 0.063321867360739734 -0.0062409890871190756 -0.013031722769562616 0.0084052867866200032 -0.0097042576760988375 0.0095470921008763646 -0.026475494778696419 0.0069562867979581005 0.036846584719374409 -0.053317037964164364 0.047074150779404314 -0.014134699302640908 -0.046009683495126463 -0.02036075945025493 0.00078806766895489488 -0.022511929813745016 0.00023147600779083177
leaf_weight=21 62 5.9999999999999991 7.9999999999999982 6 4.9999999999999982 7.9999999999999991 9.0000000000000018 5.9999999999999991 5 6.9999999999999991 9.0000000000000018 4.9999999999999991 15.999999999999998 5.9999999999999991 4.9999999999999991 18 263 60 44 15.999999999999998 7.0000000000000036 12.999999999999998 5.9999999999999991 8 5 120 158 95 271 1302
leaf_count=21 62 6 8 6 5 8 9 6 5 7 9 5 16 6 5 18 263 60 44 16 7 13 6 8 5 120 158 95 271 1302
internal_value=0.000252918 -0.000358852 -0.0085443 0 -0.0103846 -0.00889831 -0.0122093 0 0.005 -0.00928571 -0.00714286 -0.0118421 -9.26307e-05 -4.1806e-05 -0.0178571 -8.41751e-05 -0.000139425 -0.000858586 0.000480769 -0.00337838 0.00277778 0.00192308 0 0.0025 0 -0.00121483 -0.00161871 -0.000221239 5.44662e-05 -4.76796e-05
internal_weight=2570 2508 79 14 65 59 43 16 10 35 28 19 2429 2392 14 2376 2331 495 104 37 45 39 26 20 12 391 278 113 1836 1573
internal_count=2570 2508 79 14 65 59 43 16 10 35 28 19 2429 2392 14 2376 2331 495 104 37 45 39 26 20 12 391 278 113 1836 1573
is_linear=0
shrinkage=0.05


Tree=43
num_leaves=31
num_cat=0
split_feature=2 2 8 7 2 2 3 3 2 2 2 3 5 2 5 8 3 3 3 3 3 3 3 3 8 3 9 3 3 3
split_gain=14.0679 2.27899 0.672256 0.524802 0.509192 1.2214 0.432143 0.466667 0.30303 0.297571 0.232692 0.225 0.4 0.169561 0.0949019 0.209858 0.480604 0.228033 0.178639 0.173959 0.166092 0.112303 0.142857 0.111889 0.105063 0.11666 0.205043 0.116418 0.0907407 0.0867184
threshold=15.150000000000004 0.55000000000000082 1.0000000180025095e-35 1.0000000180025095e-35 5.150000000000003 6.7500000000000009 18.500000000000004 8.5000000000000018 3.3000000000000012 9.9000000000000004 13.500000000000002 8.5000000000000018 1.0000000180025095e-35 1.0000000180025095e-35 1.0000000180025095e-35 1.0000000180025095e-35 22.500000000000004 10.500000000000002 11.500000000000002 4.5000000000000009 6.5000000000000009 19.500000000000004 21.500000000000004 18.500000000000004 1.0000000180025095e-35 9.5000000000000018 1.6000000000000003 9.5000000000000018 1.5000000000000002 8.5000000000000018
decision_type=2 2 2 2 2 2 2 2 2 2 2 2 2 2 2 2 2 2 2 2 2 2 2 2 2 2 2 2 2 2
left_child=1 13 3 4 8 -6 7 -5 -3 -7 -11 -4 -13 14 18 17 19 20 24 -17 28 -19 -23 -21 25 29 -27 -26 -16 -1
right_child=-2 2 11 6 5 9 -8 -9 -10 10 -12 12 -14 -15 15 16 -18 21 -20 23 -22 22 -24 -25 27 26 -28 -29 -30 -31
leaf_value=-0.013709204088741701 0.97934480760250375 -0.0038731291393411028 0.00067248322750010922 -0.0056342140685451628 0.016330753353342688 0.002513182166286221 -0.0079278755221494634 -0.0122022735459141 -0.008743555355413336 -0.0035860898407770849 -0.0031550779565783674 0.00037847657238589962 -0.010030106396327555 0.00091944046014704741 0.080340457190948206 -0.041247211514500441 -0.018386442661930857 0.0026666857486536523 0.00050162081126832187 0.010421817831090153 0.04666811458911653 0.023847537629790728 -0.011945935529779961 -0.044653054302470886 0.0070000901407436091 0.011608491531546507 -0.054783891464918646 0.03880105688740159 -0.011949918009696071 0.017985012910545883
leaf_weight=519 56 5.9999999999999982 8.0000000000000018 6.0000000000000062 6.0000000000000027 6.0000000000000027 7.9999999999999991 13.999999999999998 5 7.9999999999999982 5 4.9999999999999982 5 5.9999999999999991 12.000000000000002 24 7.9999999999999991 167 990 213 42 14.000000000000002 13.999999999999998 64 52 9.9999999999999982 192 14.999999999999998 14.999999999999998 75
leaf_count=519 56 6 8 6 6 6 8 14 5 8 5 5 5 6 12 24 8 167 990 213 42 14 14 64 52 10 192 15 15 75
internal_value=0.000214008 -0.000338107 -0.00853659 -0.0109375 -0.00694444 -0.003 -0.0160714 -0.02 -0.0159091 -0.00921053 -0.0134615 0 -0.005 -6.16776e-05 -8.24402e-05 0.00047993 -0.000404531 0.00151515 -0.000256341 -8.30565e-05 0.00398551 0.000641026 0.00357143 0.000270758 -0.000782155 -0.000942211 -0.0019802 0.0011194 0.000925926 -0.000589226
internal_weight=2570 2514 82 64 36 25 28 20 11 19 13 18 10 2432 2426 573 309 264 1853 301 69 195 28 277 863 796 202 67 27 594
internal_count=2570 2514 82 64 36 25 28 20 11 19 13 18 10 2432 2426 573 309 264 1853 301 69 195 28 277 863 796 202 67 27 594
is_linear=0
shrinkage=0.05


Tree=44
num_leaves=31
num_cat=0
split_feature=2 2 8 7 2 2 3 3 5 2 2 3 3 3 3 5 2 3 5 3 3 3 3 8 3 9 3 8 3 9
split_gain=12.6292 1.80308 0.406726 0.474717 0.464607 1.01587 0.396825 0.360294 0.336842 0.4 0.333333 0.158257 0.258427 0.128342 0.117478 0.0929858 0.083334 0.402381 0.0571054 0.273233 0.141292 0.119054 0.110619 0.0942391 0.244928 0.106667 0.0898416 0.0823699 0.146508 0.205043
threshold=16.850000000000001 1.0500000000000009 1.0000000180025095e-35 1.0000000180025095e-35 9.9000000000000004 5.150000000000003 11.500000000000002 18.500000000000004 1.0000000180025095e-35 9.1500000000000039 6.7500000000000009 1.0000000180025095e-35 1.5000000000000002 16.500000000000004 6.5000000000000009 1.0000000180025095e-35 1.0000000180025095e-35 9.5000000000000018 1.0000000180025095e-35 20.500000000000004 11.500000000000002 14.500000000000002 19.500000000000004 1.0000000180025095e-35 22.500000000000004 1.6000000000000003 13.500000000000002 1.0000000180025095e-35 9.5000000000000018 1.6000000000000003
decision_type=2 2 2 2 2 2 2 2 2 2 2 2 2 2 2 2 2 2 2 2 2 2 2 2 2 2 2 2 2 2
left_child=1 11 3 4 5 -3 -6 13 9 -4 -7 15 -13 -5 -14 -1 18 -18 20 21 27 26 -23 25 -25 -21 -20 28 -16 -30
right_child=-2 2 8 7 6 10 -8 -9 -10 -11 -12 12 14 -15 16 -17 17 -19 19 23 -22 22 -24 24 -26 -27 -28 -29 29 -31
leaf_value=-0.0019237657665937215 1.0403776053693512 -0.0068311824094731584 -0.00076537977931430141 -0.012005660428829758 -0.0050756444868621745 0.015514215685675481 -0.0029973240587494844 -0.0075314817460419908 -0.0056656041604860267 0.012150910837052109 0.002387523057971741 0.1079462643320368 -0.0085778730082660456 -0.0099277065629458164 -0.0076183802508835276 -0.026176563284413402 0.00041516426006289465 -0.0056877371320142702 0.01789965440362451 -0.023688102324597528 0.00047653977070489796 -0.00090616620909678147 0.17350941666596037 -0.0043355572897320728 -0.017467120528834323 0.011498442894686179 0.16246638406138542 0.031861008811403128 0.011028066954969162 -0.05204469689167273
leaf_weight=21 50 9.0000000000000018 5 11.000000000000005 6.9999999999999991 5.9999999999999982 8.9999999999999982 7.9999999999999991 9 5 6 15.999999999999998 319 5.9999999999999991 348 15.999999999999998 4.9999999999999982 7 187 10 990 222 21 15 8 15 12.999999999999998 24 9.9999999999999982 192
leaf_count=21 50 9 5 11 7 6 9 8 9 5 6 16 319 6 348 16 5 7 187 10 990 222 21 15 8 15 13 24 10 192
internal_value=0.000116732 -0.000376984 -0.00771605 -0.00967742 -0.00608108 -0.00119048 -0.0125 -0.015 -0.00131579 0.005 0.00833333 -0.000133251 -8.32639e-05 -0.0191176 -0.000125733 -0.00337838 1.20948e-05 0.00416667 -1.21655e-05 0.000458248 -0.000159847 0.000846501 0.000102881 -0.003125 -0.00543478 -0.001 0.00175 -0.000783972 -0.000909091 -0.0019802
internal_weight=2570 2520 81 62 37 21 16 25 19 10 12 2439 2402 17 2386 37 2067 12 2055 491 1564 443 243 48 23 25 200 574 550 202
internal_count=2570 2520 81 62 37 21 16 25 19 10 12 2439 2402 17 2386 37 2067 12 2055 491 1564 443 243 48 23 25 200 574 550 202
is_linear=0
shrinkage=0.05


Tree=45
num_leaves=31
num_cat=0
split_feature=2 2 8 7 2 2 3 3 5 2 2 3 3 3 3 5 2 3 5 3 3 3 3 8 3 9 3 8 3 9
split_gain=12.6292 1.80308 0.406726 0.474717 0.464607 1.01587 0.396825 0.360294 0.336842 0.4 0.333333 0.158257 0.258427 0.128342 0.117478 0.0929858 0.083334 0.402381 0.0571054 0.273233 0.141292 0.119054 0.110619 0.0942391 0.244928 0.106667 0.0898416 0.0823699 0.146508 0.205043
threshold=16.850000000000001 1.0500000000000009 1.0000000180025095e-35 1.0000000180025095e-35 9.9000000000000004 5.150000000000003 11.500000000000002 18.500000000000004 1.0000000180025095e-35 9.1500000000000039 6.7500000000000009 1.0000000180025095e-35 1.5000000000000002 16.500000000000004 6.5000000000000009 1.0000000180025095e-35 1.0000000180025095e-35 9.5000000000000018 1.0000000180025095e-35 20.500000000000004 11.500000000000002 14.500000000000002 19.500000000000004 1.0000000180025095e-35 22.500000000000004 1.6000000000000003 13.500000000000002 1.0000000180025095e-35 9.5000000000000018 1.6000000000000003
decision_type=2 2 2 2 2 2 2 2 2 2 2 2 2 2 2 2 2 2 2 2 2 2 2 2 2 2 2 2 2 2
left_child=1 11 3 4 5 -3 -6 13 9 -4 -7 15 -13 -5 -14 -1 18 -18 20 21 27 26 -23 25 -25 -21 -20 28 -16 -30
right_child=-2 2 8 7 6 10 -8 -9 -10 -11 -12 12 14 -15 16 -17 17 -19 19 23 -22 22 -24 24 -26 -27 -28 -29 29 -31
leaf_value=-0.0018275774782640754 0.98835872510088374 -0.0064896232889996245 -0.00072711079034846202 -0.011405377407388251 -0.0048218622625189056 0.014738504901391636 -0.0028474578558121523 -0.0071549076587398737 -0.0053823239524618321 0.011543365295199594 0.0022681469050732871 0.10254895111543494 -0.0081489793578526822 -0.009431321234798418 -0.0072374612383393488 -0.024867735120192691 0.00039440604705980324 -0.0054033502754135656 0.017004671683443284 -0.022503697208367691 0.00045271278216965085 -0.00086085789864194246 0.16483394583266239 -0.0041187794252454781 -0.016593764502392628 0.010923520749951888 0.15434306485831614 0.030267958370833004 0.010476663607220705 -0.049442462047089089
leaf_weight=21 50 9.0000000000000018 5 11.000000000000005 6.9999999999999991 5.9999999999999982 8.9999999999999982 7.9999999999999991 9 5 6 15.999999999999998 319 5.9999999999999991 348 15.999999999999998 4.9999999999999982 7 187 10 990 222 21 15 8 15 12.999999999999998 24 9.9999999999999982 192
leaf_count=21 50 9 5 11 7 6 9 8 9 5 6 16 319 6 348 16 5 7 187 10 990 222 21 15 8 15 13 24 10 192
internal_value=0.000116732 -0.000376984 -0.00771605 -0.00967742 -0.00608108 -0.00119048 -0.0125 -0.015 -0.00131579 0.005 0.00833333 -0.000133251 -8.32639e-05 -0.0191176 -0.000125733 -0.00337838 1.20948e-05 0.00416667 -1.21655e-05 0.000458248 -0.000159847 0.000846501 0.000102881 -0.003125 -0.00543478 -0.001 0.00175 -0.000783972 -0.000909091 -0.0019802
internal_weight=2570 2520 81 62 37 21 16 25 19 10 12 2439 2402 17 2386 37 2067 12 2055 491 1564 443 243 48 23 25 200 574 550 202
internal_count=2570 2520 81 62 37 21 16 25 19 10 12 2439 2402 17 2386 37 2067 12 2055 491 1564 443 243 48 23 25 200 574 550 202
is_linear=0
shrinkage=0.05


Tree=46
num_leaves=31
num_cat=0
split_feature=2 2 2 5 2 3 2 3 3 3 2 2 3 2 3 3 2 3 3 3 5 8 3 3 3 9 3 7 3 3
split_gain=11.8388 1.62917 0.405083 0.731806 0.743322 0.395425 0.378788 0.193939 0.34965 0.192857 0.45 0.4 0.3 0.170393 0.16123 0.255917 0.123077 0.109895 0.1 0.1 0.0929858 0.0807616 0.0979604 0.0476456 0.0559747 0.0464352 0.123077 0.311688 0.214286 0.291667
threshold=17.950000000000003 9.9000000000000004 0.55000000000000082 1.0000000180025095e-35 8.0500000000000025 13.500000000000002 15.300000000000002 8.5000000000000018 15.500000000000002 16.500000000000004 4.0500000000000016 1.0500000000000009 20.500000000000004 1.0000000180025095e-35 1.0000000180025095e-35 1.5000000000000002 13.950000000000001 7.5000000000000009 9.5000000000000018 17.500000000000004 1.0000000180025095e-35 1.0000000180025095e-35 5.5000000000000009 5.5000000000000009 2.5000000000000004 1.6000000000000003 19.500000000000004 1.0000000180025095e-35 17.500000000000004 18.500000000000004
decision_type=2 2 2 2 2 2 2 2 2 2 2 2 2 2 2 2 2 2 2 2 2 2 2 2 2 2 2 2 2 2
left_child=1 2 13 4 9 -5 7 -3 16 10 11 -4 19 14 20 -16 -9 21 -12 -11 -1 23 -23 24 -17 26 27 -19 -29 -30
right_child=-2 6 3 5 -6 -7 -8 8 -10 12 18 -13 -14 -15 15 17 -18 25 -20 -21 -22 22 -24 -25 -26 -27 -28 28 29 -31
leaf_value=-0.0017361986043508361 1.091440750698867 -0.008377660582270607 -0.0051331827616428079 0.0011912554717724789 0.004165481427005702 -0.0010051679478102927 -0.0074735859368260556 -0.0087541778808398977 -0.0014456871148858853 -0.0043508745655799434 -0.012678675011832752 -0.010835108537018813 -0.0028007817550104622 0.0011305063646473103 0.097421503559663239 -0.010902315960317654 -0.016374374240499281 0.014952849500345967 0.011777109987662371 -0.0077088024275973055 -0.023624348364183059 -0.0087327066810252603 0.0094705324148425703 -0.02041447873558715 0.0022704671082500738 0.00010281076316180915 0.027708306154140862 -0.013472947419554605 0.044662179865307655 -0.050709449441082605
leaf_weight=21 47 5.0000000000000027 5.0000000000000018 8.0000000000000018 5.9999999999999991 8.9999999999999982 5.9999999999999991 8.0000000000000018 8.9999999999999982 4.9999999999999982 4.9999999999999982 5 4.9999999999999991 5.9999999999999991 15.999999999999998 18 4.9999999999999991 10.999999999999998 5 5 15.999999999999998 60 44 278 95 1833 12.999999999999998 7.0000000000000027 7.9999999999999982 6
leaf_count=21 47 5 5 8 6 9 6 8 9 5 5 5 5 6 16 18 5 11 5 5 16 60 44 278 95 1833 13 7 8 6
internal_value=0.000136187 -0.000326992 -0.000180723 -0.00431034 -0.00792683 0.00441176 -0.0113636 -0.0138889 -0.0159091 -0.0107143 -0.0075 -0.015 -0.015 -8.22368e-05 -0.00010305 -5.23231e-05 -0.0211538 -9.48167e-05 0 -0.02 -0.00337838 -0.000757576 0.000480769 -0.00108696 -0.000221239 7.98722e-05 0.00166667 0 -0.00357143 0
internal_weight=2570 2523 2490 58 41 17 33 27 22 35 20 10 15 2432 2426 2389 13 2373 10 10 37 495 104 391 113 1878 45 32 21 14
internal_count=2570 2523 2490 58 41 17 33 27 22 35 20 10 15 2432 2426 2389 13 2373 10 10 37 495 104 391 113 1878 45 32 21 14
is_linear=0
shrinkage=0.05


Tree=47
num_leaves=31
num_cat=0
split_feature=2 2 2 2 8 5 3 2 2 3 2 7 3 2 3 3 3 3 8 2 3 8 3 3 3 3 3 8 5 5
split_gain=10.3514 1.5618 0.45 0.421957 0.901449 0.6005 0.555769 0.368182 0.338012 0.693362 0.290909 0.288095 0.193939 0.170393 0.109091 0.081241 0.0989964 0.214304 0.0567353 0.0555556 0.0484848 0.038823 0.0476456 0.0559747 0.0393939 0.0350795 0.0277667 0.299176 0.214286 0.0408526
threshold=21.850000000000005 12.4 15.300000000000002 0.55000000000000082 1.0000000180025095e-35 1.0000000180025095e-35 13.500000000000002 3.5500000000000012 5.150000000000003 11.500000000000002 3.3000000000000012 1.0000000180025095e-35 16.500000000000004 1.0000000180025095e-35 17.500000000000004 7.5000000000000009 1.5000000000000002 1.0000000180025095e-35 1.0000000180025095e-35 13.950000000000001 14.500000000000002 1.0000000180025095e-35 5.5000000000000009 2.5000000000000004 5.5000000000000009 6.5000000000000009 22.500000000000004 1.0000000180025095e-35 1.0000000180025095e-35 1.0000000180025095e-35
decision_type=2 2 2 2 2 2 2 2 2 2 2 2 2 2 2 2 2 2 2 2 2 2 2 2 2 2 2 2 2 2
left_child=1 3 19 13 5 8 -7 -6 10 -10 -5 -4 -11 15 -12 16 17 18 -1 -3 -9 22 23 -18 -23 -24 29 -28 -29 -17
right_child=-2 2 11 4 7 6 -8 20 9 12 14 -13 -14 -15 -16 26 21 -19 -20 -21 -22 24 25 -25 -26 -27 27 28 -30 -31
leaf_value=-0.023296261002146504 1.3218689420457599 -0.0052354674758021249 -0.018131210542130915 -0.0048765236235606586 -0.0037972210977235579 0.00020499227350576633 -0.0028784342112103904 0.0017098393561386872 -0.0079587775531571488 0.0088825622097063583 -0.011570637623902159 0.0018144681426811361 -0.0018998934302839388 0.0010739810464150069 -0.0089874683258301512 -0.00027210053524973077 -0.010357200162301794 0.092550428381680039 0.00015189564369304522 -0.026208559970120861 0.005108332152933848 -0.0082960713469740106 -0.041166672560847717 0.0021569437528375702 0.0089970057941004111 -0.016893745262064642 0.025008017831405917 -0.0028475627791405781 -0.015769216815431086 0.0074338404109736802
leaf_weight=28 41 9.0000000000000053 6.9999999999999982 9.0000000000000018 4.9999999999999991 4.9999999999999991 7.9999999999999991 4.9999999999999982 7.0000000000000027 5.9999999999999982 4.9999999999999982 5 5 5.9999999999999991 6 1379 18 15.999999999999998 8.9999999999999982 8.9999999999999982 6 60 120 95 44 158 26 5.9999999999999973 8 459
leaf_count=28 41 9 7 9 5 5 8 5 7 6 5 5 5 6 6 1379 18 16 9 9 6 60 120 95 44 158 26 6 8 459
internal_value=7.7821e-05 -0.000326216 -0.0116667 -0.000190076 -0.00410448 -0.00735294 0.00192308 0.00625 -0.0105263 -0.00555556 -0.015 -0.00416667 0.00227273 -8.22368e-05 -0.0204545 -0.00010305 -0.000638686 0.00141509 -0.000675676 -0.0166667 0.0113636 -0.000858586 -0.00108696 -0.000221239 0 -0.00143885 5.32481e-05 -0.00125 -0.00714286 8.16104e-05
internal_weight=2570 2529 30 2499 67 51 13 16 38 18 20 12 11 2432 11 2426 548 53 37 18 11 495 391 113 104 278 1878 40 14 1838
internal_count=2570 2529 30 2499 67 51 13 16 38 18 20 12 11 2432 11 2426 548 53 37 18 11 495 391 113 104 278 1878 40 14 1838
is_linear=0
shrinkage=0.05


Tree=48
num_leaves=31
num_cat=0
split_feature=2 2 2 2 8 5 2 2 3 7 3 3 2 3 2 2 2 3 3 5 8 3 8 3 8 5 5 3 8 3
split_gain=10.3838 1.75485 0.355556 0.475286 0.516011 0.617094 0.45 0.385684 0.693362 0.288095 0.245455 0.193939 0.117216 0.0918031 0.0555556 0.0512005 0.0488108 0.0311439 0.0645398 0.0625 0.0577091 0.0642857 0.0567353 0.0277667 0.299176 0.214286 0.0408526 0.166875 0.116454 0.305159
threshold=21.850000000000005 1.0500000000000009 12.4 3.5500000000000012 1.0000000180025095e-35 1.0000000180025095e-35 15.300000000000002 5.150000000000003 11.500000000000002 1.0000000180025095e-35 14.500000000000002 16.500000000000004 2.3000000000000012 7.5000000000000009 13.950000000000001 0.55000000000000082 1.0000000180025095e-35 1.5000000000000002 1.0000000180025095e-35 1.0000000180025095e-35 1.0000000180025095e-35 5.5000000000000009 1.0000000180025095e-35 22.500000000000004 1.0000000180025095e-35 1.0000000180025095e-35 1.0000000180025095e-35 20.500000000000004 1.0000000180025095e-35 16.500000000000004
decision_type=2 2 2 2 2 2 2 2 2 2 2 2 2 2 2 2 2 2 2 2 2 2 2 2 2 2 2 2 2 2
left_child=1 13 3 12 5 7 14 -5 -9 -8 -6 -10 -3 17 -4 16 23 18 22 -20 -19 -22 -1 26 -25 -26 28 -28 -15 -30
right_child=-2 2 6 4 10 -7 9 8 11 -11 -12 -13 -14 15 -16 -17 -18 20 19 -21 21 -23 -24 24 25 -27 27 -29 29 -31
leaf_value=-0.022131447952039186 1.2557754949434718 -0.0019090324207429177 -0.0049736941020121607 -0.0083611254619123439 0.0016243473883317705 0.00019122894010461524 -0.017224650015024424 -0.0075608386754993269 0.0084384340992210479 0.0017237447355469726 0.0048529155452870405 -0.0018048987587697242 -0.0068739888899258979 -0.0040244649345499541 -0.024898131971614747 -0.0046326974423825723 0.0017761026140348691 -0.0094531036847744342 0.11136153437040193 0.036984270018047029 -0.0078812677796253009 0.0028184654102934026 0.00014430086150838406 0.023757616939835649 -0.0027051846401835891 -0.014980755974659532 0.010179208519506312 -0.024962641576075906 -0.00025849550848722203 0.014874696432451186
leaf_weight=28 41 5.9999999999999982 9.0000000000000053 8.0000000000000018 4.9999999999999982 9.9999999999999982 6.9999999999999982 7.0000000000000027 5.9999999999999982 5 6 5 7 1207 8.9999999999999982 4.9999999999999991 4.9999999999999991 393 7.9999999999999973 8 60 45 8.9999999999999982 26 5.9999999999999973 8 423 36 91 81
leaf_count=28 41 6 9 8 5 10 7 7 6 5 6 5 7 1207 9 5 5 393 8 8 60 45 9 26 6 8 423 36 91 81
internal_value=3.89105e-05 -0.000365757 -0.00722222 -0.005 -0.00265957 -0.00555556 -0.0116667 -0.00961538 -0.00555556 -0.00416667 0.00681818 0.00227273 -0.0134615 -0.000112751 -0.0166667 5.29661e-05 6.63834e-05 -0.000680581 0.000471698 0.003125 -0.000803213 0.000238095 -0.000675676 5.32481e-05 -0.00125 -0.00714286 8.16104e-05 0.000490196 -5.43872e-05 0.00116279
internal_weight=2570 2529 90 60 47 36 30 26 18 12 11 11 13 2439 18 1888 1883 551 53 16 498 105 37 1878 40 14 1838 459 1379 172
internal_count=2570 2529 90 60 47 36 30 26 18 12 11 11 13 2439 18 1888 1883 551 53 16 498 105 37 1878 40 14 1838 459 1379 172
is_linear=0
shrinkage=0.05


Tree=49
num_leaves=31
num_cat=0
split_feature=2 2 5 2 3 3 2 8 2 2 3 3 3 7 2 2 3 3 3 8 3 9 3 7 3 3 3 3 8 3
split_gain=10.3353 1.27498 0.26728 0.848485 1.75 1.4881 0.609524 0.4375 0.333333 0.3 0.533333 0.4 0.344048 0.291667 0.290909 0.170393 0.109091 0.081241 0.0989964 0.0767779 0.233333 0.0480065 0.123077 0.311688 0.214286 0.291667 0.052174 0.110703 0.399867 0.11261
threshold=21.850000000000005 0.55000000000000082 1.0000000180025095e-35 6.7500000000000009 10.500000000000002 13.500000000000002 3.5500000000000012 1.0000000180025095e-35 5.150000000000003 9.9000000000000004 11.500000000000002 16.500000000000004 14.500000000000002 1.0000000180025095e-35 3.3000000000000012 1.0000000180025095e-35 17.500000000000004 7.5000000000000009 1.5000000000000002 1.0000000180025095e-35 1.0000000180025095e-35 1.6000000000000003 19.500000000000004 1.0000000180025095e-35 17.500000000000004 18.500000000000004 9.5000000000000018 11.500000000000002 1.0000000180025095e-35 14.500000000000002
decision_type=2 2 2 2 2 2 2 2 2 2 2 2 2 2 2 2 2 2 2 2 2 2 2 2 2 2 2 2 2 2
left_child=1 15 7 6 -5 -6 -4 8 14 10 -10 -12 -11 -9 -3 17 -16 18 19 20 -1 22 23 -19 -25 -26 -23 28 -28 -29
right_child=-2 2 3 4 5 -7 -8 13 9 12 11 -13 -14 -15 16 -17 -18 21 -20 -21 -22 26 -24 24 25 -27 27 29 -30 -31
leaf_value=-0.021024875554437196 1.1929867201962983 -0.00440106257026347 -0.00046728839536278602 -0.01808426647919532 0.015513991178492149 -0.0013634556612458937 0.0015431300189153064 -0.01388416832125472 -0.0040456154510472688 -0.0071827967417242185 0.010322204672833025 -0.0017146538208312025 -0.017019140601234464 0.0030567821879813554 -0.010574049469611425 0.00090541779348614077 -0.0081572170507428158 0.014420035298818679 -0.0075278704491526412 -0.004864953019598506 0.18329346718862496 0.0080382516115548707 0.025442238399909823 -0.013679952495100879 0.042096158785525306 -0.048506889055545434 -0.03836309306754182 0.0070719907480870873 0.028775949716320071 -0.00027349928444984076
leaf_weight=28 41 9.0000000000000018 4.9999999999999982 9.0000000000000018 4.9999999999999982 7 7 5.9999999999999973 5.0000000000000027 6.9999999999999991 4.9999999999999982 5 7.9999999999999991 8 4.9999999999999982 5.9999999999999991 6 10.999999999999998 495 12.999999999999998 11.999999999999998 263 12.999999999999998 7.0000000000000027 7.9999999999999982 6 223 224 48 1075
leaf_count=28 41 9 5 9 5 7 7 6 5 7 5 5 8 8 5 6 6 11 495 13 12 263 13 7 8 6 223 224 48 1075
internal_value=9.72763e-05 -0.000306445 -0.00592784 -0.00227273 -0.00833333 0.00416667 0.00833333 -0.0078125 -0.01 -0.00666667 -0.00166667 0.005 -0.0116667 0 -0.015 -8.22368e-05 -0.0204545 -0.00010305 -0.000638686 0.00141509 0.0025 5.32481e-05 0.00166667 0 -0.00357143 0 1.36388e-05 -9.55414e-05 -0.00101476 9.62279e-05
internal_weight=2570 2529 97 33 21 12 12 64 50 30 15 10 15 14 20 2432 11 2426 548 53 40 1878 45 32 21 14 1833 1570 271 1299
internal_count=2570 2529 97 33 21 12 12 64 50 30 15 10 15 14 20 2432 11 2426 548 53 40 1878 45 32 21 14 1833 1570 271 1299
is_linear=0
shrinkage=0.05


Tree=50
num_leaves=31
num_cat=0
split_feature=2 2 2 2 2 5 3 3 2 2 2 2 2 3 5 5 3 3 8 3 8 3 3 3 3 3 8 5 5 3
split_gain=9.58264 1.18666 0.532141 0.354736 0.405405 0.952381 0.992063 0.428571 0.771429 0.256496 0.314987 0.255252 0.226891 0.142857 0.857143 0.45873 0.084402 0.0989964 0.0767779 0.233333 0.038823 0.0476456 0.0559747 0.0393939 0.0350795 0.0283313 0.299176 0.214286 0.0381872 0.166875
threshold=25.700000000000003 2.3000000000000012 18.650000000000002 3.5500000000000012 6.4500000000000002 1.0000000180025095e-35 18.500000000000004 17.500000000000004 13.950000000000001 0.65000000000000047 0.3499999999999997 8.0500000000000025 9.9000000000000004 10.500000000000002 1.0000000180025095e-35 1.0000000180025095e-35 7.5000000000000009 1.5000000000000002 1.0000000180025095e-35 1.0000000180025095e-35 1.0000000180025095e-35 5.5000000000000009 2.5000000000000004 5.5000000000000009 6.5000000000000009 22.500000000000004 1.0000000180025095e-35 1.0000000180025095e-35 1.0000000180025095e-35 20.500000000000004
decision_type=2 2 2 2 2 2 2 2 2 2 2 2 2 2 2 2 2 2 2 2 2 2 2 2 2 2 2 2 2 2
left_child=1 9 3 -3 5 6 -5 11 -9 10 16 -6 -13 14 -14 -15 17 18 19 -1 21 22 -19 -22 -23 28 -27 -28 -18 -30
right_child=-2 2 -4 4 7 -7 -8 8 -10 -11 -12 12 13 15 -16 -17 25 20 -20 -21 23 24 -24 -25 -26 26 27 -29 29 -31
leaf_value=-0.019973631776715364 1.1483371553046475 -0.0061224285928922484 0.024938135651575523 0.0050236915901116681 -0.014337746142900088 0.0037258369579369344 -0.004749812494874917 0.010954068990240984 -0.01854586502128406 0.00078419456705276509 -0.0065483367579480152 0.00030506449697629282 -0.0024134797843911927 -0.016004277677187064 -0.01712660802920354 0.014738291619567434 -0.00023189576884039554 -0.0089902914474903287 -0.0046217053686185674 0.17412879382919375 -0.0071108108681864129 -0.038259290226109015 0.0028981452718920943 0.0087826257563383692 -0.01520000929226506 0.022583411057066363 -0.0025562504439519355 -0.014218043211704057 0.0087307386434411615 -0.024343727975158581
leaf_weight=28 38 6.9999999999999991 5.9999999999999991 9.0000000000000018 7.9999999999999991 5.9999999999999991 4.9999999999999991 6.9999999999999982 5 8.9999999999999982 6.9999999999999991 5.9999999999999991 6.0000000000000009 8.9999999999999982 8 4.9999999999999991 1382 18 12.999999999999998 11.999999999999998 60 120 95 44 158 26 5.9999999999999973 8 423 36
leaf_count=28 38 7 6 9 8 6 5 7 5 9 7 6 6 9 8 5 1382 18 13 12 60 120 95 44 158 26 6 8 423 36
internal_value=7.7821e-05 -0.000296209 -0.00603448 -0.00709877 -0.00608108 0 -0.00714286 -0.00833333 0 -9.20245e-05 -0.000123153 -0.0107143 -0.00882353 -0.0107143 -0.0142857 -0.00714286 -9.26307e-05 -0.000638686 0.00141509 0.0025 -0.000858586 -0.00108696 -0.000221239 0 -0.00143885 6.6454e-05 -0.00125 -0.00714286 9.5057e-05 0.000490196
internal_weight=2570 2532 87 81 74 20 14 54 12 2445 2436 42 34 28 14 14 2429 548 53 40 495 391 113 104 278 1881 40 14 1841 459
internal_count=2570 2532 87 81 74 20 14 54 12 2445 2436 42 34 28 14 14 2429 548 53 40 495 391 113 104 278 1881 40 14 1841 459
is_linear=0
shrinkage=0.05


Tree=51
num_leaves=31
num_cat=0
split_feature=2 2 2 2 2 2 5 3 2 2 2 3 3 2 5 3 3 3 3 8 3 9 3 7 3 3 3 3 8 5
split_gain=9.58264 1.43626 0.575564 0.315196 0.53169 0.342654 0.546023 0.653069 0.4 0.255253 0.316209 0.158183 0.272114 0.342475 0.492308 0.4 0.155769 0.0908853 0.0989964 0.0767779 0.233333 0.0456662 0.123077 0.311688 0.214286 0.291667 0.0458297 0.0802053 0.365019 0.242213
threshold=25.700000000000003 2.3000000000000012 18.650000000000002 3.5500000000000012 9.9000000000000004 8.5000000000000018 1.0000000180025095e-35 16.500000000000004 6.0500000000000016 0.65000000000000047 0.3499999999999997 18.500000000000004 15.500000000000002 14.35 1.0000000180025095e-35 10.500000000000002 10.500000000000002 7.5000000000000009 1.5000000000000002 1.0000000180025095e-35 1.0000000180025095e-35 1.6000000000000003 19.500000000000004 1.0000000180025095e-35 17.500000000000004 18.500000000000004 9.5000000000000018 11.500000000000002 1.0000000180025095e-35 1.0000000180025095e-35
decision_type=2 2 2 2 2 2 2 2 2 2 2 2 2 2 2 2 2 2 2 2 2 2 2 2 2 2 2 2 2 2
left_child=1 9 3 -3 5 6 7 16 -8 10 17 12 13 14 -6 -15 -5 18 19 20 -1 22 23 -19 -25 -26 -23 28 29 -28
right_child=-2 2 -4 4 11 -7 8 -9 -10 -11 -12 -13 -14 15 -16 -17 -18 21 -20 -21 -22 26 -24 24 25 -27 27 -29 -30 -31
leaf_value=-0.018974950187879626 1.0909202975394152 -0.0058163071632478143 0.023691228868996817 -0.0080605037016194814 -0.006702982915418332 0.0076025972303424899 0.0012796816700728188 -0.0031454712296614673 -0.00075296161828148917 0.00074498483870009133 -0.0062209199200506052 -0.014412941785436218 0.0047765318008357489 -0.021892681647614154 -0.0072314045499224378 0.0018283220670362256 0.0095549098596858784 0.013710628322319708 -0.0063463304831751447 -0.004390620100187626 0.16542235413773404 0.0076479338194190838 0.023733589547742275 -0.013432491802517888 0.03977887977438397 -0.046294015674633204 -0.0448309017675836 0.00038331602719052785 0.027348747018946098 0.0046203622111232077
leaf_weight=28 38 6.9999999999999991 5.9999999999999991 8.0000000000000018 5.0000000000000044 5.9999999999999991 4.9999999999999982 8.9999999999999982 5 8.9999999999999982 6.9999999999999991 6.9999999999999991 5.9999999999999991 4.9999999999999982 8 5 4.9999999999999991 10.999999999999998 495 12.999999999999998 11.999999999999998 263 12.999999999999998 7.0000000000000027 7.9999999999999982 6 192 1302 48 31
leaf_count=28 38 7 6 8 5 6 5 9 5 9 7 7 6 5 8 5 5 11 495 13 12 263 13 7 8 6 192 1302 48 31
internal_value=7.7821e-05 -0.000296209 -0.0066092 -0.00771605 -0.00675676 -0.00263158 -0.0046875 -0.00909091 0.005 -7.15746e-05 -0.000102627 -0.0111111 -0.00948276 -0.0119565 -0.0173077 -0.005 -0.00192308 -7.20461e-05 -0.000638686 0.00141509 0.0025 9.30356e-05 0.00166667 0 -0.00357143 0 5.44662e-05 -4.76796e-05 -0.000830258 -0.00168161
internal_weight=2570 2532 87 81 74 38 32 22 10 2445 2436 36 29 23 13 10 13 2429 548 53 40 1881 45 32 21 14 1836 1573 271 223
internal_count=2570 2532 87 81 74 38 32 22 10 2445 2436 36 29 23 13 10 13 2429 548 53 40 1881 45 32 21 14 1836 1573 271 223
is_linear=0
shrinkage=0.05


Tree=52
num_leaves=31
num_cat=0
split_feature=2 2 2 2 2 2 8 7 2 2 2 3 3 7 2 3 3 3 8 3 8 3 3 3 3 3 3 8 5 5
split_gain=9.56768 1.1196 0.527473 0.341576 0.314987 0.240385 0.321429 0.579922 1.06061 0.848485 0.326729 0.694231 0.30471 0.266667 0.4 0.177778 0.084402 0.0989964 0.0767779 0.233333 0.038823 0.0476456 0.0559747 0.0393939 0.0380952 0.0350795 0.0283313 0.299176 0.214286 0.0381872
threshold=25.700000000000003 3.3000000000000012 18.650000000000002 0.65000000000000047 0.3499999999999997 16.850000000000001 1.0000000180025095e-35 1.0000000180025095e-35 5.150000000000003 6.7500000000000009 12.9 14.500000000000002 18.500000000000004 1.0000000180025095e-35 7.6499999999999995 16.500000000000004 7.5000000000000009 1.5000000000000002 1.0000000180025095e-35 1.0000000180025095e-35 1.0000000180025095e-35 5.5000000000000009 2.5000000000000004 5.5000000000000009 15.500000000000002 6.5000000000000009 22.500000000000004 1.0000000180025095e-35 1.0000000180025095e-35 1.0000000180025095e-35
decision_type=2 2 2 2 2 2 2 2 2 2 2 2 2 2 2 2 2 2 2 2 2 2 2 2 2 2 2 2 2 2
left_child=1 3 5 4 16 6 7 8 -3 -10 11 -11 15 -8 -15 -9 17 18 19 -1 21 22 -19 -22 -5 -23 29 -28 -29 -18
right_child=-2 2 -4 24 -6 -7 13 12 9 10 -12 -13 -14 14 -16 -17 26 20 -20 -21 23 25 -24 -25 -26 -27 27 28 -30 -31
leaf_value=-0.018026202678485603 1.0363742826624447 -0.0054214506425214644 0.022506667425546925 0.0012241869942220874 -0.0059098739240480928 -0.018581410583486502 -0.0092581697783591828 -0.010367610027894259 0.011301634035361019 -0.0032186969264520471 0.00043412455490354773 0.004799326795679449 -0.0049660932988093267 0.00121569758656932 -0.00071531353736737919 -0.0079393956829813209 -0.00023946678175796877 -0.0082234603509570015 -0.0041710890951782709 0.15715123643084736 -0.0064379538006183352 -0.036029009190644827 0.0030705545324562602 0.0086608109926802797 0.00015301281221233865 -0.014122692303493079 0.021435074702853465 -0.0024476037231139004 -0.013526306852478376 0.0043893441005670832
leaf_weight=28 38 4.9999999999999991 5.9999999999999991 6.9999999999999982 6.9999999999999991 5.9999999999999991 5.9999999999999973 9.0000000000000018 6.0000000000000027 8.0000000000000018 8.9999999999999982 4.9999999999999991 7.9999999999999991 5 5 5.9999999999999991 1382 18 12.999999999999998 11.999999999999998 60 120 95 44 5 158 26 5.9999999999999973 8 459
leaf_count=28 38 5 6 7 7 6 6 9 6 8 9 5 8 5 5 6 1382 18 13 12 60 120 95 44 5 158 26 6 8 459
internal_value=9.72763e-05 -0.000276461 -0.00595238 -8.16993e-05 -0.000123153 -0.00705128 -0.00625 -0.00803571 -0.00378788 0 -0.00454545 -0.00961538 -0.0141304 0 0.005 -0.0183333 -9.26307e-05 -0.000638686 0.00141509 0.0025 -0.000858586 -0.00108696 -0.000221239 0 0.00833333 -0.00143885 6.6454e-05 -0.00125 -0.00714286 9.5057e-05
internal_weight=2570 2532 84 2448 2436 78 72 56 33 28 22 13 23 16 10 15 2429 548 53 40 495 391 113 104 12 278 1881 40 14 1841
internal_count=2570 2532 84 2448 2436 78 72 56 33 28 22 13 23 16 10 15 2429 548 53 40 495 391 113 104 12 278 1881 40 14 1841
is_linear=0
shrinkage=0.05


Tree=53
num_leaves=31
num_cat=0
split_feature=2 2 3 2 2 2 2 2 5 8 5 3 3 2 2 2 2 5 3 8 3 3 3 3 3 3 8 3 9 3
split_gain=8.80191 1.22275 0.766874 0.622222 0.376923 0.179487 0.210989 0.28107 0.30303 0.246636 0.272727 0.230455 0.614603 0.222222 0.193939 0.177778 0.167904 0.0564924 0.259303 0.128213 0.22658 0.181934 0.166092 0.121113 0.122496 0.0965473 0.0942391 0.244928 0.106667 0.0907407
threshold=26.850000000000005 0.55000000000000082 20.500000000000004 18.650000000000002 6.0500000000000016 16.850000000000001 14.35 12.4 1.0000000180025095e-35 1.0000000180025095e-35 1.0000000180025095e-35 16.500000000000004 11.500000000000002 4.6000000000000023 9.1500000000000039 4.0500000000000016 1.0000000180025095e-35 1.0000000180025095e-35 20.500000000000004 1.0000000180025095e-35 10.500000000000002 4.5000000000000009 6.5000000000000009 11.500000000000002 1.5000000000000002 18.500000000000004 1.0000000180025095e-35 22.500000000000004 1.6000000000000003 1.5000000000000002
decision_type=2 2 2 2 2 2 2 2 2 2 2 2 2 2 2 2 2 2 2 2 2 2 2 2 2 2 2 2 2 2
left_child=1 16 3 5 -4 6 7 9 -9 10 11 12 13 -3 -12 -11 17 23 19 20 22 -21 29 24 -1 -22 28 -28 -20 -19
right_child=-2 2 4 -5 -6 -7 -8 8 -10 15 14 -13 -14 -15 -16 -17 -18 18 26 21 25 -23 -24 -25 -26 -27 27 -29 -30 -31
leaf_value=0.019521941636479224 1.0595555685293225 -0.0032470529116480407 -0.0007196154069827543 0.021268960538746384 0.011318176570104832 -0.017652340054312179 -0.004596146392683487 -0.0084015488656921985 -0.010250537703508301 -0.0018751188753832972 0.00029747839817062527 -0.0069308684866438604 0.0045593604558956001 -0.0096224338584292475 -0.0013458889047520018 0.0011549127072409959 0.0013293263319481775 0.086228235127425557 -0.023348559801054148 -0.035147833898224269 0.0009334745778060594 0.0031532795127403816 0.044911118021039358 0.00037612356491889543 -0.0091274504469641918 0.037138501097650156 -0.0020493125772936163 -0.012849991509854464 0.012240872589143949 -0.0074260508639969027
leaf_weight=29 35 9.0000000000000053 4.9999999999999991 5.9999999999999991 7.9999999999999991 5.9999999999999991 7.9999999999999991 5.9999999999999982 5 5.9999999999999991 4.9999999999999982 7.9999999999999991 6.9999999999999991 8.9999999999999982 6 8.9999999999999982 5.9999999999999991 12.000000000000002 10 24 151 262 42 990 834 19 15 8 15 14.999999999999998
leaf_count=29 35 9 5 6 8 6 8 6 5 6 5 8 7 9 6 9 6 12 10 24 151 262 42 990 834 19 15 8 15 15
internal_value=9.72763e-05 -0.000246548 -0.00558252 -0.00722222 0.00576923 -0.00833333 -0.00769231 -0.00857143 -0.0159091 -0.00720339 -0.00909091 -0.0113636 -0.009 -0.0138889 -0.00227273 -0.00166667 -2.05592e-05 -4.12201e-05 0.00039267 0.000714286 0.00156904 0 0.00398551 -0.000175391 -0.000608343 0.000588235 -0.003125 -0.00543478 -0.001 0.000925926
internal_weight=2570 2535 103 90 13 84 78 70 11 59 44 33 25 18 11 15 2432 2426 573 525 239 286 69 1853 863 170 48 23 25 27
internal_count=2570 2535 103 90 13 84 78 70 11 59 44 33 25 18 11 15 2432 2426 573 525 239 286 69 1853 863 170 48 23 25 27
is_linear=0
shrinkage=0.05


Tree=54
num_leaves=31
num_cat=0
split_feature=2 2 2 2 2 2 5 2 2 3 3 3 3 2 5 3 9 2 3 3 3 3 3 3 3 8 3 3 3 8
split_gain=8.77442 1.22375 0.828912 0.334975 0.319889 0.312576 0.535714 1.25952 0.833333 0.666667 0.288095 0.158183 0.272114 0.342475 0.492308 0.4 0.142561 0.116667 0.0854701 0.115385 0.216667 0.075 0.0857143 0.0473649 0.0788449 0.0767779 0.233333 0.0458297 0.0802053 0.365019
threshold=26.850000000000005 3.3000000000000012 18.650000000000002 0.65000000000000047 0.3499999999999997 9.9000000000000004 1.0000000180025095e-35 6.7500000000000009 8.0500000000000025 16.500000000000004 9.5000000000000018 18.500000000000004 15.500000000000002 14.35 1.0000000180025095e-35 10.500000000000002 1.6000000000000003 5.150000000000003 10.500000000000002 19.500000000000004 18.500000000000004 17.500000000000004 16.500000000000004 1.5000000000000002 7.5000000000000009 1.0000000180025095e-35 1.0000000180025095e-35 9.5000000000000018 11.500000000000002 1.0000000180025095e-35
decision_type=2 2 2 2 2 2 2 2 2 2 2 2 2 2 2 2 2 2 2 2 2 2 2 2 2 2 2 2 2 2
left_child=1 3 5 4 16 6 8 -8 9 10 -3 12 13 14 -7 -15 18 -11 -1 20 21 22 -20 25 -25 26 -18 -26 29 -29
right_child=-2 2 -4 -5 -6 11 7 -9 -10 17 -12 -13 -14 15 -16 -17 23 -19 19 -21 -22 -23 -24 24 27 -27 -28 28 -30 -31
leaf_value=0.059882030043086634 1.0065777901028565 -0.0093681078335780665 0.023492273090275618 0.00048759192093728032 -0.0054520275822634197 -0.0053683315753310984 0.0010971670718788573 -0.0098890353314907038 0.0040172364759058611 -0.0083866715280194633 0.0082841146421387176 -0.013214182711589473 0.0042927480502578776 -0.020589946473344157 -0.0062680019895998036 0.0019450070555734557 -0.02058317424475993 -0.00067998295222508891 0.0034934046206672067 0.020470517810444379 -0.045020927440436023 0.037653448899126474 -0.013027008146310593 -0.0041660338010875543 0.0077338829898843109 -0.0022051429455081542 0.14831757752748098 -0.033723452675907421 0.00035092562481202631 0.026449655529434946
leaf_weight=5.9999999999999991 35 7.0000000000000053 8.9999999999999982 11.999999999999998 6.9999999999999991 5.0000000000000044 6.9999999999999982 5 5.9999999999999991 6.9999999999999982 5 6.9999999999999991 5.9999999999999991 4.9999999999999982 8 5 28 5 7.0000000000000036 12.999999999999998 5.9999999999999991 8 5 495 263 12.999999999999998 11.999999999999998 223 1302 48
leaf_count=6 35 7 9 12 7 5 7 5 6 7 5 7 6 5 8 5 28 5 7 13 6 8 5 495 263 13 12 223 1302 48
internal_value=0.000136187 -0.000207101 -0.00603448 0 -4.10509e-05 -0.00769231 -0.0047619 0.00416667 -0.00833333 -0.0125 -0.00416667 -0.0111111 -0.00948276 -0.0119565 -0.0173077 -0.005 -1.02923e-05 -0.0208333 0.00277778 0.00192308 0 0.0025 0 -6.29195e-05 -9.65251e-05 0.00141509 0.0025 5.44662e-05 -4.76796e-05 -0.000830258
internal_weight=2570 2535 87 2448 2436 78 42 12 30 24 12 36 29 23 13 10 2429 12 45 39 26 20 12 2384 2331 53 40 1836 1573 271
internal_count=2570 2535 87 2448 2436 78 42 12 30 24 12 36 29 23 13 10 2429 12 45 39 26 20 12 2384 2331 53 40 1836 1573 271
is_linear=0
shrinkage=0.05


Tree=55
num_leaves=31
num_cat=0
split_feature=2 2 2 2 2 2 2 7 3 3 2 2 2 2 5 2 3 3 3 8 3 3 3 8 5 3 3 5 8 5
split_gain=8.00031 0.519636 0.82735 0.336619 0.31866 0.308761 0.26276 1.02941 0.994765 0.9 0.671601 0.510417 0.421491 0.391604 0.294935 0.288095 0.152381 0.0512066 0.0821859 0.0767779 0.233333 0.0380952 0.029487 0.299176 0.214286 0.0349488 0.0475776 0.144082 0.179487 0.0867908
threshold=29.200000000000003 3.3000000000000012 18.650000000000002 0.65000000000000047 0.3499999999999997 16.850000000000001 5.150000000000003 1.0000000180025095e-35 10.500000000000002 16.500000000000004 6.4500000000000002 8.5000000000000018 9.9000000000000004 12.9 1.0000000180025095e-35 15.150000000000004 14.500000000000002 7.5000000000000009 1.5000000000000002 1.0000000180025095e-35 1.0000000180025095e-35 15.500000000000002 22.500000000000004 1.0000000180025095e-35 1.0000000180025095e-35 21.500000000000004 20.500000000000004 1.0000000180025095e-35 1.0000000180025095e-35 1.0000000180025095e-35
decision_type=2 2 2 2 2 2 2 2 2 2 2 2 2 2 2 2 2 2 2 2 2 2 2 2 2 2 2 2 2 2
left_child=1 3 5 4 17 6 7 -3 14 -9 -10 -12 -13 -14 -8 -15 -4 18 19 20 -1 -5 25 -24 -25 26 29 28 -28 -19
right_child=-2 2 16 21 -6 -7 8 9 10 -11 11 12 13 15 -16 -17 -18 22 -20 -21 -22 -23 23 24 -26 -27 27 -29 -30 -31
leaf_value=-0.019554015532521965 1.0512489768916589 -0.0090344972257302199 0.022542406466808274 0.0013009506940464988 -0.0051794262031503282 -0.016487993660196133 -0.0044487190229881794 0.0010423087182850567 0.014052285590278758 -0.007967337951618348 -0.0019840833423399929 0.0097223735158287646 -0.0015096800157998304 0.00050721863423248699 -0.0094246107188531887 -0.012553473576009822 0.015744138278828503 -0.00026384590215657868 -0.003957732111033163 -0.0020948857982327597 0.14090169865110697 0.00015696334590415973 0.02032696850822422 -0.0023615759964447317 -0.012225038215602347 0.027607483176854065 -0.011341521625287676 -0.02383452069722505 0.24195171575397698 0.0053492082316076942
leaf_weight=28 32 7.0000000000000009 4.9999999999999982 6.9999999999999982 6.9999999999999991 5.9999999999999991 8 5 5.9999999999999991 5 7.9999999999999991 5.0000000000000027 7.0000000000000027 6.9999999999999982 9 5 7 1257 495 12.999999999999998 11.999999999999998 5 26 5.9999999999999973 8 55 78 22 5.9999999999999991 423
leaf_count=28 32 7 5 7 7 6 8 5 6 5 8 5 7 7 9 5 7 1257 495 13 12 5 26 6 8 55 78 22 6 423
internal_value=0.000155642 -0.000157604 -0.00388889 -2.04248e-05 -6.15764e-05 -0.00576923 -0.00486111 -0.0102941 -0.00318182 0 0.00131579 -0.0015625 0.00208333 -0.00131579 -0.0132353 0.00416667 0.00833333 -3.08769e-05 -0.000456204 0.00141509 0.0025 0.00833333 9.30356e-05 -0.00125 -0.00714286 0.000122216 8.39866e-05 -0.000943396 0 0.00014881
internal_weight=2570 2538 90 2448 2436 78 72 17 55 10 38 32 24 19 17 12 12 2429 548 53 40 12 1881 40 14 1841 1786 106 84 1680
internal_count=2570 2538 90 2448 2436 78 72 17 55 10 38 32 24 19 17 12 12 2429 548 53 40 12 1881 40 14 1841 1786 106 84 1680
is_linear=0
shrinkage=0.05


Tree=56
num_leaves=31
num_cat=0
split_feature=2 2 2 3 2 2 3 2 2 2 2 3 2 3 2 3 3 8 5 5 3 3 3 3 8 3 3 3 3 3
split_gain=8.01285 0.514164 0.82735 0.51511 0.338268 0.317434 0.262605 0.45 0.666667 0.429825 0.391604 0.402381 0.308824 0.152381 0.145833 0.167659 0.0975316 0.185714 0.214286 0.0735106 0.0975777 0.118093 0.0892815 0.144927 0.129664 0.0958774 0.095191 0.0833333 0.0992064 0.0593186
threshold=29.200000000000003 3.3000000000000012 18.650000000000002 20.500000000000004 0.65000000000000047 0.3499999999999997 11.500000000000002 5.150000000000003 6.4500000000000002 8.5000000000000018 13.950000000000001 16.500000000000004 4.6000000000000023 14.500000000000002 11.550000000000002 8.5000000000000018 22.500000000000004 1.0000000180025095e-35 1.0000000180025095e-35 1.0000000180025095e-35 11.500000000000002 1.5000000000000002 4.5000000000000009 14.500000000000002 1.0000000180025095e-35 13.500000000000002 1.5000000000000002 1.0000000180025095e-35 3.5000000000000004 1.0000000180025095e-35
decision_type=2 2 2 2 2 2 2 2 2 2 2 2 2 2 2 2 2 2 2 2 2 2 2 2 2 2 2 2 2 2
left_child=1 4 3 6 5 16 12 -8 -9 -10 11 -11 -3 -4 -14 -16 19 -18 -19 20 21 29 24 25 26 -24 -21 -26 -29 -1
right_child=-2 2 13 -5 -6 -7 7 8 9 10 -12 -13 14 -15 15 -17 17 18 -20 22 -22 -23 23 -25 27 -27 -28 28 -30 -31
leaf_value=0.0055527421904919549 0.99868652804707603 0.00048779741398163878 0.021415286143467684 0.00033464075178741838 0.00045536415759528381 -0.0049204548929928649 -0.0082255345949839419 0.011616233967836821 -0.0068025601349070543 -0.00035577674720350673 -0.012740578866275954 0.0097413853120794872 -0.0069146484616140931 0.014956931364887183 -0.0089533801829105638 -0.0094257519268552414 0.019310620082813035 -0.0022434971966225348 -0.011613786304822238 0.083923682859918358 0.00054912610664752397 -0.0085087023862221219 0.011947364912189107 -0.00077266719480832973 -0.021988102670289635 0.14437966873304262 -0.0066485600251910528 -0.096990122434834805 -0.019171592003543392 0.056356604181808483
leaf_weight=21 32 5.9999999999999991 4.9999999999999982 7.9999999999999991 11.999999999999998 6.9999999999999991 5.9999999999999991 5.0000000000000027 6.0000000000000027 7.0000000000000018 6.9999999999999991 5 12.000000000000002 7 6.9999999999999991 8.9999999999999982 26 5.9999999999999973 8 12.000000000000002 965 834 222 279 8.0000000000000018 12.999999999999998 10.999999999999998 6.9999999999999973 9 8.0000000000000018
leaf_count=21 32 6 5 8 12 7 6 5 6 7 7 5 12 7 7 9 26 6 8 12 965 834 222 279 8 13 11 7 9 8
internal_value=0.000136187 -0.000177305 -0.00388889 -0.00576923 -4.08497e-05 -8.21018e-05 -0.00714286 -0.00416667 -0.00166667 -0.005 -0.00131579 0.00416667 -0.0102941 0.00833333 -0.0125 -0.009375 -5.14615e-05 -0.0025 -0.00714286 -1.04646e-05 -0.000164114 -0.000550406 0.000490196 0.000680934 -0.00159574 0.00159574 0.00108696 -0.00416667 -0.00625 0.00258621
internal_weight=2570 2538 90 78 2448 2436 70 36 30 25 19 12 34 12 28 16 2429 40 14 2389 1828 863 561 514 47 235 23 24 16 29
internal_count=2570 2538 90 78 2448 2436 70 36 30 25 19 12 34 12 28 16 2429 40 14 2389 1828 863 561 514 47 235 23 24 16 29
is_linear=0
shrinkage=0.05


Tree=57
num_leaves=31
num_cat=0
split_feature=2 2 2 8 3 2 2 2 2 2 2 2 3 3 2 8 2 3 8 5 3 5 8 7 3 3 3 3 3 3
split_gain=7.24172 0.437674 1.00083 0.833333 0.51511 0.334975 0.319889 0.262605 0.45 0.273485 1.08289 0.518627 0.288095 0.159353 0.412458 0.189394 0.25 0.100839 0.185714 0.214286 0.1 0.0617325 0.102576 0.202221 0.116472 0.0976744 0.155556 0.0906784 0.273915 0.132098
threshold=33.95000000000001 3.3000000000000012 18.650000000000002 1.0000000180025095e-35 20.500000000000004 0.65000000000000047 0.3499999999999997 9.9000000000000004 4.0500000000000016 8.0500000000000025 6.7500000000000009 6.0500000000000016 9.5000000000000018 16.500000000000004 11.550000000000002 1.0000000180025095e-35 14.35 22.500000000000004 1.0000000180025095e-35 1.0000000180025095e-35 17.500000000000004 1.0000000180025095e-35 1.0000000180025095e-35 1.0000000180025095e-35 11.500000000000002 9.5000000000000018 4.5000000000000009 11.500000000000002 15.500000000000002 9.5000000000000018
decision_type=2 2 2 2 2 2 2 2 2 2 2 2 2 2 2 2 2 2 2 2 2 2 2 2 2 2 2 2 2 2
left_child=1 5 4 20 7 6 17 8 -3 10 11 12 -10 14 -9 16 -16 21 -19 -20 -4 22 27 24 25 26 -24 29 -29 -1
right_child=-2 2 3 -5 -6 -7 -8 13 9 -11 -12 -13 -14 -15 15 -17 -18 18 19 -21 -22 -23 23 -25 -26 -27 -28 28 -30 -31
leaf_value=-0.0043920835088535398 0.99875220164472234 -0.0038226432377097552 -0.0086251996391261809 0.020344521836294406 0.00031790871419801192 0.00043259594971551963 -0.0046744321483432215 -0.0043398679496750251 0.00096580341167182846 0.0019293456077253525 -0.013686073655389208 0.0010447090836919416 -0.0071576943242881441 -0.00013400593383785519 -0.0078284782328200461 -0.01030463054836357 -0.003247519808057753 0.018345089078672407 -0.0021313223367913636 -0.011033096989581104 0.03127999256411762 0.0027456649710924097 0.026904176749010134 0.011999312110017347 -0.0050038220491273938 0.030565795399010567 -0.040287072605849961 0.0071909798507793004 -0.0053060575372544608 -0.038393754606300151
leaf_weight=594 29 5.9999999999999991 4.9999999999999982 4.9999999999999991 7.9999999999999991 11.999999999999998 6.9999999999999991 5.0000000000000027 5.0000000000000089 7.9999999999999991 4.9999999999999991 4.9999999999999991 7 6.9999999999999991 8.0000000000000053 5.9999999999999991 7.9999999999999991 26 5.9999999999999973 8 5 561 18 94 87 14.999999999999998 10.000000000000002 171 637 202
leaf_count=594 29 6 5 5 8 12 7 5 5 8 5 5 7 7 8 6 8 26 6 8 5 561 18 94 87 15 10 171 637 202
internal_value=0.000155642 -0.000127902 -0.00349462 0.00833333 -0.00576923 0 -4.10509e-05 -0.00714286 -0.00416667 -0.00166667 -0.00454545 0.00147059 -0.00416667 -0.0102941 -0.012037 -0.00909091 -0.00625 -1.02923e-05 -0.0025 -0.00714286 0 3.13939e-05 -0.000109409 0.000892857 -0.000384615 0.00174419 0 -0.000249377 0.000123762 -0.000628141
internal_weight=2570 2541 93 15 78 2448 2436 70 36 30 22 17 12 34 27 22 16 2429 40 14 10 2389 1828 224 130 43 28 1604 808 796
internal_count=2570 2541 93 15 78 2448 2436 70 36 30 22 17 12 34 27 22 16 2429 40 14 10 2389 1828 224 130 43 28 1604 808 796
is_linear=0
shrinkage=0.05


Tree=58
num_leaves=31
num_cat=0
split_feature=2 2 2 8 3 3 2 2 2 2 2 2 2 2 2 7 3 3 8 5 5 2 2 3 3 3 3 3 3 8
split_gain=7.23039 0.430098 0.869932 0.833333 0.208514 0.512121 0.170279 0.326956 0.333333 0.254548 0.66103 0.672343 0.494338 0.253986 0.475166 0.412088 0.1 0.0991817 0.185714 0.214286 0.0552575 0.10554 0.4 0.0882937 0.101977 0.0860057 0.158454 0.0964494 0.0799096 0.298219
threshold=33.95000000000001 18.650000000000002 13.950000000000001 1.0000000180025095e-35 15.500000000000002 10.500000000000002 12.9 9.9000000000000004 11.550000000000002 8.0500000000000025 6.7500000000000009 6.0500000000000016 4.6000000000000023 3.5500000000000012 1.0500000000000009 1.0000000180025095e-35 17.500000000000004 22.500000000000004 1.0000000180025095e-35 1.0000000180025095e-35 1.0000000180025095e-35 1.0000000180025095e-35 0.55000000000000082 1.5000000000000002 11.500000000000002 14.500000000000002 4.5000000000000009 13.500000000000002 15.500000000000002 1.0000000180025095e-35
decision_type=2 2 2 2 2 2 2 2 2 2 2 2 2 2 2 2 2 2 2 2 2 2 2 2 2 2 2 2 2 2
left_child=1 2 6 16 5 -4 7 9 -9 10 11 12 13 14 17 -16 -3 20 -19 -20 21 23 -23 -1 -25 26 -22 -28 29 -26
right_child=-2 3 4 -5 -6 -7 -8 8 -10 -11 -12 -13 -14 -15 15 -17 -18 18 19 -21 25 22 -24 24 28 -27 27 -29 -30 -31
leaf_value=0.020494671109437368 0.94881459156248626 -0.008193939657169835 -0.018855910964758138 0.019327295744479757 -0.01495046512884919 0.0026218007047997816 0.00026229215760071868 -0.0026611441661785308 -0.0039685218222746954 0.003565733490488299 -0.011735488703974895 0.0059878302223838279 -0.0075999927525533199 0.00015479632775452503 -0.0041556564500069724 -0.0037317269670362309 0.029715992935911831 0.017427834624738826 -0.0020247562199518401 -0.010481442140102049 -0.0064534152724861297 0.00195707446880693 -0.0020733832247284314 -0.0079133846989480009 0.0093314165531255718 -0.0015851962821147314 0.0057853718996196514 0.13702340204783586 -2.7918809924809551e-05 -0.029240826923663612
leaf_weight=29 29 4.9999999999999982 6.0000000000000018 4.9999999999999991 6.9999999999999991 5 5.9999999999999991 5.9999999999999982 6 8.9999999999999982 5.9999999999999991 5.9999999999999991 7.9999999999999991 8.9999999999999982 5.9999999999999982 7 5 26 5.9999999999999973 8 47 4.9999999999999982 5 834 170 280 224 12.999999999999998 727 65
leaf_count=29 29 5 6 5 7 5 6 6 6 9 6 6 8 9 6 7 5 26 6 8 47 5 5 834 170 280 224 13 727 65
internal_value=0.000175097 -0.000108225 -0.000158353 0.00833333 -0.0111111 -0.00681818 -7.97448e-05 -9.99201e-05 -0.00833333 -6.0241e-05 -9.06892e-05 -5.05051e-05 -9.113e-05 -5.07924e-05 -8.15661e-05 -0.00961538 0 -3.07503e-05 -0.0025 -0.00714286 1.0421e-05 -0.000122616 0.005 -0.000150685 -0.000194878 0.000443262 0.00105634 0.00158228 0.000155925 0.000957447
internal_weight=2570 2541 2526 15 18 11 2508 2502 12 2490 2481 2475 2469 2461 2452 13 10 2439 40 14 2399 1835 10 1825 1796 564 284 237 962 235
internal_count=2570 2541 2526 15 18 11 2508 2502 12 2490 2481 2475 2469 2461 2452 13 10 2439 40 14 2399 1835 10 1825 1796 564 284 237 962 235
is_linear=0
shrinkage=0.05


Tree=59
num_leaves=31
num_cat=0
split_feature=2 2 2 8 3 3 2 3 2 2 2 2 2 2 2 2 2 3 3 8 5 5 8 7 3 3 3 3 3 3
split_gain=7.23039 0.430098 0.869932 0.833333 0.208514 0.512121 0.183923 1.22727 0.681818 0.670719 0.495953 0.326729 0.252756 0.318678 0.252774 0.31866 0.221612 0.1 0.0991783 0.185714 0.214286 0.0674931 0.108251 0.202221 0.116472 0.0976744 0.155556 0.0892815 0.144927 0.0958774
threshold=33.95000000000001 18.650000000000002 13.950000000000001 1.0000000180025095e-35 15.500000000000002 10.500000000000002 6.7500000000000009 18.500000000000004 8.0500000000000025 6.0500000000000016 4.6000000000000023 11.550000000000002 3.5500000000000012 2.3000000000000012 0.65000000000000047 0.3499999999999997 9.9000000000000004 17.500000000000004 22.500000000000004 1.0000000180025095e-35 1.0000000180025095e-35 1.0000000180025095e-35 1.0000000180025095e-35 1.0000000180025095e-35 11.500000000000002 9.5000000000000018 4.5000000000000009 4.5000000000000009 14.500000000000002 13.500000000000002
decision_type=2 2 2 2 2 2 2 2 2 2 2 2 2 2 2 2 2 2 2 2 2 2 2 2 2 2 2 2 2 2
left_child=1 2 6 17 5 -4 9 8 -8 10 12 16 13 14 15 18 -10 -3 21 -20 -21 22 -1 24 25 26 -24 -23 29 -29
right_child=-2 3 4 -5 -6 -7 7 -9 11 -11 -12 -13 -14 -15 -16 -17 -18 -19 19 20 -22 27 23 -25 -26 -27 -28 28 -30 -31
leaf_value=-0.0040844758751982678 0.90137386198436187 -0.0077842426743114151 -0.017913115416520142 0.018360930957255661 -0.014202941872406782 0.0024907106695597038 -0.012414995537420738 0.010646995556208339 -7.8263510334863906e-05 0.0056884387112647872 -0.0072199931149256715 6.2239478100067916e-05 0.00014705651136672773 -0.0039336010151746594 0.00090380147956778964 -0.0043370413796896658 -0.0025280869578697463 0.028230193289116204 0.016556442893501888 -0.0019235184089542836 -0.0099573700330969576 -0.0061307445088618628 0.025244435751297402 0.011400742445012747 -0.0047522350061747435 0.029433174864007497 -0.037877049740610062 0.010923444823044061 -0.00079205726951681044 0.13017223194544406
leaf_weight=1604 29 4.9999999999999982 6.0000000000000018 4.9999999999999991 6.9999999999999991 5 5.0000000000000027 5.9999999999999991 7.0000000000000018 5.9999999999999991 7.9999999999999991 8.9999999999999982 8.9999999999999982 6.9999999999999991 8.9999999999999982 6.9999999999999991 6 5 26 5.9999999999999973 8 47 18 94 87 14.999999999999998 10.000000000000002 222 279 12.999999999999998
leaf_count=1604 29 5 6 5 7 5 5 6 7 6 8 9 9 7 9 7 6 5 26 6 8 47 18 94 87 15 10 222 279 13
internal_value=0.000175097 -0.000108225 -0.000158353 0.00833333 -0.0111111 -0.00681818 -7.97448e-05 -0.00378788 -0.00833333 -3.0303e-05 -7.08789e-05 -0.00454545 -3.04754e-05 -6.11746e-05 -3.06748e-05 -6.15764e-05 -0.00961538 0 -3.08769e-05 -0.0025 -0.00714286 1.04646e-05 -0.000136761 0.000892857 -0.000384615 0.00174419 0 0.000490196 0.000680934 0.00159574
internal_weight=2570 2541 2526 15 18 11 2508 33 27 2475 2469 22 2461 2452 2445 2436 13 10 2429 40 14 2389 1828 224 130 43 28 561 514 235
internal_count=2570 2541 2526 15 18 11 2508 33 27 2475 2469 22 2461 2452 2445 2436 13 10 2429 40 14 2389 1828 224 130 43 28 561 514 235
is_linear=0
shrinkage=0.05


Tree=60
num_leaves=31
num_cat=0
split_feature=2 2 2 8 3 3 7 3 3 2 2 3 3 2 2 2 2 2 2 3 8 5 3 3 3 5 3 3 3 3
split_gain=7.19643 0.424104 1.11057 0.833333 0.243266 0.368182 0.30303 0.156 0.191379 0.593835 0.362287 0.571096 0.6 0.385714 0.323912 0.318948 0.452498 0.663814 0.148485 0.143962 0.142535 0.214286 0.122208 0.138832 0.1 0.0886009 0.138194 0.151415 0.0958774 0.0844628
threshold=33.95000000000001 18.650000000000002 12.4 1.0000000180025095e-35 14.500000000000002 10.500000000000002 1.0000000180025095e-35 22.500000000000004 19.500000000000004 2.3000000000000012 4.6000000000000023 11.500000000000002 13.500000000000002 8.5000000000000018 3.5500000000000012 1.5999999999999999 0.65000000000000047 0.3499999999999997 13.950000000000001 20.500000000000004 1.0000000180025095e-35 1.0000000180025095e-35 1.5000000000000002 1.0000000180025095e-35 17.500000000000004 1.0000000180025095e-35 4.5000000000000009 14.500000000000002 13.500000000000002 11.500000000000002
decision_type=2 2 2 2 2 2 2 2 2 2 2 2 2 2 2 2 2 2 2 2 2 2 2 2 2 2 2 2 2 2
left_child=1 2 7 24 5 18 -6 8 10 19 14 -12 -13 -14 15 16 17 22 -4 -10 -9 -22 23 -1 -3 29 -27 28 -28 -24
right_child=-2 3 4 -5 6 -7 -8 20 9 -11 11 12 13 -15 -16 -17 -18 -19 -20 -21 21 -23 25 -25 -26 26 27 -29 -30 -31
leaf_value=0.00021942822580678367 0.85630516888514385 -0.0073950305405958263 -0.0060345399144960512 0.017442884409392789 -0.014732230526947276 0.0023661751360815942 -0.0052485851649885619 -0.0032246566837411451 0.0087315950012691879 0.0084929909144033644 -0.0040552916686483085 0.0096291183822803106 -0.00050224520250239377 0.0033913599914804139 0.00090242059913201453 -0.0037369209644158019 0.0019667612791280931 -0.0046592577453370863 -0.017017459645694188 -0.00073233691725400625 -0.001827342488506556 -0.0094595015314421285 -0.0080467144609030605 0.052937868386448809 0.026818683624660267 -0.017721087662853473 0.010377272581891851 -0.0035816962586693538 0.12366362034817185 0.00037191023771834255
leaf_weight=37 29 4.9999999999999982 5.0000000000000053 4.9999999999999991 4.9999999999999982 4.9999999999999991 6 27 133 8.9999999999999982 12.999999999999998 5.0000000000000027 7.9999999999999982 7 6.9999999999999991 6.9999999999999991 4.9999999999999991 5.9999999999999991 6 161 5.9999999999999973 8 834 15.999999999999998 5 23 222 222 12.999999999999998 730
leaf_count=37 29 5 5 5 5 5 6 27 133 9 13 5 8 7 7 7 5 6 6 161 6 8 834 16 5 23 222 222 13 730
internal_value=0.000233463 -4.91932e-05 -9.89707e-05 0.00833333 -0.0101852 -0.00625 -0.0159091 1.0004e-05 6.10252e-05 0.00123762 -0.000104408 -0.00530303 0 -0.005 -2.35627e-05 -5.91017e-05 -2.37192e-05 -5.94389e-05 -0.0113636 0.00085034 -0.00304878 -0.00714286 -1.19218e-05 0.00235849 0 -7.33855e-05 0.000520833 0.00071116 0.00159574 -0.000255754
internal_weight=2570 2541 2526 15 27 16 11 2499 2458 303 2155 33 20 15 2122 2115 2108 2103 11 294 41 14 2097 53 10 2044 480 457 235 1564
internal_count=2570 2541 2526 15 27 16 11 2499 2458 303 2155 33 20 15 2122 2115 2108 2103 11 294 41 14 2097 53 10 2044 480 457 235 1564
is_linear=0
shrinkage=0.05


Tree=61
num_leaves=31
num_cat=0
split_feature=2 2 2 8 2 2 2 2 7 3 3 2 2 3 3 2 2 3 3 3 3 8 5 2 3 5 3 8 3 3
split_gain=7.23039 0.442805 1.00083 0.833333 0.333335 0.321121 0.308761 0.26276 1.02941 0.9 0.727273 0.484848 0.181818 0.207792 0.29697 0.466667 0.4 0.119505 0.138832 0.1 0.0983165 0.185714 0.214286 0.0535714 0.0524177 0.127242 0.174517 0.130392 0.0897616 0.152174
threshold=33.95000000000001 3.3000000000000012 18.650000000000002 1.0000000180025095e-35 0.65000000000000047 0.3499999999999997 16.850000000000001 5.150000000000003 1.0000000180025095e-35 16.500000000000004 20.500000000000004 6.4500000000000002 14.35 15.500000000000002 9.5000000000000018 9.9000000000000004 11.550000000000002 1.5000000000000002 1.0000000180025095e-35 17.500000000000004 22.500000000000004 1.0000000180025095e-35 1.0000000180025095e-35 9.1500000000000039 11.500000000000002 1.0000000180025095e-35 4.5000000000000009 1.0000000180025095e-35 10.500000000000002 7.5000000000000009
decision_type=2 2 2 2 2 2 2 2 2 2 2 2 2 2 2 2 2 2 2 2 2 2 2 2 2 2 2 2 2 2
left_child=1 4 6 19 5 17 7 8 -3 -10 11 -9 13 14 16 -16 -13 18 -1 -4 24 -22 -23 -15 25 -19 -27 28 29 -28
right_child=-2 2 3 -5 -6 -7 -8 10 9 -11 -12 12 -14 23 15 -17 -18 20 -20 -21 21 22 -24 -25 -26 26 27 -29 -30 -31
leaf_value=0.00020845681451646671 0.8134899104408867 -0.0074564120202268219 -0.0070252790135661774 0.016570740188923239 0.00068467945838754938 -0.0038872264234383284 -0.014351814922415508 0.0088141983256516451 0.000857299569175396 -0.0060336980545745433 0.0080683413686831081 -0.0038525270852158401 -0.0019274488297417848 4.8174471024076131e-05 -0.0013806209783577827 -0.0057328129187713024 0.00036085449991993815 -0.0076443787378579044 0.05029097496712636 0.025477749443427202 0.015889853583013824 -0.0017359753640811882 -0.0089865264548700374 -0.00075993049406228872 0.00077783419444070749 -0.016835033279710789 0.0067240355817022035 0.0017646913708669666 -0.0072834238147747145 0.083754058183823699
leaf_weight=37 29 7.0000000000000009 4.9999999999999982 4.9999999999999991 11.999999999999998 6.9999999999999991 5.9999999999999991 5.9999999999999991 5 5 4.9999999999999991 5.0000000000000018 7.9999999999999991 5.9999999999999991 4.9999999999999982 7 5 834 15.999999999999998 5 26 5.9999999999999973 8 7.9999999999999991 1295 23 13.999999999999998 122 15.999999999999998 32
leaf_count=37 29 7 5 5 12 7 6 6 5 5 5 5 8 6 5 7 5 834 16 5 26 6 8 8 1295 23 14 122 16 32
internal_value=0.000175097 -0.000108225 -0.00349462 0.00833333 2.04248e-05 -2.05255e-05 -0.00576923 -0.00486111 -0.0102941 0 -0.00318182 -0.005 -0.00681818 -0.00833333 -0.0113636 -0.0166667 -0.005 1.02923e-05 0.00235849 0 -4.20875e-05 -0.0025 -0.00714286 -0.00357143 0 -0.000264169 0.000845411 0.0013587 0.00322581 0.00434783
internal_weight=2570 2541 93 15 2448 2436 78 72 17 10 55 50 44 36 22 12 10 2429 53 10 2376 40 14 14 2336 1041 207 184 62 46
internal_count=2570 2541 93 15 2448 2436 78 72 17 10 55 50 44 36 22 12 10 2429 53 10 2376 40 14 14 2336 1041 207 184 62 46
is_linear=0
shrinkage=0.05


Tree=62
num_leaves=31
num_cat=0
split_feature=2 2 2 8 3 3 3 2 2 2 2 2 2 2 2 2 2 3 8 5 9 3 7 3 3 8 5 3 3 3
split_gain=6.46463 0.510714 0.876232 0.769231 0.555769 0.208514 0.512121 0.168669 0.247305 0.252721 0.663447 0.252128 0.49757 0.25153 0.319899 0.25154 0.319889 0.100839 0.185714 0.214286 0.0490582 0.123077 0.311688 0.214286 0.291667 0.0497039 0.129618 0.23059 0.203704 0.160094
threshold=35.70000000000001 18.650000000000002 13.950000000000001 1.0000000180025095e-35 19.500000000000004 15.500000000000002 10.500000000000002 12.9 10.700000000000001 8.5000000000000018 7.6499999999999995 6.0500000000000016 4.6000000000000023 3.5500000000000012 2.3000000000000012 0.65000000000000047 0.3499999999999997 22.500000000000004 1.0000000180025095e-35 1.0000000180025095e-35 1.6000000000000003 19.500000000000004 1.0000000180025095e-35 17.500000000000004 18.500000000000004 1.0000000180025095e-35 1.0000000180025095e-35 15.500000000000002 14.500000000000002 4.5000000000000009
decision_type=2 2 2 2 2 2 2 2 2 2 2 2 2 2 2 2 2 2 2 2 2 2 2 2 2 2 2 2 2 2
left_child=1 2 7 4 -3 6 -4 8 9 10 11 12 13 14 15 16 17 20 -19 -20 21 22 -1 -24 -25 -22 27 28 -27 -28
right_child=-2 3 5 -5 -6 -7 -8 -9 -10 -11 -12 -13 -14 -15 -16 -17 -18 18 19 -21 25 -23 23 24 -26 26 29 -29 -30 -31
leaf_value=0.017061535369985847 1.647815414918842 -0.012498991078999922 -0.015759605069605699 0.015742203179476989 0.024203861971255947 -0.013192368995833804 0.0023442388207644883 0.0002898860381840507 -0.0037463403496246885 0.0032193832683550029 -0.0052752848080631414 0.00068045581517530709 -0.0064078022855307282 8.7874741089422067e-05 -0.003584308889114496 0.0010112234808907772 -0.003692865102266474 0.015095360903863143 -0.0016491765958771333 -0.0085372001321265319 -0.0013355156981307737 0.018724272837323676 -0.012482712258596519 0.035916834884012559 -0.042623822638571833 0.011750151922430431 -0.030705724332001895 0.010564225982065434 -0.032598668201337055 0.00057041414097804834
leaf_weight=10.999999999999998 26 8.0000000000000018 6.0000000000000018 4.9999999999999991 4.9999999999999991 6.9999999999999991 5 5.9999999999999991 8.9999999999999982 8.9999999999999982 5.9999999999999991 8.9999999999999982 7.9999999999999991 8.9999999999999982 6.9999999999999991 8.9999999999999982 6.9999999999999991 26 5.9999999999999973 8 1819 12.999999999999998 7.0000000000000027 7.9999999999999982 6 108 24 92 24 277
leaf_count=11 26 8 6 5 5 7 5 6 9 9 6 9 8 9 7 9 7 26 6 8 1819 13 7 8 6 108 24 92 24 277
internal_value=0.000194553 -5.89623e-05 -0.000118765 0.00833333 0.00192308 -0.0111111 -0.00681818 -3.98724e-05 -5.9952e-05 -3.00842e-05 -6.03865e-05 -2.01776e-05 -5.06278e-05 -1.01585e-05 -4.0783e-05 -1.02249e-05 -4.10509e-05 -1.02923e-05 -0.0025 -0.00714286 3.13939e-05 0.00166667 0 -0.00357143 0 0 0.000428571 0.00133929 0 -0.000249169
internal_weight=2570 2544 2526 18 13 18 11 2508 2502 2493 2484 2478 2469 2461 2452 2445 2436 2429 40 14 2389 45 32 21 14 2344 525 224 132 301
internal_count=2570 2544 2526 18 13 18 11 2508 2502 2493 2484 2478 2469 2461 2452 2445 2436 2429 40 14 2389 45 32 21 14 2344 525 224 132 301
is_linear=0
shrinkage=0.05


Tree=63
num_leaves=31
num_cat=0
split_feature=2 2 2 8 3 3 3 2 2 2 2 2 2 3 2 2 2 3 3 8 5 3 8 3 3 5 3 3 8 3
split_gain=6.49508 0.517916 0.86679 0.769231 0.555769 0.208514 0.512121 0.171087 0.243734 0.34224 0.243084 0.328455 0.357043 0.568067 0.4 0.341576 0.314987 0.152381 0.0942794 0.185714 0.214286 0.046686 0.0767779 0.233333 0.0385629 0.0867296 0.154589 0.0808611 0.0664015 0.0645161
threshold=35.70000000000001 18.650000000000002 13.950000000000001 1.0000000180025095e-35 19.500000000000004 15.500000000000002 10.500000000000002 12.9 10.700000000000001 8.0500000000000025 6.4500000000000002 5.150000000000003 3.3000000000000012 9.5000000000000018 4.0500000000000016 0.65000000000000047 0.3499999999999997 16.500000000000004 22.500000000000004 1.0000000180025095e-35 1.0000000180025095e-35 1.5000000000000002 1.0000000180025095e-35 1.0000000180025095e-35 11.500000000000002 1.0000000180025095e-35 4.5000000000000009 4.5000000000000009 1.0000000180025095e-35 9.5000000000000018
decision_type=2 2 2 2 2 2 2 2 2 2 2 2 2 2 2 2 2 2 2 2 2 2 2 2 2 2 2 2 2 2
left_child=1 2 7 4 -3 6 -4 8 9 10 11 12 15 -14 -15 16 18 -11 21 -20 -21 22 23 -1 25 27 -27 -23 29 -28
right_child=-2 3 5 -5 -6 -7 -8 -9 -10 17 -12 -13 13 14 -16 -17 -18 -19 19 20 -22 24 -24 -25 -26 26 28 -29 -30 -31
leaf_value=-0.022235192625488589 1.5654246441729001 -0.011874041525049962 -0.014971624816125484 0.014955093020503086 0.02299366887269301 -0.012532750546042238 0.0022270268797264237 0.00027539173627495473 -0.0035590233321435962 0.00012272600658711497 -0.0089752154462832585 0.0094431847424225179 4.4671449352762241e-05 -0.0023108564364711982 -0.00676320130493906 0.00059988431142361527 -0.003508221847153159 0.007503955136831309 0.014340592858669954 -0.0015667177660832366 -0.0081103401255202111 0.0058758503920934404 -0.0002748665971452624 0.12534321154041975 0.00080571826962518858 -0.014457995399125158 0.036454628661009993 -0.012957743638801667 0.0016479360952747159 0.00064750408738420981
leaf_weight=28 26 8.0000000000000018 6.0000000000000018 4.9999999999999991 4.9999999999999991 6.9999999999999991 5 5.9999999999999991 8.9999999999999982 6.9999999999999982 8.9999999999999982 6.9999999999999991 7.0000000000000027 4.9999999999999982 5 11.999999999999998 6.9999999999999991 5 26 5.9999999999999973 8 65 12.999999999999998 11.999999999999998 1295 23 31 769 122 31
leaf_count=28 26 8 6 5 5 7 5 6 9 7 9 7 7 5 5 12 7 5 26 6 8 65 13 12 1295 23 31 769 122 31
internal_value=0.000136187 -0.000117925 -0.000178147 0.00833333 0.00192308 -0.0111111 -0.00681818 -9.9681e-05 -0.000119904 -9.02527e-05 -0.000130996 -0.000101133 -0.000131846 -0.00735294 -0.015 -8.16993e-05 -0.000123153 0.00833333 -9.26307e-05 -0.0025 -0.00714286 -5.23231e-05 0.00141509 0.0025 -8.56164e-05 -0.0003122 0.000603865 -0.000539568 0.00108696 0.00241935
internal_weight=2570 2544 2526 18 13 18 11 2508 2502 2493 2481 2472 2465 17 10 2448 2436 12 2429 40 14 2389 53 40 2336 1041 207 834 184 62
internal_count=2570 2544 2526 18 13 18 11 2508 2502 2493 2481 2472 2465 17 10 2448 2436 12 2429 40 14 2389 53 40 2336 1041 207 834 184 62
is_linear=0
shrinkage=0.05


Tree=64
num_leaves=31
num_cat=0
split_feature=2 2 8 2 3 3 3 2 2 2 2 2 2 2 2 2 2 3 8 5 9 3 7 3 5 3 8 3 8 5
split_gain=5.73888 0.309067 0.952381 0.873079 0.654545 0.208514 0.512121 0.169473 0.246112 0.253934 0.66184 0.701032 0.494338 0.253986 0.31746 0.254012 0.317434 0.0975316 0.185714 0.214286 0.0516018 0.228571 0.0676407 0.126401 0.0721925 0.0460934 0.0767779 0.233333 0.0359804 0.0747553
threshold=39.800000000000004 18.650000000000002 1.0000000180025095e-35 13.950000000000001 19.500000000000004 15.500000000000002 10.500000000000002 12.9 10.700000000000001 8.5000000000000018 7.6499999999999995 6.0500000000000016 4.6000000000000023 3.5500000000000012 2.3000000000000012 0.65000000000000047 0.3499999999999997 22.500000000000004 1.0000000180025095e-35 1.0000000180025095e-35 1.6000000000000003 20.500000000000004 1.0000000180025095e-35 17.500000000000004 1.0000000180025095e-35 1.5000000000000002 1.0000000180025095e-35 1.0000000180025095e-35 1.0000000180025095e-35 1.0000000180025095e-35
decision_type=2 2 2 2 2 2 2 2 2 2 2 2 2 2 2 2 2 2 2 2 2 2 2 2 2 2 2 2 2 2
left_child=1 3 4 7 -3 6 -5 8 9 10 11 12 13 14 15 16 17 20 -19 -20 21 22 -1 -24 -25 26 27 -22 29 -27
right_child=-2 2 -4 5 -6 -7 -8 -9 -10 -11 -12 -13 -14 -15 -16 -17 -18 18 19 -21 25 -23 23 24 -26 28 -28 -29 -30 -31
leaf_value=0.016856345783426631 1.6771535645521454 -0.017105315464909766 0.014207338369477896 -0.014223043575319139 0.021843985429058323 -0.011906113018740073 0.0021156755357402803 0.0002616221494612603 -0.0033810721655363808 0.003052277804608039 -0.0047902083316675005 0.0010951937967305981 -0.0057492521060071413 0.00019902382585854639 -0.0034350876602299964 0.00093066809127506644 -0.0033328107547955458 0.013623563215736479 -0.001488381877779066 -0.0077048231192442087 -0.021123432994214132 -0.022971493297101731 -0.011898862559147894 0.0024161112126289911 0.043245312776775527 -0.0052841165144958072 -0.00026112326728799928 0.11907605096339875 0.0019098134655331834 0.010855702485263574
leaf_weight=10.999999999999998 23 11.000000000000005 4.9999999999999991 6.0000000000000018 4.9999999999999991 6.9999999999999991 5 5.9999999999999991 8.9999999999999982 8.9999999999999982 5.9999999999999991 8.9999999999999982 7.9999999999999991 8.9999999999999982 6.9999999999999991 8.9999999999999982 6.9999999999999991 26 5.9999999999999973 8 28 9.9999999999999982 7.0000000000000027 6.0000000000000009 11 1557 12.999999999999998 11.999999999999998 512 222
leaf_count=11 23 11 5 6 5 7 5 6 9 9 6 9 8 9 7 9 7 26 6 8 28 10 7 6 11 1557 13 12 512 222
internal_value=0.000136187 -8.83392e-05 0.00595238 -0.000138559 0 -0.0111111 -0.00681818 -5.98086e-05 -7.99361e-05 -5.01404e-05 -8.05153e-05 -4.03551e-05 -9.113e-05 -5.07924e-05 -8.15661e-05 -5.11247e-05 -8.21018e-05 -5.14615e-05 -0.0025 -0.00714286 -1.04646e-05 0.00166667 0.00357143 0.00208333 0.00441176 -4.26621e-05 0.00141509 0.0025 -7.63859e-05 -0.000182687
internal_weight=2570 2547 21 2526 16 18 11 2508 2502 2493 2484 2478 2469 2461 2452 2445 2436 2429 40 14 2389 45 35 24 17 2344 53 40 2291 1779
internal_count=2570 2547 21 2526 16 18 11 2508 2502 2493 2484 2478 2469 2461 2452 2445 2436 2429 40 14 2389 45 35 24 17 2344 53 40 2291 1779
is_linear=0
shrinkage=0.05


Tree=65
num_leaves=31
num_cat=0
split_feature=2 2 8 2 3 9 3 3 2 2 2 2 2 2 3 7 2 2 3 7 3 3 3 8 3 3 3 3 3 8
split_gain=5.71197 0.30307 0.952381 0.882555 0.654545 0.265616 0.208514 0.512121 0.169937 0.327643 0.333333 0.254015 0.195976 0.377554 0.834325 0.429762 0.33752 0.317983 0.0932578 0.136364 0.052381 0.144048 0.0460302 0.0767779 0.233333 0.0380952 0.0272144 0.092731 0.0822261 0.223952
threshold=39.800000000000004 18.650000000000002 1.0000000180025095e-35 13.950000000000001 19.500000000000004 1.6000000000000003 15.500000000000002 10.500000000000002 12.9 9.9000000000000004 11.550000000000002 8.0500000000000025 3.3000000000000012 5.150000000000003 9.5000000000000018 1.0000000180025095e-35 0.65000000000000047 0.3499999999999997 19.500000000000004 1.0000000180025095e-35 18.500000000000004 17.500000000000004 1.5000000000000002 1.0000000180025095e-35 1.0000000180025095e-35 15.500000000000002 11.500000000000002 14.500000000000002 9.5000000000000018 1.0000000180025095e-35
decision_type=2 2 2 2 2 2 2 2 2 2 2 2 2 2 2 2 2 2 2 2 2 2 2 2 2 2 2 2 2 2
left_child=1 3 4 5 -3 18 7 -5 9 11 -11 12 16 14 -14 -15 17 22 19 -1 21 -21 23 24 -7 -18 28 -28 -24 -30
right_child=-2 2 -4 6 -6 8 -8 -9 -10 10 -12 -13 13 15 -16 -17 25 -19 -20 20 -22 -23 26 -25 -26 -27 27 -29 29 -31
leaf_value=0.016013528494255257 1.5932958863245383 -0.01625004969166426 0.013496971451003859 -0.013511891396553111 0.020751786157605423 -0.020067261344503429 -0.011310807367803122 0.0020098917589532308 0.00024854104198830386 -0.0022584109957008991 -0.0031944514139238935 0.0028996639143777261 3.2486685592303388e-05 0.007405462768012328 -0.0061375786343916168 -0.0046986871020092032 0.00099032341018165946 -0.0031661702170557859 0.014331583522488735 -0.01130391943119049 -0.0055856788374117452 0.032939171626595563 -6.8544944106485603e-05 -0.00024806710392359931 0.11312224841522883 0.00037127213975907125 0.0051329774820503271 -0.00044391608396328054 -0.027315648416161367 0.023710964461658702
leaf_weight=10.999999999999998 23 11.000000000000005 4.9999999999999991 6.0000000000000018 4.9999999999999991 28 6.9999999999999991 5 5.9999999999999991 5.9999999999999982 6 8.9999999999999982 7.0000000000000062 6.9999999999999973 8.9999999999999982 8 6.9999999999999982 6.9999999999999991 13.999999999999998 7.0000000000000009 6.9999999999999991 8 758 12.999999999999998 11.999999999999998 5 225 1077 223 48
leaf_count=11 23 11 5 6 5 28 7 5 6 6 6 9 7 7 9 8 7 7 14 7 7 8 758 13 12 5 225 1077 223 48
internal_value=0.000194553 -2.94464e-05 0.00595238 -7.91766e-05 0 0 -0.0111111 -0.00681818 -7.11093e-05 -9.16497e-05 -0.00833333 -5.11666e-05 -8.21693e-05 -0.00403226 -0.009375 0.00166667 -3.1211e-05 -7.31911e-05 0.0037234 0.00227273 0 0.00166667 -4.19463e-05 0.00141509 0.0025 0.00833333 -7.50751e-05 7.68049e-05 -0.00026725 -0.00101476
internal_weight=2570 2547 21 2526 16 2508 18 11 2461 2455 12 2443 2434 31 16 15 2403 2391 47 33 22 15 2384 53 40 12 2331 1302 1029 271
internal_count=2570 2547 21 2526 16 2508 18 11 2461 2455 12 2443 2434 31 16 15 2403 2391 47 33 22 15 2384 53 40 12 2331 1302 1029 271
is_linear=0
shrinkage=0.05


Tree=66
num_leaves=31
num_cat=0
split_feature=2 2 2 8 3 3 3 2 2 2 2 2 2 2 2 2 2 9 3 7 3 5 3 8 3 7 3 8 3 5
split_gain=4.97667 0.171432 0.882555 0.740896 0.360294 0.208514 0.512121 0.167066 0.249701 0.250302 0.666668 0.694952 0.49919 0.250306 0.321123 0.250308 0.321121 0.0503165 0.228571 0.0676407 0.126401 0.0721925 0.0447146 0.0767779 0.233333 0.0406781 0.115506 0.0531084 0.178664 0.157858
threshold=45.450000000000003 18.650000000000002 13.950000000000001 1.0000000180025095e-35 16.500000000000004 15.500000000000002 10.500000000000002 12.9 10.700000000000001 8.5000000000000018 7.6499999999999995 6.0500000000000016 4.6000000000000023 3.5500000000000012 2.3000000000000012 0.65000000000000047 0.3499999999999997 1.6000000000000003 20.500000000000004 1.0000000180025095e-35 17.500000000000004 1.0000000180025095e-35 1.5000000000000002 1.0000000180025095e-35 1.0000000180025095e-35 1.0000000180025095e-35 19.500000000000004 1.0000000180025095e-35 18.500000000000004 1.0000000180025095e-35
decision_type=2 2 2 2 2 2 2 2 2 2 2 2 2 2 2 2 2 2 2 2 2 2 2 2 2 2 2 2 2 2
left_child=1 2 7 4 -3 6 -4 8 9 10 11 12 13 14 15 16 17 18 19 -1 -21 -22 23 24 -19 -24 27 -27 29 -29
right_child=-2 3 5 -5 -6 -7 -8 -9 -10 -11 -12 -13 -14 -15 -16 -17 -18 22 -20 20 21 -23 25 -25 -26 26 -28 28 -30 -31
leaf_value=0.015212852069542482 1.5636309012734479 -0.024298165193127375 -0.012836296826725402 0.012822122878453614 0.016520011470491092 -0.010745266999412806 0.0019093971710056224 0.00023611398988876431 -0.0030990980074744102 0.0027546807186588753 -0.0045057223353932585 0.00073809094000907302 -0.0051549105689870705 0.0004959515662854131 -0.0033128494477274728 0.00086557107972335962 -0.0030078617062029526 -0.019063898277278214 -0.022539497808371146 -0.010738723459630962 0.000648347070667743 0.039436088556606921 -0.0012295707093066489 -0.0002356637487274327 0.1074661359944674 -0.0053370860597416582 0.0076143314598207112 0.021345040175682329 -0.041501500412253027 0.00072109165661276013
leaf_weight=10.999999999999998 20 9.0000000000000053 6.0000000000000018 6.9999999999999991 7.9999999999999991 6.9999999999999991 5 5.9999999999999991 8.9999999999999982 8.9999999999999982 5.9999999999999991 8.9999999999999982 7.9999999999999991 8.9999999999999982 6.9999999999999991 8.9999999999999982 6.9999999999999991 28 9.9999999999999982 7.0000000000000027 6.0000000000000009 11 1070 12.999999999999998 11.999999999999998 907 128 54 56 116
leaf_count=11 20 9 6 7 8 7 5 6 9 9 6 9 8 9 7 9 7 28 10 7 6 11 1070 13 12 907 128 54 56 116
internal_value=0.000155642 -3.92157e-05 -7.91766e-05 0.00416667 -0.00147059 -0.0111111 -0.00681818 0 -1.9984e-05 1.00281e-05 -2.01288e-05 2.01776e-05 -3.03767e-05 1.01585e-05 -2.03915e-05 1.02249e-05 -2.05255e-05 1.02923e-05 0.00166667 0.00357143 0.00208333 0.00441176 -2.09732e-05 0.00141509 0.0025 -5.36251e-05 0.000138779 -2.20653e-05 0.000663717 0.00147059
internal_weight=2570 2550 2526 24 17 18 11 2508 2502 2493 2484 2478 2469 2461 2452 2445 2436 2429 45 35 24 17 2384 53 40 2331 1261 1133 226 170
internal_count=2570 2550 2526 24 17 18 11 2508 2502 2493 2484 2478 2469 2461 2452 2445 2436 2429 45 35 24 17 2384 53 40 2331 1261 1133 226 170
is_linear=0
shrinkage=0.05


Tree=67
num_leaves=31
num_cat=0
split_feature=2 9 2 2 8 3 3 3 2 2 2 2 2 2 3 7 2 2 3 7 3 3 3 8 3 3 5 3 3 3
split_gain=4.99227 0.276837 0.180599 0.864775 0.740896 0.360294 0.208514 0.512121 0.171585 0.324413 0.333333 0.256501 0.19192 0.377554 0.834325 0.429762 0.340887 0.315488 0.0932578 0.136364 0.052381 0.144048 0.0487187 0.0767779 0.233333 0.0380952 0.0343713 0.117876 0.106266 0.0641561
threshold=45.450000000000003 1.6000000000000003 18.650000000000002 13.950000000000001 1.0000000180025095e-35 16.500000000000004 15.500000000000002 10.500000000000002 12.9 9.9000000000000004 11.550000000000002 8.0500000000000025 3.3000000000000012 5.150000000000003 9.5000000000000018 1.0000000180025095e-35 0.65000000000000047 0.3499999999999997 19.500000000000004 1.0000000180025095e-35 18.500000000000004 17.500000000000004 1.5000000000000002 1.0000000180025095e-35 1.0000000180025095e-35 15.500000000000002 1.0000000180025095e-35 4.5000000000000009 16.500000000000004 11.500000000000002
decision_type=2 2 2 2 2 2 2 2 2 2 2 2 2 2 2 2 2 2 2 2 2 2 2 2 2 2 2 2 2 2
left_child=1 18 3 8 5 -4 7 -5 9 11 -11 12 16 14 -14 -15 17 22 19 -1 21 -21 23 24 -3 -18 29 -28 -29 -24
right_child=-2 2 4 6 -6 -7 -8 -9 -10 10 -12 -13 13 15 -16 -17 25 -19 -20 20 -22 -23 26 -25 -26 -27 27 28 -30 -31
leaf_value=0.014452209466065381 1.4854493562097759 -0.018110703363414339 -0.023083256933470866 -0.012194481985389062 0.012181016734530915 0.015694010896966582 -0.010208003649442077 0.0018139273124553768 0.00022430829039414847 -0.0021368800136954747 -0.0028797739428538804 0.002616946682725896 6.0647729984708576e-06 0.0072929351580611982 -0.0055729541742223889 -0.0042222369242992386 0.00089752868568631077 -0.0028574686208928668 0.012610649858948754 -0.010201787286649378 -0.0072781993233715708 0.030290102154583876 -0.0077180758521969263 -0.00022388056129107881 0.10209282919474401 0.00051835100515731372 -0.013765680519774915 0.011382111359972892 -0.0035015814661710112 0.0011868392331689126
leaf_weight=10.999999999999998 20 28 9.0000000000000053 6.0000000000000018 6.9999999999999991 7.9999999999999991 6.9999999999999991 5 5.9999999999999991 5.9999999999999982 6 8.9999999999999982 7.0000000000000062 6.9999999999999973 8.9999999999999982 8 6.9999999999999982 6.9999999999999991 13.999999999999998 7.0000000000000009 6.9999999999999991 8 822 12.999999999999998 11.999999999999998 5 23 306 194 986
leaf_count=11 20 28 9 6 7 8 7 5 6 6 6 9 7 7 9 8 7 7 14 7 7 8 822 13 12 5 23 306 194 986
internal_value=0.000116732 -7.84314e-05 -0.00014982 -0.00019161 0.00416667 -0.00147059 -0.0111111 -0.00681818 -0.000111743 -0.000132383 -0.00833333 -9.20999e-05 -0.000123254 -0.00403226 -0.009375 0.00166667 -7.28256e-05 -0.000115015 0.0037234 0.00227273 0 0.00166667 -8.38926e-05 0.00141509 0.0025 0.00833333 -0.000117975 0.000239006 0.0004 -0.000221239
internal_weight=2570 2550 2503 2479 24 17 18 11 2461 2455 12 2443 2434 31 16 15 2403 2391 47 33 22 15 2384 53 40 12 2331 523 500 1808
internal_count=2570 2550 2503 2479 24 17 18 11 2461 2455 12 2443 2434 31 16 15 2403 2391 47 33 22 15 2384 53 40 12 2331 523 500 1808
is_linear=0
shrinkage=0.05


Tree=68
num_leaves=31
num_cat=0
split_feature=2 9 2 2 8 3 3 3 2 2 2 2 2 3 7 2 2 3 3 7 3 3 3 8 3 3 3 3 8 3
split_gain=4.98446 0.273989 0.178932 0.867972 0.740896 0.360294 0.208514 0.512121 0.17076 0.244219 0.341583 0.19192 0.377554 0.834325 0.429762 0.340887 0.315488 0.152381 0.0932578 0.136364 0.052381 0.144048 0.0487187 0.0767779 0.233333 0.0380952 0.0288501 0.0718836 0.223952 0.102473
threshold=45.450000000000003 1.6000000000000003 18.650000000000002 13.950000000000001 1.0000000180025095e-35 16.500000000000004 15.500000000000002 10.500000000000002 12.9 10.700000000000001 8.0500000000000025 3.3000000000000012 5.150000000000003 9.5000000000000018 1.0000000180025095e-35 0.65000000000000047 0.3499999999999997 16.500000000000004 19.500000000000004 1.0000000180025095e-35 18.500000000000004 17.500000000000004 1.5000000000000002 1.0000000180025095e-35 1.0000000180025095e-35 15.500000000000002 11.500000000000002 9.5000000000000018 1.0000000180025095e-35 8.5000000000000018
decision_type=2 2 2 2 2 2 2 2 2 2 2 2 2 2 2 2 2 2 2 2 2 2 2 2 2 2 2 2 2 2
left_child=1 18 3 8 5 -4 7 -5 9 10 11 15 13 -13 -14 16 22 -12 19 -1 21 -21 23 24 -3 -17 27 29 -29 -24
right_child=-2 2 4 6 -6 -7 -8 -9 -10 -11 17 12 14 -15 -16 25 -18 -19 -20 20 -22 -23 26 -25 -26 -27 -28 28 -30 -31
leaf_value=0.013729598992762071 1.4111768883992875 -0.017205168195243647 -0.021929094086797107 -0.01158475788611959 0.011571965897804404 0.014909310352118333 -0.0096976034669701509 0.0017232309468326436 0.00021309287587456538 -0.0028372991064159695 4.6006330564196675e-05 5.7615343486361331e-06 0.0069282884001580676 -0.0052943064655114119 -0.0040111250780842768 0.00085265225140194198 -0.002714595189848268 0.0065625789239710745 0.011980117366001287 -0.0096916979223169442 -0.0069142893572029969 0.028775597046854662 -0.0034244349610624172 -0.00021268653322650268 0.096988187735006823 0.00049243345489955457 0.0007174122168435382 -0.0255024836672781 0.022972798566650889 0.028524917485899162
leaf_weight=10.999999999999998 20 28 9.0000000000000053 6.0000000000000018 6.9999999999999991 7.9999999999999991 6.9999999999999991 5 5.9999999999999991 8.9999999999999982 6.9999999999999982 7.0000000000000062 6.9999999999999973 8.9999999999999982 8 6.9999999999999982 6.9999999999999991 5 13.999999999999998 7.0000000000000009 6.9999999999999991 8 644 12.999999999999998 11.999999999999998 5 1302 223 48 114
leaf_count=11 20 28 9 6 7 8 7 5 6 9 7 7 7 9 8 7 7 5 14 7 7 8 644 13 12 5 1302 223 48 114
internal_value=0.000136187 -5.88235e-05 -0.000129844 -0.00017144 0.00416667 -0.00147059 -0.0111111 -0.00681818 -9.14262e-05 -0.000112016 -8.17661e-05 -0.000123254 -0.00403226 -0.009375 0.00166667 -7.28256e-05 -0.000115015 0.00833333 0.0037234 0.00227273 0 0.00166667 -8.38926e-05 0.00141509 0.0025 0.00833333 -0.000117975 -0.000315841 -0.00101476 -6.59631e-05
internal_weight=2570 2550 2503 2479 24 17 18 11 2461 2455 2446 2434 31 16 15 2403 2391 12 47 33 22 15 2384 53 40 12 2331 1029 271 758
internal_count=2570 2550 2503 2479 24 17 18 11 2461 2455 2446 2434 31 16 15 2403 2391 12 47 33 22 15 2384 53 40 12 2331 1029 271 758
is_linear=0
shrinkage=0.05


Tree=69
num_leaves=31
num_cat=0
split_feature=2 2 3 2 2 2 3 2 3 5 3 2 2 2 3 3 3 2 3 9 3 7 3 5 3 8 3 2 3 3
split_gain=5.01571 0.194293 0.73359 0.54126 0.534188 0.461838 0.72754 0.738462 0.272863 0.5 0.395122 0.266667 0.250774 0.557041 0.331579 0.7 0.193939 0.168732 0.133333 0.054795 0.228571 0.0676407 0.126401 0.0721925 0.0494119 0.0767779 0.233333 0.029304 0.0266727 0.061274
threshold=45.450000000000003 0.55000000000000082 21.500000000000004 3.5500000000000012 2.3000000000000012 4.6000000000000023 10.500000000000002 8.0500000000000025 13.500000000000002 1.0000000180025095e-35 15.500000000000002 12.4 13.950000000000001 18.650000000000002 19.500000000000004 17.500000000000004 19.500000000000004 1.0000000180025095e-35 8.5000000000000018 1.6000000000000003 20.500000000000004 1.0000000180025095e-35 17.500000000000004 1.0000000180025095e-35 1.5000000000000002 1.0000000180025095e-35 1.0000000180025095e-35 1.0500000000000009 7.5000000000000009 9.5000000000000018
decision_type=2 2 2 2 2 2 2 2 2 2 2 2 2 2 2 2 2 2 2 2 2 2 2 2 2 2 2 2 2 2
left_child=1 17 3 4 27 -5 7 -7 9 -8 -10 -9 14 -14 15 -12 -15 19 -13 20 21 -1 -23 -24 25 26 -21 -3 -26 -30
right_child=-2 2 -4 5 -6 6 8 11 10 -11 12 18 13 16 -16 -17 -18 -19 -20 24 -22 22 23 -25 28 -27 -28 -29 29 -31
leaf_value=0.013043119043123941 1.3406180439793234 -0.00021153811415821624 0.00074116440105598258 0.00077084286194057945 -0.0059254948088522498 -0.0075790667996830765 -0.00086729630239616999 4.3706014036004609e-05 -0.0026954341510951 0.010993367602914361 0.0011128544931278128 -0.0086580100680345492 -0.0073493380994069215 -0.013197663267227711 0.011094637317467361 -0.00030224325738323902 0.014163844834512319 0.0029821339819381624 -0.0055336200789355416 -0.016344909785481487 -0.022642061279200123 -0.0092071130262010754 -0.0023373552429375444 0.034510999168704613 -0.0035813271770400949 -0.0002020522065651953 0.092138778348256442 -0.0021591698346429488 0.0100308348251275 -0.00049777470800211894
leaf_weight=10.999999999999998 20 7.0000000000000018 7.9999999999999991 6.9999999999999991 4.9999999999999991 6.0000000000000027 9 5.0000000000000027 4.9999999999999991 9 9.0000000000000018 9.9999999999999982 6.0000000000000027 4.9999999999999982 4.9999999999999991 4.9999999999999991 6 5.9999999999999991 4.9999999999999991 28 9.9999999999999982 7.0000000000000027 6.0000000000000009 11 495 12.999999999999998 11.999999999999998 6 263 1570
leaf_count=11 20 7 8 7 5 6 9 5 5 9 9 10 6 5 5 5 6 6 5 28 10 7 6 11 495 13 12 6 263 1570
internal_value=5.83658e-05 -0.000137255 -0.00211864 -0.00318182 -0.0111111 -0.00163043 -0.00264706 -0.00961538 0.000423729 0.00555556 -0.00182927 -0.005 0 -0.00441176 0.00394737 0 0.00227273 -4.11184e-05 -0.00833333 -6.18302e-05 0.00166667 0.00357143 0.00208333 0.00441176 -9.44981e-05 0.00141509 0.0025 -0.00576923 -0.000128866 -4.09165e-05
internal_weight=2570 2550 118 110 18 92 85 26 59 18 41 20 36 17 19 14 11 2432 15 2426 45 35 24 17 2381 53 40 13 2328 1833
internal_count=2570 2550 118 110 18 92 85 26 59 18 41 20 36 17 19 14 11 2432 15 2426 45 35 24 17 2381 53 40 13 2328 1833
is_linear=0
shrinkage=0.05


Tree=70
num_leaves=31
num_cat=0
split_feature=2 9 2 2 2 2 3 2 2 8 2 3 2 2 2 2 3 3 3 3 7 3 3 3 3 8 5 3 3 8
split_gain=4.25835 0.281112 0.266465 0.732173 0.470805 0.535942 0.396825 0.367391 0.54697 0.859524 0.340887 0.333333 0.315488 0.291919 0.4 0.290659 0.555769 0.208514 0.512121 0.0932578 0.136364 0.052381 0.144048 0.0380952 0.0221282 0.0464286 0.0535714 0.0224353 0.0888265 0.0986716
threshold=47.650000000000006 1.6000000000000003 3.3000000000000012 5.150000000000003 7.6499999999999995 8.5000000000000018 9.5000000000000018 10.700000000000001 18.650000000000002 1.0000000180025095e-35 0.65000000000000047 15.500000000000002 0.3499999999999997 13.950000000000001 12.9 35.70000000000001 19.500000000000004 15.500000000000002 10.500000000000002 19.500000000000004 1.0000000180025095e-35 18.500000000000004 17.500000000000004 15.500000000000002 22.500000000000004 1.0000000180025095e-35 1.0000000180025095e-35 11.500000000000002 9.5000000000000018 1.0000000180025095e-35
decision_type=2 2 2 2 2 2 2 2 2 2 2 2 2 2 2 2 2 2 2 2 2 2 2 2 2 2 2 2 2 2
left_child=1 19 10 6 11 -6 -4 -7 13 15 12 -5 24 14 -9 16 -10 18 -15 20 -1 22 -22 -12 27 -26 -27 28 -3 -30
right_child=-2 2 3 4 5 7 -8 8 9 -11 23 -13 -14 17 -16 -17 -18 -19 -20 -21 21 -23 -24 -25 25 26 -28 -29 29 -31
leaf_value=0.012390963090967766 1.3135871036333846 0.0001125611591699105 -3.3068685465664775e-05 -0.0037928519873796419 -0.0041473149486645159 0.0024281563074048055 -0.0046506378022517225 -0.0026111798331271531 -0.0086605641681654078 0.010443699222768645 0.00082059654453967576 0.0037917215119824378 -0.0025682885246480327 -0.010572619488412018 0.00032224962402782609 -0.054433419457284062 0.016649837972020975 -0.0088452563886512788 0.0016804342146109264 0.010240970585546894 -0.0087467573748909906 -0.0082941248477780508 0.026532476096367798 0.00043075356210167117 0.012955735557512595 -0.0014006122813271739 -0.0070718104257520235 0.0012255785885602944 -0.024202470748514095 0.021849047373718469
leaf_weight=10.999999999999998 17 811 6.9999999999999991 5.9999999999999982 5.9999999999999991 8.9999999999999982 8.9999999999999982 8.9999999999999982 8.0000000000000053 6.9999999999999991 6.9999999999999982 6 6.9999999999999991 6.0000000000000018 5.9999999999999991 6.9999999999999991 4.9999999999999991 6.9999999999999991 5 13.999999999999998 7.0000000000000009 6.9999999999999991 8 5 26 5.9999999999999973 8 1262 223 48
leaf_count=11 17 811 7 6 6 9 9 9 8 7 7 6 7 6 6 7 5 7 5 14 7 7 8 5 26 6 8 1262 223 48
internal_value=5.83658e-05 -0.000107716 -0.000179569 -0.0026699 -0.000862069 -0.00233333 -0.0125 -0.00108696 -0.0025 0.00277778 -7.28256e-05 0.00833333 -0.000115015 -0.00681818 -0.00166667 -0.0025 0.00192308 -0.0111111 -0.00681818 0.0037234 0.00227273 0 0.00166667 0.00833333 -8.38926e-05 -0.00125 -0.00357143 -6.39932e-05 -0.000231054 -0.00101476
internal_weight=2570 2553 2506 103 87 75 16 69 60 27 2403 12 2391 33 15 20 13 18 11 47 33 22 15 12 2384 40 14 2344 1082 271
internal_count=2570 2553 2506 103 87 75 16 69 60 27 2403 12 2391 33 15 20 13 18 11 47 33 22 15 12 2384 40 14 2344 1082 271
is_linear=0
shrinkage=0.05


Tree=71
num_leaves=31
num_cat=0
split_feature=2 9 2 2 2 8 2 2 3 2 2 3 3 2 2 3 3 3 3 7 3 3 3 2 3 8 5 3 3 8
split_gain=4.25835 0.281112 0.266465 0.779897 0.907407 0.534188 0.489158 0.494601 0.481856 0.340887 0.315488 0.303147 0.492308 0.367464 0.4689 0.276923 0.208514 0.512121 0.0932578 0.136364 0.052381 0.144048 0.0380952 0.0272727 0.0221282 0.0464286 0.0535714 0.0224353 0.0888265 0.0986716
threshold=47.650000000000006 1.6000000000000003 3.3000000000000012 18.650000000000002 35.70000000000001 1.0000000180025095e-35 4.0500000000000016 13.950000000000001 19.500000000000004 0.65000000000000047 0.3499999999999997 17.500000000000004 15.500000000000002 6.7500000000000009 11.550000000000002 19.500000000000004 15.500000000000002 10.500000000000002 19.500000000000004 1.0000000180025095e-35 18.500000000000004 17.500000000000004 15.500000000000002 5.150000000000003 22.500000000000004 1.0000000180025095e-35 1.0000000180025095e-35 11.500000000000002 9.5000000000000018 1.0000000180025095e-35
decision_type=2 2 2 2 2 2 2 2 2 2 2 2 2 2 2 2 2 2 2 2 2 2 2 2 2 2 2 2 2 2
left_child=1 18 9 6 5 15 -4 8 11 10 24 12 13 23 -15 -5 17 -9 19 -1 21 -21 -11 -8 27 -26 -27 28 -3 -30
right_child=-2 2 3 4 -6 -7 7 16 -10 22 -12 -13 -14 14 -16 -17 -18 -19 -20 20 -22 -23 -24 -25 25 26 -28 -29 29 -31
leaf_value=0.011771414936419334 1.2479077484517156 0.00010693310121139277 -0.0036690264291621591 -0.0082275359597570492 -0.049558798784926243 0.0099215142616301943 -0.001842075879511107 -0.01004398851399131 0.0055583102965290013 0.00077956671731271854 -0.0024398740984155512 -0.00038055587569374438 0.00086762569287230924 -0.0024806208414709374 -0.002378559532311897 0.015817346073420068 -0.008402993569218609 0.0015964125038802736 0.0097289220562694744 -0.0083094195061464756 -0.0078794186053891668 0.025205852291549438 0.0004092158839966942 0.00049079118293491317 0.012307948779636924 -0.001330581667260855 -0.0067182199044644175 0.0011642996591322951 -0.022992347211088407 0.020756595005032533
leaf_weight=10.999999999999998 17 811 6.9999999999999991 8.0000000000000053 8.9999999999999982 4.9999999999999991 6.0000000000000018 6.0000000000000018 6.9999999999999991 6.9999999999999982 6.9999999999999991 4.9999999999999991 8.9999999999999982 11.000000000000002 7.9999999999999991 4.9999999999999991 6.9999999999999991 5 13.999999999999998 7.0000000000000009 6.9999999999999991 8 5 5 26 5.9999999999999973 8 1262 223 48
leaf_count=11 17 811 7 8 9 5 6 6 7 7 7 5 9 11 8 5 7 5 14 7 7 8 5 5 26 6 8 1262 223 48
internal_value=5.83658e-05 -0.000107716 -0.000179569 -0.0026699 0.00462963 0.0111111 -0.00526316 -0.00398551 -0.00147059 -7.28256e-05 -0.000115015 -0.00340909 -0.00192308 -0.005 -0.00921053 0.00576923 -0.0111111 -0.00681818 0.0037234 0.00227273 0 0.00166667 0.00833333 0.00227273 -8.38926e-05 -0.00125 -0.00357143 -6.39932e-05 -0.000231054 -0.00101476
internal_weight=2570 2553 2506 103 27 18 76 69 51 2403 2391 44 39 30 19 13 18 11 47 33 22 15 12 11 2384 40 14 2344 1082 271
internal_count=2570 2553 2506 103 27 18 76 69 51 2403 2391 44 39 30 19 13 18 11 47 33 22 15 12 11 2384 40 14 2344 1082 271
is_linear=0
shrinkage=0.05


Tree=72
num_leaves=31
num_cat=0
split_feature=2 2 8 2 2 3 2 2 2 2 2 2 2 3 2 2 2 2 2 9 3 7 3 5 2 5 8 3 3 3
split_gain=3.49184 0.308332 0.825 0.741694 0.471429 0.3 0.9 0.148509 0.544444 0.15151 0.665056 0.696976 0.49757 0.3 0.25153 0.319899 0.25154 0.1 0.0833333 0.0534813 0.228571 0.0676407 0.126401 0.0721925 0.0343661 0.0241179 0.179479 0.155531 0.213279 0.134917
threshold=57.400000000000006 18.650000000000002 1.0000000180025095e-35 15.150000000000004 26.850000000000005 11.500000000000002 35.70000000000001 12.4 13.500000000000002 8.5000000000000018 7.6499999999999995 6.0500000000000016 4.6000000000000023 12.500000000000002 3.5500000000000012 2.3000000000000012 0.65000000000000047 9.9000000000000004 16.850000000000001 1.6000000000000003 20.500000000000004 1.0000000180025095e-35 17.500000000000004 1.0000000180025095e-35 0.3499999999999997 1.0000000180025095e-35 1.0000000180025095e-35 10.500000000000002 7.5000000000000009 4.5000000000000009
decision_type=2 2 2 2 2 2 2 2 2 2 2 2 2 2 2 2 2 2 2 2 2 2 2 2 2 2 2 2 2 2
left_child=1 3 4 7 -3 -6 -7 9 -9 10 11 12 14 -11 15 16 19 -15 -5 20 21 -1 -23 -24 25 -21 27 28 -27 -28
right_child=-2 2 -4 18 5 6 -8 8 -10 13 -12 -13 -14 17 -16 -17 -18 -19 -20 24 -22 22 23 -25 -26 26 29 -29 -30 -31
leaf_value=0.011182844189598385 1.2505123228821575 0.01502647876974912 0.013778685614001418 -0.0068658671961822296 0.018786714545495187 0.0086381080112801108 -0.056213285454504817 -0.0030680027206857474 5.5204884585080555e-05 -0.0023565897993975682 -0.0038996243225160043 0.00082424440822883584 -0.0038686715731319765 0.0052803947817025689 0.00082605794709245117 -0.0030184494448459278 0.00074058838144708261 0.0008886063498557917 -0.0099437587534231056 -0.00061652963641058991 -0.02250845284733094 -0.0078939485308391795 -0.0048074039001864584 0.030198532790873589 -0.0023178803934948535 0.0069613633749592736 -0.028274510821844647 0.0045902529637706913 0.081653614357271351 -0.0023711172889063548
leaf_weight=10.999999999999998 13.999999999999998 7.0000000000000027 8.0000000000000018 5.9999999999999982 4.9999999999999991 4.9999999999999982 5 5.9999999999999991 8.9999999999999982 4.9999999999999991 5.9999999999999991 8.9999999999999982 7.9999999999999991 4.9999999999999982 8.9999999999999982 6.9999999999999991 8.9999999999999982 5 6 1837 9.9999999999999982 7.0000000000000027 6.0000000000000009 11 6.9999999999999991 37 24 169 32 285
leaf_count=11 14 7 8 6 5 5 5 6 9 5 6 9 8 5 9 7 9 5 6 1837 10 7 6 11 7 37 24 169 32 285
internal_value=9.72763e-05 -3.91236e-05 0.005 -9.89707e-05 0 -0.005 -0.01 -3.97772e-05 -0.005 -1.0004e-05 -4.02576e-05 0 -5.06278e-05 0.005 -1.01585e-05 -4.0783e-05 -1.02249e-05 0.01 -0.0125 -4.10509e-05 0.00166667 0.00357143 0.00208333 0.00441176 -7.31911e-05 -6.29195e-05 0.000228519 0.0012605 0.00326087 -0.000566343
internal_weight=2570 2556 30 2526 22 15 10 2514 15 2499 2484 2478 2469 15 2461 2452 2445 10 12 2436 45 35 24 17 2391 2384 547 238 69 309
internal_count=2570 2556 30 2526 22 15 10 2514 15 2499 2484 2478 2469 15 2461 2452 2445 10 12 2436 45 35 24 17 2391 2384 547 238 69 309
is_linear=0
shrinkage=0.05


Tree=73
num_leaves=31
num_cat=0
split_feature=2 9 2 8 2 3 2 3 2 2 2 3 2 3 2 2 2 2 2 2 2 3 7 2 3 3 3 2 3 5
split_gain=3.49184 0.27113 0.143967 1.03712 0.735518 0.371212 1.02273 0.593939 0.145462 0.544444 0.228823 0.381674 0.2164 0.803571 0.576732 0.421491 0.508271 0.595238 0.30303 0.176551 0.148485 0.0932578 0.136364 0.0833333 0.052381 0.144048 0.0480468 0.029304 0.0268039 0.0625
threshold=57.400000000000006 1.6000000000000003 18.650000000000002 1.0000000180025095e-35 15.150000000000004 11.500000000000002 35.70000000000001 19.500000000000004 12.4 13.500000000000002 8.0500000000000025 12.500000000000002 1.0500000000000009 21.500000000000004 3.5500000000000012 6.7500000000000009 6.0500000000000016 4.6000000000000023 2.3000000000000012 1.0000000180025095e-35 9.9000000000000004 19.500000000000004 1.0000000180025095e-35 16.850000000000001 18.500000000000004 17.500000000000004 1.5000000000000002 0.55000000000000082 1.0000000180025095e-35 1.0000000180025095e-35
decision_type=2 2 2 2 2 2 2 2 2 2 2 2 2 2 2 2 2 2 2 2 2 2 2 2 2 2 2 2 2 2
left_child=1 21 4 5 8 -4 7 -7 10 -10 12 -12 19 14 18 16 17 -16 -14 26 -13 22 -1 -6 25 -24 28 -21 -3 -30
right_child=-2 2 3 -5 23 6 -8 -9 9 -11 11 20 13 -15 15 -17 -18 -19 -20 27 -22 -23 24 -25 -26 -27 -28 -29 29 -31
leaf_value=0.010623701980118484 1.1879867067380496 0.0066132952062113231 0.023710240207010361 0.013089751333301437 -0.0065225738363730917 -0.0084077738312950956 -0.05340262118177961 0.014275154831261717 -0.002914602584651327 5.2444640355986398e-05 -0.00029755348164357543 0.0035078612554618974 -0.0021492440796821556 0.0013521391141207318 0.00044774411132451067 -0.0086695994759494969 0.00048859279912782938 -0.0036752379944754669 -0.0050623143845967894 0.0029718446429732206 0.0008441760323631087 0.0084669065234785016 -0.0074992511042972334 -0.009446570815751976 -0.0089953743146633514 0.023310781454704801 -0.00056155340316612625 0.00016534094237758979 0.010051681662901846 0.041210810768579444
leaf_weight=10.999999999999998 13.999999999999998 37 6.0000000000000027 8.0000000000000018 5.9999999999999982 5.9999999999999982 4.9999999999999991 5 5.9999999999999991 8.9999999999999982 7.0000000000000027 5.9999999999999982 5.9999999999999982 4.9999999999999991 6.0000000000000062 4.9999999999999991 4.9999999999999991 7.9999999999999991 5 5.9999999999999982 5 13.999999999999998 7.0000000000000009 6 6.9999999999999991 8 2328 7 7.9999999999999973 8
leaf_count=11 14 37 6 8 6 6 5 5 6 9 7 6 6 5 6 5 5 8 5 6 5 14 7 6 7 8 2328 7 8 8
internal_value=9.72763e-05 -3.91236e-05 -0.000109605 0.00333333 -0.000151271 -0.00227273 -0.00625 0.00227273 -9.12039e-05 -0.005 -6.11746e-05 0.00555556 -0.000102712 -0.00375 -0.00642857 -0.00208333 0.00131579 -0.00357143 -0.0159091 -4.17711e-05 0.0113636 0.0037234 0.00227273 -0.0125 0 0.00166667 -7.34985e-05 0.00576923 0.00141509 0.003125
internal_weight=2570 2556 2509 30 2479 22 16 11 2467 15 2452 18 2434 40 35 24 19 14 11 2394 11 47 33 12 22 15 2381 13 53 16
internal_count=2570 2556 2509 30 2479 22 16 11 2467 15 2452 18 2434 40 35 24 19 14 11 2394 11 47 33 12 22 15 2381 13 53 16
is_linear=0
shrinkage=0.05


Tree=74
num_leaves=31
num_cat=0
split_feature=2 2 8 2 2 3 2 9 3 7 2 2 3 2 2 2 2 3 2 5 7 2 3 3 2 3 8 5 3 3
split_gain=3.47549 0.301192 0.825 0.748814 0.471429 0.3 0.9 0.262774 0.0932578 0.136364 0.0891711 0.694444 0.75 0.672222 0.245363 0.228571 0.321429 0.288095 0.123156 0.331579 0.291667 0.0833333 0.052381 0.144048 0.0339564 0.0221282 0.0464286 0.0535714 0.0224353 0.0888265
threshold=57.400000000000006 18.650000000000002 1.0000000180025095e-35 15.150000000000004 26.850000000000005 11.500000000000002 35.70000000000001 1.6000000000000003 19.500000000000004 1.0000000180025095e-35 5.150000000000003 7.6499999999999995 15.500000000000002 8.5000000000000018 4.0500000000000016 10.700000000000001 12.9 15.500000000000002 0.65000000000000047 1.0000000180025095e-35 1.0000000180025095e-35 16.850000000000001 18.500000000000004 17.500000000000004 0.3499999999999997 22.500000000000004 1.0000000180025095e-35 1.0000000180025095e-35 11.500000000000002 9.5000000000000018
decision_type=2 2 2 2 2 2 2 2 2 2 2 2 2 2 2 2 2 2 2 2 2 2 2 2 2 2 2 2 2 2
left_child=1 3 4 7 -3 -6 -7 8 9 -1 14 12 -12 -13 18 -15 -17 -18 24 20 -20 -5 23 -11 25 28 -27 -28 29 -9
right_child=-2 2 -4 21 5 6 -8 10 -10 22 11 13 -14 15 -16 16 17 -19 19 -21 -22 -23 -24 -25 -26 26 27 -29 -30 -31
leaf_value=0.010092516881112524 1.1285873714011474 0.013561397089698703 0.012435263766636241 -0.0061964451445545524 0.016661866807869786 0.0074924448691525928 -0.050732490122690876 0.00024821998075443832 0.0080435611973045159 -0.0071242885490823589 -0.0034719721381511804 -0.0034804642824504128 0.0039434857676232228 0.0018239544055330015 -0.0030341455497197248 -0.0023927115289218651 0.0006294779919350902 -0.00014263430526710865 -0.0048017924980026556 0.00047207060633311929 9.4639693004339176e-05 -0.0089742422749642618 -0.0085456055989301845 0.022145242381969601 -0.0022102534209389904 0.011751455492633945 -0.0012051484319189677 -0.0062356753746375393 0.0011877746915476273 -0.013578918140419028
leaf_weight=10.999999999999998 13.999999999999998 7.0000000000000027 8.0000000000000018 5.9999999999999982 4.9999999999999991 4.9999999999999982 5 811 13.999999999999998 7.0000000000000009 5.9999999999999982 5.9999999999999991 6 9.0000000000000018 8.9999999999999982 9.0000000000000018 6.9999999999999982 5 6.0000000000000009 4.9999999999999991 8 6 6.9999999999999991 8 6.9999999999999991 26 5.9999999999999973 8 1262 271
leaf_count=11 14 7 8 6 5 5 5 811 14 7 6 6 6 9 9 9 7 5 6 5 8 6 7 8 7 26 6 8 1262 271
internal_value=0.000155642 1.95618e-05 0.005 -3.95883e-05 0 -0.005 -0.01 1.98886e-05 0.0037234 0.00227273 -5.06688e-05 0.00208333 0.0125 -0.00138889 -9.30136e-05 0.00166667 -0.00119048 0.00416667 -6.22407e-05 0.00394737 0 -0.0125 0 0.00166667 -9.41029e-05 -8.38926e-05 -0.00125 -0.00357143 -6.39932e-05 -0.000231054
internal_weight=2570 2556 30 2526 22 15 10 2514 47 33 2467 48 12 36 2419 30 21 12 2410 19 14 12 22 15 2391 2384 40 14 2344 1082
internal_count=2570 2556 30 2526 22 15 10 2514 47 33 2467 48 12 36 2419 30 21 12 2410 19 14 12 22 15 2391 2384 40 14 2344 1082
is_linear=0
shrinkage=0.05


Tree=75
num_leaves=31
num_cat=0
split_feature=2 9 3 3 3 2 8 2 3 2 3 2 2 2 3 2 2 7 3 3 2 5 3 2 3 2 3 8 5 3
split_gain=3.48638 0.13747 0.160311 0.16835 0.169312 0.140653 1.03712 0.740331 0.371212 1.02273 0.593939 0.0967331 0.494231 0.409091 0.399015 0.410509 0.172548 0.57619 0.482143 0.4 0.133333 0.0952381 0.0952381 0.0833333 0.0535714 0.0339564 0.0221282 0.0464286 0.0535714 0.0224353
threshold=57.400000000000006 1.6000000000000003 19.500000000000004 10.500000000000002 15.500000000000002 18.650000000000002 1.0000000180025095e-35 15.150000000000004 11.500000000000002 35.70000000000001 19.500000000000004 6.0500000000000016 4.6000000000000023 7.6499999999999995 17.500000000000004 11.550000000000002 0.65000000000000047 1.0000000180025095e-35 8.5000000000000018 20.500000000000004 8.5000000000000018 1.0000000180025095e-35 18.500000000000004 16.850000000000001 17.500000000000004 0.3499999999999997 22.500000000000004 1.0000000180025095e-35 1.0000000180025095e-35 11.500000000000002
decision_type=2 2 2 2 2 2 2 2 2 2 2 2 2 2 2 2 2 2 2 2 2 2 2 2 2 2 2 2 2 2
left_child=1 2 3 -1 -5 7 8 11 -7 10 -10 12 16 -13 15 20 25 19 -19 -18 -15 -17 24 -9 -6 26 29 -28 -29 -3
right_child=-2 5 -4 4 22 6 -8 23 9 -11 -12 13 -14 14 -16 21 17 18 -20 -21 -22 -23 -24 -25 -26 -27 27 28 -30 -31
leaf_value=0.059245233046605832 1.0721580028310898 -0.0026315357752766835 0.007641383137439295 -0.032912128036429421 0.065731916341628602 0.021691634856266618 0.01181350057830457 -0.0058866228873268867 -0.0085137311887015354 -0.048195865616555977 0.012883327235213926 0.00079677312178088049 -0.003339768817265565 -0.0065042295432171217 0.00013287381417868006 0.00074904200579215549 -0.0058142301604803496 0.0031556242988527218 -0.0020325322054111084 0.00044846707601635676 -0.0019070142888802267 -0.0022964879315399145 -0.0081183253189836442 -0.0085255301612159329 0.02103798026287116 -0.0020997407498921207 0.011163882718002239 -0.0011448910103229793 -0.0059238916059056734 0.0011283859569702237
leaf_weight=5.9999999999999991 13.999999999999998 1082 13.999999999999998 6.0000000000000027 6.0000000000000009 6.0000000000000027 8.0000000000000018 5.9999999999999982 5.9999999999999982 4.9999999999999991 5 7.9999999999999991 7.9999999999999991 5.0000000000000027 6.9999999999999991 5.9999999999999973 5 7.9999999999999991 6.0000000000000009 5 9.9999999999999982 8 6.9999999999999991 6 8 6.9999999999999991 26 5.9999999999999973 8 1262
leaf_count=6 14 1082 14 6 6 6 8 6 6 5 5 8 8 5 7 6 5 8 6 5 10 8 7 6 8 7 26 6 8 1262
internal_value=0.000116732 -1.95618e-05 0.00265957 0.000757576 -0.000925926 -6.97489e-05 0.00333333 -0.000110932 -0.00227273 -0.00625 0.00227273 -5.06688e-05 -9.28601e-05 0.00227273 0 -0.00258621 -5.17598e-05 0.00416667 0.0107143 -0.005 -0.00833333 0.00357143 0.00119048 -0.0125 0.00357143 -9.41029e-05 -8.38926e-05 -0.00125 -0.00357143 -6.39932e-05
internal_weight=2570 2556 47 33 27 2509 30 2479 22 16 11 2467 2423 44 36 29 2415 24 14 10 15 14 21 12 14 2391 2384 40 14 2344
internal_count=2570 2556 47 33 27 2509 30 2479 22 16 11 2467 2423 44 36 29 2415 24 14 10 15 14 21 12 14 2391 2384 40 14 2344
is_linear=0
shrinkage=0.05


Tree=76
num_leaves=31
num_cat=0
split_feature=2 2 2 8 2 2 3 2 3 2 3 2 3 3 2 9 3 2 3 2 2 3 3 3 5 3 3 2 3 8
split_gain=3.48638 0.305943 0.882555 0.825 0.471429 0.319064 0.965309 0.523498 0.518519 0.495953 0.3 0.9 0.208514 0.512121 0.194444 0.0911147 0.263043 0.103741 0.342857 0.266667 0.176551 0.0833333 0.05 0.0888889 0.111111 0.0857143 0.0380952 0.029304 0.0225249 0.0464286
threshold=57.400000000000006 18.650000000000002 13.950000000000001 1.0000000180025095e-35 26.850000000000005 6.0500000000000016 19.500000000000004 12.4 9.5000000000000018 4.6000000000000023 11.500000000000002 35.70000000000001 15.500000000000002 10.500000000000002 9.1500000000000039 1.6000000000000003 20.500000000000004 1.0500000000000009 7.5000000000000009 2.3000000000000012 1.0000000180025095e-35 15.500000000000002 10.500000000000002 17.500000000000004 1.0000000180025095e-35 16.500000000000004 18.500000000000004 0.55000000000000082 22.500000000000004 1.0000000180025095e-35
decision_type=2 2 2 2 2 2 2 2 2 2 2 2 2 2 2 2 2 2 2 2 2 2 2 2 2 2 2 2 2 2
left_child=1 2 5 4 -3 9 7 8 -7 15 -6 -12 13 -4 21 16 22 20 -19 -20 28 -10 -1 25 -25 -24 -26 -22 -17 -30
right_child=-2 3 12 -5 10 6 -8 -9 14 -11 11 -13 -14 -15 -16 17 -18 18 19 -21 27 -23 23 24 26 -27 -28 -29 29 -31
leaf_value=0.056282971394275495 1.0185501026895352 0.012239160873453159 -0.0079827488115469698 0.011222825549389271 0.014744191724663125 -0.0028559935067050905 0.0082926060561803183 -0.0050761555588412222 0.00037546429898043247 -0.0031727803764024288 0.0064736562639339471 -0.045786072335728539 -0.0079877383424499012 0.0014422834025531019 0.00018100409825727581 -0.00062513401400980943 -0.022590622747875513 -0.0027957959986334661 -0.0020745911626843141 0.00031577984788864203 0.0028730982488822223 0.00060332471592321473 0.0012334592919057031 -0.0078917339101543856 0.025363905946352718 -0.010054669938709626 0.010233349962871331 0.00037257360380014152 0.010605688582102158 -0.0056276970256103898
leaf_weight=5.9999999999999991 13.999999999999998 7.0000000000000027 6.0000000000000018 8.0000000000000018 4.9999999999999991 6.0000000000000027 4.9999999999999991 6.9999999999999991 6.0000000000000018 7.9999999999999991 4.9999999999999982 5 6.9999999999999991 5 8.9999999999999982 2341 9.9999999999999982 5.0000000000000027 5.9999999999999991 9.9999999999999982 5.9999999999999982 6 7.0000000000000018 6.0000000000000009 5 5 7 7 26 13.999999999999998
leaf_count=6 14 7 6 8 5 6 5 7 6 8 5 5 7 5 9 2341 10 5 6 10 6 6 7 6 5 5 7 7 26 14
internal_value=0.000116732 -1.95618e-05 -7.91766e-05 0.005 0 0 0.00448718 0.00147059 0.00462963 -7.08789e-05 -0.005 -0.01 -0.0111111 -0.00681818 0.00833333 -3.04754e-05 0.00217391 -7.24638e-05 -0.00357143 0 -4.17711e-05 0.0125 0.00416667 0.00333333 0.00555556 0 0.00833333 0.00576923 -7.34985e-05 -0.00125
internal_weight=2570 2556 2526 30 22 2508 39 34 27 2469 15 10 18 11 21 2461 46 2415 21 16 2394 12 36 30 18 12 12 13 2381 40
internal_count=2570 2556 2526 30 22 2508 39 34 27 2469 15 10 18 11 21 2461 46 2415 21 16 2394 12 36 30 18 12 12 13 2381 40
is_linear=0
shrinkage=0.05


Tree=77
num_leaves=31
num_cat=0
split_feature=2 2 2 3 8 2 2 3 3 3 2 2 2 7 2 2 5 7 9 3 7 3 3 2 2 7 8 5 3 3
split_gain=3.47005 0.133963 0.807692 0.807692 0.268966 1.00833 1.25952 0.431034 0.394253 0.36082 0.326475 0.710227 0.593939 0.291667 0.249087 0.201642 0.466667 0.291667 0.0534813 0.123077 0.311688 0.214286 0.291667 0.0444444 0.0343661 0.028118 0.077221 0.189287 0.0640021 0.0590868
threshold=57.400000000000006 5.150000000000003 7.6499999999999995 15.500000000000002 1.0000000180025095e-35 18.650000000000002 12.4 13.500000000000002 18.500000000000004 5.5000000000000009 17.950000000000003 14.35 10.700000000000001 1.0000000180025095e-35 4.0500000000000016 0.65000000000000047 1.0000000180025095e-35 1.0000000180025095e-35 1.6000000000000003 19.500000000000004 1.0000000180025095e-35 17.500000000000004 18.500000000000004 12.4 0.3499999999999997 1.0000000180025095e-35 1.0000000180025095e-35 1.0000000180025095e-35 7.5000000000000009 7.5000000000000009
decision_type=2 2 2 2 2 2 2 2 2 2 2 2 2 2 2 2 2 2 2 2 2 2 2 2 2 2 2 2 2 2
left_child=1 14 3 -3 7 6 -6 9 23 -4 11 12 -11 -10 15 18 17 -17 19 20 -1 -22 -23 -9 25 -20 29 -28 -29 -27
right_child=-2 2 4 -5 5 -7 -8 8 13 10 -12 -13 -14 -15 -16 16 -18 -19 24 -21 21 22 -24 -25 -26 26 27 28 -30 -31
leaf_value=0.01117182447428311 0.96762259755505875 -0.0031648657369210301 -0.0054622828696604848 0.0067989125449336996 0.0043285102660497897 0.010661684271919825 -0.0049068428546053871 -0.001905128226137265 -0.0065315906041355735 0.00019778566877270976 -0.010834579039152459 0.014785368201608407 -0.0099052849841408282 0.0031308174739832495 -0.002556810812550481 -0.0041312015651467247 0.0012031360279684657 0.00010580068888801365 -0.00072866673568348092 0.0057143544068107843 -0.009551936441774168 0.019549276948822625 -0.041093672822084183 -0.016573560879520954 -0.0020133823925876371 -0.010840825252043064 0.011478771149835199 0.052898652007924256 -0.015731633653742083 0.0011032233598221809
leaf_weight=10.999999999999998 13.999999999999998 5.9999999999999982 6.0000000000000027 7 5.0000000000000018 7.9999999999999991 7 6.0000000000000027 5.9999999999999973 5.0000000000000053 6.9999999999999991 4.9999999999999991 6 8 8.9999999999999982 6.0000000000000009 5.9999999999999991 8 1123 12.999999999999998 7.0000000000000027 7.9999999999999982 6 8.9999999999999982 6.9999999999999991 278 94 20 145 724
leaf_count=11 14 6 6 7 5 8 7 6 6 5 7 5 6 8 9 6 6 8 1123 13 7 8 6 9 7 278 94 20 145 724
internal_value=0.000175097 3.91236e-05 0.00192308 0.0134615 0 0.005 -0.00416667 -0.00172414 -0.00603448 0.00258621 0.00543478 0.009375 0.00227273 0 -3.0426e-05 0 0.005 0 -4.10509e-05 0.00166667 0 -0.00357143 0 -0.0116667 -7.31911e-05 -6.29195e-05 9.91277e-05 0.000868726 -0.000151515 -9.98004e-05
internal_weight=2570 2556 91 13 78 20 12 58 29 29 23 16 11 14 2465 2456 20 14 2436 45 32 21 14 15 2391 2384 1261 259 165 1002
internal_count=2570 2556 91 13 78 20 12 58 29 29 23 16 11 14 2465 2456 20 14 2436 45 32 21 14 15 2391 2384 1261 259 165 1002
is_linear=0
shrinkage=0.05


Tree=78
num_leaves=31
num_cat=0
split_feature=2 2 2 8 2 3 2 9 3 3 2 2 2 2 2 2 7 7 3 3 7 3 3 3 2 3 3 8 5 3
split_gain=3.4973 0.310731 0.876232 0.825 0.471429 0.3 0.9 0.271335 0.208514 0.512121 0.171585 0.243011 0.343244 0.380128 0.340887 0.184005 0.804762 0.358135 0.152381 0.0932578 0.136364 0.052381 0.144048 0.0380952 0.0335493 0.0235532 0.0786602 0.0986716 0.136742 0.0962144
threshold=57.400000000000006 18.650000000000002 13.950000000000001 1.0000000180025095e-35 26.850000000000005 11.500000000000002 35.70000000000001 1.6000000000000003 15.500000000000002 10.500000000000002 12.9 10.700000000000001 8.0500000000000025 3.3000000000000012 0.65000000000000047 5.150000000000003 1.0000000180025095e-35 1.0000000180025095e-35 15.500000000000002 19.500000000000004 1.0000000180025095e-35 18.500000000000004 17.500000000000004 15.500000000000002 0.3499999999999997 11.500000000000002 9.5000000000000018 1.0000000180025095e-35 1.0000000180025095e-35 8.5000000000000018
decision_type=2 2 2 2 2 2 2 2 2 2 2 2 2 2 2 2 2 2 2 2 2 2 2 2 2 2 2 2 2 2
left_child=1 2 7 4 -3 -6 -7 19 9 -4 11 12 13 14 24 17 -17 -15 -14 20 -1 22 -22 -16 25 26 29 -28 -29 -9
right_child=-2 3 8 -5 5 6 -8 10 -10 -11 -12 -13 18 15 23 16 -18 -19 -20 -21 21 -23 -24 -25 -26 -27 27 28 -30 -31
leaf_value=0.010613233250568933 0.91924146767730552 0.011953782359987031 -0.0073104972274865791 0.010128600058323656 0.014548711090387911 0.0059934325770377942 -0.042668090674965957 -0.0022462901292151119 -0.007744892299026418 0.00063090082234502638 0.00074594715627185337 -0.0020915190316380008 0.00018789638533398545 -0.0033436313619866101 0.0007682678262417753 0.0064589669176868371 -0.0031548764750095161 -1.3405779381159279e-05 0.0018931975752110475 0.0064833334062975208 -0.0090743396196854686 -0.0061693929100737682 0.018571813101381496 0.00035009792842259917 -0.0019127132729582998 0.00091621313594605349 -0.020905612965285727 0.025655877371657712 -0.0013462710210331965 0.026740320631743142
leaf_weight=10.999999999999998 13.999999999999998 7.0000000000000027 6.0000000000000018 8.0000000000000018 4.9999999999999991 4.9999999999999982 5 697 6.9999999999999991 5 5.9999999999999991 8.9999999999999982 4.9999999999999982 7.0000000000000044 6.9999999999999982 6.9999999999999973 8 9 7 13.999999999999998 7.0000000000000009 6.9999999999999991 8 5 6.9999999999999991 1302 223 14.999999999999998 33 114
leaf_count=11 14 7 6 8 5 5 5 697 7 5 6 9 5 7 7 7 8 9 7 14 7 7 8 5 7 1302 223 15 33 114
internal_value=7.7821e-05 -5.86854e-05 -0.000118765 0.005 0 -0.005 -0.01 -3.98724e-05 -0.0111111 -0.00681818 -0.000111743 -0.000132383 -0.000102208 -0.000143796 -7.28256e-05 -0.00564516 -0.00166667 -0.009375 0.00833333 0.0037234 0.00227273 0 0.00166667 0.00833333 -0.000115015 -0.000104866 -0.000277264 -0.00101476 0.00104167 -3.08261e-05
internal_weight=2570 2556 2526 30 22 15 10 2508 18 11 2461 2455 2446 2434 2403 31 15 16 12 47 33 22 15 12 2391 2384 1082 271 48 811
internal_count=2570 2556 2526 30 22 15 10 2508 18 11 2461 2455 2446 2434 2403 31 15 16 12 47 33 22 15 12 2391 2384 1082 271 48 811
is_linear=0
shrinkage=0.05


Tree=79
num_leaves=31
num_cat=0
split_feature=2 9 2 2 3 3 3 7 2 2 2 3 2 3 2 2 3 2 2 3 3 7 3 3 2 3 8 5 3 3
split_gain=3.50822 0.279654 0.196312 0.568421 0.768254 1.40649 0.426136 0.30303 0.286706 0.232158 0.211552 0.803571 0.409191 0.593407 0.419251 0.518627 0.288095 0.179098 0.111111 0.152381 0.0932578 0.136364 0.052381 0.144048 0.029304 0.0209454 0.0464286 0.0535714 0.0264087 0.0786602
threshold=57.400000000000006 1.6000000000000003 12.4 18.650000000000002 11.500000000000002 18.500000000000004 14.500000000000002 1.0000000180025095e-35 15.150000000000004 8.0500000000000025 1.0500000000000009 21.500000000000004 4.0500000000000016 10.500000000000002 6.7500000000000009 6.0500000000000016 9.5000000000000018 1.0000000180025095e-35 10.700000000000001 15.500000000000002 19.500000000000004 1.0000000180025095e-35 18.500000000000004 17.500000000000004 0.55000000000000082 22.500000000000004 1.0000000180025095e-35 1.0000000180025095e-35 11.500000000000002 9.5000000000000018
decision_type=2 2 2 2 2 2 2 2 2 2 2 2 2 2 2 2 2 2 2 2 2 2 2 2 2 2 2 2 2 2
left_child=1 20 9 6 -5 -6 8 -8 -4 10 17 12 13 -12 15 16 -14 25 19 -11 21 -1 23 -23 -19 28 -27 -28 29 -3
right_child=-2 2 3 4 5 -7 7 -9 -10 18 11 -13 14 -15 -16 -17 -18 24 -20 -21 -22 22 -24 -25 -26 26 27 -29 -30 -31
leaf_value=0.010082571588040512 0.87327939429344004 -0.00037134796636211225 6.2903003232861465e-06 0.013975417120860102 -0.016044554464396656 0.0085249270950866329 -0.010621491248013017 -0.0012172920625076245 -0.0071643089913802534 0.00017850156606726844 -0.00262975451141223 0.0018601510834759694 0.00086901574391689 -0.0039863925365741792 -0.007446230595221693 0.00035089144025164388 -0.0024282999829537744 0.0027771098156824437 0.00018048036565634364 0.0017985376964503531 0.0061591667359825577 -0.0086206226387012027 -0.0058609232645700617 0.017643222446312425 0.00055024970688730688 0.010066026832983965 -0.00081563892853937509 -0.0053556894943430416 0.0010022515350337714 -0.011655424758885325
leaf_weight=10.999999999999998 13.999999999999998 811 9.0000000000000053 9.0000000000000018 11.000000000000002 9.9999999999999982 4.9999999999999982 6 6.9999999999999991 5.0000000000000018 5.9999999999999982 4.9999999999999991 5.0000000000000053 7 4.9999999999999991 4.9999999999999991 7 5.9999999999999982 5.9999999999999991 7 13.999999999999998 7.0000000000000009 6.9999999999999991 8 7 26 5.9999999999999973 8 1259 271
leaf_count=11 14 811 9 9 11 10 5 6 7 5 6 5 5 7 5 5 7 6 6 7 14 7 7 8 7 26 6 8 1259 271
internal_value=3.89105e-05 -9.78091e-05 -0.00016939 -0.00307018 0.00166667 -0.00357143 -0.00833333 -0.0159091 -0.003125 -0.000101958 -0.000143796 -0.00375 -0.00642857 -0.0134615 -0.00227273 0.00147059 -0.00416667 -8.35422e-05 0.00555556 0.00833333 0.0037234 0.00227273 0 0.00166667 0.00576923 -0.000115498 -0.00125 -0.00357143 -9.61128e-05 -0.000277264
internal_weight=2570 2556 2509 57 30 21 27 11 16 2452 2434 40 35 13 22 17 12 2394 18 12 47 33 22 15 13 2381 40 14 2341 1082
internal_count=2570 2556 2509 57 30 21 27 11 16 2452 2434 40 35 13 22 17 12 2394 18 12 47 33 22 15 13 2381 40 14 2341 1082
is_linear=0
shrinkage=0.05


Tree=80
num_leaves=31
num_cat=0
split_feature=2 9 3 3 3 2 2 3 2 3 3 2 3 7 3 2 2 3 2 5 7 2 3 2 3 3 8 5 3 8
split_gain=3.49184 0.139485 0.160311 0.16835 0.169312 0.142306 0.737922 0.573016 1.16667 0.380952 0.0952381 0.090873 0.617521 0.576923 0.520833 0.277778 0.244134 0.204167 0.124434 0.331579 0.291667 0.0833333 0.0535714 0.0335493 0.0235532 0.0786602 0.0986716 0.136742 0.0962144 0.144862
threshold=57.400000000000006 1.6000000000000003 19.500000000000004 10.500000000000002 15.500000000000002 18.650000000000002 15.150000000000004 11.500000000000002 35.70000000000001 19.500000000000004 18.500000000000004 5.150000000000003 18.500000000000004 1.0000000180025095e-35 13.500000000000002 9.9000000000000004 4.0500000000000016 11.500000000000002 0.65000000000000047 1.0000000180025095e-35 1.0000000180025095e-35 16.850000000000001 17.500000000000004 0.3499999999999997 11.500000000000002 9.5000000000000018 1.0000000180025095e-35 1.0000000180025095e-35 8.5000000000000018 1.0000000180025095e-35
decision_type=2 2 2 2 2 2 2 2 2 2 2 2 2 2 2 2 2 2 2 2 2 2 2 2 2 2 2 2 2 2
left_child=1 2 3 -1 -5 6 11 -7 9 -9 22 16 13 14 17 -15 18 -13 23 20 -20 -8 -6 24 25 28 -27 -28 -3 -30
right_child=-2 5 -4 4 10 7 21 8 -10 -11 -12 12 -14 15 -16 -17 -18 -19 19 -21 -22 -23 -24 -25 -26 26 27 -29 29 -31
leaf_value=0.053353304559243503 0.82961542457876836 -0.0021154082244362548 0.0058512083991834277 -0.032921576064847802 0.064310398956490739 0.01327664626481706 -0.0045488181647089119 0.0001437536626870184 -0.036869473490793329 0.06387784463405187 -0.0055678771013415234 0.00015666060004964068 0.003927497989164053 -0.0055838725370342956 -0.0018543892299726751 -0.0006346523506532975 -0.0023068849838061567 0.0045398690550483073 -0.0036259721932196953 0.00023958547782747532 0.0002470427794719399 -0.006854838566688848 0.01676106132399684 -0.0018445900946547412 0.00082028990239702004 -0.019277561079077188 0.024955854741019048 -0.00069618623203728804 0.055421891071960432 -0.019891386138796732
leaf_weight=5.9999999999999991 13.999999999999998 697 13.999999999999998 6.0000000000000027 6.0000000000000009 9.0000000000000018 5.9999999999999982 8.0000000000000018 6.9999999999999991 5.9999999999999991 6.9999999999999991 10.000000000000005 8.9999999999999982 8.9999999999999982 7.9999999999999991 5.9999999999999991 8.9999999999999982 5.9999999999999991 6.0000000000000009 4.9999999999999991 8 6 8 6.9999999999999991 1302 223 14.999999999999998 33 84 30
leaf_count=6 14 697 14 6 6 9 6 8 7 6 7 10 9 9 8 6 9 6 6 5 8 6 8 7 1302 223 15 33 84 30
internal_value=9.72763e-05 -3.91236e-05 0.00265957 0.000757576 -0.000925926 -8.96772e-05 -0.000131101 0.00333333 -0.00119048 0.00714286 0.00119048 -7.09364e-05 0.00208333 -0.000641026 0.00416667 -0.00833333 -0.000113683 0.009375 -8.29876e-05 0.00394737 0 -0.0125 0.00357143 -0.000115015 -0.000104866 -0.000277264 -0.00101476 0.00104167 -3.08261e-05 0.00131579
internal_weight=2570 2556 47 33 27 2509 2479 30 21 14 21 2467 48 39 24 15 2419 16 2410 19 14 12 14 2391 2384 1082 271 48 811 114
internal_count=2570 2556 47 33 27 2509 2479 30 21 14 21 2467 48 39 24 15 2419 16 2410 19 14 12 14 2391 2384 1082 271 48 811 114
is_linear=0
shrinkage=0.05


Tree=81
num_leaves=31
num_cat=0
split_feature=2 2 3 2 3 2 2 2 2 7 5 2 3 2 7 2 3 2 3 2 3 3 9 3 9 3 8 5 9 5
split_gain=3.48638 0.136505 0.573016 1.16667 0.380952 0.330168 0.143453 0.555556 0.495953 0.45 0.416667 0.266667 0.4 0.255654 0.666667 0.533333 0.4 0.1 0.0380952 0.0341894 0.0265001 0.102719 0.0806856 0.0530524 0.137206 0.0547817 0.134206 0.302198 0.125081 0.050334
threshold=57.400000000000006 18.650000000000002 11.500000000000002 35.70000000000001 19.500000000000004 15.150000000000004 6.0500000000000016 7.6499999999999995 4.6000000000000023 1.0000000180025095e-35 1.0000000180025095e-35 9.9000000000000004 13.500000000000002 0.65000000000000047 1.0000000180025095e-35 3.5500000000000012 20.500000000000004 10.700000000000001 15.500000000000002 0.3499999999999997 20.500000000000004 19.500000000000004 1.6000000000000003 18.500000000000004 1.6000000000000003 17.500000000000004 1.0000000180025095e-35 1.0000000180025095e-35 1.6000000000000003 1.0000000180025095e-35
decision_type=2 2 2 2 2 2 2 2 2 2 2 2 2 2 2 2 2 2 2 2 2 2 2 2 2 2 2 2 2 2
left_child=1 5 -3 4 -4 6 8 -8 13 11 17 -9 -13 19 16 -16 -15 -11 -7 20 21 23 -22 25 -25 29 28 -28 -27 -1
right_child=-2 2 3 -5 -6 18 7 9 -10 10 -12 12 -14 14 15 -17 -18 -19 -20 -21 22 -23 -24 24 -26 26 27 -29 -30 -31
leaf_value=-0.0027291087565243012 0.78813465334983024 0.012612813951576386 0.00013656597955282734 -0.035025999816253518 0.060683952402349389 -0.0065786526335759989 0.0014186363344649068 0.0018013302731265668 -0.0025656156400824417 0.0060713200459630917 -0.0064883888354664524 0.00037204781345892004 -0.0017616697684738726 -0.0046972008709364136 0.00023469064049841393 0.0055795863526284968 0.00022760620393604827 -0.00021768703061653127 -0.0020641018793710942 -0.0017523605899219419 -0.022671494757895427 0.0063072736714373081 -0.00082917112756817355 -0.03815907951718063 -0.006620758464025123 0.015923008257796977 0.083156519581144839 -0.0032049702619494805 -0.0093525641118646693 0.0045124764090813231
leaf_weight=1290 13.999999999999998 9.0000000000000018 8.0000000000000018 6.9999999999999991 5.9999999999999991 6.9999999999999982 8.9999999999999982 5.0000000000000027 7.9999999999999991 4.9999999999999982 5.9999999999999991 8.9999999999999982 5.9999999999999991 5 9.9999999999999982 5.0000000000000009 5 5 5 6.9999999999999991 9.9999999999999982 131 191 5.9999999999999991 191 7.9999999999999991 12.999999999999998 22 153 414
leaf_count=1290 14 9 8 7 6 7 9 5 8 5 6 9 6 5 10 5 5 5 5 7 10 131 191 6 191 8 13 22 153 414
internal_value=0.000116732 -1.95618e-05 0.00333333 -0.00119048 0.00714286 -5.93824e-05 -1.98886e-05 0.00277778 -7.08789e-05 0 -0.00625 0.005 0.00166667 -3.04754e-05 0.005 0.0116667 -0.005 0 -0.00833333 -8.21018e-05 -7.20461e-05 -2.24417e-05 -0.000621891 -0.000107296 -0.000888325 -2.63158e-05 0.000765306 0.00357143 0.00015528 -0.000117371
internal_weight=2570 2556 30 21 14 2526 2514 45 2469 36 16 20 15 2461 25 15 10 10 12 2436 2429 2228 201 2097 197 1900 196 35 161 1704
internal_count=2570 2556 30 21 14 2526 2514 45 2469 36 16 20 15 2461 25 15 10 10 12 2436 2429 2228 201 2097 197 1900 196 35 161 1704
is_linear=0
shrinkage=0.05


Tree=82
num_leaves=31
num_cat=0
split_feature=2 2 3 2 2 2 3 2 2 7 2 2 2 3 3 5 3 3 9 3 7 3 3 3 3 2 3 3 3 5
split_gain=3.48093 0.150885 0.711111 0.416177 0.333335 0.417837 0.726687 0.436364 0.363086 0.52521 0.336619 0.303177 0.480397 0.308761 0.444444 0.333333 0.277778 0.1 0.0547747 0.123077 0.311688 0.214286 0.291667 0.0380952 0.0380952 0.0339564 0.0224857 0.0543656 0.0677036 0.087037
threshold=57.400000000000006 33.95000000000001 11.500000000000002 18.650000000000002 15.150000000000004 5.150000000000003 17.500000000000004 9.1500000000000039 3.3000000000000012 1.0000000180025095e-35 0.65000000000000047 6.7500000000000009 8.0500000000000025 13.500000000000002 10.500000000000002 1.0000000180025095e-35 15.500000000000002 16.500000000000004 1.6000000000000003 19.500000000000004 1.0000000180025095e-35 17.500000000000004 18.500000000000004 15.500000000000002 15.500000000000002 0.3499999999999997 7.5000000000000009 9.5000000000000018 11.500000000000002 1.0000000180025095e-35
decision_type=2 2 2 2 2 2 2 2 2 2 2 2 2 2 2 2 2 2 2 2 2 2 2 2 2 2 2 2 2 2
left_child=1 3 -3 4 5 8 11 -8 10 -10 18 -7 -13 14 15 -14 -5 -11 19 20 -1 -22 -23 -6 -12 26 -20 -28 29 -29
right_child=-2 2 -4 16 23 6 7 -9 9 17 24 12 13 -15 -16 -17 -18 -19 25 -21 21 22 -24 -25 -26 -27 27 28 -30 -31
leaf_value=0.011360977249707105 0.74872792068233884 0.017690893057796232 -0.030888780435057585 0.0018783552771475698 -0.0062497200018970748 0.00025458202151362741 0.0072020779308060064 0.00041547959003196411 -0.002811409763545214 0.00066192988827999959 0.00067825527858680348 -0.0070982914409071897 0.0029081733990178552 -0.0016735862800500102 0.00086302138036078448 -0.0044210700738387841 0.0047017570354132236 -0.0020632599526116736 -0.0023131002364370269 0.0041885875758252309 -0.011630735275044657 0.015126857844907127 -0.036251125541321594 -0.0019608967854026107 0.0002162258937392636 -0.001664742560425836 0.010045591599093307 -0.024972329565904162 0.0010475799009884491 0.0039495758267014567
leaf_weight=10.999999999999998 13.999999999999998 5.9999999999999991 8.9999999999999982 5.9999999999999991 6.9999999999999982 6.9999999999999991 5.9999999999999982 5 7.0000000000000009 5 6.9999999999999982 5.0000000000000027 6.0000000000000053 7.9999999999999991 5.9999999999999991 6 8.9999999999999982 5 548 12.999999999999998 7.0000000000000027 7.9999999999999982 6 5 5 6.9999999999999991 263 207 1302 64
leaf_count=11 14 6 9 6 7 7 6 5 7 5 7 5 6 8 6 6 9 5 548 13 7 8 6 5 5 7 263 207 1302 64
internal_value=0.000136187 0 -0.005 2.95159e-05 -1.97941e-05 1.98886e-05 0.00459184 0.0159091 -7.09939e-05 -0.00735294 -2.04248e-05 0.00131579 -0.000806452 0.00192308 0.00555556 0 0.00833333 0 -6.15764e-05 0.00166667 0 -0.00357143 0 -0.00833333 0.00833333 -9.41029e-05 -8.38926e-05 0 -0.000111252 -0.000830258
internal_weight=2570 2556 15 2541 2526 2514 49 11 2465 17 2448 38 31 26 18 12 15 10 2436 45 32 21 14 12 12 2391 2384 1836 1573 271
internal_count=2570 2556 15 2541 2526 2514 49 11 2465 17 2448 38 31 26 18 12 15 10 2436 45 32 21 14 12 12 2391 2384 1836 1573 271
is_linear=0
shrinkage=0.05


Tree=83
num_leaves=31
num_cat=0
split_feature=2 9 3 7 3 3 2 3 2 2 3 3 3 2 2 2 2 2 7 7 2 3 3 2 3 8 5 3 3 5
split_gain=3.48638 0.13747 0.160311 0.242424 0.292641 0.144048 0.140653 0.573016 1.16667 0.490337 0.380952 0.25 0.402381 0.169117 0.246646 0.338272 0.195976 0.377554 0.429762 0.358135 0.33752 0.152381 0.0380952 0.0343661 0.0229313 0.0464286 0.0535714 0.0207422 0.0202917 0.149881
threshold=57.400000000000006 1.6000000000000003 19.500000000000004 1.0000000180025095e-35 17.500000000000004 18.500000000000004 18.650000000000002 11.500000000000002 35.70000000000001 13.950000000000001 19.500000000000004 10.500000000000002 17.500000000000004 12.9 10.700000000000001 8.0500000000000025 3.3000000000000012 5.150000000000003 1.0000000180025095e-35 1.0000000180025095e-35 0.65000000000000047 15.500000000000002 15.500000000000002 0.3499999999999997 22.500000000000004 1.0000000180025095e-35 1.0000000180025095e-35 21.500000000000004 20.500000000000004 1.0000000180025095e-35
decision_type=2 2 2 2 2 2 2 2 2 2 2 2 2 2 2 2 2 2 2 2 2 2 2 2 2 2 2 2 2 2
left_child=1 2 3 -1 -5 -6 9 -8 10 13 -9 -11 -13 14 15 16 20 19 -19 -18 23 -17 -22 24 27 -26 -27 28 -3 -30
right_child=-2 6 -4 4 5 -7 7 8 -10 11 -12 12 -14 -15 -16 21 17 18 -20 -21 22 -23 -24 -25 25 26 -28 -29 29 -31
leaf_value=0.010792928387221769 0.71129152464822176 -0.00053619997201339589 0.0050807335914108799 -0.011049198511292425 0.014370514952661796 -0.0015689729933493269 0.011888255490140054 -3.4765127238856051e-05 -0.031730260803687571 -0.0056602468664847198 0.057414666930461246 0.00031029435376801474 -0.0067982649805291119 0.0011980999083816002 -0.0017314848344138767 0.00033836279535215397 -0.0026708392753679536 0.0064657047133774631 -0.0027990972955027615 -0.000205302850778466 0.00064434251465748113 0.0017949430734727656 0.00020541459905238925 -0.001581505432404562 0.0095107905575439137 -0.0008267919159032467 -0.0051398399534167364 0.029886238567042513 -0.00028575951995541972 -0.070840072492752842
leaf_weight=10.999999999999998 13.999999999999998 2193 13.999999999999998 7.0000000000000027 7.9999999999999982 7 9.0000000000000018 8.0000000000000018 6.9999999999999991 6.0000000000000027 5.9999999999999991 6.9999999999999982 5 5.9999999999999991 8.9999999999999982 4.9999999999999982 7.0000000000000044 6.9999999999999973 8 9 6.9999999999999982 7 5 6.9999999999999991 26 5.9999999999999973 8 54 84 12.999999999999998
leaf_count=11 14 2193 14 7 8 7 9 8 7 6 6 7 5 6 9 5 7 7 8 9 7 7 5 7 26 6 8 54 84 13
internal_value=0.000116732 -1.95618e-05 0.00265957 0.000757576 -0.00227273 0.00166667 -6.97489e-05 0.00333333 -0.00119048 -0.000110932 0.00714286 -0.00833333 -0.00416667 -5.07924e-05 -7.12831e-05 -4.08831e-05 -8.21693e-05 -0.00403226 0.00166667 -0.009375 -3.1211e-05 0.00833333 0.00833333 -7.31911e-05 -6.29195e-05 -0.00125 -0.00357143 -4.26621e-05 -6.55022e-05 -0.000773196
internal_weight=2570 2556 47 33 22 15 2509 30 21 2479 14 18 12 2461 2455 2446 2434 31 15 16 2403 12 12 2391 2384 40 14 2344 2290 97
internal_count=2570 2556 47 33 22 15 2509 30 21 2479 14 18 12 2461 2455 2446 2434 31 15 16 2403 12 12 2391 2384 40 14 2344 2290 97
is_linear=0
shrinkage=0.05


Tree=84
num_leaves=31
num_cat=0
split_feature=2 2 3 2 2 3 9 3 7 3 3 2 3 2 2 2 3 2 2 2 2 3 3 3 2 3 3 5 3 3
split_gain=3.48638 0.149707 0.711111 0.418152 0.33175 0.277778 0.135512 0.160311 0.242424 0.292641 0.144048 0.0857897 0.288095 0.246646 0.338272 0.388692 0.367997 0.75 0.691388 0.335843 0.245455 0.152381 0.0380952 0.0380952 0.0347782 0.0237488 0.027907 0.0296686 0.0855624 0.0869413
threshold=57.400000000000006 33.95000000000001 11.500000000000002 18.650000000000002 15.150000000000004 15.500000000000002 1.6000000000000003 19.500000000000004 1.0000000180025095e-35 17.500000000000004 18.500000000000004 12.9 15.500000000000002 10.700000000000001 8.0500000000000025 3.3000000000000012 11.500000000000002 4.6000000000000023 5.150000000000003 0.65000000000000047 6.4500000000000002 15.500000000000002 15.500000000000002 15.500000000000002 0.3499999999999997 22.500000000000004 19.500000000000004 1.0000000180025095e-35 6.5000000000000009 10.500000000000002
decision_type=2 2 2 2 2 2 2 2 2 2 2 2 2 2 2 2 2 2 2 2 2 2 2 2 2 2 2 2 2 2
left_child=1 3 -3 4 6 -5 7 8 -1 -10 -11 13 -13 14 15 19 17 -17 -18 24 -20 -16 -6 -21 25 26 27 -8 -29 -30
right_child=-2 2 -4 5 22 -7 11 -9 9 10 -12 12 -14 -15 21 16 18 -19 20 23 -22 -23 -24 -25 -26 -27 -28 28 29 -31
leaf_value=0.010253281967860683 0.67572694841581082 0.016211935630400021 -0.02775782837312022 0.0014881002542175281 -0.0056542216584780647 0.0015959358371194555 -0.0031107675732537921 0.0048266969118402787 -0.010496738585727795 0.013651989205028726 -0.0014905243436818872 0.0002947796360796673 -0.00028748165400642732 -0.0016449105926930941 0.00032144465558445748 0.00022203041408275226 -0.0031969417470289587 -0.0056486623363646519 0.0072396504457252321 0.0006121253889245893 -0.0023903251492180646 0.0017051959197992518 -0.001522938697105758 0.00019514386909982309 -0.0015024301607843072 -0.0048828479557458948 0.0027019120583984704 -0.0024147226959007288 0.027375347594323963 0.0016052361567347796
leaf_weight=10.999999999999998 13.999999999999998 5.9999999999999991 8.9999999999999982 5.9999999999999991 6.9999999999999982 8.9999999999999982 1574 13.999999999999998 7.0000000000000027 7.9999999999999982 7 6.9999999999999982 5 8.9999999999999982 4.9999999999999982 6.0000000000000018 8.0000000000000018 6 4.9999999999999982 6.9999999999999982 6 7 5 5 6.9999999999999991 40 279 82 118 291
leaf_count=11 14 6 9 6 7 9 1574 14 7 8 7 7 5 9 5 6 8 6 5 7 6 7 5 5 7 40 279 82 118 291
internal_value=0.000116732 -1.95618e-05 -0.005 9.83865e-06 -3.95883e-05 0.00833333 0 0.00265957 0.000757576 -0.00227273 0.00166667 -5.06688e-05 0.00416667 -7.12831e-05 -4.08831e-05 -8.21693e-05 -0.00564516 -0.0125 -0.00131579 -1.04037e-05 0.00681818 0.00833333 -0.00833333 0.00833333 -5.22794e-05 -4.19463e-05 -2.13311e-05 -8.47458e-05 0.000254582 0.000550122
internal_weight=2570 2556 15 2541 2526 15 2514 47 33 22 15 2467 12 2455 2446 2434 31 12 19 2403 11 12 12 12 2391 2384 2344 2065 491 409
internal_count=2570 2556 15 2541 2526 15 2514 47 33 22 15 2467 12 2455 2446 2434 31 12 19 2403 11 12 12 12 2391 2384 2344 2065 491 409
is_linear=0
shrinkage=0.05


Tree=85
num_leaves=31
num_cat=0
split_feature=2 2 3 2 2 3 9 3 3 3 3 2 3 2 2 2 2 2 2 3 2 2 3 3 2 3 8 5 3 8
split_gain=3.4973 0.147364 0.711111 0.422115 0.32859 0.277778 0.139596 0.160311 0.16835 0.169312 0.0952381 0.0874468 0.288095 0.244219 0.255872 0.659293 0.507445 0.492588 0.103741 0.342857 0.266667 0.176551 0.0535714 0.0380952 0.029304 0.0225249 0.0464286 0.0535714 0.0318558 0.0835308
threshold=57.400000000000006 33.95000000000001 11.500000000000002 18.650000000000002 15.150000000000004 15.500000000000002 1.6000000000000003 19.500000000000004 10.500000000000002 15.500000000000002 18.500000000000004 12.9 15.500000000000002 10.700000000000001 8.5000000000000018 7.6499999999999995 6.0500000000000016 4.6000000000000023 1.0500000000000009 7.5000000000000009 2.3000000000000012 1.0000000180025095e-35 17.500000000000004 15.500000000000002 0.55000000000000082 22.500000000000004 1.0000000180025095e-35 1.0000000180025095e-35 19.500000000000004 1.0000000180025095e-35
decision_type=2 2 2 2 2 2 2 2 2 2 2 2 2 2 2 2 2 2 2 2 2 2 2 2 2 2 2 2 2 2
left_child=1 3 -3 4 6 -5 7 8 -1 -10 22 13 -13 14 15 16 17 18 21 -20 -21 25 -11 -6 -23 28 -27 -28 -8 -30
right_child=-2 2 -4 5 23 -7 11 -9 9 10 -12 12 -14 -15 -16 -17 -18 -19 19 20 -22 24 -24 -25 -26 26 27 -29 29 -31
leaf_value=0.050841331888289432 0.64194060099502015 0.015401338848880286 -0.026369936954463925 0.0014136952415064741 -0.0053715105755543398 0.0015161390452636426 -0.0010823490419247684 0.0045853620662482447 -0.032759401204018705 0.062528088806815416 -0.0014159981264977974 0.00028004065427573722 -0.00027310757130614153 -0.0015626650630583328 0.0016199361238093957 -0.0026151526924952152 0.001207165823354295 -0.0020224244599360121 -0.0016942753213925244 -0.0019265814662611904 0.00040669184567292409 0.0030568914510008764 0.012969389744777305 -0.0014467917622503991 0.00058151911947827988 0.0092793934274540742 -0.00054130992232082065 -0.0046387055579586002 0.00041571894847787229 0.0058312453884966867
leaf_weight=5.9999999999999991 13.999999999999998 5.9999999999999991 8.9999999999999982 5.9999999999999991 6.9999999999999982 8.9999999999999982 2062 13.999999999999998 6.0000000000000027 6.0000000000000009 6.9999999999999991 6.9999999999999982 5 8.9999999999999982 8.9999999999999982 5.9999999999999991 7.9999999999999991 7.9999999999999991 5.0000000000000027 5.9999999999999991 9.9999999999999982 5.9999999999999982 8 5 7 26 5.9999999999999973 8 220 59
leaf_count=6 14 6 9 6 7 9 2062 14 6 6 7 7 5 9 9 6 8 8 5 6 10 6 8 5 7 26 6 8 220 59
internal_value=7.7821e-05 -5.86854e-05 -0.005 -2.95159e-05 -7.91766e-05 0.00833333 -3.97772e-05 0.00265957 0.000757576 -0.000925926 0.00119048 -9.12039e-05 0.00416667 -0.000112016 -8.17661e-05 -0.000112844 -7.19868e-05 -0.000113496 -7.24638e-05 -0.00357143 0 -4.17711e-05 0.00357143 -0.00833333 0.00576923 -7.34985e-05 -0.00125 -0.00357143 -5.3396e-05 0.000448029
internal_weight=2570 2556 15 2541 2526 15 2514 47 33 27 21 2467 12 2455 2446 2437 2431 2423 2415 21 16 2394 14 12 13 2381 40 14 2341 279
internal_count=2570 2556 15 2541 2526 15 2514 47 33 27 21 2467 12 2455 2446 2437 2431 2423 2415 21 16 2394 14 12 13 2381 40 14 2341 279
is_linear=0
shrinkage=0.05


Tree=86
num_leaves=31
num_cat=0
split_feature=2 9 3 7 3 3 2 3 2 3 2 2 2 2 7 5 2 3 2 2 7 2 3 3 2 3 8 5 3 8
split_gain=3.48093 0.13547 0.160311 0.242424 0.292641 0.144048 0.139011 0.573016 1.16667 0.380952 0.327698 0.0967331 0.494231 0.409091 0.45 0.416667 0.266667 0.4 0.1 0.0816817 0.75 0.33752 0.0380952 0.0380952 0.0343661 0.0229313 0.0464286 0.0535714 0.0305012 0.0835308
threshold=57.400000000000006 1.6000000000000003 19.500000000000004 1.0000000180025095e-35 17.500000000000004 18.500000000000004 18.650000000000002 11.500000000000002 35.70000000000001 19.500000000000004 15.150000000000004 6.0500000000000016 4.6000000000000023 7.6499999999999995 1.0000000180025095e-35 1.0000000180025095e-35 9.9000000000000004 13.500000000000002 10.700000000000001 3.3000000000000012 1.0000000180025095e-35 0.65000000000000047 15.500000000000002 15.500000000000002 0.3499999999999997 22.500000000000004 1.0000000180025095e-35 1.0000000180025095e-35 19.500000000000004 1.0000000180025095e-35
decision_type=2 2 2 2 2 2 2 2 2 2 2 2 2 2 2 2 2 2 2 2 2 2 2 2 2 2 2 2 2 2
left_child=1 2 3 -1 -5 -6 10 -8 9 -9 11 12 19 -13 16 18 -15 -18 -16 21 -21 24 -12 -23 25 28 -27 -28 -3 -30
right_child=-2 6 -4 4 5 -7 7 8 -10 -11 22 13 -14 14 15 -17 17 -19 -20 20 -22 23 -24 -25 -26 26 27 -29 29 -31
leaf_value=0.011378587929668527 0.60984357094526942 -0.00097264929029261538 0.0043560939629357703 -0.013098306096782154 0.01232092025753846 -0.0013451982201728718 0.011148752940846407 -0.00018337363032951972 -0.027437359497123739 0.054388329839819075 -0.0051029350467764805 0.0011468075321866779 -0.0019213032369391316 0.001538939317618926 0.0057201126357917078 -0.0054759360354616152 0.00026603862156200365 -0.0015944323317203413 -0.0002594521927409943 -0.0028620888427006719 0.00061047162508867105 0.00055244316350435698 -0.0013744521741379857 0.00016505208336106139 -0.0014563846087190413 0.0088154237560813982 -0.00051424442620477966 -0.0044067702800606682 0.00039493300105397644 0.0055396831190718922
leaf_weight=10.999999999999998 13.999999999999998 2065 13.999999999999998 7.0000000000000027 7.9999999999999982 7 9.0000000000000018 8.0000000000000018 6.9999999999999991 5.9999999999999991 6.9999999999999982 7.9999999999999991 7.9999999999999991 5.0000000000000027 4.9999999999999982 5.9999999999999991 8.9999999999999982 5.9999999999999991 5 5.9999999999999982 6 6.9999999999999982 5 5 6.9999999999999991 26 5.9999999999999973 8 220 59
leaf_count=11 14 2065 14 7 8 7 9 8 7 6 7 8 8 5 5 6 9 6 5 6 6 7 5 5 7 26 6 8 220 59
internal_value=0.000136187 0 0.00265957 0.000757576 -0.00227273 0.00166667 -4.98206e-05 0.00333333 -0.00119048 0.00714286 -9.07624e-05 -5.06688e-05 -9.28601e-05 0.00227273 0 -0.00625 0.005 0.00166667 0 -5.17598e-05 -0.00416667 -3.1211e-05 -0.00833333 0.00833333 -7.31911e-05 -6.29195e-05 -0.00125 -0.00357143 -4.26621e-05 0.000448029
internal_weight=2570 2556 47 33 22 15 2509 30 21 14 2479 2467 2423 44 36 16 20 15 10 2415 12 2403 12 12 2391 2384 40 14 2344 279
internal_count=2570 2556 47 33 22 15 2509 30 21 14 2479 2467 2423 44 36 16 20 15 10 2415 12 2403 12 12 2391 2384 40 14 2344 279
is_linear=0
shrinkage=0.05


Tree=87
num_leaves=31
num_cat=0
split_feature=2 2 3 2 2 2 3 2 3 2 3 3 3 3 2 2 3 3 2 2 2 3 3 3 9 8 5 5 3 3
split_gain=3.49184 0.148533 0.711111 0.167456 0.110324 0.538195 0.806667 0.495953 0.467071 0.857647 0.432353 0.405614 0.365497 0.148485 0.1 0.0927803 0.81 0.816667 0.144048 0.0833333 0.0345928 0.0249605 0.0506637 0.0495196 0.13956 0.0986716 0.136742 0.073811 0.0541593 0.0431423
threshold=57.400000000000006 33.95000000000001 11.500000000000002 26.850000000000005 12.4 6.0500000000000016 17.500000000000004 4.6000000000000023 18.500000000000004 14.35 10.500000000000002 9.5000000000000018 13.500000000000002 20.500000000000004 9.1500000000000039 0.65000000000000047 6.5000000000000009 8.5000000000000018 3.3000000000000012 17.950000000000003 0.3499999999999997 11.500000000000002 14.500000000000002 9.5000000000000018 1.6000000000000003 1.0000000180025095e-35 1.0000000180025095e-35 1.0000000180025095e-35 10.500000000000002 8.5000000000000018
decision_type=2 2 2 2 2 2 2 2 2 2 2 2 2 2 2 2 2 2 2 2 2 2 2 2 2 2 2 2 2 2
left_child=1 3 -3 4 5 7 11 15 9 -6 -11 -7 -13 -10 -14 20 -17 -18 -19 -12 21 23 -23 29 -25 27 -27 28 -26 -1
right_child=-2 2 -4 -5 8 6 -8 -9 13 10 19 12 14 -15 -16 16 17 18 -20 -21 -22 22 -24 24 25 26 -28 -29 -30 -31
leaf_value=-0.0018693105718401882 0.57935139239800582 0.014073834259394503 -0.023679572131884187 0.0053599574486224103 -0.0070106035747949493 -0.0024289428296453866 0.0052398646591658611 -0.0018252380750920949 -0.00089136953324899795 -0.0042938140238021564 0.0083594336657180079 0.00021107368553678897 0.00033454276690854102 -0.001279084398990449 -0.0014048101933195056 -0.0014664571131881134 0.0058312522957574943 0.00034081024226111372 -0.00075649261009331787 0.001068875996667984 -0.0013835653782830804 0.0049910125589477609 -0.00028165486677389495 0.0058096394596987904 -0.040938621946292081 0.025378232213963695 -0.001035181424849796 0.0074851561547580664 -0.01414351519931345 0.014603054797368387
leaf_weight=697 13.999999999999998 5.9999999999999991 8.9999999999999982 5.9999999999999991 8.0000000000000018 6.0000000000000062 4.9999999999999991 7.9999999999999991 5.9999999999999982 5.0000000000000027 5.9999999999999982 9.0000000000000018 4.9999999999999982 5 5 5.0000000000000027 5.0000000000000027 7.9999999999999982 7 6 6.9999999999999991 225 1110 9.9999999999999982 122 14.999999999999998 33 31 70 116
leaf_count=697 14 6 9 6 8 6 5 8 6 5 6 9 5 5 5 5 5 8 7 6 7 225 1110 10 122 15 33 31 70 116
internal_value=9.72763e-05 -3.91236e-05 -0.005 -9.83865e-06 -2.95858e-05 1.0004e-05 0.00666667 -7.08789e-05 -0.00277778 0.001 0.00735294 0.003 0.00657895 -0.0113636 0 -3.04754e-05 0.003 0.0075 0.00166667 0.0125 -6.15764e-05 -5.14615e-05 9.3633e-05 -0.000228519 -0.000800712 -0.00101476 0.00104167 -0.0014574 -0.00182292 -3.07503e-05
internal_weight=2570 2556 15 2541 2535 2499 30 2469 36 25 17 25 19 11 10 2461 25 20 15 12 2436 2429 1335 1094 281 271 48 223 192 813
internal_count=2570 2556 15 2541 2535 2499 30 2469 36 25 17 25 19 11 10 2461 25 20 15 12 2436 2429 1335 1094 281 271 48 223 192 813
is_linear=0
shrinkage=0.05


Tree=88
num_leaves=31
num_cat=0
split_feature=2 2 3 2 5 2 3 2 7 2 3 5 2 2 3 2 2 3 2 3 8 3 9 3 5 5 3 3 8 5
split_gain=3.5137 0.342079 0.60307 0.802778 0.611111 0.307301 0.533333 0.494338 0.3 0.222222 0.247009 0.930769 0.1875 0.358135 0.0527517 0.126245 0.171523 0.529304 0.174649 0.0410843 0.0761832 0.0702206 0.132402 0.05641 0.0904762 0.0554897 0.193773 0.0547922 0.134206 0.302198
threshold=57.400000000000006 12.4 11.500000000000002 18.650000000000002 1.0000000180025095e-35 6.0500000000000016 9.5000000000000018 4.6000000000000023 1.0000000180025095e-35 6.7500000000000009 13.500000000000002 1.0000000180025095e-35 26.850000000000005 15.300000000000002 22.500000000000004 3.5500000000000012 1.0500000000000009 16.500000000000004 1.0000000180025095e-35 19.500000000000004 1.0000000180025095e-35 18.500000000000004 1.6000000000000003 20.500000000000004 1.0000000180025095e-35 1.0000000180025095e-35 21.500000000000004 17.500000000000004 1.0000000180025095e-35 1.0000000180025095e-35
decision_type=2 2 2 2 2 2 2 2 2 2 2 2 2 2 2 2 2 2 2 2 2 2 2 2 2 2 2 2 2 2
left_child=1 5 3 8 12 7 -7 14 -3 -8 -11 -12 13 -4 15 16 18 -18 19 21 23 27 -23 -21 -25 26 -22 -1 -29 -30
right_child=-2 2 4 -5 -6 6 9 -9 -10 10 11 -13 -14 -15 -16 -17 17 -19 -20 20 25 22 -24 24 -26 -27 -28 28 29 -31
leaf_value=-0.00059498751261912732 0.55038382277810527 -0.0044022573917521512 -0.0070775638117872575 0.010323317421372736 0.00019948703060386209 -0.0023074956881631082 0.0026478435273853407 -0.0017339761713374814 0.00038511872405351256 0.00020052000126007387 0.0024265015238777114 -0.0013345696836534417 -0.019199859389510722 -0.00043244102440453958 -0.0016723394859758046 0.0014085960378972474 -0.003255656499798221 0.00013975896707982827 0.0010529402068288009 0.0062115265794658652 0.015276772169713838 -0.034133451836731735 -0.0083021110734911481 -0.00013799817688480155 -0.045175701445331833 0.0020123527734387638 -0.007607972639022265 0.0013618565991488476 0.079245495644251387 -0.0030337198931881027
leaf_weight=1702 13.999999999999998 10.000000000000002 7.0000000000000062 8.9999999999999982 8.9999999999999982 6.0000000000000027 6.0000000000000027 7.9999999999999991 4.9999999999999991 5.0000000000000027 7.9999999999999982 5 7.9999999999999991 8.9999999999999982 41 7.9999999999999991 5.9999999999999982 7 12.999999999999998 98 21.000000000000004 5.9999999999999991 190 114 21 33 4.9999999999999991 161 12.999999999999998 22
leaf_count=1702 14 10 7 9 9 6 6 8 5 5 8 5 8 9 41 8 6 7 13 98 21 6 190 114 21 33 5 161 13 22
internal_value=1.94553e-05 -0.000117371 -0.00394737 0.00208333 -0.00833333 -3.0012e-05 0.005 -9.113e-05 -0.005 0.00833333 0.00555556 0.00192308 -0.0125 -0.009375 -5.07924e-05 -2.06612e-05 -4.14594e-05 -0.00576923 -1.0421e-05 -4.19111e-05 0.000513699 -0.000119389 -0.00102041 0.000107296 -0.000555556 0.00211864 0.00384615 -2.63435e-05 0.000765306 0.00357143
internal_weight=2570 2556 57 24 33 2499 30 2469 15 24 18 13 24 16 2461 2420 2412 13 2399 2386 292 2094 196 233 135 59 26 1898 196 35
internal_count=2570 2556 57 24 33 2499 30 2469 15 24 18 13 24 16 2461 2420 2412 13 2399 2386 292 2094 196 233 135 59 26 1898 196 35
is_linear=0
shrinkage=0.05


Tree=89
num_leaves=31
num_cat=0
split_feature=2 9 3 7 2 3 2 5 3 3 2 3 2 2 2 2 2 2 3 3 3 2 2 2 3 2 3 8 5 3
split_gain=3.49184 0.27113 0.161775 0.525974 0.144359 0.711111 0.1703 0.110195 0.240119 0.192857 0.10206 0.857143 0.406349 0.34069 0.333333 0.244219 0.341583 0.38688 0.96 0.49 0.688095 0.4 0.228571 0.176551 0.152381 0.029304 0.0225249 0.0464286 0.0535714 0.0318558
threshold=57.400000000000006 1.6000000000000003 17.500000000000004 1.0000000180025095e-35 33.95000000000001 11.500000000000002 26.850000000000005 1.0000000180025095e-35 20.500000000000004 18.500000000000004 15.150000000000004 18.500000000000004 18.650000000000002 12.9 13.950000000000001 10.700000000000001 8.0500000000000025 1.0500000000000009 10.500000000000002 21.500000000000004 18.500000000000004 4.0500000000000016 6.4500000000000002 1.0000000180025095e-35 15.500000000000002 0.55000000000000082 22.500000000000004 1.0000000180025095e-35 1.0000000180025095e-35 19.500000000000004
decision_type=2 2 2 2 2 2 2 2 2 2 2 2 2 2 2 2 2 2 2 2 2 2 2 2 2 2 2 2 2 2
left_child=1 2 3 -1 6 -6 10 -4 9 -9 13 12 -12 15 -15 16 17 23 21 20 22 -19 -20 26 -18 -25 29 -28 -29 -3
right_child=-2 4 7 -5 5 -7 -8 8 -10 -11 11 -13 -14 14 -16 -17 24 18 19 -21 -22 -23 -24 25 -26 -27 27 28 -30 -31
leaf_value=0.010548925935831122 0.52286463163920016 -0.00087723744976568878 -0.01539556000542648 -0.012399558672973399 0.01285397667535655 -0.02153560055581423 0.0053138731253945084 0.016197297858255234 0.0020830645534484662 0.010624048519922269 -0.0038590104530243255 -0.0012395390375480988 0.0013152114919968484 0.0015072254009941945 -0.0032675212117052157 -0.0012678411994706098 0.00019049400119719451 -0.0019569527008730602 0.0012944171063761446 0.0024611860465245886 -0.002596394209042785 -0.0018797170976160517 -0.0052871594299038101 0.0029537562217112345 0.001323940137198676 0.00045513348287471448 0.0084723522859148307 -0.00039083248725706459 -0.0040887320484201961 0.0020738924445719677
leaf_weight=11.000000000000002 13.999999999999998 2062 6.0000000000000027 6.9999999999999991 5.9999999999999991 8.9999999999999982 5.9999999999999991 5 11 7 9.0000000000000018 6.9999999999999991 4.9999999999999991 5.9999999999999982 6 8.9999999999999982 4.9999999999999982 5.9999999999999991 9.0000000000000053 4.9999999999999991 5.9999999999999991 8.9999999999999982 4.9999999999999991 5.9999999999999982 7 7 26 5.9999999999999973 8 279
leaf_count=11 14 2062 6 7 6 9 6 5 11 7 9 7 5 6 6 9 5 6 9 5 6 9 5 6 7 7 26 6 8 279
internal_value=9.72763e-05 -3.91236e-05 0.0037234 0 -0.000109605 -0.005 -8.01925e-05 0.00603448 0.0076087 0.0125 -0.000100482 -0.00357143 0.00357143 -7.09364e-05 0.00833333 -0.000112016 -8.17661e-05 -0.000123254 -0.005 0.001 -0.0025 -0.015 0.00357143 -4.17711e-05 0.00833333 0.00576923 -7.34985e-05 -0.00125 -0.00357143 -5.3396e-05
internal_weight=2570 2556 47 18 2509 15 2494 29 23 12 2488 21 14 2467 12 2455 2446 2434 40 25 20 15 14 2394 12 13 2381 40 14 2341
internal_count=2570 2556 47 18 2509 15 2494 29 23 12 2488 21 14 2467 12 2455 2446 2434 40 25 20 15 14 2394 12 13 2381 40 14 2341
is_linear=0
shrinkage=0.05


Tree=90
num_leaves=31
num_cat=0
split_feature=2 9 3 7 3 3 2 3 2 2 3 2 2 2 2 2 2 2 7 7 2 3 3 2 3 8 5 3 8 5
split_gain=3.48093 0.13547 0.160311 0.242424 0.292641 0.144048 0.0817434 1.25952 0.252716 0.104438 0.857143 0.406349 0.337411 0.333333 0.246646 0.338272 0.195976 0.377554 0.429762 0.358135 0.33752 0.152381 0.0380952 0.0343661 0.0229313 0.0464286 0.0535714 0.0305012 0.0835308 0.0554897
threshold=57.400000000000006 1.6000000000000003 19.500000000000004 1.0000000180025095e-35 17.500000000000004 18.500000000000004 35.70000000000001 11.500000000000002 26.850000000000005 15.150000000000004 18.500000000000004 18.650000000000002 12.9 13.950000000000001 10.700000000000001 8.0500000000000025 3.3000000000000012 5.150000000000003 1.0000000180025095e-35 1.0000000180025095e-35 0.65000000000000047 15.500000000000002 15.500000000000002 0.3499999999999997 22.500000000000004 1.0000000180025095e-35 1.0000000180025095e-35 19.500000000000004 1.0000000180025095e-35 1.0000000180025095e-35
decision_type=2 2 2 2 2 2 2 2 2 2 2 2 2 2 2 2 2 2 2 2 2 2 2 2 2 2 2 2 2 2
left_child=1 2 3 -1 -5 -6 8 -8 9 12 11 -11 14 -14 15 16 20 19 -19 -18 23 -17 -22 24 27 -26 -27 -3 -29 -30
right_child=-2 6 -4 4 5 -7 7 -9 -10 10 -12 -13 13 -15 -16 21 17 18 -20 -21 22 -23 -24 -25 25 26 -28 28 29 -31
leaf_value=0.010021479639039566 0.49672140005724047 -0.00075694004906674557 0.0034751719404737093 -0.011779580739324747 0.011630820711722079 -8.8385399985035925e-05 0.018074139230378705 -0.023814707239412772 0.00092085379509114777 -0.0036660599303729672 -0.0011775620856706581 0.0012494509173968994 0.0014318641309445824 -0.003104145151120008 -0.0012044491394970437 0.0001809693011374236 -0.0017857312427352668 0.0060908631972687033 -0.0025423632794360886 -5.1208355320042644e-05 0.00043237680873104979 0.0012577431303387955 9.7117163996074399e-06 -0.0013897907938540399 0.0080487346716190625 -0.00037129086289420247 -0.0038842954459991754 0.0001337362620467797 0.0094092437073711298 0.0018080405125382448
leaf_weight=10.999999999999998 13.999999999999998 2065 13.999999999999998 7.0000000000000027 7.9999999999999982 7 4.9999999999999982 7 8.9999999999999982 9.0000000000000018 6.9999999999999991 4.9999999999999991 5.9999999999999982 6 8.9999999999999982 4.9999999999999982 7.0000000000000044 6.9999999999999973 8 9 6.9999999999999982 7 5 6.9999999999999991 26 5.9999999999999973 8 220 26 33
leaf_count=11 14 2065 14 7 8 7 5 7 9 9 7 5 6 6 9 5 7 7 8 9 7 7 5 7 26 6 8 220 26 33
internal_value=0.000136187 0 0.00265957 0.000757576 -0.00227273 0.00166667 -4.98206e-05 -0.00416667 -3.0036e-05 -6.02894e-05 -0.00357143 0.00357143 -3.04013e-05 0.00833333 -7.12831e-05 -4.08831e-05 -8.21693e-05 -0.00403226 0.00166667 -0.009375 -3.1211e-05 0.00833333 0.00833333 -7.31911e-05 -6.29195e-05 -0.00125 -0.00357143 -4.26621e-05 0.000448029 0.00211864
internal_weight=2570 2556 47 33 22 15 2509 12 2497 2488 21 14 2467 12 2455 2446 2434 31 15 16 2403 12 12 2391 2384 40 14 2344 279 59
internal_count=2570 2556 47 33 22 15 2509 12 2497 2488 21 14 2467 12 2455 2446 2434 31 15 16 2403 12 12 2391 2384 40 14 2344 279 59
is_linear=0
shrinkage=0.05


Tree=91
num_leaves=31
num_cat=0
split_feature=2 2 8 2 2 2 2 2 2 2 2 7 2 3 3 3 3 3 2 9 3 9 3 8 5 9 9 7 3 8
split_gain=2.73609 0.19088 0.945606 0.33175 0.334932 0.333333 0.248502 0.335752 0.247885 0.897422 0.363086 0.52521 0.336619 0.152381 0.106667 0.177778 0.1 0.0531826 0.161002 0.14879 0.0498626 0.137206 0.0584845 0.134206 0.302198 0.125081 0.0503741 0.2886 0.0446429 0.0749206
threshold=71.750000000000014 18.650000000000002 1.0000000180025095e-35 15.150000000000004 12.9 13.950000000000001 10.700000000000001 8.0500000000000025 6.4500000000000002 5.150000000000003 3.3000000000000012 1.0000000180025095e-35 0.65000000000000047 15.500000000000002 17.500000000000004 13.500000000000002 16.500000000000004 19.500000000000004 0.3499999999999997 1.6000000000000003 18.500000000000004 1.6000000000000003 17.500000000000004 1.0000000180025095e-35 1.0000000180025095e-35 1.6000000000000003 1.6000000000000003 1.0000000180025095e-35 22.500000000000004 1.0000000180025095e-35
decision_type=2 2 2 2 2 2 2 2 2 2 2 2 2 2 2 2 2 2 2 2 2 2 2 2 2 2 2 2 2 2
left_child=1 3 14 4 6 -6 7 8 9 10 12 -12 17 -9 15 -3 -13 18 20 -19 22 -22 26 25 -25 -24 27 -1 29 -21
right_child=-2 2 -4 -5 5 -7 -8 13 -10 -11 11 16 -14 -15 -16 -17 -18 19 -20 28 21 -23 23 24 -26 -27 -28 -29 -30 -31
leaf_value=0.0095204056570875831 0.68688529190740588 -0.0081144029168129361 0.0053411967879032577 -0.0037597440691719444 0.0013602709243974332 -0.0029489378935640079 -0.0011442266825220317 0.00017192083608037479 -0.004895683294436637 0.0057863200374050905 -0.0016964446805985745 0.00031169269812707516 0.00020999204943699114 0.0011948559738218735 -0.0081642608509701741 0.011353611535665565 -0.0012824574997068795 0.002035259261757716 -0.0018593696887931445 0.0019635110092409923 -0.032303072187758235 -0.0055461040700442339 0.011049279676135938 0.07536492973698046 -0.0028003250235870249 -0.008624517819123767 -0.00048352926204655591 -0.011190601702358549 -0.0036900806736992033 0.0039387862903741853
leaf_weight=11.000000000000002 10.999999999999998 9.0000000000000018 7.9999999999999991 11.999999999999998 5.9999999999999982 6 8.9999999999999982 4.9999999999999982 8.9999999999999982 6.9999999999999991 7.0000000000000009 5 11.999999999999998 7 9.9999999999999982 5.9999999999999991 5 12.999999999999998 5.9999999999999991 221 5.9999999999999991 191 7.9999999999999991 12.999999999999998 22 153 1686 6.9999999999999991 40 59
leaf_count=11 11 9 8 12 6 6 9 5 9 7 7 5 12 7 10 6 5 13 6 221 6 191 8 13 22 153 1686 7 40 59
internal_value=0.000116732 9.76944e-06 0.00378788 -3.95883e-05 0 0.00833333 -3.9968e-05 -1.00281e-05 -5.03829e-05 -2.02265e-05 -7.09939e-05 -0.00735294 -2.04248e-05 0.00833333 -0.001 0.00166667 0 -6.15764e-05 -0.000154541 0.000525526 -0.00013114 -0.000888325 -5.26316e-05 0.000765306 0.00357143 0.00015528 -0.000146714 -0.00277778 0.0003125 0.000535714
internal_weight=2570 2559 33 2526 2514 12 2502 2493 2481 2472 2465 17 2448 12 25 15 10 2436 2103 333 2097 197 1900 196 35 161 1704 18 320 280
internal_count=2570 2559 33 2526 2514 12 2502 2493 2481 2472 2465 17 2448 12 25 15 10 2436 2103 333 2097 197 1900 196 35 161 1704 18 320 280
is_linear=0
shrinkage=0.05


Tree=92
num_leaves=31
num_cat=0
split_feature=2 2 8 2 2 2 2 2 2 2 2 3 2 2 2 2 3 2 3 2 9 3 7 3 5 3 2 3 8 5
split_gain=2.75323 0.173813 1.38889 0.326256 0.333333 0.169857 0.245543 0.169473 0.246112 0.338988 0.372893 0.978307 0.474074 0.4 0.333333 0.174623 0.171429 0.167521 0.152381 0.148352 0.0534961 0.237037 0.2886 0.136166 0.200535 0.148485 0.029304 0.0225249 0.0464286 0.0535714
threshold=71.750000000000014 26.850000000000005 1.0000000180025095e-35 17.950000000000003 21.850000000000005 15.300000000000002 13.950000000000001 12.9 10.700000000000001 8.0500000000000025 1.0500000000000009 10.500000000000002 5.150000000000003 4.0500000000000016 6.4500000000000002 1.0000000180025095e-35 19.500000000000004 47.650000000000006 15.500000000000002 35.70000000000001 1.6000000000000003 17.500000000000004 1.0000000180025095e-35 20.500000000000004 1.0000000180025095e-35 18.500000000000004 0.55000000000000082 22.500000000000004 1.0000000180025095e-35 1.0000000180025095e-35
decision_type=2 2 2 2 2 2 2 2 2 2 2 2 2 2 2 2 2 2 2 2 2 2 2 2 2 2 2 2 2 2
left_child=1 3 17 5 -5 6 7 8 9 10 15 13 16 -12 -14 20 -13 19 -11 -3 21 22 -1 24 -23 -26 -17 -22 -29 -30
right_child=-2 2 -4 4 -6 -7 -8 -9 -10 18 11 12 14 -15 -16 26 -18 -19 -20 -21 27 23 -24 -25 25 -27 -28 28 29 -31
leaf_value=0.0090443853742332436 0.65254102731203578 -0.0067823157199233819 0.019568312568229197 -0.0019258967434071296 0.00012773925151012832 0.0086265701654648207 -0.0062576554083783268 0.0012922573781777302 -0.0010870153483960366 0.00016332479427632053 -0.0017881098892003067 -0.00030138912981634295 0.0057277237067491884 -0.001611622446568717 -0.0019146076886659815 0.0030448735256697113 -0.00058400151144937244 0.017576152414700629 0.0011351131751307975 -0.022218251731601413 -0.00022378901437738465 -0.0157597870245481 -0.010631071617240639 -0.020796600697592371 0.014253427945949505 0.12693349629866982 0.00040025836582255895 0.0078308019717231222 -0.0001682222860645233 -0.0035055766400142298
leaf_weight=11.000000000000002 10.999999999999998 6.0000000000000053 5.9999999999999991 5.9999999999999982 6 5.9999999999999991 8.9999999999999982 5.9999999999999991 8.9999999999999982 4.9999999999999982 5.9999999999999991 8.0000000000000018 5.9999999999999982 8.9999999999999982 6 5.9999999999999982 6.9999999999999991 4.9999999999999991 7 7 2341 6.0000000000000009 6.9999999999999991 10.000000000000002 5 6 7 26 5.9999999999999973 8
leaf_count=11 11 6 6 6 6 6 9 6 9 5 6 8 6 9 6 6 7 5 7 7 2341 6 7 10 5 6 7 26 6 8
internal_value=3.89105e-05 -6.83861e-05 0.00416667 -0.000108481 -0.00833333 -6.93619e-05 -8.93921e-05 -5.98086e-05 -7.99361e-05 -5.01404e-05 -9.06892e-05 -0.0047619 0.000925926 -0.015 0.00833333 -1.02501e-05 -0.005 -0.00277778 0.00833333 -0.00576923 -4.12201e-05 0.00166667 -0.00277778 0.00462963 0.00735294 0.0113636 0.00576923 -7.34985e-05 -0.00125 -0.00357143
internal_weight=2570 2559 24 2535 12 2523 2517 2508 2502 2493 2481 42 27 15 12 2439 15 18 12 13 2426 45 18 27 17 11 13 2381 40 14
internal_count=2570 2559 24 2535 12 2523 2517 2508 2502 2493 2481 42 27 15 12 2439 15 18 12 13 2426 45 18 27 17 11 13 2381 40 14
is_linear=0
shrinkage=0.05


Tree=93
num_leaves=31
num_cat=0
split_feature=2 2 2 3 3 5 2 2 3 2 3 2 2 2 2 2 2 7 2 3 3 9 3 3 8 5 3 8 5 3
split_gain=2.75752 0.170602 0.303845 0.369231 0.833333 0.9 0.701754 0.974436 0.285714 0.0853394 0.288095 0.247305 0.252721 0.663447 0.699002 0.495953 0.255654 0.666667 0.533333 0.4 0.0365505 0.0727182 0.0833333 0.082977 0.0978052 0.136742 0.0918045 0.144862 0.0996857 0.0759654
threshold=71.750000000000014 47.650000000000006 15.150000000000004 11.500000000000002 5.5000000000000009 1.0000000180025095e-35 35.70000000000001 29.200000000000003 18.500000000000004 12.9 15.500000000000002 10.700000000000001 8.5000000000000018 7.6499999999999995 6.0500000000000016 4.6000000000000023 0.65000000000000047 1.0000000180025095e-35 3.5500000000000012 20.500000000000004 11.500000000000002 1.6000000000000003 10.500000000000002 9.5000000000000018 1.0000000180025095e-35 1.0000000180025095e-35 8.5000000000000018 1.0000000180025095e-35 1.0000000180025095e-35 10.500000000000002
decision_type=2 2 2 2 2 2 2 2 2 2 2 2 2 2 2 2 2 2 2 2 2 2 2 2 2 2 2 2 2 2
left_child=1 2 9 4 -4 -6 7 8 -5 11 -11 12 13 14 15 16 20 19 -19 -18 21 22 -1 26 29 -26 -23 28 -28 -25
right_child=-2 -3 3 6 5 -7 -8 -9 -10 10 -12 -13 -14 -15 -16 -17 17 18 -20 -21 -22 23 -24 24 25 -27 27 -29 -30 -31
leaf_value=0.048033330670399721 0.61991397594643383 0.022813599468564053 -0.0035358612306122697 -0.00041010618100933982 -0.0073638958427292072 0.015967601786998031 -0.021107339145021345 0.02241737872193994 -0.0013620252862018845 0.0011447757710890017 -0.00012761380757702058 -0.001032664580976217 0.0010783575163742399 -0.0024139539226373688 0.0024383300143291822 -0.0013671532462355531 -0.0033740440816242057 0.00023207156289135612 0.0054853001610666759 2.7926603680228368e-05 0.0015249978019553192 -0.0014381832834335475 -0.033907852967964745 -0.028744864300397889 0.024256144767659294 -0.0008365981892135111 0.029486727789518864 -0.021447256272244974 0.11663201488934911 -0.0077422393416133779
leaf_weight=5.9999999999999982 10.999999999999998 5.9999999999999991 4.9999999999999991 7.0000000000000053 4.9999999999999982 5 4.9999999999999991 4.9999999999999991 7 6.9999999999999982 5 8.9999999999999982 8.9999999999999982 5.9999999999999991 8.9999999999999982 7.9999999999999991 5 9.9999999999999982 5.0000000000000009 5 1337 700 6 138 14.999999999999998 33 73 30 10.999999999999998 87
leaf_count=6 11 6 5 7 5 5 5 5 7 7 5 9 9 6 9 8 5 10 5 5 1337 700 6 138 15 33 73 30 11 87
internal_value=1.94553e-05 -8.7925e-05 -0.000107716 -0.00448718 0.00166667 0.01 -0.00833333 -0.00394737 -0.0107143 -3.97772e-05 0.00416667 -5.9952e-05 -3.00842e-05 -6.03865e-05 -2.01776e-05 -7.08789e-05 -3.04754e-05 0.005 0.0116667 -0.005 -8.21018e-05 -0.000295723 -0.00416667 -0.00025299 -0.00100733 0.00104167 0 0.00131579 0.00238095 -0.00144444
internal_weight=2570 2559 2553 39 15 10 24 19 14 2514 12 2502 2493 2484 2478 2469 2461 25 15 10 2436 1099 12 1087 273 48 814 114 84 225
internal_count=2570 2559 2553 39 15 10 24 19 14 2514 12 2502 2493 2484 2478 2469 2461 25 15 10 2436 1099 12 1087 273 48 814 114 84 225
is_linear=0
shrinkage=0.05


Tree=94
num_leaves=31
num_cat=0
split_feature=2 2 2 7 2 3 3 2 2 2 2 2 2 7 2 2 3 2 3 3 3 2 3 3 8 5 3 5 3 8
split_gain=2.74037 0.16745 0.166686 0.378788 0.437879 0.75 0.237255 0.833333 0.43219 0.221423 0.250304 0.321125 0.36918 0.52521 0.331699 0.111111 0.152381 0.1 0.1 0.043397 0.0380952 0.035191 0.0276493 0.0283313 0.0464286 0.0535714 0.0268039 0.0625 0.0243293 0.0761832
threshold=71.750000000000014 47.650000000000006 12.4 1.0000000180025095e-35 25.700000000000003 18.500000000000004 11.500000000000002 18.650000000000002 25.700000000000003 8.0500000000000025 6.4500000000000002 5.150000000000003 3.3000000000000012 1.0000000180025095e-35 0.65000000000000047 10.700000000000001 15.500000000000002 35.70000000000001 16.500000000000004 1.5000000000000002 15.500000000000002 0.3499999999999997 7.5000000000000009 22.500000000000004 1.0000000180025095e-35 1.0000000180025095e-35 1.0000000180025095e-35 1.0000000180025095e-35 19.500000000000004 1.0000000180025095e-35
decision_type=2 2 2 2 2 2 2 2 2 2 2 2 2 2 2 2 2 2 2 2 2 2 2 2 2 2 2 2 2 2
left_child=1 2 9 6 5 -5 7 -4 -8 10 11 12 14 -14 19 16 -11 -6 -15 26 -16 22 -21 28 -25 -26 -1 -28 -24 -30
right_child=-2 -3 3 4 17 -7 8 -9 -10 15 -12 -13 13 18 20 -17 -18 -19 -20 21 -22 -23 23 24 25 -27 27 -29 29 -31
leaf_value=0.0071586646876439456 0.58891827714911216 0.021672919495135903 -0.0038235960850153462 0.0016343182714306792 0.023498854275661077 -0.00084327583841492526 -0.00038960087195896167 0.0074515596471229628 -0.018372782383721999 0.00011412873644118805 -0.0044344710491497352 0.0052789755125093769 -0.0014626836619285656 0.00010242417749566357 0.00036864186938689869 0.00061740637281442194 0.0010244396405553857 0.00011908014166337467 -0.0011349075059190028 -0.0022009638599921112 2.6530273496305767e-05 -0.0011754365238410003 3.8938130520538298e-05 0.007363011983039236 -0.00023606106185907196 -0.0034065476981112843 0.010822013323647984 0.040026304471893773 0.0018002750194001218 0.0036767865364765841
leaf_weight=37 10.999999999999998 5.9999999999999991 9.9999999999999982 6.0000000000000018 4.9999999999999982 6 9.0000000000000018 4.9999999999999991 7.9999999999999991 5.0000000000000018 8.9999999999999982 6.9999999999999991 7.0000000000000009 5 6.9999999999999982 5.9999999999999991 7 5 5 495 5 6.9999999999999991 1549 26 5.9999999999999973 8 7.9999999999999973 8 233 59
leaf_count=37 11 6 10 6 5 6 9 5 8 5 9 7 7 5 7 6 7 5 5 495 5 7 1549 26 6 8 8 8 233 59
internal_value=9.72763e-05 -9.76944e-06 -2.93772e-05 -0.00277778 0.00227273 -0.00416667 -0.00625 -0.00166667 -0.0102941 3.0012e-05 -1.00766e-05 2.02265e-05 -1.0142e-05 -0.00735294 4.08497e-05 0.00555556 0.00833333 0.01 0 0 0.00833333 -3.14729e-05 -2.10438e-05 6.6454e-05 -0.00125 -0.00357143 0.00141509 0.003125 9.5057e-05 0.000513699
internal_weight=2570 2559 2553 54 22 12 32 15 17 2499 2481 2472 2465 17 2448 18 12 10 10 2436 12 2383 2376 1881 40 14 53 16 1841 292
internal_count=2570 2559 2553 54 22 12 32 15 17 2499 2481 2472 2465 17 2448 18 12 10 10 2436 12 2383 2376 1881 40 14 53 16 1841 292
is_linear=0
shrinkage=0.05


Tree=95
num_leaves=31
num_cat=0
split_feature=2 2 2 2 3 2 2 3 5 2 8 2 2 3 2 3 2 3 3 2 3 2 3 8 5 3 8 3 9 5
split_gain=2.74037 0.16745 0.166686 0.300011 0.533333 0.49919 0.222222 0.247009 0.930769 0.21645 1.4881 0.364899 0.375 0.288095 0.15 0.1 0.0903089 0.81 0.816667 0.144048 0.0380952 0.0354067 0.0250017 0.0464286 0.0535714 0.0336977 0.0761832 0.0597286 0.137206 0.0554897
threshold=71.750000000000014 47.650000000000006 12.4 6.0500000000000016 9.5000000000000018 4.6000000000000023 6.7500000000000009 13.500000000000002 1.0000000180025095e-35 25.700000000000003 1.0000000180025095e-35 17.950000000000003 14.35 15.500000000000002 33.95000000000001 13.500000000000002 0.65000000000000047 6.5000000000000009 8.5000000000000018 3.3000000000000012 15.500000000000002 0.3499999999999997 22.500000000000004 1.0000000180025095e-35 1.0000000180025095e-35 19.500000000000004 1.0000000180025095e-35 18.500000000000004 1.6000000000000003 1.0000000180025095e-35
decision_type=2 2 2 2 2 2 2 2 2 2 2 2 2 2 2 2 2 2 2 2 2 2 2 2 2 2 2 2 2 2
left_child=1 2 3 5 -5 16 -6 -8 -9 11 14 12 20 -14 -11 -16 21 -18 -19 -20 -4 22 25 -24 -25 27 -27 -1 -29 -28
right_child=-2 -3 9 4 6 -7 7 8 -10 10 -12 -13 13 -15 15 -17 17 18 19 -21 -22 -23 23 24 -26 26 29 28 -30 -31
leaf_value=0.00011371638441681764 0.55947236329165695 0.020589273520379339 -0.00409694419669826 -0.0021116310189414735 0.0023116105750750292 -0.0012338558047275683 0.00010842229961909311 0.0025457140765301036 -0.0010119016705679941 -0.0082442190299033772 0.0070789816647668152 -0.00037012082836085369 0.0010058210689631863 -0.0012517602299713104 -0.019133333068584335 -0.015774953460487497 -0.0008603657465759085 0.0053821189636710899 0.00018770676786958874 -0.00048306358296450473 -7.9069325277458802e-05 -0.0011166646976489504 0.0069948613838873193 -0.00022425800876613167 -0.0032362203132057401 0.0017102612684301022 0.0084929424412811382 -0.033545458106847108 -0.005335806212446937 0.0012717994061899329
leaf_weight=1900 10.999999999999998 5.9999999999999991 7.0000000000000018 6.0000000000000027 6.0000000000000027 7.9999999999999991 5.0000000000000027 7.9999999999999982 5 6.0000000000000062 4.9999999999999991 8.9999999999999982 6.9999999999999982 5 4.9999999999999982 5 5.0000000000000027 5.0000000000000027 7.9999999999999982 7 5 6.9999999999999991 26 5.9999999999999973 8 233 26 5.9999999999999991 191 33
leaf_count=1900 11 6 7 6 6 8 5 8 5 6 5 9 7 5 5 5 5 5 8 7 5 7 26 6 8 233 26 6 191 33
internal_value=9.72763e-05 -9.76944e-06 -2.93772e-05 3.0012e-05 0.005 -3.03767e-05 0.00833333 0.00555556 0.00192308 -0.00277778 0.00119048 -0.00530303 -0.00208333 0.00416667 -0.00625 -0.01 1.01585e-05 0.003 0.0075 0.00166667 -0.00833333 -2.05255e-05 -1.02923e-05 -0.00125 -0.00357143 1.04646e-05 0.000513699 -5.9609e-05 -0.000888325 0.00211864
internal_weight=2570 2559 2553 2499 30 2469 24 18 13 54 21 33 24 12 16 10 2461 25 20 15 12 2436 2429 40 14 2389 292 2097 197 59
internal_count=2570 2559 2553 2499 30 2469 24 18 13 54 21 33 24 12 16 10 2461 25 20 15 12 2436 2429 40 14 2389 292 2097 197 59
is_linear=0
shrinkage=0.05


Tree=96
num_leaves=31
num_cat=0
split_feature=2 2 2 7 3 2 2 2 7 5 3 2 3 2 3 3 3 2 2 2 2 3 8 5 3 8 3 9 5 3
split_gain=2.75323 0.169811 0.306569 0.369231 0.177778 0.143453 0.578372 0.555556 0.45 0.416667 0.339394 0.266667 0.4 0.193939 0.112281 0.151822 0.221612 0.1 0.0837438 0.0833333 0.0354067 0.0250017 0.0464286 0.0535714 0.0336977 0.0761832 0.0597286 0.137206 0.0554897 0.193773
threshold=71.750000000000014 47.650000000000006 15.150000000000004 1.0000000180025095e-35 17.500000000000004 6.0500000000000016 3.3000000000000012 7.6499999999999995 1.0000000180025095e-35 1.0000000180025095e-35 15.500000000000002 9.9000000000000004 13.500000000000002 4.0500000000000016 10.500000000000002 11.500000000000002 15.500000000000002 10.700000000000001 0.65000000000000047 1.5999999999999999 0.3499999999999997 22.500000000000004 1.0000000180025095e-35 1.0000000180025095e-35 19.500000000000004 1.0000000180025095e-35 18.500000000000004 1.6000000000000003 1.0000000180025095e-35 21.500000000000004
decision_type=2 2 2 2 2 2 2 2 2 2 2 2 2 2 2 2 2 2 2 2 2 2 2 2 2 2 2 2 2 2
left_child=1 2 5 14 -5 6 18 -7 11 17 -8 -9 -13 -12 -4 -16 -17 -10 20 -20 21 24 -23 -24 26 -26 -1 -28 29 -27
right_child=-2 -3 3 4 -6 7 10 8 9 -11 13 12 -14 -15 15 16 -18 -19 19 -21 -22 22 23 -25 25 28 27 -29 -30 -31
leaf_value=0.00010803056519597121 0.53149874512707385 0.019559809844360034 -0.0032181794182793767 0.01512943557508919 -0.00033195782159936018 0.0024108513622437045 -0.0010726020739214805 0.00084593195470112909 0.0058561662935144206 -0.0042158845248518872 0.00069992079787937209 0.00087950638262093153 -0.0015575052865070662 -0.00055165892529664975 0.003243056060398253 -0.0092641406010489646 -0.0093461567848258653 -7.5115859013408231e-05 0.0014186499834009326 -9.971276005895647e-05 -0.001060831462766565 0.0066451183146929438 -0.00021304510832784729 -0.0030744092975454329 0.0016247482050085972 0.013068290550845508 -0.031868185201504765 -0.0050690159018246033 0.0012082094358804253 -0.0086722170174538434
leaf_weight=1900 10.999999999999998 5.9999999999999991 5.0000000000000027 5.9999999999999991 8.9999999999999982 8.9999999999999982 10.000000000000002 5.0000000000000027 4.9999999999999982 5.9999999999999991 4.9999999999999982 8.9999999999999982 5.9999999999999991 6 6.0000000000000027 5.9999999999999982 7 5 5.9999999999999982 6 6.9999999999999991 26 5.9999999999999973 8 233 21.000000000000004 5.9999999999999991 191 33 4.9999999999999991
leaf_count=1900 11 6 5 6 9 9 10 5 5 6 5 9 6 6 6 6 7 5 6 6 7 26 6 8 233 21 6 191 33 5
internal_value=3.89105e-05 -6.83861e-05 -8.81316e-05 -0.00448718 0.00166667 -1.98886e-05 -7.08789e-05 0.00277778 0 -0.00625 -0.00833333 0.005 0.00166667 -0.00227273 -0.00833333 -0.00657895 -0.00961538 0 0 0.00416667 -2.05255e-05 -1.02923e-05 -0.00125 -0.00357143 1.04646e-05 0.000513699 -5.9609e-05 -0.000888325 0.00211864 0.00384615
internal_weight=2570 2559 2553 39 15 2514 2469 45 36 16 21 20 15 11 24 19 13 10 2448 12 2436 2429 40 14 2389 292 2097 197 59 26
internal_count=2570 2559 2553 39 15 2514 2469 45 36 16 21 20 15 11 24 19 13 10 2448 12 2436 2429 40 14 2389 292 2097 197 59 26
is_linear=0
shrinkage=0.05


Tree=97
num_leaves=31
num_cat=0
split_feature=2 2 2 2 2 2 2 2 2 2 2 3 3 2 2 3 2 2 3 2 2 3 8 5 3 3 9 8 5 3
split_gain=2.74465 0.168236 0.247945 0.336495 0.247337 0.168258 0.247916 0.23602 0.535185 0.4 0.376117 1.71905 0.366667 0.409091 0.512121 0.245455 0.177778 0.173387 0.152381 0.0833333 0.029304 0.0245878 0.0464286 0.0535714 0.0351199 0.0778615 0.132402 0.0761832 0.0554897 0.193773
threshold=71.750000000000014 47.650000000000006 35.70000000000001 25.700000000000003 17.950000000000003 15.300000000000002 13.950000000000001 8.0500000000000025 10.700000000000001 12.9 1.0500000000000009 10.500000000000002 21.500000000000004 5.150000000000003 6.4500000000000002 18.500000000000004 4.0500000000000016 1.0000000180025095e-35 19.500000000000004 9.1500000000000039 0.55000000000000082 22.500000000000004 1.0000000180025095e-35 1.0000000180025095e-35 19.500000000000004 18.500000000000004 1.6000000000000003 1.0000000180025095e-35 1.0000000180025095e-35 21.500000000000004
decision_type=2 2 2 2 2 2 2 2 2 2 2 2 2 2 2 2 2 2 2 2 2 2 2 2 2 2 2 2 2 2
left_child=1 2 3 4 5 6 7 10 19 -10 17 16 13 15 -15 -13 -12 21 -5 -9 -19 24 -23 -24 25 -1 -27 -26 29 -29
right_child=-2 -3 -4 18 -6 -7 -8 8 9 -11 11 12 -14 14 -16 -17 -18 20 -20 -21 -22 22 23 -25 27 26 -28 28 -30 -31
leaf_value=0.00010262903693618597 0.50492380787072055 0.018581819352141694 -0.014518897948221365 0.00031178526170414503 -0.00040107326375178333 0.0080703601881019441 -0.0058885188964456605 0.00043216997193464837 -0.00088343132271440084 0.0014198326085278269 -0.0015204778787802908 -0.0017939852486687615 0.0026023306081039976 0.0050771856464015388 -0.0046328415151943858 -0.0037231641218104629 -0.001274226584899907 0.0032334299031233195 0.0011954321825456305 0.001214923296618764 0.00026989193835404992 0.0063128623989582525 -0.00020239285291143717 -0.0029206888326681838 0.0015435107947581628 -0.030274775941429511 -0.0070747576815641368 0.012414876023303201 0.0011477989640864105 -0.0082386061665811645
leaf_weight=1898 10.999999999999998 5.9999999999999991 8.9999999999999982 6.9999999999999982 8.9999999999999982 5.9999999999999991 8.9999999999999982 6.0000000000000018 8.9999999999999982 5.9999999999999991 5.9999999999999991 6.0000000000000053 4.9999999999999991 5.9999999999999982 5 5 8.9999999999999982 5.9999999999999982 5 6 7 26 5.9999999999999973 8 233 5.9999999999999991 190 21.000000000000004 33 4.9999999999999991
leaf_count=1898 11 6 9 7 9 6 9 6 9 6 6 6 5 6 5 5 9 6 5 6 7 26 6 8 233 6 190 21 33 5
internal_value=7.7821e-05 -2.93083e-05 -4.8962e-05 -1.96541e-05 -5.92417e-05 -2.97265e-05 -4.96623e-05 -1.99362e-05 0.00462963 -0.00166667 -7.05361e-05 -0.0047619 0.00277778 0 0.00681818 -0.00681818 -0.0183333 1.02501e-05 0.00833333 0.0125 0.00576923 -2.06101e-05 -0.00125 -0.00357143 0 -7.16332e-05 -0.00102041 0.000513699 0.00211864 0.00384615
internal_weight=2570 2559 2553 2544 2532 2523 2517 2508 27 15 2481 42 27 22 11 11 15 2439 12 12 13 2426 40 14 2386 2094 196 292 59 26
internal_count=2570 2559 2553 2544 2532 2523 2517 2508 27 15 2481 42 27 22 11 11 15 2439 12 12 13 2426 40 14 2386 2094 196 292 59 26
is_linear=0
shrinkage=0.05


Tree=98
num_leaves=31
num_cat=0
split_feature=2 2 2 2 2 3 5 2 5 2 2 3 3 2 2 3 2 3 2 2 3 2 3 8 5 3 3 9 8 5
split_gain=2.75323 0.169811 0.245606 0.339669 0.315498 1.55376 0.734629 1.17009 0.409293 0.692537 0.961538 0.376923 0.288095 0.595238 0.204167 0.4 0.173387 0.152381 0.123077 0.117216 0.117216 0.029304 0.0245878 0.0464286 0.0535714 0.0351199 0.0778615 0.132402 0.0761832 0.0554897
threshold=71.750000000000014 47.650000000000006 35.70000000000001 25.700000000000003 1.0500000000000009 10.500000000000002 1.0000000180025095e-35 11.550000000000002 1.0000000180025095e-35 10.700000000000001 6.0500000000000016 18.500000000000004 17.500000000000004 11.550000000000002 14.35 18.500000000000004 1.0000000180025095e-35 19.500000000000004 13.500000000000002 4.6000000000000023 16.500000000000004 0.55000000000000082 22.500000000000004 1.0000000180025095e-35 1.0000000180025095e-35 19.500000000000004 18.500000000000004 1.6000000000000003 1.0000000180025095e-35 1.0000000180025095e-35
decision_type=2 2 2 2 2 2 2 2 2 2 2 2 2 2 2 2 2 2 2 2 2 2 2 2 2 2 2 2 2 2
left_child=1 2 3 4 16 6 7 19 9 10 11 -7 13 -10 -11 -16 22 -5 -8 -6 -12 -18 25 -24 -25 26 -1 -28 -27 -30
right_child=-2 -3 -4 17 5 8 18 -9 12 14 20 -13 -14 -15 15 -17 21 -19 -20 -21 -22 -23 23 24 -26 28 27 -29 29 -31
leaf_value=9.7497585089367789e-05 0.47967761747718429 0.01765272838453491 -0.013792953050810297 0.00029619599861909764 -0.00041096393560824396 0.00075462402041885927 -0.0011413777590178144 0.0076782029402803435 -0.0025420342046796663 -0.0068778802157250856 0.00041056147333780048 -0.00083670598543168502 0.0016848330431015414 0.0082688359874799385 0.00058924472136823169 -0.0015760923367977853 0.0030717584079671847 0.0011356605734182069 -0.0027628445025431603 -0.0035562004847047748 0.0025219508698913987 0.00025639734143627634 0.0059972192790103129 -0.00019227321026589196 -0.0027746543910347923 0.0014663352550202903 -0.02876103714435807 -0.006721019797485895 0.0067941369905096145 0.0010904090158820878
leaf_weight=1898 10.999999999999998 5.9999999999999991 8.9999999999999982 6.9999999999999982 6.0000000000000018 5.0000000000000027 8.0000000000000018 4.9999999999999991 6.0000000000000027 5.9999999999999991 5.9999999999999982 7.9999999999999991 5.9999999999999991 7.9999999999999991 4.9999999999999982 5 5.9999999999999982 5 4.9999999999999991 7 7 7 26 5.9999999999999973 8 233 5.9999999999999991 190 26 33
leaf_count=1898 11 6 9 7 6 5 8 5 6 6 6 8 6 8 5 5 6 5 5 7 7 7 26 6 8 233 6 190 26 33
internal_value=3.89105e-05 -6.83861e-05 -8.81316e-05 -5.89623e-05 -9.87362e-05 -0.00295699 -0.0120968 -0.00555556 0.0016129 -0.00119048 0.00384615 -0.00576923 0.0075 0.00357143 -0.009375 -0.005 1.02501e-05 0.00833333 -0.0211538 -0.0134615 0.0134615 0.00576923 -2.06101e-05 -0.00125 -0.00357143 0 -7.16332e-05 -0.00102041 0.000513699 0.00211864
internal_weight=2570 2559 2553 2544 2532 93 31 18 62 42 26 13 20 14 16 10 2439 12 13 13 13 13 2426 40 14 2386 2094 196 292 59
internal_count=2570 2559 2553 2544 2532 93 31 18 62 42 26 13 20 14 16 10 2439 12 13 13 13 13 2426 40 14 2386 2094 196 292 59
is_linear=0
shrinkage=0.05


Tree=99
num_leaves=31
num_cat=0
split_feature=2 2 8 2 2 2 2 3 2 2 2 3 2 2 2 3 2 7 9 7 3 3 5 2 2 3 8 5 3 8
split_gain=2.73609 0.232964 1.28042 0.692964 0.169099 0.533333 0.531724 0.272222 0.75 0.2886 0.218803 0.193939 0.192308 0.357143 0.57619 0.533333 0.172154 0.110823 0.050945 0.0571429 0.453782 0.0974026 0.0721925 0.029304 0.0272727 0.0241618 0.0464286 0.0535714 0.0266593 0.0835308
threshold=71.750000000000014 25.700000000000003 1.0000000180025095e-35 17.950000000000003 6.0500000000000016 7.6499999999999995 1.0500000000000009 10.500000000000002 4.0500000000000016 4.0500000000000016 8.5000000000000018 19.500000000000004 10.700000000000001 12.9 13.950000000000001 17.500000000000004 1.0000000180025095e-35 1.0000000180025095e-35 1.6000000000000003 1.0000000180025095e-35 17.500000000000004 20.500000000000004 1.0000000180025095e-35 0.55000000000000082 45.450000000000003 22.500000000000004 1.0000000180025095e-35 1.0000000180025095e-35 19.500000000000004 1.0000000180025095e-35
decision_type=2 2 2 2 2 2 2 2 2 2 2 2 2 2 2 2 2 2 2 2 2 2 2 2 2 2 2 2 2 2
left_child=1 3 17 4 6 -6 16 8 -8 11 -7 -9 -12 -14 -15 -16 18 -3 19 21 -21 -1 -22 -18 -19 28 -27 -28 -20 -30
right_child=-2 2 -4 -5 5 10 7 9 -10 -11 12 -13 13 14 15 -17 23 24 25 20 22 -23 -24 -25 -26 26 27 -29 29 -31
leaf_value=0.010264518168811777 0.45569373660332535 -0.014700586116710568 0.014709413677699602 -0.00079446139993812894 0.0023958533263968465 -0.002287510604899623 -0.0014056454424757449 0.00099265580392833281 -0.00051504894504557093 -0.00076089288875955683 0.00076149878470239691 -0.00019355412312904718 -0.00071215804634476858 0.001391858995915385 0.00071479204578679407 -0.0052501989408369814 0.0029181704875688831 1.5119210307545928e-05 -0.00041737674653354875 -0.010198808511584369 -0.015071088148526446 -0.020240277079941384 0.013441466073446318 0.00024357747436454247 -0.0028458137307914911 0.0056973583150598198 -0.00018265954975262846 -0.0026359216714830326 -0.00044344306802730494 0.0014544349093557507
leaf_weight=11 10.999999999999998 10.000000000000004 5.9999999999999991 8.9999999999999982 8.9999999999999982 5.9999999999999991 6.0000000000000018 6.0000000000000018 6 6.9999999999999991 8.9999999999999982 5 9.0000000000000018 6.0000000000000027 9.9999999999999982 4.9999999999999991 5.9999999999999982 5 2062 7.0000000000000027 6.0000000000000009 10 11 7 6 26 5.9999999999999973 8 220 59
leaf_count=11 11 10 6 9 9 6 6 6 6 7 9 5 9 6 10 5 6 5 2062 7 6 10 11 7 6 26 6 8 220 59
internal_value=0.000116732 9.76944e-06 0.00462963 -3.94945e-05 9.90884e-06 0.00277778 -5.06278e-05 -0.00666667 -0.0125 -0.00277778 0.000555556 0.00227273 0.00192308 0 0.00357143 -0.00166667 3.07503e-05 -0.00119048 0 0.00166667 0 0.00357143 0.00441176 0.00576923 0.00227273 -3.14994e-05 -0.00125 -0.00357143 -1.06792e-05 0.000448029
internal_weight=2570 2559 27 2532 2523 54 2469 30 12 18 45 11 39 30 21 15 2439 21 2426 45 24 21 17 13 11 2381 40 14 2341 279
internal_count=2570 2559 27 2532 2523 54 2469 30 12 18 45 11 39 30 21 15 2439 21 2426 45 24 21 17 13 11 2381 40 14 2341 279
is_linear=0
shrinkage=0.05


end of trees

feature_importances:
hour_bucket=1560
current_delay=793
is_high_traffic_zone=255
is_fog_season=182
is_peak_hour=105
train_priority_score=105

parameters:
[boosting: gbdt]
[objective: quantile]
[metric: quantile]
[tree_learner: serial]
[device_type: cpu]
[data_sample_strategy: bagging]
[data: ]
[valid: ]
[num_iterations: 100]
[learning_rate: 0.05]
[num_leaves: 31]
[num_threads: 0]
[seed: 42]
[deterministic: 0]
[force_col_wise: 0]
[force_row_wise: 0]
[histogram_pool_size: -1]
[max_depth: -1]
[min_data_in_leaf: 5]
[min_sum_hessian_in_leaf: 0.001]
[bagging_fraction: 1]
[pos_bagging_fraction: 1]
[neg_bagging_fraction: 1]
[bagging_freq: 0]
[bagging_seed: 400]
[bagging_by_query: 0]
[feature_fraction: 1]
[feature_fraction_bynode: 1]
[feature_fraction_seed: 30056]
[extra_trees: 0]
[extra_seed: 12879]
[early_stopping_round: 0]
[early_stopping_min_delta: 0]
[first_metric_only: 0]
[max_delta_step: 0]
[lambda_l1: 0]
[lambda_l2: 0]
[linear_lambda: 0]
[min_gain_to_split: 0]
[drop_rate: 0.1]
[max_drop: 50]
[skip_drop: 0.5]
[xgboost_dart_mode: 0]
[uniform_drop: 0]
[drop_seed: 17869]
[top_rate: 0.2]
[other_rate: 0.1]
[min_data_per_group: 100]
[max_cat_threshold: 32]
[cat_l2: 10]
[cat_smooth: 10]
[max_cat_to_onehot: 4]
[top_k: 20]
[monotone_constraints: ]
[monotone_constraints_method: basic]
[monotone_penalty: 0]
[feature_contri: ]
[forcedsplits_filename: ]
[refit_decay_rate: 0.9]
[cegb_tradeoff: 1]
[cegb_penalty_split: 0]
[cegb_penalty_feature_lazy: ]
[cegb_penalty_feature_coupled: ]
[path_smooth: 0]
[interaction_constraints: ]
[verbosity: -1]
[saved_feature_importance_type: 0]
[use_quantized_grad: 0]
[num_grad_quant_bins: 4]
[quant_train_renew_leaf: 0]
[stochastic_rounding: 1]
[linear_tree: 0]
[max_bin: 255]
[max_bin_by_feature: ]
[min_data_in_bin: 3]
[bin_construct_sample_cnt: 200000]
[data_random_seed: 175]
[is_enable_sparse: 1]
[enable_bundle: 1]
[use_missing: 1]
[zero_as_missing: 0]
[feature_pre_filter: 1]
[pre_partition: 0]
[two_round: 0]
[header: 0]
[label_column: ]
[weight_column: ]
[group_column: ]
[ignore_column: ]
[categorical_feature: ]
[forcedbins_filename: ]
[precise_float_parser: 0]
[parser_config_file: ]
[objective_seed: 16083]
[num_class: 1]
[is_unbalance: 0]
[scale_pos_weight: 1]
[sigmoid: 1]
[boost_from_average: 1]
[reg_sqrt: 0]
[alpha: 0.5]
[fair_c: 1]
[poisson_max_delta_step: 0.7]
[tweedie_variance_power: 1.5]
[lambdarank_truncation_level: 30]
[lambdarank_norm: 1]
[label_gain: ]
[lambdarank_position_bias_regularization: 0]
[eval_at: ]
[multi_error_top_k: 1]
[auc_mu_weights: ]
[num_machines: 1]
[local_listen_port: 12400]
[time_out: 120]
[machine_list_filename: ]
[machines: ]
[gpu_platform_id: -1]
[gpu_device_id: -1]
[gpu_device_id_list: ]
[gpu_use_dp: 0]
[num_gpu: 1]

end of parameters

pandas_categorical:[]
