tree
version=v4
num_class=1
num_tree_per_iteration=1
label_index=0
max_feature_idx=10
objective=quantile
feature_names=scheduled_minutes distance_km current_delay hour_bucket day_of_week is_fog_season is_monsoon_season is_peak_hour is_high_traffic_zone train_priority_score journey_progress_fraction
feature_infos=none none [0:102.19999999999999] [0:23] none [0:1] none [0:1] [0:1] [1.3999999999999999:1.8] none
tree_sizes=2814 3014 3014 2999 2990 3034 3039 3066 2999 3021 3051 3035 3033 3062 3079 3089 3052 3029 3043 3028 3026 3015 3055 3052 3074 3066 3122 3079 3110 3081 3048 3062 3112 3091 3115 3114 3133 3040 3079 3028 3058 3065 3039 3056 3028 3086 3077 3098 3001 3027 3086 3036 3073 3044 3067 3105 3081 3131 3103 3050 3089 3075 3102 3050 3061 3061 3057 3069 3067 3099 3036 3071 3045 3134 3129 3072 3097 3136 3087 3156 3116 3094 3079 3102 3097 3101 3100 3052 3087 3058 3059 3055 3097 3038 3010 3055 3074 3091 3124 3100

Tree=0
num_leaves=31
num_cat=0
split_feature=2 8 3 9 3 5 3 3 3 7 3 5 5 7 9 7 3 3 3 3 5 5 3 5 5 3 3 3 3 3
split_gain=123.777 0.208006 0.255269 0.232658 0.22932 0.189023 0.174441 0.0987634 0.525 0.0843798 0.1538 0.120026 0.0843188 0.147156 0.139007 0.156229 0.0718806 0.128541 0.0631638 0.0844973 0.0707602 0.061021 0.0495603 0.0477526 0.0446083 0.0380952 0.0377574 0.0710145 0.06 0.0305852
threshold=1.0000000180025095e-35 1.0000000180025095e-35 11.500000000000002 1.6000000000000003 13.500000000000002 1.0000000180025095e-35 18.500000000000004 1.5000000000000002 1.0000000180025095e-35 1.0000000180025095e-35 8.5000000000000018 1.0000000180025095e-35 1.0000000180025095e-35 1.0000000180025095e-35 1.6000000000000003 1.0000000180025095e-35 1.5000000000000002 7.5000000000000009 6.5000000000000009 4.5000000000000009 1.0000000180025095e-35 1.0000000180025095e-35 17.500000000000004 1.0000000180025095e-35 1.0000000180025095e-35 7.5000000000000009 21.500000000000004 20.500000000000004 19.500000000000004 15.500000000000002
decision_type=2 2 2 2 2 2 2 2 2 2 2 2 2 2 2 2 2 2 2 2 2 2 2 2 2 2 2 2 2 2
left_child=1 2 3 -1 5 -4 16 8 -5 -9 11 -11 13 -6 -14 29 -3 18 19 21 -20 -18 -15 26 -21 -13 27 28 -8 -16
right_child=-2 6 4 7 12 -7 23 9 -10 10 -12 25 14 22 15 -17 17 -19 20 24 -22 -23 -24 -25 -26 -27 -28 -29 -30 -31
leaf_value=25.115999849081049 27.747000011683031 24.313999992370601 24.78399997329716 24.534499837040926 24.864999961853027 25.163999982833843 24.765999764442448 24.647499950527994 25.174500002741809 24.594999980926513 24.898999985218087 24.495499992489812 24.619999957084666 24.628999906540002 24.793999943494828 25.038000009775214 25.072999946594244 24.869999980926515 25.052999984741199 24.654999947547914 24.950499917387958 24.919999862909304 24.685999980211911 24.682499995827676 24.944999837875365 24.997499968409546 24.494999963045121 25.009999963045118 24.853999932765941 24.71699987578388
leaf_weight=11.999999999999998 144 12.999999999999998 89 28 284 14.999999999999998 25 336 11.999999999999998 389 84 14.000000000000002 26 95 35 59 17 293 9 25 10 12.000000000000002 359 72 31 5.9999999999999991 10.999999999999998 5.9999999999999991 14.999999999999998 44
leaf_count=12 144 13 89 28 284 15 25 336 12 389 84 14 26 95 35 59 17 293 9 25 10 12 359 72 31 6 11 6 15 44
internal_value=25 24.9973 24.997 24.9964 24.9976 24.9998 24.9982 24.9963 24.9987 24.9962 24.9966 24.9962 24.9973 24.9971 24.9984 24.999 24.9987 24.9988 25.0003 24.9997 25.0029 25.0019 24.9965 24.9966 24.9986 25 24.9976 24.9983 24.9975 24.9975
internal_weight=2570 2426 1887 881 1006 104 539 869 40 829 493 409 902 738 164 138 410 397 104 85 19 29 454 129 56 20 57 46 40 79
internal_count=2570 2426 1887 881 1006 104 539 869 40 829 493 409 902 738 164 138 410 397 104 85 19 29 454 129 56 20 57 46 40 79
is_linear=0
shrinkage=1


Tree=1
num_leaves=31
num_cat=0
split_feature=2 8 3 9 3 3 5 3 3 7 3 5 3 3 9 5 7 7 3 5 3 5 5 3 3 5 5 3 3 3
split_gain=123.35 0.260459 0.300663 0.232658 0.217139 0.209272 0.189023 0.0987634 0.525 0.0843798 0.1538 0.120026 0.0817841 0.102814 0.0815066 0.138704 0.156229 0.10289 0.0764915 0.061021 0.0564378 0.280619 0.0477526 0.0437586 0.106065 0.0707602 0.0446083 0.0380952 0.0377574 0.0710145
threshold=1.0000000180025095e-35 1.0000000180025095e-35 11.500000000000002 1.6000000000000003 18.500000000000004 13.500000000000002 1.0000000180025095e-35 1.5000000000000002 1.0000000180025095e-35 1.0000000180025095e-35 8.5000000000000018 1.0000000180025095e-35 1.5000000000000002 4.5000000000000009 1.6000000000000003 1.0000000180025095e-35 1.0000000180025095e-35 1.0000000180025095e-35 17.500000000000004 1.0000000180025095e-35 17.500000000000004 1.0000000180025095e-35 1.0000000180025095e-35 7.5000000000000009 6.5000000000000009 1.0000000180025095e-35 1.0000000180025095e-35 7.5000000000000009 21.500000000000004 20.500000000000004
decision_type=2 2 2 2 2 2 2 2 2 2 2 2 2 2 2 2 2 2 2 2 2 2 2 2 2 2 2 2 2 2
left_child=1 2 3 -1 12 6 -4 8 -5 -9 11 -11 -3 19 -7 17 -17 -16 -19 -14 23 -22 28 24 26 -26 -15 -13 29 -6
right_child=-2 4 5 7 22 14 -8 9 -10 10 -12 27 13 20 15 16 -18 18 -20 -21 21 -23 -24 -25 25 -27 -28 -29 -30 -31
leaf_value=0.11019985662699697 2.6096500110988794 -0.65170000724793009 -0.20520002536769885 -0.44222515481112057 -0.067740009529618339 -0.42399998259548788 0.15579998369215106 -0.3348750469984072 0.16577500260471822 -0.38475001811981202 -0.095950014042818499 -0.4792750071346788 0.069349949264533348 -0.32775004982948314 -0.128250036239624 -0.2217001066087983 0.036100009286453807 -0.35245008878699768 -0.29530006385980878 -0.076000130236160687 0.058499951839457866 -0.1475001344680596 -0.30162500396370895 -0.13400008332705973 0.050349985504140098 -0.047025078481439664 -0.05225015401840203 -0.0023750300109321998 -0.47975003510713582 0.0094999648928620686
leaf_weight=11.999999999999998 144 12.999999999999998 89 28 40 33 14.999999999999998 336 11.999999999999998 389 84 14.000000000000002 17 25 283 79 59 95 353 12.000000000000002 12.999999999999998 22 72 258 9 10 31 5.9999999999999991 10.999999999999998 5.9999999999999991
leaf_count=12 144 13 89 28 40 33 15 336 12 389 84 14 17 25 283 79 59 95 353 12 13 22 72 258 9 10 31 6 11 6
internal_value=3.89093e-05 -0.00262984 -0.00290673 -0.00358116 -0.00166048 -0.0023161 -0.000192309 -0.00367664 -0.00125 -0.00379373 -0.00337728 -0.00377751 -0.00109756 -0.000969774 -0.00256098 -0.00246836 -0.00101449 -0.00274282 -0.00321429 0.00189655 -0.00119565 0.000714285 -0.00344961 -0.0013964 -0.000333335 0.00289474 -0.00142857 -1.19209e-09 -0.00236842 -0.00173913
internal_weight=2570 2426 1887 881 539 1006 104 869 40 829 493 409 410 397 902 869 138 731 448 29 368 35 129 333 75 19 56 20 57 46
internal_count=2570 2426 1887 881 539 1006 104 869 40 829 493 409 410 397 902 869 138 731 448 29 368 35 129 333 75 19 56 20 57 46
is_linear=0
shrinkage=0.05


Tree=2
num_leaves=31
num_cat=0
split_feature=2 8 3 9 3 3 5 3 3 7 3 5 3 3 9 5 7 7 3 5 3 5 5 3 3 5 5 3 3 3
split_gain=120.944 0.261942 0.297295 0.232658 0.217139 0.203984 0.192063 0.0987634 0.525 0.0843798 0.1538 0.120026 0.0817841 0.102814 0.0811396 0.139754 0.156229 0.104415 0.077121 0.061021 0.0564378 0.280619 0.0477526 0.0437586 0.106065 0.0707602 0.0446083 0.0380952 0.0377574 0.0710145
threshold=0.3499999999999997 1.0000000180025095e-35 11.500000000000002 1.6000000000000003 18.500000000000004 13.500000000000002 1.0000000180025095e-35 1.5000000000000002 1.0000000180025095e-35 1.0000000180025095e-35 8.5000000000000018 1.0000000180025095e-35 1.5000000000000002 4.5000000000000009 1.6000000000000003 1.0000000180025095e-35 1.0000000180025095e-35 1.0000000180025095e-35 17.500000000000004 1.0000000180025095e-35 17.500000000000004 1.0000000180025095e-35 1.0000000180025095e-35 7.5000000000000009 6.5000000000000009 1.0000000180025095e-35 1.0000000180025095e-35 7.5000000000000009 21.500000000000004 20.500000000000004
decision_type=2 2 2 2 2 2 2 2 2 2 2 2 2 2 2 2 2 2 2 2 2 2 2 2 2 2 2 2 2 2
left_child=1 2 3 -1 12 6 -4 8 -5 -9 11 -11 -3 19 -7 17 -17 -16 -19 -14 23 -22 28 24 26 -26 -15 -13 29 -6
right_child=-2 4 5 7 22 14 -8 9 -10 10 -12 27 13 20 15 16 -18 18 -20 -21 21 -23 -24 -25 25 -27 -28 -29 -30 -31
leaf_value=0.10468986379564704 2.4821674654828132 -0.61911500688553367 -0.17294012089737798 -0.42011389707056462 -0.064353009053137414 -0.40279998346571344 0.14800998450754346 -0.31813129464848694 0.15748625247448234 -0.36551251721382133 -0.091152513340677643 -0.45531125677794493 0.065882451801306627 -0.311362547338009 -0.12183753442764278 -0.21061510127835847 0.034295008822131122 -0.3113275153256842 -0.27253509142377635 -0.07220012372435268 0.055574954247484959 -0.14012512774465655 -0.2865437537655236 -0.12730007916070676 0.04783248622893304 -0.044673824557367681 -0.049637646317481909 -0.0022562785103856344 -0.45576253335177913 0.0090249666482190346
leaf_weight=11.999999999999998 141 12.999999999999998 90 28 40 33 14.999999999999998 336 11.999999999999998 389 84 14.000000000000002 17 25 283 79 59 96 354 12.000000000000002 12.999999999999998 22 72 258 9 10 31 5.9999999999999991 10.999999999999998 5.9999999999999991
leaf_count=12 141 13 90 28 40 33 15 336 12 389 84 14 17 25 283 79 59 96 354 12 13 22 72 258 9 10 31 6 11 6
internal_value=-1.94564e-05 -0.00263277 -0.00291005 -0.00358116 -0.00166048 -0.00232408 -0.000238096 -0.00367664 -0.00125 -0.00379373 -0.00337728 -0.00377751 -0.00109756 -0.000969774 -0.00256637 -0.00247417 -0.00101449 -0.00274898 -0.00322222 0.00189655 -0.00119565 0.000714285 -0.00344961 -0.0013964 -0.000333335 0.00289474 -0.00142857 -1.19209e-09 -0.00236842 -0.00173913
internal_weight=2570 2429 1890 881 539 1009 105 869 40 829 493 409 410 397 904 871 138 733 450 29 368 35 129 333 75 19 56 20 57 46
internal_count=2570 2429 1890 881 539 1009 105 869 40 829 493 409 410 397 904 871 138 733 450 29 368 35 129 333 75 19 56 20 57 46
is_linear=0
shrinkage=0.05


Tree=3
num_leaves=31
num_cat=0
split_feature=2 3 2 8 9 5 3 3 3 3 3 3 7 3 2 7 3 5 3 3 5 3 3 3 5 3 8 5 3 9
split_gain=104.824 0.260645 0.5822 0.425723 0.229819 0.150511 0.220416 0.145557 0.119326 0.185529 0.347904 0.119138 0.150698 0.106667 0.1 0.0930726 0.147267 0.120547 0.0617253 0.0774181 0.045738 0.0425614 0.0380952 0.0297171 0.0797802 0.0310256 0.0235793 0.0757576 0.0230963 0.0179086
threshold=3.3000000000000012 11.500000000000002 1.0000000180025095e-35 1.0000000180025095e-35 1.6000000000000003 1.0000000180025095e-35 10.500000000000002 12.500000000000002 3.5000000000000004 1.0000000180025095e-35 1.5000000000000002 4.5000000000000009 1.0000000180025095e-35 6.5000000000000009 1.0500000000000009 1.0000000180025095e-35 8.5000000000000018 1.0000000180025095e-35 3.5000000000000004 10.500000000000002 1.0000000180025095e-35 7.5000000000000009 7.5000000000000009 14.500000000000002 1.0000000180025095e-35 13.500000000000002 1.0000000180025095e-35 1.0000000180025095e-35 7.5000000000000009 1.6000000000000003
decision_type=2 2 2 2 2 2 2 2 2 2 2 2 2 2 2 2 2 2 2 2 2 2 2 2 2 2 2 2 2 2
left_child=1 3 7 4 -1 6 11 26 9 -6 -11 -5 -13 -14 -4 -10 17 28 -7 21 -12 -20 -19 24 -9 -26 27 -3 -17 -25
right_child=-2 2 14 5 8 18 -8 23 15 10 20 12 13 -15 -16 16 -18 22 19 -21 -22 -23 -24 29 25 -27 -28 -29 -30 -31
leaf_value=0.09945537060586461 3.3410582246038341 -0.14229306383087667 0.01195798781720118 0.050588328257567386 -0.39910820221703641 -0.67473155273247787 0.16856501933006973 -0.1615646043471971 -0.26272481896497485 0.14961193985075827 -0.44222469653730345 -0.248186637774438 -0.3127943768173202 0.041440855241764753 0.0080591613495506927 -0.41523700007188219 -0.083767867439536223 -0.43254569393904757 -0.0035899522556446226 -0.3164349997434121 -0.26972467209940021 -0.089338538883496257 -0.0021434645848662725 -0.38265998429242781 -0.096730514465070042 0.13191564401032671 -0.13043507436844007 0.11660939277577675 -0.20723683413267119 -0.16375201404078699
leaf_weight=11.999999999999998 122 55 4.9999999999999982 18 28 14.999999999999998 6.9999999999999991 105 303 11.999999999999998 26 18 15 10 5 265 86 14.000000000000002 51 14.999999999999998 10.999999999999998 67 5.9999999999999991 33 12 13 28 10.999999999999998 127 1075
leaf_count=12 122 55 5 18 28 15 7 105 303 12 26 18 15 10 5 265 86 14 51 15 11 67 6 33 12 13 28 11 127 1075
internal_value=-0.000233464 -0.00248775 -0.00201938 -0.00305606 -0.00353933 -0.00106482 0.000882352 -0.00210961 -0.00363326 -0.00175325 0.00010204 -8.19684e-05 -0.00151163 0.000999999 0.01 -0.00381398 -0.00339358 -0.00378641 -0.00195946 -0.00161654 -0.0022973 -0.00118644 -1.19209e-09 -0.00225364 -0.00153846 0.000999999 -0.000212767 0.000303029 -0.00397959 -0.00233755
internal_weight=2570 2448 1342 1106 890 216 68 1332 878 77 49 61 43 25 10 801 498 412 148 133 37 118 20 1238 130 25 94 66 392 1108
internal_count=2570 2448 1342 1106 890 216 68 1332 878 77 49 61 43 25 10 801 498 412 148 133 37 118 20 1238 130 25 94 66 392 1108
is_linear=0
shrinkage=0.05


Tree=4
num_leaves=31
num_cat=0
split_feature=2 3 8 2 2 9 5 3 7 3 3 3 3 3 7 5 3 3 3 3 3 5 8 3 7 3 3 7 3 8
split_gain=84.6093 0.303819 0.471109 0.241431 0.36 0.226622 0.224416 0.192063 0.163636 0.123425 0.113139 0.185529 0.347904 0.113131 0.110077 0.130498 0.11751 0.0646465 0.0925926 0.06 0.075 0.0557433 0.138721 0.315347 0.262865 0.228571 0.0980659 0.0516031 0.126947 0.0902245
threshold=6.4500000000000002 11.500000000000002 1.0000000180025095e-35 1.0000000180025095e-35 1.0500000000000009 1.6000000000000003 1.0000000180025095e-35 10.500000000000002 1.0000000180025095e-35 12.500000000000002 3.5000000000000004 1.0000000180025095e-35 1.5000000000000002 9.5000000000000018 1.0000000180025095e-35 1.0000000180025095e-35 8.5000000000000018 6.5000000000000009 4.5000000000000009 10.500000000000002 3.5000000000000004 1.0000000180025095e-35 1.0000000180025095e-35 16.500000000000004 1.0000000180025095e-35 13.500000000000002 14.500000000000002 1.0000000180025095e-35 17.500000000000004 1.0000000180025095e-35
decision_type=2 2 2 2 2 2 2 2 2 2 2 2 2 2 2 2 2 2 2 2 2 2 2 2 2 2 2 2 2 2
left_child=1 2 5 9 -5 -1 7 13 -6 -3 11 -7 -13 17 -12 16 -16 18 -4 20 -8 27 24 25 26 -24 -23 -11 -29 -30
right_child=-2 3 6 4 8 10 19 -9 -10 21 14 12 -14 -15 15 -17 -18 -19 -20 -21 -22 22 23 -25 -26 -27 -28 28 29 -31
leaf_value=0.094482602075571451 3.3040061073061011 -0.06869287863285356 0.048058911844688981 0.011360088426341123 0.011006287074202349 -0.37915279210618458 -0.6409949750958539 0.16013676836356616 -0.024993850493295968 -0.12255801885724865 -0.24058852723411983 0.14213134285822041 -0.28323845494530037 -0.44902572984352873 -0.25637516921395015 -0.094536290759569763 -0.062700152989111357 0.039368812479676586 -0.11399381663784319 -0.30061324975624154 -0.055068912591709908 0.045882869099447193 -0.19559845208566209 -0.20424751157500884 0.023472988457842271 0.08225251357817083 -0.24289666373493404 -0.28157352169124472 -0.26172066033246771 -0.019907815102111218
leaf_weight=11.999999999999998 98 94 18 5.0000000000000027 11 28 14.999999999999998 6.9999999999999991 9 398 305 11.999999999999998 37 7.9999999999999991 394 31 76 9.9999999999999982 27 14.999999999999998 120 15.999999999999998 8.0000000000000018 120 75 20 77 112 359 53
leaf_count=12 98 94 18 5 11 28 15 7 9 398 305 12 37 8 394 31 76 10 27 15 120 16 8 120 75 20 77 112 359 53
internal_value=-0.000564204 -0.00237055 -0.00298206 -0.00186809 0.003 -0.00349162 -0.000909092 0.00142857 -1.19209e-09 -0.00195946 -0.00358437 -0.00175325 0.00010204 0.000555554 -0.00375931 -0.00330339 -0.00351064 0.00136364 0.000555554 -0.002 -0.00166667 -0.00209209 -0.00151899 -0.00263514 -0.000535715 0.00214286 -0.00231183 -0.0022885 -0.00261451 -0.00220874
internal_weight=2570 2472 1115 1357 25 895 220 70 20 1332 883 77 49 63 806 501 470 55 45 150 135 1238 316 148 168 28 93 922 524 412
internal_count=2570 2472 1115 1357 25 895 220 70 20 1332 883 77 49 63 806 501 470 55 45 150 135 1238 316 148 168 28 93 922 524 412
is_linear=0
shrinkage=0.05


Tree=5
num_leaves=31
num_cat=0
split_feature=2 3 8 5 9 3 2 3 3 3 3 3 7 5 3 2 2 3 3 3 3 8 5 5 3 3 8 3 3 3
split_gain=70.259 0.276484 0.449574 0.227503 0.223483 0.192063 0.154618 0.128804 0.113131 0.103696 0.189691 0.347904 0.0822255 0.131024 0.110842 0.0737044 0.678702 0.0646465 0.0925926 0.0591644 0.0738332 0.0556362 0.167802 0.0532616 0.132675 0.0785256 0.11087 0.276398 0.256123 0.0625
threshold=9.1500000000000039 11.500000000000002 1.0000000180025095e-35 1.0000000180025095e-35 1.6000000000000003 10.500000000000002 10.700000000000001 13.500000000000002 9.5000000000000018 3.5000000000000004 1.0000000180025095e-35 1.5000000000000002 1.0000000180025095e-35 1.0000000180025095e-35 8.5000000000000018 3.3000000000000012 1.0000000180025095e-35 6.5000000000000009 4.5000000000000009 10.500000000000002 3.5000000000000004 1.0000000180025095e-35 1.0000000180025095e-35 1.0000000180025095e-35 20.500000000000004 14.500000000000002 1.0000000180025095e-35 16.500000000000004 16.500000000000004 22.500000000000004
decision_type=2 2 2 2 2 2 2 2 2 2 2 2 2 2 2 2 2 2 2 2 2 2 2 2 2 2 2 2 2 2
left_child=1 2 4 5 -1 8 -2 21 17 10 -6 -12 -11 14 -14 16 23 18 -4 20 -5 22 -3 -9 25 -25 27 -27 -28 -26
right_child=6 7 3 19 9 -7 -8 15 -10 12 11 -13 13 -15 -16 -17 -18 -19 -20 -21 -22 -23 -24 24 29 26 28 -29 -30 -31
leaf_value=0.089758471971792819 0.038305907203109515 -0.024230042127448823 0.045655966252454584 -0.6089452263410613 -0.17169500718481423 0.15212992994538796 3.2028057025209158 -0.15604831237004141 -0.42657444335135219 -0.20855909967976613 0.13502477571530935 -0.26907653219803523 -0.24355641075325263 -0.089809476221591217 -0.058693492617722581 -0.0095441045986487047 0.012675523340659146 0.037400371855692782 -0.10829412580595098 -0.28558258726842939 -0.053214685465360137 -0.12114681587130929 0.13821365957502005 0.123025718354838 -0.35588217013008505 -0.24675183817761681 0.027639941901113119 0.022299339034950096 -0.15274772860212216 -0.060143324765941988
leaf_weight=11.999999999999998 5.9999999999999991 93 18 14.999999999999998 29 6.9999999999999991 77 875 7.9999999999999991 307 11.999999999999998 37 394 31 78 21 8.9999999999999982 9.9999999999999982 27 14.999999999999998 121 49 14.999999999999998 12.999999999999998 36 52 19 75 97 11.999999999999998
leaf_count=12 6 93 18 15 29 7 77 875 8 307 12 37 394 31 78 21 9 10 27 15 121 49 15 13 36 52 19 75 97 12
internal_value=-0.000856032 -0.00236631 -0.00294826 -0.000927603 -0.00344445 0.00142857 0.0443976 -0.00188873 0.000555554 -0.00353604 -0.00179487 0.00010204 -0.0037037 -0.00331014 -0.00351695 -0.00206369 -0.00201179 0.00136364 0.000555554 -0.00201987 -0.00169118 -0.000541402 9.25914e-05 -0.0021162 -0.00154605 -0.00109375 -0.0012963 -0.000275592 -0.00241379 -0.00395833
internal_weight=2570 2487 1121 221 900 70 83 1366 63 888 78 49 810 503 472 1209 1188 55 45 151 136 157 108 1179 304 256 243 127 116 48
internal_count=2570 2487 1121 221 900 70 83 1366 63 888 78 49 810 503 472 1209 1188 55 45 151 136 157 108 1179 304 256 243 127 116 48
is_linear=0
shrinkage=0.05


Tree=6
num_leaves=31
num_cat=0
split_feature=2 2 2 3 8 9 5 3 2 3 3 3 3 3 7 5 3 2 2 3 3 3 3 3 8 5 3 5 5 3
split_gain=59.7491 1.57178 2.08333 0.249713 0.512621 0.219835 0.18591 0.192063 0.152582 0.1219 0.113131 0.0970977 0.189691 0.347904 0.0987216 0.122882 0.097625 0.0757952 0.674532 0.0730425 0.213087 0.0674916 0.0646465 0.0925926 0.0556362 0.167802 0.0461805 0.045738 0.0456328 0.132675
threshold=12.4 9.1500000000000039 10.700000000000001 11.500000000000002 1.0000000180025095e-35 1.6000000000000003 1.0000000180025095e-35 10.500000000000002 13.500000000000002 13.500000000000002 9.5000000000000018 3.5000000000000004 1.0000000180025095e-35 1.5000000000000002 1.0000000180025095e-35 1.0000000180025095e-35 8.5000000000000018 3.3000000000000012 1.0000000180025095e-35 3.5000000000000004 4.5000000000000009 10.500000000000002 6.5000000000000009 4.5000000000000009 1.0000000180025095e-35 1.0000000180025095e-35 6.5000000000000009 1.0000000180025095e-35 1.0000000180025095e-35 20.500000000000004
decision_type=2 2 2 2 2 2 2 2 2 2 2 2 2 2 2 2 2 2 2 2 2 2 2 2 2 2 2 2 2 2
left_child=1 3 -3 4 5 -1 7 10 -2 24 22 12 -7 -14 -13 16 26 18 28 -8 -21 -22 23 -6 25 -5 -16 -15 -11 -30
right_child=8 2 -4 9 6 11 19 -9 -10 17 -12 14 13 27 15 -17 -18 -19 -20 20 21 -23 -24 -25 -26 -27 -28 -29 29 -31
leaf_value=0.085270548373203248 0.028165622077063548 0.036390611842954002 -0.024334434547335349 -0.023018540021076356 0.043373167939831883 -0.16311025682557345 -0.57849796502400819 0.14452343344811852 3.0876654865360034 -0.14824589675153926 -0.40524572118378455 -0.19813114469577775 0.12827353692954394 -0.39249771235327152 -0.44397849871003531 -0.085319002410511588 -0.055758817986836545 -0.0090668993687163957 0.012041747173626225 0.017003720910054199 -0.067667149943722776 -0.27130345790500793 0.035530353262908147 -0.10287941951565359 -0.11508947507774381 0.13130297659626908 -0.20909860632218452 -0.22862268913726336 -0.079247829181205182 -0.29718302126744855
leaf_weight=11.999999999999998 5.9999999999999991 5.9999999999999982 6 93 18 29 14.999999999999998 6.9999999999999991 65 875 7.9999999999999991 307 11.999999999999998 26 116 31 78 21 8.9999999999999982 8.9999999999999982 112 14.999999999999998 9.9999999999999982 27 49 14.999999999999998 278 10.999999999999998 256 48
leaf_count=12 6 6 6 93 18 29 15 7 65 875 8 307 12 26 116 31 78 21 9 9 112 15 10 27 49 15 278 11 256 48
internal_value=-0.000933853 -0.00221889 0.0158333 -0.00230599 -0.00285906 -0.00338889 -0.000701359 0.00142857 0.0442958 -0.00185212 0.000555554 -0.00347973 -0.00179487 0.00010204 -0.00364198 -0.00321074 -0.00341102 -0.00202233 -0.0019697 -0.00168874 -0.00132353 -0.00185039 0.00136364 0.000555554 -0.000541402 9.25914e-05 -0.00373097 -0.0022973 -0.00207379 -0.00154605
internal_weight=2570 2499 12 2487 1121 900 221 70 71 1366 63 888 78 49 810 503 472 1209 1188 151 136 127 55 45 157 108 394 37 1179 304
internal_count=2570 2499 12 2487 1121 900 221 70 71 1366 63 888 78 49 810 503 472 1209 1188 151 136 127 55 45 157 108 394 37 1179 304
is_linear=0
shrinkage=0.05


Tree=7
num_leaves=31
num_cat=0
split_feature=2 2 2 3 3 8 9 5 3 2 3 3 3 3 3 2 3 3 3 5 2 2 3 3 3 3 3 5 3 8
split_gain=44.2332 1.77803 2.13333 1.18596 0.264101 0.491647 0.216216 0.18591 0.192063 0.147799 0.147368 0.113131 0.108664 0.104825 0.089421 0.140118 0.0975355 0.185529 0.347904 0.112236 0.0800645 0.66623 0.0730425 0.213087 0.0674916 0.0646465 0.0925926 0.0604479 0.160646 0.162008
threshold=15.300000000000002 9.1500000000000039 10.700000000000001 18.500000000000004 11.500000000000002 1.0000000180025095e-35 1.6000000000000003 1.0000000180025095e-35 10.500000000000002 17.950000000000003 8.5000000000000018 9.5000000000000018 13.500000000000002 9.5000000000000018 8.5000000000000018 1.5999999999999999 3.5000000000000004 1.0000000180025095e-35 1.5000000000000002 1.0000000180025095e-35 3.3000000000000012 1.0000000180025095e-35 3.5000000000000004 4.5000000000000009 10.500000000000002 6.5000000000000009 4.5000000000000009 1.0000000180025095e-35 18.500000000000004 1.0000000180025095e-35
decision_type=2 2 2 2 2 2 2 2 2 2 2 2 2 2 2 2 2 2 2 2 2 2 2 2 2 2 2 2 2 2
left_child=1 4 -3 10 5 6 -1 8 11 -2 -4 25 -6 14 15 16 17 -8 -19 -18 21 27 -9 -24 -25 26 -7 -14 -29 -30
right_child=9 2 3 -5 12 7 13 22 -10 -11 -12 -13 20 -15 -16 -17 19 18 -20 -21 -22 -23 23 24 -26 -27 -28 28 29 -31
leaf_value=0.081007020954543138 0.091282366227735071 0.034571081250806303 -0.0086927125994297593 0.028257356589631046 -0.024395791666621303 0.041204509542840211 -0.34345488930035606 -0.54957306677280771 0.13729726177571264 3.1562821695323939 -0.012955170119206922 -0.38498343512459532 -0.14083360191396227 -0.17422448184183656 -0.054804413197598059 -0.0050934572220860397 -0.28748395407129801 0.12185986008306671 -0.2441915711312703 -0.062553091748248593 -0.0086135544002804536 0.011439659814944922 0.01615353486455149 -0.064283792446536606 -0.25773828500975748 0.033753835599762819 -0.097735448539870984 -0.042040408801204729 -0.070099546369751908 -0.24221681190729108
leaf_weight=11.999999999999998 5.9999999999999991 6.0000000000000027 5.0000000000000062 4.9999999999999991 157 18 28 14.999999999999998 6.9999999999999991 47 13.999999999999998 7.9999999999999991 875 229 89 4.9999999999999991 468 11.999999999999998 37 20 21 8.9999999999999982 8.9999999999999982 112 14.999999999999998 9.9999999999999982 27 188 44 72
leaf_count=12 6 6 5 5 157 18 28 15 7 47 14 8 875 229 89 5 468 12 37 20 21 9 9 112 15 10 27 188 44 72
internal_value=-0.00114786 -0.00209972 0.01 0.00333333 -0.00224568 -0.00281445 -0.00333333 -0.000701359 0.00142857 0.0440566 -0.00236842 0.000555554 -0.00177892 -0.00342342 -0.00310319 -0.00333333 -0.00340708 -0.00175325 0.00010204 -0.00366803 -0.00193962 -0.00188552 -0.00168874 -0.00132353 -0.00185039 0.00136364 0.000555554 -0.00198897 -0.00138158 -0.00284483
internal_weight=2570 2517 30 24 2487 1121 900 221 70 53 19 63 1366 888 659 570 565 77 49 488 1209 1188 151 136 127 55 45 1179 304 116
internal_count=2570 2517 30 24 2487 1121 900 221 70 53 19 63 1366 888 659 570 565 77 49 488 1209 1188 151 136 127 55 45 1179 304 116
is_linear=0
shrinkage=0.05


Tree=8
num_leaves=31
num_cat=0
split_feature=2 2 2 2 3 2 3 8 9 3 3 3 3 3 2 2 5 3 3 2 3 3 3 5 3 2 5 3 5 8
split_gain=37.1913 1.76056 2.13333 1.61164 1.18596 0.75 0.278892 0.579803 0.216216 0.160239 0.191608 0.147368 0.110198 0.104825 0.0935817 0.765 0.0935065 0.304762 0.089421 0.140118 0.0975355 0.185529 0.347904 0.112236 0.0764038 0.0742484 0.0691199 0.0657056 0.162313 0.0857683
threshold=15.300000000000002 9.1500000000000039 10.700000000000001 21.850000000000005 18.500000000000004 17.950000000000003 11.500000000000002 1.0000000180025095e-35 1.6000000000000003 7.5000000000000009 1.5000000000000002 8.5000000000000018 16.500000000000004 9.5000000000000018 1.0000000180025095e-35 3.3000000000000012 1.0000000180025095e-35 10.500000000000002 8.5000000000000018 1.5999999999999999 3.5000000000000004 1.0000000180025095e-35 1.5000000000000002 1.0000000180025095e-35 4.5000000000000009 6.0500000000000016 1.0000000180025095e-35 17.500000000000004 1.0000000180025095e-35 1.0000000180025095e-35
decision_type=2 2 2 2 2 2 2 2 2 2 2 2 2 2 2 2 2 2 2 2 2 2 2 2 2 2 2 2 2 2
left_child=1 6 -3 5 11 -2 7 8 -1 10 -9 -4 25 18 27 -16 17 -11 19 20 21 -10 -23 -22 -12 26 -8 28 -14 -30
right_child=3 2 4 -5 -6 -7 12 9 13 16 24 -13 14 -15 15 -17 -18 -19 -20 -21 23 22 -24 -25 -26 -27 -28 -29 29 -31
leaf_value=0.076956669906815919 0.08671824791634819 0.032842527188266149 -0.0082580769694584333 3.0134680646320526 0.026844488760149332 0.078468226756677251 -0.101673793523908 -0.51452213107121858 -0.32628214483533818 -0.36573426336836551 0.017584597025664929 -0.012307411613246638 -0.24523845505490538 -0.16551325774974474 0.011421472820683898 -0.013252914078586765 -0.070549634961143221 0.13043239868692691 -0.05206419253771799 -0.0048387843609817363 -0.2731097563677331 0.11576686707891337 -0.23198199257470675 -0.059425437160836127 0.0025012108125927746 0.0080381325218823463 -0.043515074884835567 -0.11567380019981376 -0.020456450296698139 -0.16833326280355509
leaf_weight=11.999999999999998 5.9999999999999982 6.0000000000000027 5.0000000000000062 41 4.9999999999999991 6 316 12.999999999999998 28 7.9999999999999982 29 13.999999999999998 112 229 8.0000000000000018 17 84 7 89 4.9999999999999991 468 11.999999999999998 37 20 80 4.9999999999999991 123 724 35 26
leaf_count=12 6 6 5 41 5 6 316 13 28 8 29 14 112 229 8 17 84 7 89 5 468 12 37 20 80 5 123 724 35 26
internal_value=-0.00116732 -0.00204013 0.01 0.040283 0.00333333 0.0241667 -0.00218537 -0.00276985 -0.00333333 -0.000475114 0.000737704 -0.00236842 -0.00170571 -0.00342342 -0.00201735 0.000999999 -0.0019697 0.00166667 -0.00310319 -0.00333333 -0.00340708 -0.00175325 0.00010204 -0.00366803 0.00142202 -0.00105856 -0.00112756 -0.00210145 -0.00297688 -0.000901641
internal_weight=2570 2517 30 53 24 12 2487 1121 900 221 122 19 1366 888 922 25 99 15 659 570 565 77 49 488 109 444 439 897 173 61
internal_count=2570 2517 30 53 24 12 2487 1121 900 221 122 19 1366 888 922 25 99 15 659 570 565 77 49 488 109 444 439 897 173 61
is_linear=0
shrinkage=0.05


Tree=9
num_leaves=31
num_cat=0
split_feature=2 2 2 2 3 2 3 8 9 2 2 5 3 7 7 3 3 2 3 2 3 3 3 5 5 8 8 9 3 3
split_gain=37.0518 2.25533 2.22222 1.61164 0.888889 0.75 0.388003 0.491647 0.216216 0.21347 1.20264 0.18591 0.192063 0.128736 0.127311 0.113131 0.104825 0.0925429 0.089421 0.140118 0.0975355 0.185529 0.347904 0.112236 0.0749289 0.443559 0.189836 0.0664428 0.0646465 0.0925926
threshold=15.300000000000002 9.1500000000000039 13.500000000000002 21.850000000000005 14.500000000000002 17.950000000000003 11.500000000000002 1.0000000180025095e-35 1.6000000000000003 1.0000000180025095e-35 1.0500000000000009 1.0000000180025095e-35 10.500000000000002 1.0000000180025095e-35 1.0000000180025095e-35 9.5000000000000018 9.5000000000000018 0.65000000000000047 8.5000000000000018 1.5999999999999999 3.5000000000000004 1.0000000180025095e-35 1.5000000000000002 1.0000000180025095e-35 1.0000000180025095e-35 1.0000000180025095e-35 1.0000000180025095e-35 1.6000000000000003 6.5000000000000009 4.5000000000000009
decision_type=2 2 2 2 2 2 2 2 2 2 2 2 2 2 2 2 2 2 2 2 2 2 2 2 2 2 2 2 2 2
left_child=1 6 4 5 -3 -2 7 8 -1 14 -11 12 15 -12 27 28 18 -13 19 20 21 -10 -23 -22 26 -26 -16 -8 29 -9
right_child=3 2 -4 -5 -6 -7 9 11 16 10 13 17 -14 -15 24 -17 -18 -19 -20 -21 23 22 -24 -25 25 -27 -28 -29 -30 -31
leaf_value=0.073108836411475059 0.082382335520530606 0.0078239532045268935 -0.02823033695558318 2.86279466140045 0.032941955839511976 0.074544815418843419 -0.32144028316679452 0.038265054214414999 -0.30996803759357122 0.008413163847528651 0.007636222319473163 -0.063151405735467403 0.12391077875258052 -0.019735296963399124 -0.22805915431686877 -0.34744755019994716 -0.15723759486225752 -0.026488178942302557 -0.049460982910831966 -0.0045968451429326167 -0.25945426854934633 0.10997852372496766 -0.22038289294597144 -0.056454165302794304 0.034435430870741079 -0.1276789452046449 -0.015372317916798651 -0.0883900373526183 0.031941083279144959 -0.092973736653506833
leaf_weight=11.999999999999998 5.9999999999999982 9.0000000000000053 11.999999999999998 41 8.9999999999999982 6 10.999999999999998 18 28 4.9999999999999991 15 146 6.9999999999999991 14 454 7.9999999999999991 229 4.9999999999999991 89 4.9999999999999991 468 11.999999999999998 37 20 75 97 70 625 9.9999999999999982 27
leaf_count=12 6 9 12 41 9 6 11 18 28 5 15 146 7 14 454 8 229 5 89 5 468 12 37 20 75 97 70 625 10 27
internal_value=-0.0010895 -0.00196067 0.0116667 0.040283 0.0227778 0.0241667 -0.00212505 -0.00281445 -0.00333333 -0.0015593 0.00235294 -0.000701359 0.00142857 -0.00155173 -0.00165916 0.000555554 -0.00342342 -0.00168874 -0.00310319 -0.00333333 -0.00340708 -0.00175325 0.00010204 -0.00366803 -0.00212644 -0.00122093 -0.00242367 -0.0011478 0.00136364 0.000555554
internal_weight=2570 2517 30 53 18 12 2487 1121 900 1366 34 221 70 29 1332 63 888 151 659 570 565 77 49 488 696 172 524 636 55 45
internal_count=2570 2517 30 53 18 12 2487 1121 900 1366 34 221 70 29 1332 63 888 151 659 570 565 77 49 488 696 172 524 636 55 45
is_linear=0
shrinkage=0.05


Tree=10
num_leaves=31
num_cat=0
split_feature=2 2 3 8 2 2 2 3 8 2 7 9 5 3 8 2 2 3 3 3 7 3 3 3 3 3 5 2 3 3
split_gain=32.6625 3.84235 2.32162 1.15508 0.666241 1.37231 0.593939 0.354082 0.521704 0.298447 0.464251 0.213953 0.199051 0.17914 0.173262 0.25098 0.333333 0.125641 0.119658 0.444444 0.110946 0.105665 0.192354 0.098139 0.143406 0.3955 0.114719 0.0873016 0.0835321 0.0786047
threshold=25.700000000000003 9.1500000000000039 15.500000000000002 1.0000000180025095e-35 1.0000000180025095e-35 3.3000000000000012 13.950000000000001 11.500000000000002 1.0000000180025095e-35 11.550000000000002 1.0000000180025095e-35 1.6000000000000003 1.0000000180025095e-35 10.500000000000002 1.0000000180025095e-35 0.55000000000000082 1.0500000000000009 9.5000000000000018 13.500000000000002 9.5000000000000018 1.0000000180025095e-35 9.5000000000000018 8.5000000000000018 4.5000000000000009 1.0000000180025095e-35 1.5000000000000002 1.0000000180025095e-35 17.950000000000003 6.5000000000000009 4.5000000000000009
decision_type=2 2 2 2 2 2 2 2 2 2 2 2 2 2 2 2 2 2 2 2 2 2 2 2 2 2 2 2 2 2
left_child=1 4 9 6 7 14 -4 8 11 -3 27 -1 13 17 15 -6 -17 28 19 -7 -9 22 23 24 -13 -26 -25 -11 29 -10
right_child=-2 2 3 -5 5 18 -8 20 12 10 -12 21 -14 -15 -16 16 -18 -19 -20 -21 -22 -23 -24 26 25 -27 -28 -29 -30 -31
leaf_value=0.069453394590901316 2.7871547536888186 0.012309218785065213 0.025954227833398159 0.065763220532616282 0.0079925056551522298 -0.022786569058836498 0.0087685815905524274 -0.085314431356729822 0.036351801503694325 -0.0017368037398521063 0.054843348950072861 -0.29446963571389267 -0.059993835448694015 0.11771523981495147 -0.016124748895533853 -0.0099251143814516364 0.0094720443297818379 -0.33007517268994974 -0.004733460108102756 0.0082366591093086163 -0.1547930161855022 -0.1813757947511519 -0.065732391689675748 -0.27798143787990914 0.10447959753871922 -0.21836376808740499 -0.053631457037654512 0.043817560581203098 0.034344035790909368 -0.25642416463607498
leaf_weight=11.999999999999998 38 5.0000000000000027 6.0000000000000018 5.9999999999999991 5.0000000000000062 12.000000000000002 5 636 18 11.000000000000005 4.9999999999999991 28 146 6.9999999999999991 4.9999999999999991 5.9999999999999982 6 7.9999999999999991 21 5.9999999999999991 696 223 84 443 11.999999999999998 59 20 6.9999999999999991 8.9999999999999982 25
leaf_count=12 38 5 6 6 5 12 5 636 18 11 5 28 146 7 5 6 6 8 21 6 696 223 84 443 12 59 20 7 9 25
internal_value=-0.00101167 -0.00170221 0.0127778 0.0273529 -0.00196422 0.00319672 0.0177273 -0.00209398 -0.00276051 0.00392857 0.00152174 -0.00329739 -0.000539907 0.00171642 0.0131818 0.0155882 0.0116667 0.000833332 -0.0024359 0.000555554 -0.00154655 -0.00338895 -0.00306502 -0.00339858 -0.0019697 -0.000774649 -0.0037041 -0.00222222 0.00173077 0.000813952
internal_weight=2570 2532 45 17 2487 61 11 2426 1094 28 23 881 213 67 22 17 12 60 39 18 1332 869 646 562 99 71 463 18 52 43
internal_count=2570 2532 45 17 2487 61 11 2426 1094 28 23 881 213 67 22 17 12 60 39 18 1332 869 646 562 99 71 463 18 52 43
is_linear=0
shrinkage=0.05


Tree=11
num_leaves=31
num_cat=0
split_feature=2 2 2 3 2 2 2 3 8 3 9 8 2 2 3 2 3 3 3 3 3 3 3 5 3 2 7 3 3 3
split_gain=28.2606 3.47921 1.71429 1.73571 0.6559 1.37231 0.416667 0.349334 0.39825 0.288095 0.206691 0.173262 0.25098 0.333333 0.15 0.138095 0.133169 0.175256 0.119658 0.444444 0.119115 0.143406 0.3955 0.119029 0.216205 0.1 0.0941836 0.0923077 0.12423 0.0784273
threshold=26.850000000000005 9.1500000000000039 10.700000000000001 17.500000000000004 1.0000000180025095e-35 3.3000000000000012 16.850000000000001 11.500000000000002 1.0000000180025095e-35 20.500000000000004 1.6000000000000003 1.0000000180025095e-35 0.55000000000000082 1.0500000000000009 8.5000000000000018 33.95000000000001 9.5000000000000018 7.5000000000000009 13.500000000000002 9.5000000000000018 4.5000000000000009 1.0000000180025095e-35 1.5000000000000002 1.0000000180025095e-35 10.500000000000002 18.650000000000002 1.0000000180025095e-35 9.5000000000000018 6.5000000000000009 3.5000000000000004
decision_type=2 2 2 2 2 2 2 2 2 2 2 2 2 2 2 2 2 2 2 2 2 2 2 2 2 2 2 2 2 2
left_child=1 4 -3 6 7 11 14 8 10 -5 -1 12 -6 -14 -4 -2 17 20 19 -7 21 -12 -23 24 27 -8 -9 28 -10 -25
right_child=15 2 3 9 5 18 25 26 23 -11 16 -13 13 -15 -16 -17 -18 -19 -20 -21 -22 22 -24 29 -26 -27 -28 -29 -30 -31
leaf_value=0.065980724861356241 0.31529744336968052 0.027260367065007098 -0.0093658016325080303 0.041124507220834633 0.0075928803723945759 -0.021647240605894631 0.07730264284602234 -0.081048709788893392 -0.048151840861710066 0.025952949444678991 -0.27974615392819813 -0.015318511450757084 -0.0094288586623790006 0.0089984421132926814 -0.0060351356178606139 2.820297164419943 -0.17230700501359433 -0.082445818597144616 -0.0044967871026974481 0.0078248261538432316 -0.33812221711725227 0.099255617661783202 -0.20744557968303479 -0.49763876603472834 0.11182947782420385 0.070626704725074416 -0.14705336537622715 -0.3135714140554523 0.032626834001363923 -0.054271594527538713
leaf_weight=11.999999999999998 5.9999999999999991 5.9999999999999991 5.0000000000000062 6.9999999999999982 5.0000000000000062 12.000000000000002 4.9999999999999982 636 43 5 28 4.9999999999999991 5.9999999999999982 6 14.999999999999998 29 223 215 21 5.9999999999999991 332 11.999999999999998 59 14.999999999999998 6.9999999999999991 5 696 7.9999999999999991 8.9999999999999982 131
leaf_count=12 6 6 5 7 5 12 5 636 43 5 28 5 6 6 15 29 223 215 21 6 332 12 59 15 7 5 696 8 9 131
internal_value=-0.00105058 -0.00166667 0.0116667 0.00809524 -0.00192401 0.00319672 0.00166667 -0.00205276 -0.00271481 0.0241667 -0.00318388 0.0131818 0.0155882 0.0116667 -0.0025 0.0435714 -0.00327388 -0.00291022 -0.0024359 0.000555554 -0.00349188 -0.0019697 -0.000774649 -0.000774649 0.000970148 0.01 -0.00150901 -1.19209e-09 0.00076923 -0.00157534
internal_weight=2570 2535 48 42 2487 61 30 2426 1094 12 881 22 17 12 20 35 869 646 39 18 431 99 71 213 67 10 1332 60 52 146
internal_count=2570 2535 48 42 2487 61 30 2426 1094 12 881 22 17 12 20 35 869 646 39 18 431 99 71 213 67 10 1332 60 52 146
is_linear=0
shrinkage=0.05


Tree=12
num_leaves=31
num_cat=0
split_feature=2 2 2 3 2 2 2 3 3 8 5 9 8 2 2 3 3 3 3 2 3 3 3 3 3 2 7 3 3 5
split_gain=28.1375 3.42793 1.71429 1.73571 0.630402 1.37231 0.416667 0.288095 0.270227 0.524632 0.299535 0.199554 0.173262 0.25098 0.333333 0.16385 0.19941 0.15 0.145558 0.138095 0.119658 0.444444 0.101651 0.143406 0.3955 0.1 0.0787932 0.0784273 0.205676 0.0754829
threshold=26.850000000000005 9.1500000000000039 10.700000000000001 17.500000000000004 1.0000000180025095e-35 3.3000000000000012 16.850000000000001 20.500000000000004 11.500000000000002 1.0000000180025095e-35 1.0000000180025095e-35 1.6000000000000003 1.0000000180025095e-35 0.55000000000000082 1.0500000000000009 9.5000000000000018 7.5000000000000009 8.5000000000000018 10.500000000000002 33.95000000000001 13.500000000000002 9.5000000000000018 4.5000000000000009 1.0000000180025095e-35 1.5000000000000002 18.650000000000002 1.0000000180025095e-35 3.5000000000000004 4.5000000000000009 1.0000000180025095e-35
decision_type=2 2 2 2 2 2 2 2 2 2 2 2 2 2 2 2 2 2 2 2 2 2 2 2 2 2 2 2 2 2
left_child=1 4 -3 6 8 12 17 -5 9 11 18 -1 13 -6 -15 16 22 -4 -11 -2 21 -7 23 -13 -25 -8 -10 -12 -29 -28
right_child=19 2 3 7 5 20 25 -9 26 10 27 15 -14 14 -16 -17 -18 -19 -20 -21 -22 -23 -24 24 -26 -27 29 28 -30 -31
leaf_value=0.062681688618288517 0.29953257120119653 0.025897348711756887 -0.0088975115508827755 0.039068281859792831 0.0072132363537747686 -0.020564878575599927 0.073437510703721273 0.024655301972445018 -0.076996274299448816 0.0050960084181541137 -0.47275682773299188 -0.26575884623178825 -0.014552585878219188 -0.0089574157292600844 0.0085485200076280028 -0.1636916547629147 -0.078323527667287438 -0.0057333788369677546 0.1062380039329936 2.6792823061989459 -0.0042719477475626723 0.0074335848461510624 -0.32121610626138963 0.094292836778694072 -0.19707330069888301 0.067095369488820819 -0.17162066528331382 0.023337470055625788 -0.052458573909748285 -0.041287167651610716
leaf_weight=11.999999999999998 5.9999999999999991 5.9999999999999991 5.0000000000000062 6.9999999999999982 5.0000000000000062 12.000000000000002 4.9999999999999982 5 636 60 14.999999999999998 28 4.9999999999999991 5.9999999999999982 6 223 215 14.999999999999998 6.9999999999999991 29 21 5.9999999999999991 332 11.999999999999998 59 5 524 8.9999999999999982 122 172
leaf_count=12 6 6 5 7 5 12 5 5 636 60 15 28 5 6 6 223 215 15 7 29 21 6 332 12 59 5 524 9 122 172
internal_value=-0.000953309 -0.00156805 0.0116667 0.00809524 -0.00182348 0.00319672 0.00166667 0.0241667 -0.00194971 -0.00253199 -0.000305166 -0.00307038 0.0131818 0.0155882 0.0116667 -0.0031588 -0.00275542 -0.0025 0.00246269 0.0435714 -0.0024359 0.000555554 -0.00337587 -0.0019697 -0.000774649 0.01 -0.00147147 -0.00157534 -0.00118321 -0.00183908
internal_weight=2570 2535 48 42 2487 61 30 12 2426 1094 213 881 22 17 12 869 646 20 67 35 39 18 431 99 71 10 1332 146 131 696
internal_count=2570 2535 48 42 2487 61 30 12 2426 1094 213 881 22 17 12 869 646 20 67 35 39 18 431 99 71 10 1332 146 131 696
is_linear=0
shrinkage=0.05


Tree=13
num_leaves=31
num_cat=0
split_feature=2 2 2 3 2 2 2 3 3 8 5 3 3 9 8 2 2 7 3 3 3 3 2 3 3 2 5 3 3 3
split_gain=27.9657 3.35679 1.71429 1.73571 0.595553 1.37231 0.416667 0.288095 0.235635 0.442027 0.299535 0.225872 0.248358 0.198846 0.173262 0.25098 0.333333 0.171823 0.169522 0.15 0.145558 0.138889 0.138095 0.119658 0.444444 0.1 0.0892857 0.0784273 0.205676 0.0735407
threshold=26.850000000000005 9.1500000000000039 10.700000000000001 17.500000000000004 1.0000000180025095e-35 3.3000000000000012 16.850000000000001 20.500000000000004 11.500000000000002 1.0000000180025095e-35 1.0000000180025095e-35 2.5000000000000004 1.0000000180025095e-35 1.6000000000000003 1.0000000180025095e-35 0.55000000000000082 1.0500000000000009 1.0000000180025095e-35 7.5000000000000009 8.5000000000000018 10.500000000000002 1.5000000000000002 33.95000000000001 13.500000000000002 9.5000000000000018 18.650000000000002 1.0000000180025095e-35 3.5000000000000004 4.5000000000000009 10.500000000000002
decision_type=2 2 2 2 2 2 2 2 2 2 2 2 2 2 2 2 2 2 2 2 2 2 2 2 2 2 2 2 2 2
left_child=1 4 -3 6 8 14 19 -5 9 11 20 12 26 -13 15 -6 -17 -15 -19 -4 -11 -14 -2 24 -7 -8 -1 -12 -29 -30
right_child=22 2 3 7 5 23 25 -9 -10 10 27 13 21 17 -16 16 -18 18 -20 -21 -22 -23 -24 -25 -26 -27 -28 28 29 -31
leaf_value=-0.34997075669676381 0.28455594264113665 0.024602481276168958 -0.0084526359733385521 0.037114867766803283 0.0068525745360860681 -0.019536634646820011 0.069765635168535303 0.023422536873822793 -0.096553714896983583 0.0048412079972464496 -0.44911898634634223 0.059547604187374148 0.089578194939759298 -0.20600670910841404 -0.013824956584308152 -0.0085095449427971068 0.0081210940072465442 -0.28543434835799231 -0.07440735128392309 -0.0054467098951195211 0.10092610373634391 -0.10471964579676261 2.5453181908889988 -0.0040583503601845988 0.007061905603843341 0.063740601014379908 -0.032470725106282752 0.022170596552844479 -0.049202116144465888 -0.22983011853013996
leaf_weight=20 5.9999999999999991 5.9999999999999991 5.0000000000000062 6.9999999999999982 5.0000000000000062 12.000000000000002 4.9999999999999982 5 1332 60 14.999999999999998 11.999999999999998 12.000000000000002 318 4.9999999999999991 5.9999999999999982 6 278 215 14.999999999999998 6.9999999999999991 18 29 21 5.9999999999999991 5 8.0000000000000018 8.9999999999999982 107 14.999999999999998
leaf_count=20 6 6 5 7 5 12 5 5 1332 60 15 12 12 318 5 6 6 278 215 15 7 18 29 21 6 5 8 9 107 15
internal_value=-0.000817122 -0.00142998 0.0116667 0.00809524 -0.00168275 0.00319672 0.00166667 0.0241667 -0.00180544 -0.00234918 -0.000305166 -0.00284336 0.000172413 -0.00305589 0.0131818 0.0155882 0.0116667 -0.00315043 -0.00256592 -0.0025 0.00246269 0.00333333 0.0435714 -0.0024359 0.000555554 0.01 -0.00321429 -0.00157534 -0.00118321 -0.00172131
internal_weight=2570 2535 48 42 2487 61 30 12 2426 1094 213 881 58 823 22 17 12 811 493 20 67 30 35 39 18 10 28 146 131 122
internal_count=2570 2535 48 42 2487 61 30 12 2426 1094 213 881 58 823 22 17 12 811 493 20 67 30 35 39 18 10 28 146 131 122
is_linear=0
shrinkage=0.05


Tree=14
num_leaves=31
num_cat=0
split_feature=2 2 3 8 2 2 2 3 3 2 2 3 8 5 3 3 9 7 3 8 2 2 3 3 3 3 5 7 3 3
split_gain=22.0736 3.71334 2.15428 1.53453 1.06765 0.508424 1.44183 0.280505 0.383632 0.662745 0.466667 0.245834 0.403376 0.299535 0.209189 0.248358 0.191355 0.221766 0.182884 0.173262 0.25098 0.333333 0.145558 0.138889 0.115288 0.360902 0.0892857 0.0833333 0.0784273 0.205676
threshold=35.70000000000001 9.9000000000000004 15.500000000000002 1.0000000180025095e-35 13.950000000000001 1.0000000180025095e-35 3.3000000000000012 11.500000000000002 5.5000000000000009 16.850000000000001 13.500000000000002 11.500000000000002 1.0000000180025095e-35 1.0000000180025095e-35 2.5000000000000004 1.0000000180025095e-35 1.6000000000000003 1.0000000180025095e-35 8.5000000000000018 1.0000000180025095e-35 0.55000000000000082 1.0500000000000009 10.500000000000002 1.5000000000000002 13.500000000000002 9.5000000000000018 1.0000000180025095e-35 1.0000000180025095e-35 3.5000000000000004 4.5000000000000009
decision_type=2 2 2 2 2 2 2 2 2 2 2 2 2 2 2 2 2 2 2 2 2 2 2 2 2 2 2 2 2 2
left_child=1 5 7 4 -4 11 19 8 -3 10 -10 12 14 22 15 26 -16 -18 -19 20 -7 -22 -14 -17 25 -8 -1 -6 -15 -30
right_child=-2 2 3 -5 27 6 24 -9 9 -11 -12 -13 13 28 16 23 17 18 -20 -21 21 -23 -24 -25 -26 -27 -28 -29 29 -31
leaf_value=-0.33247221886192568 2.4405522867089675 -0.025637334934320945 0.020362283216313937 0.16221885699889069 -0.001843017695928445 0.0065099458092817393 -0.018559802914479059 -0.0068240757543557677 0.0096063500748981012 0.10093044779394472 -0.01537290107858244 -0.091726029152134361 0.0045991475973841955 -0.42666303702902514 0.056570223978005534 0.085099285192771393 -0.19570637365299326 -0.17676336907890244 -0.050686937227774287 -0.013133708755092739 -0.0080840676956572682 0.0077150393068842645 0.095879798549526649 -0.099483663506924461 -0.0028534591354985963 0.0057052466964136765 -0.030847188850968623 0.16782806385070295 0.021062066725202302 -0.047375539407037426
leaf_weight=20 26 6.0000000000000062 5.0000000000000062 5.9999999999999991 5.9999999999999982 5.0000000000000062 12.000000000000002 7.9999999999999991 5.0000000000000018 4.9999999999999991 7 1332 60 14.999999999999998 11.999999999999998 12.000000000000002 318 409 84 4.9999999999999991 5.9999999999999982 6 6.9999999999999991 18 23 6.9999999999999991 8.0000000000000018 6 8.9999999999999982 122
leaf_count=20 26 6 5 6 6 5 12 8 5 5 7 1332 60 15 12 12 318 409 84 5 6 6 7 18 23 7 8 6 9 122
internal_value=-0.000836577 -0.00130503 0.0116667 0.0232609 0.0155882 -0.00158635 0.0028125 0.00306451 0.00586956 0.00970588 0.00333333 -0.00170239 -0.00225777 -0.000305166 -0.00272985 0.000172413 -0.00293439 -0.00302713 -0.00236308 0.0131818 0.0155882 0.0116667 0.00246269 0.00333333 -0.00261905 0.000263157 -0.00321429 0.0075 -0.00157534 -0.00118321
internal_weight=2570 2544 54 23 17 2490 64 31 23 17 12 2426 1094 213 881 58 823 811 493 22 17 12 67 30 42 19 28 12 146 131
internal_count=2570 2544 54 23 17 2490 64 31 23 17 12 2426 1094 213 881 58 823 811 493 22 17 12 67 30 42 19 28 12 146 131
is_linear=0
shrinkage=0.05


Tree=15
num_leaves=31
num_cat=0
split_feature=2 2 3 8 2 2 2 2 3 2 7 3 8 5 3 3 9 7 8 2 2 3 3 3 2 3 3 3 8 5
split_gain=19.421 4.03899 1.6835 1.0836 1.06374 0.542792 1.37231 0.432692 0.349091 0.533684 0.269906 0.196254 0.331379 0.299535 0.177743 0.248358 0.176804 0.193494 0.173262 0.25098 0.333333 0.149636 0.145558 0.138889 0.123077 0.119658 0.444444 0.0966969 0.336538 0.0892857
threshold=39.800000000000004 9.1500000000000039 14.500000000000002 1.0000000180025095e-35 13.950000000000001 1.0000000180025095e-35 3.3000000000000012 21.850000000000005 11.500000000000002 18.650000000000002 1.0000000180025095e-35 11.500000000000002 1.0000000180025095e-35 1.0000000180025095e-35 2.5000000000000004 1.0000000180025095e-35 1.6000000000000003 1.0000000180025095e-35 1.0000000180025095e-35 0.55000000000000082 1.0500000000000009 8.5000000000000018 10.500000000000002 1.5000000000000002 13.950000000000001 13.500000000000002 9.5000000000000018 22.500000000000004 1.0000000180025095e-35 1.0000000180025095e-35
decision_type=2 2 2 2 2 2 2 2 2 2 2 2 2 2 2 2 2 2 2 2 2 2 2 2 2 2 2 2 2 2
left_child=1 5 8 4 -4 11 18 -6 9 10 24 12 14 22 15 29 -16 -18 19 -7 -21 -19 -14 -17 -3 26 -8 -13 -29 -1
right_child=-2 2 3 -5 7 6 25 -9 -10 -11 -12 27 13 -15 16 23 17 21 -20 20 -22 -23 -24 -25 -26 -27 -28 28 -30 -31
leaf_value=-0.31584860791882935 2.3410246777379373 -0.001987507450838766 0.018179243282751473 0.13248605644690831 -0.029306757218757081 0.0061844485188176888 -0.01763181276875499 0.11843662799481686 -0.0069753839180961147 0.094765938677149039 0.036138063845163902 -0.087408187839396773 0.0043691902175149126 -0.046828752476819613 0.053741712779105201 0.080844320933132791 -0.18592105497034364 -0.16792520062495733 -0.012477023317338149 -0.0076798643108744935 0.0073292873415399702 -0.048152590366385618 0.091085808622050388 -0.094509480331578299 -0.016634005524658848 -0.0037127598854004248 0.006423547988830533 0.027611426066034818 -0.44261734699220218 -0.029304829408420122
leaf_weight=20 23 5.0000000000000062 7.0000000000000062 6.9999999999999991 4.9999999999999991 5.0000000000000062 12.000000000000002 7.9999999999999991 7.9999999999999991 5.9999999999999991 5.9999999999999991 1292 60 146 11.999999999999998 12.000000000000002 318 409 4.9999999999999991 5.9999999999999982 6 84 6.9999999999999991 18 7.9999999999999991 21 5.9999999999999991 26 13.999999999999998 8.0000000000000018
leaf_count=20 23 5 7 7 5 5 12 8 8 6 6 1292 60 146 12 12 318 409 5 6 6 84 7 18 8 21 6 26 14 8
internal_value=-0.000739301 -0.00115234 0.0116667 0.0209259 0.015 -0.0014616 0.00319672 0.00653846 0.00409091 0.007 0.00289474 -0.00157873 -0.00207496 -0.000305166 -0.00250284 0.000172413 -0.00269137 -0.00278052 0.0131818 0.0155882 0.0116667 -0.00216024 0.00246269 0.00333333 -0.00115385 -0.0024359 0.000555554 -0.00117117 0.00125 -0.00321429
internal_weight=2570 2547 60 27 20 2487 61 13 33 25 19 2426 1094 213 881 58 823 811 22 17 12 493 67 30 13 39 18 1332 40 28
internal_count=2570 2547 60 27 20 2487 61 13 33 25 19 2426 1094 213 881 58 823 811 22 17 12 493 67 30 13 39 18 1332 40 28
is_linear=0
shrinkage=0.05


Tree=16
num_leaves=31
num_cat=0
split_feature=2 2 3 2 2 2 2 3 2 2 2 3 8 5 3 8 2 2 3 3 9 7 3 3 2 3 3 3 8 5
split_gain=17.6502 2.86534 1.24952 1.02344 0.882353 0.471967 1.44183 0.381176 0.30026 0.380952 0.245455 0.192724 0.234677 0.199051 0.204804 0.173262 0.25098 0.333333 0.16298 0.248358 0.169744 0.180081 0.138889 0.134262 0.123188 0.115288 0.360902 0.0937218 0.336538 0.0892857
threshold=39.800000000000004 9.9000000000000004 15.500000000000002 13.950000000000001 16.850000000000001 1.0000000180025095e-35 3.3000000000000012 11.500000000000002 15.300000000000002 13.500000000000002 21.850000000000005 11.500000000000002 1.0000000180025095e-35 1.0000000180025095e-35 6.5000000000000009 1.0000000180025095e-35 0.55000000000000082 1.0500000000000009 2.5000000000000004 1.0000000180025095e-35 1.6000000000000003 1.0000000180025095e-35 1.5000000000000002 8.5000000000000018 47.650000000000006 13.500000000000002 9.5000000000000018 22.500000000000004 1.0000000180025095e-35 1.0000000180025095e-35
decision_type=2 2 2 2 2 2 2 2 2 2 2 2 2 2 2 2 2 2 2 2 2 2 2 2 2 2 2 2 2 2
left_child=1 5 7 -4 -5 11 15 8 9 -3 -10 12 18 14 -14 16 -7 -18 19 29 -20 -22 -21 -23 -2 26 -8 -13 -29 -1
right_child=24 2 3 4 -6 6 25 -9 10 -11 -12 27 13 -15 -16 -17 17 -19 20 22 21 23 -24 -25 -26 -27 -28 28 -30 -31
leaf_value=-0.30005617752288782 0.2964735505433545 0.0072224224115525343 0.017953510831808399 -0.016432776285009294 0.23513503584795681 0.0058752260928768866 -0.016750222130317235 -0.0073349472831101582 0.088205533811744327 -0.023323219243642779 0.04098916007786222 -0.083037778447426908 -0.046689526530139441 -0.044487314852978611 0.050050228894875204 -0.011853172151471254 -0.0072958710953308394 0.0069628229744629127 0.051054627140150015 0.076802104886476208 -0.17662500222182648 -0.15952894059370948 -0.089784006314999415 -0.045744960848066368 2.2389734831901058 -0.0041426015725744619 0.0050988069621513664 0.026230854762733104 -0.42048647964259217 -0.02783958793799908
leaf_weight=20 6.0000000000000027 6.0000000000000027 6.0000000000000027 5.0000000000000027 11.999999999999998 5.0000000000000062 12.000000000000002 8.9999999999999982 5.9999999999999982 7.9999999999999991 5 1292 43 146 24 4.9999999999999991 5.9999999999999982 6 11.999999999999998 12.000000000000002 318 409 18 84 17 23 6.9999999999999991 26 13.999999999999998 8.0000000000000018
leaf_count=20 6 6 6 5 12 5 12 9 6 8 5 1292 43 146 24 5 6 6 12 12 318 409 18 84 17 23 7 26 14 8
internal_value=-0.000778211 -0.00117197 0.00991228 0.018913 0.0126471 -0.0014257 0.0028125 0.00382353 0.007 0.00214286 0.0131818 -0.00153751 -0.00202925 -0.000539907 0.00171642 0.0131818 0.0155882 0.0116667 -0.00238933 0.000172413 -0.00256987 -0.00265721 0.00333333 -0.00205882 0.0428261 -0.00261905 0.000263157 -0.00113363 0.00125 -0.00321429
internal_weight=2570 2547 57 23 17 2490 64 34 25 14 11 2426 1094 213 67 22 17 12 881 58 823 811 30 493 23 42 19 1332 40 28
internal_count=2570 2547 57 23 17 2490 64 34 25 14 11 2426 1094 213 67 22 17 12 881 58 823 811 30 493 23 42 19 1332 40 28
is_linear=0
shrinkage=0.05


Tree=17
num_leaves=31
num_cat=0
split_feature=2 2 2 2 3 8 2 3 5 8 3 8 8 2 2 2 2 3 3 3 3 3 3 3 3 2 3 3 3 2
split_gain=17.5873 2.097 0.662994 1.12341 1.13575 0.436488 0.432353 0.264706 0.224063 0.378567 0.360719 0.297008 0.173262 0.25098 0.333333 0.166667 0.4 0.151578 0.133946 0.192157 0.125789 0.148994 0.189802 0.17914 0.125641 0.123188 0.115288 0.360902 0.102035 0.1
threshold=39.800000000000004 1.0000000180025095e-35 3.3000000000000012 9.9000000000000004 15.500000000000002 1.0000000180025095e-35 13.950000000000001 11.500000000000002 1.0000000180025095e-35 1.0000000180025095e-35 20.500000000000004 1.0000000180025095e-35 1.0000000180025095e-35 0.55000000000000082 1.0500000000000009 16.850000000000001 13.500000000000002 18.500000000000004 13.500000000000002 16.500000000000004 21.500000000000004 17.500000000000004 11.500000000000002 10.500000000000002 9.5000000000000018 47.650000000000006 13.500000000000002 9.5000000000000018 18.500000000000004 21.850000000000005
decision_type=2 2 2 2 2 2 2 2 2 2 2 2 2 2 2 2 2 2 2 2 2 2 2 2 2 2 2 2 2 2
left_child=1 8 12 26 7 6 -6 15 9 10 -1 -10 13 -3 -15 16 -5 18 -13 -20 21 22 23 24 -11 -2 27 -4 -23 -17
right_child=25 2 3 4 5 -7 -8 -9 11 20 -12 17 -14 14 -16 29 -18 -19 19 -21 -22 28 -24 -25 -26 -27 -28 -29 -30 -31
leaf_value=-0.16169533860037863 0.28164987301618682 0.0055814647882331059 -0.015912711023801259 0.0068613012909749561 0.017537531349770132 0.13572685953420308 0.03662510370587075 -0.0069681999189545292 0.0047059264579445426 0.017826014107602865 0.0011337398775495445 -0.039896440756089259 -0.011260513543897828 -0.0069310775405643319 0.0066146818257397438 0.087907909556002056 -0.018124781330072001 -0.18284537106423945 0.11952181460425049 -0.081334760017792718 -0.35609505806371367 0.1323975323089128 -0.094272282020756049 0.084029006746204088 -0.30134063250893828 2.1270248090306008 -0.0039354714939457249 0.0048438666140437426 0.020705978264550048 0.038939702073969261
leaf_weight=1487 6.0000000000000027 5.0000000000000062 12.000000000000002 6.0000000000000027 5.0000000000000062 5.9999999999999991 11.999999999999998 8.9999999999999982 264 52 136 169 4.9999999999999991 5.9999999999999982 6 4.9999999999999982 8.9999999999999982 72 20 48 10.999999999999998 12.999999999999998 93 6.9999999999999991 7.9999999999999991 17 23 6.9999999999999991 46 5
leaf_count=1487 6 5 12 6 5 6 12 9 264 52 136 169 5 6 6 5 9 72 20 48 11 13 93 7 8 17 23 7 46 5
internal_value=-0.00070039 -0.00109344 0.00533058 0.00358586 0.00815789 0.0167391 0.0126471 0.00235294 -0.00141385 -0.00168106 -0.00195009 -0.000549739 0.0131818 0.0155882 0.0116667 0.005 0.00166667 -0.00160194 -0.000991562 0.000882352 0.00021739 0.000479451 -0.000312501 0.00171642 0.000833332 0.0428261 -0.00261905 0.000263157 0.00262712 0.01
internal_weight=2570 2547 121 99 57 23 17 34 2426 1853 1623 573 22 17 12 25 15 309 237 68 230 219 160 67 60 23 42 19 59 10
internal_count=2570 2547 121 99 57 23 17 34 2426 1853 1623 573 22 17 12 25 15 309 237 68 230 219 160 67 60 23 42 19 59 10
is_linear=0
shrinkage=0.05


Tree=18
num_leaves=31
num_cat=0
split_feature=2 2 2 2 3 2 2 3 3 8 5 8 3 8 3 8 2 2 3 3 3 3 3 3 3 3 3 3 3 3
split_gain=16.7819 2.17856 0.633949 1.18543 0.761905 0.561404 0.676692 0.478675 0.609524 0.228571 0.215949 0.423479 0.334175 0.256411 0.176976 0.173262 0.25098 0.333333 0.155514 0.227481 0.185785 0.145558 0.115288 0.360902 0.114038 0.163769 0.111801 0.109705 0.192157 0.0810507
threshold=45.450000000000003 1.0000000180025095e-35 3.3000000000000012 9.9000000000000004 15.500000000000002 13.950000000000001 16.850000000000001 8.5000000000000018 5.5000000000000009 1.0000000180025095e-35 1.0000000180025095e-35 1.0000000180025095e-35 20.500000000000004 1.0000000180025095e-35 18.500000000000004 1.0000000180025095e-35 0.55000000000000082 1.0500000000000009 11.500000000000002 15.500000000000002 21.500000000000004 10.500000000000002 13.500000000000002 9.5000000000000018 3.5000000000000004 4.5000000000000009 11.500000000000002 13.500000000000002 16.500000000000004 14.500000000000002
decision_type=2 2 2 2 2 2 2 2 2 2 2 2 2 2 2 2 2 2 2 2 2 2 2 2 2 2 2 2 2 2
left_child=1 10 15 22 7 -6 -7 8 -5 -8 11 12 -1 -12 24 16 -3 -18 21 29 -21 -13 23 -4 -15 -26 -9 -27 -29 -20
right_child=-2 2 3 4 5 6 9 26 -10 -11 13 18 -14 14 -16 -17 17 -19 19 20 -22 -23 -24 -25 25 27 -28 28 -30 -31
leaf_value=-0.15361057167035974 2.0206735685790704 0.005302391548821497 -0.01511707547261117 0.014406037948119522 0.016078191895908433 -0.020415444858348428 0.078426773285709225 0.0080965526663935219 0.15257519912317882 0.15056237425953084 0.004470630135047316 0.01511944010236096 0.0010770528836721027 -0.39876925977327943 -0.1737031025110275 -0.010697487866703055 -0.0065845236635361324 0.0062839477344528438 -0.064651377926492337 0.053263020748173767 -0.33829030516052788 0.07982755640889394 -0.0037386979192484075 0.0046016732833414646 0.026569588793236499 -0.037723598267990585 -0.0066197899230069669 0.11354572387403793 -0.077268022016903082 -0.42604208101800051
leaf_weight=1487 20 5.0000000000000062 12.000000000000002 6.9999999999999982 6.0000000000000027 5.0000000000000027 8.9999999999999982 14.000000000000002 5 4.9999999999999991 264 60 136 14.999999999999998 72 4.9999999999999991 5.9999999999999982 6 41 87 10.999999999999998 6.9999999999999991 23 6.9999999999999991 8.9999999999999982 145 8.9999999999999982 20 48 24
leaf_count=1487 20 5 12 7 6 5 9 14 5 5 264 60 136 15 72 5 6 6 41 87 11 7 23 7 9 145 9 20 48 24
internal_value=-0.000622569 -0.000980393 0.00548387 0.00382353 0.00833333 0.015 0.0107895 0.00357143 0.0116667 0.0164286 -0.0013108 -0.00157313 -0.00185767 -0.000462479 -0.00144013 0.0131818 0.0155882 0.0116667 0.000434781 -0.000398774 0.00112245 0.00246269 -0.00261905 0.000263157 -0.000780592 -0.000495497 -0.000652175 -0.000774649 0.000882352 -0.00269231
internal_weight=2570 2550 124 102 60 25 19 35 12 14 2426 1853 1623 573 309 22 17 12 230 163 98 67 42 19 237 222 23 213 68 65
internal_count=2570 2550 124 102 60 25 19 35 12 14 2426 1853 1623 573 309 22 17 12 230 163 98 67 42 19 237 222 23 213 68 65
is_linear=0
shrinkage=0.05


Tree=19
num_leaves=31
num_cat=0
split_feature=2 2 3 2 2 2 3 2 2 2 2 3 5 8 3 8 3 3 3 3 3 3 3 3 3 2 3 3 2 3
split_gain=16.7533 2.11414 0.972391 0.889947 0.6 0.364646 0.344048 0.3 0.1532 0.731602 0.426136 0.328409 0.176016 0.379175 0.316055 0.256411 0.176976 0.155514 0.227481 0.185785 0.145558 0.115288 0.360902 0.114038 0.163769 0.111111 0.109705 0.192157 0.109091 0.0810507
threshold=45.450000000000003 9.9000000000000004 14.500000000000002 13.950000000000001 16.850000000000001 16.850000000000001 10.500000000000002 25.700000000000003 1.0000000180025095e-35 3.3000000000000012 1.5999999999999999 16.500000000000004 1.0000000180025095e-35 1.0000000180025095e-35 19.500000000000004 1.0000000180025095e-35 18.500000000000004 11.500000000000002 15.500000000000002 21.500000000000004 10.500000000000002 13.500000000000002 9.5000000000000018 3.5000000000000004 4.5000000000000009 12.4 13.500000000000002 16.500000000000004 0.65000000000000047 14.500000000000002
decision_type=2 2 2 2 2 2 2 2 2 2 2 2 2 2 2 2 2 2 2 2 2 2 2 2 2 2 2 2 2 2
left_child=1 8 5 -4 -5 25 -7 -6 12 10 11 28 13 14 -1 -14 23 20 29 -20 -15 22 -11 -17 -25 -3 -26 -28 -10 -19
right_child=-2 2 3 4 7 6 -8 -9 9 21 -12 -13 15 17 -16 16 -18 18 19 -21 -22 -23 -24 24 26 -27 27 -29 -30 -31
leaf_value=-0.14985765187055258 1.919639890150117 -0.0069831140943878746 0.014691819414739699 -0.019394672615430885 0.013239244008552163 0.12291737360046912 0.024312376550884508 0.23042007231898665 -0.010758328455478704 -0.014361221698980693 0.009127311497803027 0.0050372719713804772 0.0042470986282950205 0.014363468097242949 -0.037816642239776023 -0.37883079678461551 -0.16501794738547615 -0.061418809030167769 0.050599869710765147 -0.32137578990250154 0.075836178588449252 -0.0035517630232860978 0.004371589619174495 0.025241109353574667 -0.035837418354591019 -0.0080964400655123628 0.1078684376803361 -0.073404620916057969 0.0053291307336390441 -0.40473997696710051
leaf_weight=1392 20 6.0000000000000027 7.0000000000000027 5.0000000000000027 4.9999999999999991 6.9999999999999991 7.9999999999999991 9.9999999999999982 6.0000000000000053 12.000000000000002 5.9999999999999991 4.9999999999999991 264 60 231 14.999999999999998 72 41 87 10.999999999999998 6.9999999999999991 23 6.9999999999999991 8.9999999999999982 145 11.999999999999998 20 48 5 24
leaf_count=1392 20 6 7 5 5 7 8 10 6 12 6 5 264 60 231 15 72 41 87 11 7 23 7 9 145 12 20 48 5 24
internal_value=-0.000583659 -0.000941178 0.00833333 0.0153704 0.01 0.00257576 0.00833333 0.015 -0.00116466 0.00125 0.00863636 0.004375 -0.00122836 -0.00146519 -0.00173444 -0.000462479 -0.00144013 0.000434781 -0.000398774 0.00112245 0.00246269 -0.00261905 0.000263157 -0.000780592 -0.000495497 -0.00222222 -0.000774649 0.000882352 -0.000454547 -0.00269231
internal_weight=2570 2550 60 27 20 33 15 15 2490 64 22 16 2426 1853 1623 573 309 230 163 98 67 42 19 237 222 18 213 68 11 65
internal_count=2570 2550 60 27 20 33 15 15 2490 64 22 16 2426 1853 1623 573 309 230 163 98 67 42 19 237 222 18 213 68 11 65
is_linear=0
shrinkage=0.05


Tree=20
num_leaves=31
num_cat=0
split_feature=2 2 7 2 2 2 3 3 3 2 2 2 5 8 3 8 3 3 3 3 3 3 3 2 3 3 3 3 2 3
split_gain=14.9661 1.9242 0.781499 0.483446 0.822722 0.272727 0.6 0.261752 0.389607 0.345905 0.757895 0.257895 0.207985 0.29737 0.304788 0.218796 0.193939 0.164286 0.137676 0.125789 0.148994 0.189802 0.204804 0.116667 0.102379 0.175621 0.102035 0.1 0.1 0.0727933
threshold=45.450000000000003 16.850000000000001 1.0000000180025095e-35 1.0000000180025095e-35 3.3000000000000012 1.5999999999999999 12.500000000000002 9.5000000000000018 10.500000000000002 9.9000000000000004 13.950000000000001 25.700000000000003 1.0000000180025095e-35 1.0000000180025095e-35 19.500000000000004 1.0000000180025095e-35 17.500000000000004 13.500000000000002 20.500000000000004 21.500000000000004 17.500000000000004 11.500000000000002 6.5000000000000009 57.400000000000006 3.5000000000000004 4.5000000000000009 18.500000000000004 13.500000000000002 0.65000000000000047 15.500000000000002
decision_type=2 2 2 2 2 2 2 2 2 2 2 2 2 2 2 2 2 2 2 2 2 2 2 2 2 2 2 2 2 2
left_child=1 3 11 12 5 6 28 -6 -9 17 -11 -3 13 14 -1 -14 -4 -10 24 20 21 22 -15 -2 -17 -26 -22 -13 -5 -23
right_child=23 2 16 4 7 -7 -8 8 9 10 -12 27 15 19 -16 18 -18 -19 -20 -21 26 29 -24 -25 25 -27 -28 -29 -30 -31
leaf_value=-0.14236476927702502 0.085854876507920314 0.029653644320036966 0.13880057048699632 -0.021042640672176288 -0.012192784948164262 0.0086709459229127005 0.0045914462070576704 0.0076544623661624414 0.0052740269122491801 0.012209839784882458 -0.0082183477949694887 0.032593735848216961 0.0040347436968803056 -0.04672049631899268 -0.035925810127787249 -0.35988925694538471 0.22249262112785539 -0.003374174872121655 -0.25916681351895221 -0.30530700040737652 0.12058451117052016 -0.18021007581944587 0.045182271334771151 1.8236578956426108 0.023979053885895853 -0.026259869164192408 0.014477534828375566 -0.054006253424211226 0.0050626741969571083 -0.04364681040712011
leaf_weight=1392 6.0000000000000027 9.0000000000000018 5.0000000000000018 5.0000000000000053 20 5.9999999999999991 5.9999999999999991 4.9999999999999991 5.0000000000000027 10.000000000000002 8.9999999999999982 4.9999999999999982 264 43 231 14.999999999999998 6 23 23 10.999999999999998 12.999999999999998 65 24 13.999999999999998 8.9999999999999982 262 46 5 5 28
leaf_count=1392 6 9 5 5 20 6 6 5 5 10 9 5 264 43 231 15 6 23 23 11 13 65 24 14 9 262 46 5 5 28
internal_value=-0.000583659 -0.00092157 0.0116667 -0.00107143 0.00244681 0.0109091 0.0075 -0.00013889 0.00173077 0.000319148 0.00552631 0.00552631 -0.00120775 -0.00146519 -0.00170364 -0.000375219 0.0222727 -0.00321429 -0.00127832 0.00021739 0.000479451 -0.000312501 0.00171642 0.0425 -0.000979022 -0.000756459 0.00262712 -1.19209e-09 -1.19209e-09 -0.00177419
internal_weight=2570 2550 30 2520 94 22 16 72 52 47 19 19 2426 1853 1623 573 11 28 309 230 219 160 67 20 286 271 59 10 10 93
internal_count=2570 2550 30 2520 94 22 16 72 52 47 19 19 2426 1853 1623 573 11 28 309 230 219 160 67 20 286 271 59 10 10 93
is_linear=0
shrinkage=0.05


Tree=21
num_leaves=31
num_cat=0
split_feature=2 2 7 2 2 2 2 3 2 3 2 3 5 8 3 8 3 3 3 3 3 2 3 3 3 2 3 3 3 3
split_gain=14.9391 1.91223 0.781499 0.339119 0.9294 0.357143 0.833333 1.11111 0.272727 0.6 0.257895 0.193939 0.178239 0.347554 0.282867 0.218796 0.155514 0.227481 0.185785 0.145558 0.137676 0.116667 0.102379 0.175621 0.1 0.1 0.0810507 0.066735 0.145574 0.113428
threshold=45.450000000000003 16.850000000000001 1.0000000180025095e-35 1.0000000180025095e-35 3.3000000000000012 9.9000000000000004 13.500000000000002 15.500000000000002 1.5999999999999999 12.500000000000002 25.700000000000003 17.500000000000004 1.0000000180025095e-35 1.0000000180025095e-35 19.500000000000004 1.0000000180025095e-35 11.500000000000002 15.500000000000002 21.500000000000004 10.500000000000002 20.500000000000004 57.400000000000006 3.5000000000000004 4.5000000000000009 13.500000000000002 0.65000000000000047 14.500000000000002 2.5000000000000004 5.5000000000000009 1.0000000180025095e-35
decision_type=2 2 2 2 2 2 2 2 2 2 2 2 2 2 2 2 2 2 2 2 2 2 2 2 2 2 2 2 2 2
left_child=1 3 10 12 8 -6 7 -7 9 25 -3 -4 13 14 27 -14 19 26 -19 -15 22 -2 -17 -24 -12 -5 -18 29 -29 -1
right_child=21 2 11 4 5 6 -8 -9 -10 -11 24 -13 15 16 -16 20 17 18 -20 -21 -22 -23 23 -25 -26 -27 -28 28 -30 -31
leaf_value=-0.25467695207582769 0.081562132682524144 0.028170962104035205 0.13186054196264654 -0.019990508638567391 -0.002365195439817776 0.0016198949200999528 -0.013735595824309235 0.01392919934113189 0.0082373986267669248 0.0043618738967047491 0.030964049055805923 0.21136799007146259 0.0038330065120362636 0.011386181125642238 -0.034129519621397951 -0.34189479409811557 -0.049337364787687049 0.049089735799780217 -0.29004165038700758 0.06978525609228825 -0.24620847284300462 1.7324750008604803 0.022780101191601079 -0.024946875705982779 -0.051305940753000961 0.0048095404871092776 -0.37549247432777322 -0.22081155691953339 -0.12507915787548235 0.1208383953514721
leaf_weight=20 6.0000000000000027 9.0000000000000018 5.0000000000000018 5.0000000000000053 42 9.0000000000000018 14.999999999999998 5.9999999999999991 5.9999999999999991 5.9999999999999991 4.9999999999999982 6 264 60 231 14.999999999999998 41 87 10.999999999999998 6.9999999999999991 23 13.999999999999998 8.9999999999999982 262 5 5 24 91 1262 19
leaf_count=20 6 9 5 5 42 9 15 6 6 6 5 6 264 60 231 15 41 87 11 7 23 14 9 262 5 5 24 91 1262 19
internal_value=-0.000544748 -0.000882354 0.0116667 -0.00103175 0.00191489 -0.000833335 0.00333333 0.0116667 0.0109091 0.0075 0.00552631 0.0222727 -0.00114592 -0.00138424 -0.00164202 -0.000375219 0.000434781 -0.000398774 0.00112245 0.00246269 -0.00127832 0.0425 -0.000979022 -0.000756459 -1.19209e-09 -1.19209e-09 -0.00269231 -0.00191092 -0.0019697 0.000128204
internal_weight=2570 2550 30 2520 94 72 30 15 22 16 19 11 2426 1853 1623 573 230 163 98 67 309 20 286 271 10 10 65 1392 1353 39
internal_count=2570 2550 30 2520 94 72 30 15 22 16 19 11 2426 1853 1623 573 230 163 98 67 309 20 286 271 10 10 65 1392 1353 39
is_linear=0
shrinkage=0.05


Tree=22
num_leaves=31
num_cat=0
split_feature=2 2 7 2 2 2 3 5 8 3 2 2 8 3 3 3 3 3 2 2 3 3 3 3 3 3 3 3 3 3
split_gain=14.9526 1.44321 0.414833 0.257895 0.231402 0.833333 1.11111 0.13212 0.264206 0.293955 0.229939 1.08248 0.167696 0.142149 0.138746 0.202921 0.170653 0.15873 0.124419 0.116667 0.105332 0.172521 0.1 0.0810507 0.0619305 0.0991666 0.131313 0.117636 0.288095 0.0927536
threshold=45.450000000000003 16.850000000000001 1.0000000180025095e-35 25.700000000000003 9.9000000000000004 13.500000000000002 15.500000000000002 1.0000000180025095e-35 1.0000000180025095e-35 20.500000000000004 1.0000000180025095e-35 1.0500000000000009 1.0000000180025095e-35 20.500000000000004 11.500000000000002 15.500000000000002 21.500000000000004 10.500000000000002 0.3499999999999997 57.400000000000006 3.5000000000000004 4.5000000000000009 13.500000000000002 14.500000000000002 7.5000000000000009 11.500000000000002 16.500000000000004 13.500000000000002 15.500000000000002 12.500000000000002
decision_type=2 2 2 2 2 2 2 2 2 2 2 2 2 2 2 2 2 2 2 2 2 2 2 2 2 2 2 2 2 2
left_child=1 4 3 -3 7 6 -6 8 9 10 -1 -12 18 20 17 23 -17 -10 -9 -2 -14 -22 -5 -16 -23 -26 27 29 -29 -27
right_child=19 2 -4 22 5 -7 -8 12 14 -11 11 -13 13 -15 15 16 -18 -19 -20 -21 21 24 -24 -25 25 26 -28 28 -30 -31
leaf_value=-0.12700594781375074 0.077484026048398102 0.026762413998833459 0.19630765014085538 0.029415846603015518 0.001538900174095105 -0.01304881603309385 0.013232739374075151 0.003641356186434486 0.0086855586265150789 0.0064167988389364442 0.0057277989356463044 -0.00061079211864094394 -0.3248000543932098 -0.23389804920085436 -0.046870496548302755 0.044992606125859681 -0.27553956786765726 0.066295993287673841 -0.0008328985543464278 1.6458512508174565 0.021641096132021077 0.0036944098455561538 -0.048740643715351133 -0.35671785061138445 -0.055826436801766979 -0.032514319579810727 -0.029706724335860992 0.24180383758089202 -0.18696471705518594 -0.12785420333722949
leaf_weight=1487 6.0000000000000027 9.0000000000000018 11.000000000000002 4.9999999999999982 9.0000000000000018 14.999999999999998 5.9999999999999991 264 63 141 8.9999999999999982 25 14.999999999999998 23 41 91 10.999999999999998 6.9999999999999991 9.9999999999999982 13.999999999999998 8.9999999999999982 43 5 24 84 15 99 5.0000000000000027 15.999999999999998 8
leaf_count=1487 6 9 11 5 9 15 6 264 63 141 9 25 15 23 41 91 11 7 10 14 9 43 5 24 84 15 99 5 16 8
internal_value=-0.000564204 -0.000901962 0.01 0.00552631 -0.00103175 0.00333333 0.0116667 -0.00108434 -0.00128752 -0.00151023 -0.00171269 0.00235294 -0.000431473 -0.00121451 0.00027426 -0.000508983 0.000882352 0.00214286 0.000474451 0.0425 -0.000918369 -0.000698926 -1.19209e-09 -0.00269231 -0.000925927 -0.00125551 -0.000454547 0.00181818 0.00452381 -0.000652175
internal_weight=2570 2550 30 19 2520 30 15 2490 1899 1662 1521 34 591 317 237 167 102 70 274 20 294 279 10 65 270 227 143 44 21 23
internal_count=2570 2550 30 19 2520 30 15 2490 1899 1662 1521 34 591 317 237 167 102 70 274 20 294 279 10 65 270 227 143 44 21 23
is_linear=0
shrinkage=0.05


Tree=23
num_leaves=31
num_cat=0
split_feature=2 2 2 3 2 3 2 3 5 2 2 3 3 2 5 8 3 3 8 3 3 3 3 3 3 3 3 3 3 3
split_gain=14.9121 1.09558 0.535185 0.680981 0.526608 0.416017 0.533333 0.183914 0.182296 0.123479 0.483303 0.274351 0.285714 0.116667 0.115249 0.351199 0.317922 0.181178 0.175699 0.160746 0.13548 0.270558 0.145558 0.120384 0.102379 0.175621 0.089955 0.0864706 0.084069 0.159993
threshold=45.450000000000003 9.9000000000000004 11.550000000000002 19.500000000000004 16.850000000000001 10.500000000000002 21.850000000000005 22.500000000000004 1.0000000180025095e-35 3.3000000000000012 1.0000000180025095e-35 16.500000000000004 8.5000000000000018 57.400000000000006 1.0000000180025095e-35 1.0000000180025095e-35 20.500000000000004 18.500000000000004 1.0000000180025095e-35 17.500000000000004 11.500000000000002 15.500000000000002 10.500000000000002 13.500000000000002 3.5000000000000004 4.5000000000000009 21.500000000000004 11.500000000000002 16.500000000000004 14.500000000000002
decision_type=2 2 2 2 2 2 2 2 2 2 2 2 2 2 2 2 2 2 2 2 2 2 2 2 2 2 2 2 2 2
left_child=1 7 -3 4 -4 -6 -7 9 -9 10 14 12 -12 -2 15 17 18 28 19 23 22 -22 -17 27 -20 -26 -23 -16 29 -1
right_child=13 2 3 -5 5 6 -8 8 -10 -11 11 -13 -14 -15 16 20 -18 -19 24 -21 21 26 -24 -25 25 -27 -28 -29 -30 -31
leaf_value=-0.11795601818390684 0.073609824745978311 0.010891529910662223 -0.0038540531126436055 0.15229045017882067 0.10464292339844566 0.059768809817232482 -0.013372532047846143 -0.067792709927796277 0.0060101968725740328 -0.0011887214252376968 0.0067144498100101188 0.0061451130193428006 -0.00059058792015645846 1.5635586882765837 0.0034592883771127347 0.01038259413803452 -0.2690106108651717 -0.042639035416750404 -0.30856005167354933 0.05906001581426619 -0.1536690811664736 0.044385618703498303 0.062981193623290119 -0.10830907252149302 0.020559041325419969 -0.021050907754578983 -0.2377625779426584 0.16141049116987816 -0.28753050027906885 -0.0045856877829500318
leaf_weight=928 6.0000000000000027 5.9999999999999991 19 12.999999999999998 7.0000000000000027 4.9999999999999991 9.9999999999999982 29 11.999999999999998 41 7.0000000000000018 7.9999999999999991 7 13.999999999999998 85 60 36 333 14.999999999999998 40 65 87 6.9999999999999991 99 8.9999999999999982 262 4.9999999999999991 14.999999999999998 235 105
leaf_count=928 6 6 19 13 7 5 10 29 12 41 7 8 7 14 85 60 36 333 15 40 65 87 7 99 9 262 5 15 235 105
internal_value=-0.000505838 -0.000843138 0.00583333 0.00425926 0.00109756 0.00636364 0.00166667 -0.00100402 0.00231707 -0.00105962 -0.00101329 0.00636364 0.00214286 0.0425 -0.00108131 -0.00127397 -0.000454547 -0.00153342 -0.000142858 0.000857739 0.000580356 -0.000222931 0.00246269 0.000276381 -0.000979022 -0.000756459 0.00152174 0.0015 -0.00180599 -0.00161181
internal_weight=2570 2550 60 54 41 22 15 2490 41 2449 2408 22 14 20 2386 1825 561 1601 525 239 224 157 67 199 286 271 92 100 1268 1033
internal_count=2570 2550 60 54 41 22 15 2490 41 2449 2408 22 14 20 2386 1825 561 1601 525 239 224 157 67 199 286 271 92 100 1268 1033
is_linear=0
shrinkage=0.05


Tree=24
num_leaves=31
num_cat=0
split_feature=2 2 2 2 3 5 2 2 3 7 2 2 3 3 2 5 8 3 3 8 3 3 3 3 3 3 3 3 3 3
split_gain=14.9256 0.757096 0.202112 0.860119 0.181697 0.182296 0.160714 0.5 0.158333 0.152381 0.125339 0.480586 0.274351 0.285714 0.116667 0.107671 0.340898 0.317922 0.225073 0.175699 0.160746 0.13548 0.270558 0.145558 0.120384 0.102379 0.175621 0.089955 0.0864706 0.084069
threshold=45.450000000000003 29.200000000000003 9.9000000000000004 11.550000000000002 22.500000000000004 1.0000000180025095e-35 16.850000000000001 21.850000000000005 19.500000000000004 1.0000000180025095e-35 3.3000000000000012 1.0000000180025095e-35 16.500000000000004 8.5000000000000018 57.400000000000006 1.0000000180025095e-35 1.0000000180025095e-35 20.500000000000004 18.500000000000004 1.0000000180025095e-35 17.500000000000004 11.500000000000002 15.500000000000002 10.500000000000002 13.500000000000002 3.5000000000000004 4.5000000000000009 21.500000000000004 11.500000000000002 16.500000000000004
decision_type=2 2 2 2 2 2 2 2 2 2 2 2 2 2 2 2 2 2 2 2 2 2 2 2 2 2 2 2 2 2
left_child=1 2 4 -4 10 -6 8 -8 -5 -3 11 15 13 -13 -2 16 18 19 29 20 24 23 -23 -18 28 -21 -27 -24 -17 -1
right_child=14 9 3 6 5 -7 7 -9 -10 -11 -12 12 -14 -15 -16 17 21 -19 -20 25 -22 22 27 -25 -26 26 -28 -29 -30 -31
leaf_value=-0.10425495160432408 0.069929333508679706 0.015103464923343125 0.010346953415128946 -0.0036613504570116012 -0.064403074431406554 0.0057096870289453719 0.031410080002888606 -0.011571164926313677 0.0027343694401048774 0.18247129744570131 -0.0011292853539758543 0.0063787273195095896 0.0058378573683756365 -0.00056105852414857049 1.4853807538627544 0.0032863239582571428 0.0098634644311328748 -0.25556008032191307 -0.040507083645912823 -0.29313204908987184 0.056107015023552802 -0.14598562710814994 0.042166337768323431 0.059832133942125588 -0.10289361889541837 0.019531089259148971 -0.019998362366850084 -0.22587444904552553 0.15333996661138427 -0.27315397526511548
leaf_weight=1033 6.0000000000000027 4.9999999999999982 5.9999999999999991 19.000000000000004 29 11.999999999999998 9.0000000000000018 8.9999999999999982 4.9999999999999991 7 41 7.0000000000000018 7.9999999999999991 7 13.999999999999998 85 60 36 333 14.999999999999998 40 65 87 6.9999999999999991 99 8.9999999999999982 262 4.9999999999999991 14.999999999999998 235
leaf_count=1033 6 5 6 19 29 12 9 9 5 7 41 7 8 7 14 85 60 36 333 15 40 65 87 7 99 9 262 5 15 235
internal_value=-0.000525293 -0.000862746 -0.000921987 0.00229167 -0.000983937 0.00231707 -0.000238096 0.00333333 -0.00291667 0.0116667 -0.0010392 -0.000992526 0.00636364 0.00214286 0.0425 -0.00106035 -0.00124658 -0.000454547 -0.00150219 -0.000142858 0.000857739 0.000580356 -0.000222931 0.00246269 0.000276381 -0.000979022 -0.000756459 0.00152174 0.0015 -0.00180599
internal_weight=2570 2550 2538 48 2490 41 42 18 24 12 2449 2408 22 14 20 2386 1825 561 1601 525 239 224 157 67 199 286 271 92 100 1268
internal_count=2570 2550 2538 48 2490 41 42 18 24 12 2449 2408 22 14 20 2386 1825 561 1601 525 239 224 157 67 199 286 271 92 100 1268
is_linear=0
shrinkage=0.05


Tree=25
num_leaves=31
num_cat=0
split_feature=2 2 2 2 3 3 2 2 2 2 3 7 2 3 3 5 8 3 3 3 3 8 3 3 3 3 3 3 3 3
split_gain=14.8986 0.752365 0.213153 0.286364 0.274351 0.285714 0.216071 0.860119 0.160714 0.5 0.158333 0.152381 0.116667 0.115288 0.360902 0.110133 0.269959 0.254923 0.155514 0.227481 0.185785 0.147415 0.145558 0.134729 0.160746 0.120384 0.095106 0.183506 0.0864706 0.0810507
threshold=45.450000000000003 29.200000000000003 1.0000000180025095e-35 3.3000000000000012 16.500000000000004 8.5000000000000018 9.9000000000000004 11.550000000000002 16.850000000000001 21.850000000000005 19.500000000000004 1.0000000180025095e-35 57.400000000000006 13.500000000000002 9.5000000000000018 1.0000000180025095e-35 1.0000000180025095e-35 18.500000000000004 11.500000000000002 15.500000000000002 21.500000000000004 1.0000000180025095e-35 10.500000000000002 20.500000000000004 17.500000000000004 13.500000000000002 3.5000000000000004 4.5000000000000009 11.500000000000002 14.500000000000002
decision_type=2 2 2 2 2 2 2 2 2 2 2 2 2 2 2 2 2 2 2 2 2 2 2 2 2 2 2 2 2 2
left_child=1 2 15 4 5 -4 13 -8 10 -10 -9 -3 -2 14 -5 16 17 -1 22 29 -21 23 -18 24 25 28 -23 -28 -17 -20
right_child=12 11 3 6 -6 -7 7 8 9 -11 -12 -13 -14 -15 -16 21 18 -19 19 20 -22 26 -24 -25 -26 -27 27 -29 -30 -31
leaf_value=-0.11083817228324531 0.066432866833245605 0.014348291677176007 0.0060597909535341429 -0.012768821649739899 0.0055459644999567952 -0.00053300559794114801 0.0098296057443724386 -0.003478282934161179 0.029839576002744339 -0.010992606679997869 0.0025976509680996069 0.17334773257341624 1.4111117161696165 -0.0023948333432177796 0.0040825954288432236 0.0031220077603443031 0.009370291209576144 -0.032614294240267246 -0.029544236307156524 0.040058020879907348 -0.2385807420759527 -0.27847544663537827 0.05684052724501925 -0.14958542658165325 0.053301664272375149 -0.097748937950647458 0.018554534796191468 -0.027145609343766364 0.14567296828081508 -0.32389922266708404
leaf_weight=1268 6.0000000000000027 4.9999999999999982 7.0000000000000018 12.000000000000002 7.9999999999999991 7 5.9999999999999991 19.000000000000004 9.0000000000000018 8.9999999999999982 4.9999999999999991 7 13.999999999999998 23 6.9999999999999991 85 60 355 41 87 10.999999999999998 14.999999999999998 6.9999999999999991 25 40 99 8.9999999999999982 285 14.999999999999998 24
leaf_count=1268 6 5 7 12 8 7 6 19 9 9 5 7 14 23 7 85 60 355 41 87 11 15 7 25 40 99 9 285 15 24
internal_value=-0.000486383 -0.000823531 -0.000882586 0.00125 0.00636364 0.00214286 -1.19209e-09 0.00229167 -0.000238096 0.00333333 -0.00291667 0.0116667 0.0425 -0.00261905 0.000263157 -0.00098104 -0.00116838 -0.00139556 0.000434781 -0.000398774 0.00112245 -0.000375219 0.00246269 0.000492423 0.000857739 0.000276381 -0.00111651 -0.000918369 0.0015 -0.00269231
internal_weight=2570 2550 2538 112 22 14 90 48 42 18 24 12 20 42 19 2426 1853 1623 230 163 98 573 67 264 239 199 309 294 100 65
internal_count=2570 2550 2538 112 22 14 90 48 42 18 24 12 20 42 19 2426 1853 1623 230 163 98 573 67 264 239 199 309 294 100 65
is_linear=0
shrinkage=0.05


Tree=26
num_leaves=31
num_cat=0
split_feature=2 2 2 2 3 5 2 2 3 7 2 2 3 3 2 3 3 3 9 7 8 5 3 3 5 3 3 3 3 8
split_gain=14.8716 0.747648 0.192321 0.860119 0.172962 0.182296 0.160714 0.5 0.158333 0.152381 0.132918 0.469795 0.274351 0.285714 0.116667 0.0835097 0.105917 0.247791 0.110137 0.140273 0.195638 0.194148 0.140689 0.187841 0.186413 0.153651 0.0981017 0.0890733 0.0879388 0.0809595
threshold=45.450000000000003 29.200000000000003 9.9000000000000004 11.550000000000002 22.500000000000004 1.0000000180025095e-35 16.850000000000001 21.850000000000005 19.500000000000004 1.0000000180025095e-35 3.3000000000000012 1.0000000180025095e-35 16.500000000000004 8.5000000000000018 57.400000000000006 11.500000000000002 2.5000000000000004 1.0000000180025095e-35 1.6000000000000003 1.0000000180025095e-35 1.0000000180025095e-35 1.0000000180025095e-35 3.5000000000000004 4.5000000000000009 1.0000000180025095e-35 10.500000000000002 12.500000000000002 4.5000000000000009 8.5000000000000018 1.0000000180025095e-35
decision_type=2 2 2 2 2 2 2 2 2 2 2 2 2 2 2 2 2 2 2 2 2 2 2 2 2 2 2 2 2 2
left_child=1 2 4 -4 10 29 8 -8 -5 -3 11 15 13 -13 -2 16 17 -1 -18 20 21 27 -22 -24 25 -25 -17 -20 -21 -6
right_child=14 9 3 6 5 -7 7 -9 -10 -11 -12 12 -14 -15 -16 26 18 -19 19 28 22 -23 23 24 -26 -27 -28 -29 -30 -31
leaf_value=-0.21294034950094948 0.063111223491583657 0.013630877093316996 0.0093381254571538452 -0.0033043687874531359 0.0096512638289443353 0.0073936838364317336 0.02834759720260718 -0.01044297634599794 0.0024677684196946709 0.16468034594474532 -0.00095307972798407484 0.0057568014058574125 0.0052686662749589835 -0.00050635531804411437 1.3405561303611357 0.0096885425103158656 0.10813502474209376 0.08357904595652596 -0.10044525695791773 -0.06491928844887708 -0.31240427696992101 -0.011034098111253776 0.055126799115685188 -0.16097595560682657 -0.064106185360521192 0.053998500882768322 -0.04620863963889852 -0.17316092610577574 -9.033779052389224e-06 -0.28859085693457021
leaf_weight=37 6.0000000000000027 4.9999999999999982 5.9999999999999991 19.000000000000004 23.000000000000004 11.999999999999998 9.0000000000000018 8.9999999999999982 4.9999999999999991 7 41 7.0000000000000018 7.9999999999999991 7 13.999999999999998 94 11.999999999999998 35 37 471 13.999999999999998 35 13.999999999999998 18.000000000000004 54 6.9999999999999991 1198 246 114 5.9999999999999991
leaf_count=37 6 5 6 19 23 12 9 9 5 7 41 7 8 7 14 94 12 35 37 471 14 35 14 18 54 7 1198 246 114 6
internal_value=-0.000447472 -0.000784315 -0.000843185 0.00229167 -0.000903616 0.00231707 -0.000238096 0.00333333 -0.00291667 0.0116667 -0.000957535 -0.00090947 0.00636364 0.00214286 0.0425 -0.000976531 -0.00129799 0.000555554 -0.00142857 -0.00148515 -0.00217647 -0.00279874 -0.000327104 0.000376343 -0.000569621 0.003 -0.000704336 -0.00323322 -0.000982907 0.000172413
internal_weight=2570 2550 2538 48 2490 41 42 18 24 12 2449 2408 22 14 20 2386 1094 72 1022 1010 425 318 107 93 79 25 1292 283 585 29
internal_count=2570 2550 2538 48 2490 41 42 18 24 12 2449 2408 22 14 20 2386 1094 72 1022 1010 425 318 107 93 79 25 1292 283 585 29
is_linear=0
shrinkage=0.05


Tree=27
num_leaves=31
num_cat=0
split_feature=2 2 2 2 3 5 2 2 3 7 2 2 3 3 2 3 3 8 3 3 3 8 3 3 5 8 5 3 8 3
split_gain=14.8312 0.7406 0.185138 0.860119 0.166553 0.182296 0.160714 0.5 0.158333 0.152381 0.138748 0.461782 0.274351 0.285714 0.116667 0.0871007 0.14228 0.0809595 0.0767023 0.247791 0.0967639 0.18844 0.119226 0.124775 0.0760609 0.065417 0.0581329 0.0569196 0.0494949 0.0491576
threshold=45.450000000000003 29.200000000000003 9.9000000000000004 11.550000000000002 22.500000000000004 1.0000000180025095e-35 16.850000000000001 21.850000000000005 19.500000000000004 1.0000000180025095e-35 3.3000000000000012 1.0000000180025095e-35 16.500000000000004 8.5000000000000018 57.400000000000006 10.500000000000002 9.5000000000000018 1.0000000180025095e-35 2.5000000000000004 1.0000000180025095e-35 8.5000000000000018 1.0000000180025095e-35 5.5000000000000009 4.5000000000000009 1.0000000180025095e-35 1.0000000180025095e-35 1.0000000180025095e-35 7.5000000000000009 1.0000000180025095e-35 12.500000000000002
decision_type=2 2 2 2 2 2 2 2 2 2 2 2 2 2 2 2 2 2 2 2 2 2 2 2 2 2 2 2 2 2
left_child=1 2 4 -4 10 17 8 -8 -5 -3 11 15 13 -13 -2 16 18 -6 19 -1 21 22 23 -20 25 -18 -22 -23 -26 -17
right_child=14 9 3 6 5 -7 7 -9 -10 -11 -12 12 -14 -15 -16 29 24 -19 20 -21 26 27 -24 -25 28 -27 -28 -29 -30 -31
leaf_value=-0.20229333202590194 0.059955662317004214 0.012949333238651007 0.0088712191842960763 -0.0031391503480804419 0.0091687006374970657 0.0070239996446100714 0.026930217342476984 -0.00992082752869799 0.0023443799987100883 0.15644632864750804 -0.00090542574158482064 0.0054689613355644682 0.0050052329612110874 -0.00048103755214187033 1.273528323843079 -0.00062363780220787773 -0.19950290960272632 -0.27416131408784178 -0.099423019859177411 0.079400093658699655 0.014175874041119663 0.01245055885371849 -0.098969505011787001 -0.27756540281605985 -0.092482452571950979 -0.28444246655641375 -0.025105675735848012 -0.29236017575771706 -0.051900832461871008 -0.043898207656953604
leaf_weight=37 6.0000000000000027 4.9999999999999982 5.9999999999999991 19.000000000000004 23.000000000000004 11.999999999999998 9.0000000000000018 8.9999999999999982 4.9999999999999991 7 41 7.0000000000000018 7.9999999999999991 7 13.999999999999998 208 126 5.9999999999999991 41 35 75 103 409 54 14.999999999999998 7.9999999999999991 41 18 18 1198
leaf_count=37 6 5 6 19 23 12 9 9 5 7 41 7 8 7 14 208 126 6 41 35 75 103 409 54 15 8 41 18 18 1198
internal_value=-0.000389106 -0.000725491 -0.000784083 0.00229167 -0.000843375 0.00231707 -0.000238096 0.00333333 -0.00291667 0.0116667 -0.000896285 -0.000847177 0.00636364 0.00214286 0.0425 -0.000913664 -0.00127551 0.000172413 -0.00100246 0.000555554 -0.00115385 -0.0014 -0.0018254 -0.00342105 -0.00260479 -0.00313433 0.000172413 0.0003719 -0.000454547 -0.000661452
internal_weight=2570 2550 2538 48 2490 41 42 18 24 12 2449 2408 22 14 20 2386 980 29 813 72 741 625 504 95 167 134 116 121 33 1406
internal_count=2570 2550 2538 48 2490 41 42 18 24 12 2449 2408 22 14 20 2386 980 29 813 72 741 625 504 95 167 134 116 121 33 1406
is_linear=0
shrinkage=0.05


Tree=28
num_leaves=31
num_cat=0
split_feature=2 2 7 3 5 8 2 3 3 5 8 8 2 2 2 3 3 3 8 3 3 2 2 2 3 2 2 2 5 8
split_gain=14.8581 0.745295 0.152381 0.150314 0.14551 0.232692 0.116667 0.106639 0.106764 0.13803 0.105263 0.0809595 0.0732882 0.113556 0.387004 0.0846286 0.108834 0.247791 0.121241 0.121254 0.120536 0.070054 0.149093 0.4 0.133333 0.099741 0.114852 0.251282 0.0857143 0.0657991
threshold=45.450000000000003 29.200000000000003 1.0000000180025095e-35 22.500000000000004 1.0000000180025095e-35 1.0000000180025095e-35 57.400000000000006 10.500000000000002 9.5000000000000018 1.0000000180025095e-35 1.0000000180025095e-35 1.0000000180025095e-35 14.35 3.3000000000000012 0.65000000000000047 8.5000000000000018 2.5000000000000004 1.0000000180025095e-35 1.0000000180025095e-35 5.5000000000000009 4.5000000000000009 21.850000000000005 9.9000000000000004 13.950000000000001 11.500000000000002 6.4500000000000002 1.0000000180025095e-35 1.0500000000000009 1.0000000180025095e-35 1.0000000180025095e-35
decision_type=2 2 2 2 2 2 2 2 2 2 2 2 2 2 2 2 2 2 2 2 2 2 2 2 2 2 2 2 2 2
left_child=1 3 -3 7 11 -6 -2 8 12 29 -11 -5 13 14 15 16 17 -1 19 20 -18 22 25 -24 -25 26 -9 -28 -29 -10
right_child=6 2 -4 4 5 -7 -8 21 9 10 -12 -13 -14 -15 -16 -17 18 -19 -20 -21 -22 -23 23 24 -26 -27 27 28 -30 -31
leaf_value=-0.19217866542460682 0.056957879201153777 0.012301866576718425 0.1486240122151328 0.0087102656056222954 0.18648823812040638 -0.3748067742240343 1.2098519076509249 -0.031451148611540879 -0.17002779714359201 0.0084454671457210289 -0.049305790838777425 -0.26045324838344969 -0.00094487350437631322 -0.0098047920337277147 0.0053928122233965056 -0.0011916541722257958 -0.085451825235674059 0.075430088975764753 -0.0001826035208548943 -0.08522492147496924 -0.26368713267525695 -0.0094247861522632152 0.0072282712868834411 0.051150740768964378 -0.0063362173219821821 -0.0086887009477461027 0.0024672485488950627 0.0052230224710718559 -0.00046399297784813345 -0.27022034322859306
leaf_weight=37 6.0000000000000027 4.9999999999999982 7 23.000000000000004 4.9999999999999973 8 13.999999999999998 1406 127 19 19 5.9999999999999991 4.9999999999999991 18 5.9999999999999991 116 42 35 122 410 54 8.9999999999999982 9.0000000000000018 4.9999999999999991 9.9999999999999982 12.999999999999998 6.0000000000000027 14.000000000000002 5.9999999999999991 7.9999999999999991
leaf_count=37 6 5 7 23 5 8 14 1406 127 19 19 6 5 18 6 116 42 35 122 410 54 9 9 5 10 13 6 14 6 8
internal_value=-0.000428017 -0.000764707 0.0116667 -0.000823484 0.00214286 0.00653846 0.0425 -0.000873399 -0.00126719 -0.00239885 0.000263157 0.000172413 -0.0010355 -0.00107143 -0.000985403 -0.00107843 -0.00128572 0.000555554 -0.00149682 -0.00183795 -0.0034375 -0.000602166 -0.000575222 0.00333333 -0.00166667 -0.00064014 -0.00060056 0.00269231 -1.19209e-09 -0.00314815
internal_weight=2570 2550 12 2538 42 13 20 2496 1018 173 38 29 845 840 822 816 700 72 628 506 96 1478 1469 24 15 1445 1432 26 20 135
internal_count=2570 2550 12 2538 42 13 20 2496 1018 173 38 29 845 840 822 816 700 72 628 506 96 1478 1469 24 15 1445 1432 26 20 135
is_linear=0
shrinkage=0.05


Tree=29
num_leaves=31
num_cat=0
split_feature=2 2 7 2 2 2 3 3 2 2 7 3 3 3 2 2 8 3 8 3 3 3 3 3 3 8 5 8 5 8
split_gain=14.7774 0.731255 0.152381 0.116667 0.106702 0.338546 0.274351 0.285714 0.134127 0.964286 0.127889 0.115288 0.360902 0.0667058 0.0655172 0.1 0.0618132 0.0576835 0.114527 0.191139 0.153846 0.131363 0.138889 0.0732419 0.16842 0.0909345 0.056354 0.054756 0.0535714 0.0494949
threshold=45.450000000000003 29.200000000000003 1.0000000180025095e-35 57.400000000000006 1.0000000180025095e-35 3.3000000000000012 16.500000000000004 8.5000000000000018 9.9000000000000004 11.550000000000002 1.0000000180025095e-35 13.500000000000002 9.5000000000000018 22.500000000000004 18.650000000000002 25.700000000000003 1.0000000180025095e-35 7.5000000000000009 1.0000000180025095e-35 2.5000000000000004 1.5000000000000002 1.0000000180025095e-35 1.5000000000000002 9.5000000000000018 10.500000000000002 1.0000000180025095e-35 1.0000000180025095e-35 1.0000000180025095e-35 1.0000000180025095e-35 1.0000000180025095e-35
decision_type=2 2 2 2 2 2 2 2 2 2 2 2 2 2 2 2 2 2 2 2 2 2 2 2 2 2 2 2 2 2
left_child=1 4 -3 -2 13 6 7 -6 11 -10 14 12 -7 17 -11 -16 -15 18 19 21 -20 -1 -23 25 26 -19 27 -25 -18 -28
right_child=3 2 -4 -5 5 8 -8 -9 9 10 -12 -13 -14 16 15 -17 28 23 20 -21 -22 22 -24 24 -26 -27 29 -29 -30 -31
leaf_value=-0.12459398352424936 0.054109985241096281 0.0116867732478824 0.1411928116043763 1.1493593122683785 0.0049258726576163758 -0.011547215692087881 0.0045902722998691151 -0.00049241083521137075 0.0080358147715213889 -0.0022413822029930912 0.0047989721613007994 -0.0023041999270943308 0.0089677656492575149 0.036745523470406917 0.048559734001927507 -0.010882804119279853 -0.24743058596427725 0.0025365128298753706 -0.25301390430188103 -0.17296968097051713 0.01499712469764216 0.10347104960085801 -0.098955286514416235 -0.18102637426541027 -0.029878591180963809 -0.027290823426353052 -0.088280603300639457 -0.25670932606716335 -0.35606643551283262 -0.046840501296838616
leaf_weight=28 6.0000000000000027 4.9999999999999982 7 13.999999999999998 7.0000000000000018 12.000000000000002 7.9999999999999991 7 5.9999999999999991 19.000000000000004 12.999999999999998 23 6.9999999999999991 26 4.9999999999999982 5 5.9999999999999973 217 12.999999999999998 373 104 12.000000000000002 18 126 1406 48 14.999999999999998 7.9999999999999991 8 18
leaf_count=28 6 5 7 14 7 12 8 7 6 19 13 23 7 26 5 5 6 217 13 373 104 12 18 126 1406 48 15 8 8 18
internal_value=-0.000311285 -0.00064706 0.0116667 0.0425 -0.000705281 0.00080357 0.00636364 0.00214286 -0.000555557 0.00125 -0.00142857 -0.00261905 0.000263157 -0.000774939 -0.00327586 -1.19209e-09 0.00125 -0.000808886 -0.00125913 -0.00163573 0.000128204 0.00103448 0.00333333 -0.000674648 -0.000804197 9.43384e-05 -0.00230539 -0.0027612 -0.00142857 -0.000454547
internal_weight=2570 2550 12 20 2538 112 22 14 90 48 42 42 19 2426 29 10 40 2386 548 431 117 58 30 1838 1573 265 167 134 14 33
internal_count=2570 2550 12 20 2538 112 22 14 90 48 42 42 19 2426 29 10 40 2386 548 431 117 58 30 1838 1573 265 167 134 14 33
is_linear=0
shrinkage=0.05


Tree=30
num_leaves=31
num_cat=0
split_feature=2 2 3 2 3 2 2 3 3 2 2 7 3 3 2 2 3 8 5 3 8 3 3 3 3 3 3 8 3 3
split_gain=12.2775 0.904292 0.533333 0.4 0.141176 0.0985065 0.338546 0.274351 0.285714 0.134127 0.964286 0.127889 0.115288 0.360902 0.0655172 0.1 0.0626944 0.0618132 0.0535714 0.0506421 0.0999582 0.174891 0.153846 0.131363 0.138889 0.0632446 0.119661 0.0909345 0.0754086 0.0487516
threshold=47.650000000000006 29.200000000000003 11.500000000000002 35.70000000000001 17.500000000000004 1.0000000180025095e-35 3.3000000000000012 16.500000000000004 8.5000000000000018 9.9000000000000004 11.550000000000002 1.0000000180025095e-35 13.500000000000002 9.5000000000000018 18.650000000000002 25.700000000000003 22.500000000000004 1.0000000180025095e-35 1.0000000180025095e-35 7.5000000000000009 1.0000000180025095e-35 2.5000000000000004 1.5000000000000002 1.0000000180025095e-35 1.5000000000000002 9.5000000000000018 10.500000000000002 1.0000000180025095e-35 12.500000000000002 5.5000000000000009
decision_type=2 2 2 2 2 2 2 2 2 2 2 2 2 2 2 2 2 2 2 2 2 2 2 2 2 2 2 2 2 2
left_child=1 5 -3 -4 -2 16 7 8 -7 12 -11 14 13 -8 -12 -16 19 -18 -19 20 21 23 -22 -1 -25 27 -27 -21 -28 -23
right_child=4 2 3 -5 -6 6 9 -9 -10 10 11 -13 -14 -15 15 -17 17 18 -20 25 22 29 -24 24 -26 26 28 -29 -30 -31
leaf_value=-0.11836428434803688 1.0843913269854271 0.10406509179264987 0.13592994723656646 -0.0013986751592646842 1.4818912369824133 0.0046795790247355978 -0.010969854907483374 0.0043607586848756477 -0.00046779029345083686 0.0076340240329451636 -0.0021293130928432872 0.004559023553235622 -0.0021889899307395381 0.0085193773667945286 0.046131747301831172 -0.010338663913316025 0.034908247296886512 -0.23505905666606336 -0.33826311373719098 0.002409687188381682 -0.24036320908678702 -0.17785373495129309 0.014247268462759985 0.098297497120815036 -0.094007522188695347 -0.12647507379105713 0.0024740310775277158 -0.02592628225503546 -0.038636810284480586 -0.16521445667095558
leaf_weight=28 12.000000000000002 4.9999999999999991 4.9999999999999982 5 4.9999999999999991 7.0000000000000018 12.000000000000002 7.9999999999999991 7 5.9999999999999991 19.000000000000004 12.999999999999998 23 6.9999999999999991 4.9999999999999982 5 26 5.9999999999999973 8 217 12.999999999999998 95 104 12.000000000000002 18 167 208 48 1198 278
leaf_count=28 12 5 5 5 5 7 12 8 7 6 19 13 23 7 5 5 26 6 8 217 13 95 104 12 18 167 208 48 1198 278
internal_value=-0.00029183 -0.000573836 0.0116667 0.005 0.0420588 -0.000646179 0.00080357 0.00636364 0.00214286 -0.000555557 0.00125 -0.00142857 -0.00261905 0.000263157 -0.00327586 -1.19209e-09 -0.000713109 0.00125 -0.00142857 -0.00074602 -0.00116788 -0.00151972 0.000128204 0.00103448 0.00333333 -0.000620241 -0.000740624 9.43384e-05 -0.000590328 -0.00191689
internal_weight=2570 2553 15 10 17 2538 112 22 14 90 48 42 42 19 29 10 2426 40 14 2386 548 431 117 58 30 1838 1573 265 1406 373
internal_count=2570 2553 15 10 17 2538 112 22 14 90 48 42 42 19 29 10 2426 40 14 2386 548 431 117 58 30 1838 1573 265 1406 373
is_linear=0
shrinkage=0.05


Tree=31
num_leaves=31
num_cat=0
split_feature=2 2 3 2 2 2 3 3 2 2 7 3 3 2 2 3 8 3 3 3 3 3 3 8 3 3 8 3 5 5
split_gain=11.5604 0.647313 0.718803 0.492308 0.0958475 0.338546 0.274351 0.285714 0.134127 0.964286 0.127889 0.115288 0.360902 0.0655172 0.1 0.0639922 0.0999582 0.153846 0.0767585 0.0630341 0.0696097 0.0555008 0.0531909 0.0618132 0.0585209 0.125748 0.0909345 0.069429 0.0535714 0.047867
threshold=57.400000000000006 29.200000000000003 10.500000000000002 35.70000000000001 1.0000000180025095e-35 3.3000000000000012 16.500000000000004 8.5000000000000018 9.9000000000000004 11.550000000000002 1.0000000180025095e-35 13.500000000000002 9.5000000000000018 18.650000000000002 25.700000000000003 7.5000000000000009 1.0000000180025095e-35 1.5000000000000002 2.5000000000000004 5.5000000000000009 4.5000000000000009 1.0000000180025095e-35 22.500000000000004 1.0000000180025095e-35 9.5000000000000018 10.500000000000002 1.0000000180025095e-35 12.500000000000002 1.0000000180025095e-35 1.0000000180025095e-35
decision_type=2 2 2 2 2 2 2 2 2 2 2 2 2 2 2 2 2 2 2 2 2 2 2 2 2 2 2 2 2 2
left_child=1 4 -3 -4 15 6 7 -6 11 -10 13 12 -7 -11 -15 16 18 -18 21 20 -20 -1 24 -24 26 -26 -17 -27 -25 -19
right_child=-2 2 3 -5 5 8 -8 -9 9 10 -12 -13 -14 14 -16 22 17 29 19 -21 -22 -23 23 28 25 27 -28 -29 -30 -31
leaf_value=-0.11244607013063507 1.0376717803056885 0.098861837203017444 0.12913344987473799 -0.0013287414013014144 0.0044456000734987341 -0.010421362162109055 0.0041427207506318942 -0.00044440077877821424 0.0072523228312978754 -0.0020228474382010804 0.0043310723755738993 -0.0020795404342026985 0.0080934084984547634 0.043825159936739751 -0.0098217307176502108 0.0022892028289625446 -0.22834504863244764 0.01360908187473649 -0.072638106808344469 -0.15695373383740777 -0.23296160524540355 0.02765261644466499 0.033162834932042175 -0.22330610383276017 -0.12015132010150431 0.0023503295236512508 -0.024629968142283687 -0.036704969770256592 -0.3213499580503314 -0.0016989634998949435
leaf_weight=28 13.999999999999998 5.0000000000000027 4.9999999999999991 7.9999999999999991 7.0000000000000018 12.000000000000002 7.9999999999999991 7 5.9999999999999991 19.000000000000004 12.999999999999998 23 6.9999999999999991 4.9999999999999982 5 217 12.999999999999998 51 41 278 54 30 26 5.9999999999999973 167 208 48 1198 8 53
leaf_count=28 14 5 5 8 7 12 8 7 6 19 13 23 7 5 5 217 13 51 41 278 54 30 26 6 167 208 48 1198 8 53
internal_value=-0.000311285 -0.000559469 0.00888889 0.00269231 -0.000626479 0.00080357 0.00636364 0.00214286 -0.000555557 0.00125 -0.00142857 -0.00261905 0.000263157 -0.00327586 -1.19209e-09 -0.000692499 -0.00116788 0.000128204 -0.00151972 -0.00178284 -0.00289474 0.000172413 -0.000553782 0.00125 -0.000593037 -0.000708838 9.43384e-05 -0.000554766 -0.00142857 0.00076923
internal_weight=2570 2556 18 13 2538 112 22 14 90 48 42 42 19 29 10 2426 548 117 431 373 95 58 1878 40 1838 1573 265 1406 14 104
internal_count=2570 2556 18 13 2538 112 22 14 90 48 42 42 19 29 10 2426 548 117 431 373 95 58 1878 40 1838 1573 265 1406 14 104
is_linear=0
shrinkage=0.05


Tree=32
num_leaves=31
num_cat=0
split_feature=2 2 3 2 2 2 3 3 2 2 7 2 2 2 2 3 3 3 8 5 3 3 8 3 3 3 3 5 8 5
split_gain=9.75505 0.628686 0.718803 0.492308 0.141666 0.286364 0.274351 0.285714 0.151948 0.311688 0.981818 0.204545 0.297619 0.160714 0.5 0.158333 0.128571 0.0538181 0.0618132 0.0535714 0.0424133 0.0787312 0.127671 0.0729098 0.0892991 0.0688251 0.0686401 0.152381 0.0781853 0.228571
threshold=57.400000000000006 29.200000000000003 10.500000000000002 35.70000000000001 1.0000000180025095e-35 3.3000000000000012 16.500000000000004 8.5000000000000018 4.6000000000000023 6.4500000000000002 1.0000000180025095e-35 9.9000000000000004 11.550000000000002 16.850000000000001 21.850000000000005 19.500000000000004 9.5000000000000018 22.500000000000004 1.0000000180025095e-35 1.0000000180025095e-35 7.5000000000000009 2.5000000000000004 1.0000000180025095e-35 9.5000000000000018 10.500000000000002 15.500000000000002 1.0000000180025095e-35 1.0000000180025095e-35 1.0000000180025095e-35 1.0000000180025095e-35
decision_type=2 2 2 2 2 2 2 2 2 2 2 2 2 2 2 2 2 2 2 2 2 2 2 2 2 2 2 2 2 2
left_child=1 4 -3 -4 17 6 7 -6 -7 10 -10 -11 -13 15 -15 -14 -2 20 -19 -20 21 26 -23 -22 -25 -26 28 -28 29 -1
right_child=16 2 3 -5 5 8 -8 -9 9 11 -12 12 13 14 -16 -17 -18 18 19 -21 23 22 -24 24 25 -27 27 -29 -30 -31
leaf_value=-0.17079951573005606 0.77378817126325083 0.09391874534286658 0.12267677738100119 -0.0012623043312366634 0.0042233200698238941 -0.047019472820775121 0.0039355847131003277 -0.00042218073983926719 0.0079671610742447514 -0.0082008821836138841 -0.0026178029697526807 0.0068897066897329329 -0.0042142851573657185 0.023177266559100209 -0.0095027007849874962 -0.0020022538492793312 1.151813033856655 0.031504693185440046 -0.21214079864112209 -0.30528246014781485 0.00073956914608450423 -0.15033208879467169 0.0098475696504230353 -0.11414375409642902 -0.00048782116885114671 -0.061277255026672785 0.11591943158735317 -0.053156161437497997 -0.30709493526512088 0.019953206621002553
leaf_weight=20 4.9999999999999991 5.0000000000000027 4.9999999999999991 7.9999999999999991 7.0000000000000018 12.999999999999998 7.9999999999999991 7 4.9999999999999982 18 6 5.9999999999999991 19.000000000000004 9.0000000000000018 8.9999999999999982 4.9999999999999991 8.9999999999999982 26 5.9999999999999973 8 265 373 103 167 426 980 20 14.999999999999998 8.9999999999999982 8.0000000000000018
leaf_count=20 5 5 5 8 7 13 8 7 5 18 6 6 19 9 9 5 9 26 6 8 265 373 103 167 426 980 20 15 9 8
internal_value=-0.000194554 -0.000422536 0.00888889 0.00269231 -0.000488575 0.00125 0.00636364 0.00214286 -1.19209e-09 0.000844155 0.00863636 -0.000454547 0.00125 -0.000238096 0.00333333 -0.00291667 0.0414286 -0.000568839 0.00125 -0.00142857 -0.000599331 -0.000985403 -0.00121849 -0.000484223 -0.000613479 -0.000483643 0.000555554 0.00214286 -0.000945947 0.000357142
internal_weight=2570 2556 18 13 2538 112 22 14 90 77 11 66 48 42 18 24 14 2426 40 14 2386 548 476 1838 1573 1406 72 35 37 28
internal_count=2570 2556 18 13 2538 112 22 14 90 77 11 66 48 42 18 24 14 2426 40 14 2386 548 476 1838 1573 1406 72 35 37 28
is_linear=0
shrinkage=0.05


Tree=33
num_leaves=31
num_cat=0
split_feature=2 2 3 2 3 2 2 2 2 2 2 2 2 3 3 3 2 3 3 3 8 3 3 3 5 3 3 8 5 8
split_gain=9.76417 0.631331 0.718803 0.492308 0.128571 0.0728906 0.157538 0.121367 0.181865 0.177778 0.145423 0.179965 0.237813 0.274351 0.285714 0.19697 0.436364 0.0541183 0.0787312 0.247791 0.127671 0.0611106 0.102059 0.0608317 0.0707602 0.0484953 0.0562725 0.0618132 0.0535714 0.0499194
threshold=57.400000000000006 29.200000000000003 10.500000000000002 35.70000000000001 9.5000000000000018 21.850000000000005 16.850000000000001 13.500000000000002 9.9000000000000004 11.550000000000002 6.4500000000000002 1.0000000180025095e-35 3.3000000000000012 16.500000000000004 8.5000000000000018 14.500000000000002 4.6000000000000023 7.5000000000000009 2.5000000000000004 1.0000000180025095e-35 1.0000000180025095e-35 9.5000000000000018 10.500000000000002 6.5000000000000009 1.0000000180025095e-35 15.500000000000002 22.500000000000004 1.0000000180025095e-35 1.0000000180025095e-35 1.0000000180025095e-35
decision_type=2 2 2 2 2 2 2 2 2 2 2 2 2 2 2 2 2 2 2 2 2 2 2 2 2 2 2 2 2 2
left_child=1 5 -3 -4 -2 6 7 8 10 -10 11 17 13 14 -13 16 -14 18 19 -1 -20 -19 -23 -22 -25 -24 29 -28 -29 -27
right_child=4 2 3 -5 -6 -7 -8 -9 9 -11 -12 12 15 -15 -16 -17 -18 21 20 -21 23 22 25 24 -26 26 27 28 -30 -31
leaf_value=-0.15625953946672766 0.73509876270008834 0.089222808075723498 0.11654293851195106 -0.0011991891146749369 1.0942223821638224 -0.0090275657457382433 0.022018403231145092 -0.011387617644692259 0.0065452213552462564 0.0011529590551772439 -0.0077908380744331103 0.0040121540663326507 -0.038065581840499331 0.0037388054774453168 -0.00040107170284729406 -0.00049155745037815642 0.0075688030205323517 0.00070259068878028889 -0.14281548435493818 0.066154246876747577 -0.0021696658129949351 -0.10843656639160759 -0.00046343011040865002 0.020436253407915928 0.002735637673835889 -0.070410476835566629 0.029929458526168063 -0.20153375870906595 -0.29001833714042408 -0.0017978099582679425
leaf_weight=37 4.9999999999999991 5.0000000000000027 4.9999999999999991 7.9999999999999991 8.9999999999999982 8.9999999999999982 8.9999999999999982 14.999999999999998 5.9999999999999991 8.9999999999999982 18 7.0000000000000018 6.0000000000000018 7.9999999999999991 7 12.999999999999998 5 265 373 35 84 167 426 9 10 760 26 5.9999999999999973 8 220
leaf_count=37 5 5 5 8 9 9 9 15 6 9 18 7 6 8 7 13 5 265 373 35 84 167 426 9 10 760 26 6 8 220
internal_value=-0.000214009 -0.000442098 0.00888889 0.00269231 0.0414286 -0.000508275 -0.000492291 -0.000515874 -0.000489023 0.005 -0.00052209 -0.000489483 0.00260869 0.00636364 0.00214286 -0.000833335 0.00409091 -0.000548229 -0.000985403 0.000555554 -0.00121849 -0.000420661 -0.000536269 0.000339805 0.00289474 -0.000401108 -0.000588236 0.00125 -0.00142857 -0.000663266
internal_weight=2570 2556 18 13 14 2538 2529 2520 2505 15 2490 2472 46 22 14 24 11 2426 548 72 476 1878 1613 103 19 1446 1020 40 14 980
internal_count=2570 2556 18 13 14 2538 2529 2520 2505 15 2490 2472 46 22 14 24 11 2426 548 72 476 1878 1613 103 19 1446 1020 40 14 980
is_linear=0
shrinkage=0.05


Tree=34
num_leaves=31
num_cat=0
split_feature=2 2 3 2 3 2 2 2 2 2 2 2 2 3 3 3 2 3 3 8 3 5 8 5 3 3 3 3 5 3
split_gain=9.76417 0.631331 0.718803 0.492308 0.128571 0.0728906 0.157538 0.121367 0.181865 0.177778 0.145423 0.179965 0.237813 0.274351 0.285714 0.19697 0.436364 0.0541183 0.0787312 0.127671 0.0686401 0.152381 0.0781853 0.228571 0.0761905 0.0611106 0.102059 0.0608317 0.0707602 0.0484953
threshold=57.400000000000006 29.200000000000003 10.500000000000002 35.70000000000001 9.5000000000000018 21.850000000000005 16.850000000000001 13.500000000000002 9.9000000000000004 11.550000000000002 6.4500000000000002 1.0000000180025095e-35 3.3000000000000012 16.500000000000004 8.5000000000000018 14.500000000000002 4.6000000000000023 7.5000000000000009 2.5000000000000004 1.0000000180025095e-35 1.0000000180025095e-35 1.0000000180025095e-35 1.0000000180025095e-35 1.0000000180025095e-35 1.5000000000000002 9.5000000000000018 10.500000000000002 6.5000000000000009 1.0000000180025095e-35 15.500000000000002
decision_type=2 2 2 2 2 2 2 2 2 2 2 2 2 2 2 2 2 2 2 2 2 2 2 2 2 2 2 2 2 2
left_child=1 5 -3 -4 -2 6 7 8 10 -10 11 17 13 14 -13 16 -14 18 20 -20 22 -22 23 -1 -23 -19 -27 -21 -29 -28
right_child=4 2 3 -5 -6 -7 -8 -9 9 -11 -12 12 15 -15 -16 -17 -18 25 19 27 21 24 -24 -25 -26 26 29 28 -30 -31
leaf_value=-0.15444656297021686 0.69834382456508381 0.084761667671937602 0.11071579158635365 -0.0011392296589413321 1.0395112630556314 -0.0085761874584512586 0.020917483069587905 -0.010818236762457576 0.0062179602874839479 0.0010953111024184449 -0.0074012961707113746 0.0038115463630160442 -0.036162302748474387 0.0035518652035729788 -0.00038101811770497294 -0.00046697957785909604 0.0071903628695057136 0.00066746115434119548 -0.13567471013719132 -0.0020611825223451272 0.10681574766414799 -0.092420976753044476 -0.2839272115285284 0.026768523263288737 -0.075839638615734908 -0.10301473807202727 -0.00044025860488826931 0.019414440737520168 0.0025988557901440502 -0.046763580378831535
leaf_weight=20 4.9999999999999991 5.0000000000000027 4.9999999999999991 7.9999999999999991 8.9999999999999982 8.9999999999999982 8.9999999999999982 14.999999999999998 5.9999999999999991 8.9999999999999982 18 7.0000000000000018 6.0000000000000018 7.9999999999999991 7 12.999999999999998 5 265 373 84 20 7.9999999999999982 8.9999999999999982 8.0000000000000018 7 167 426 9 10 1020
leaf_count=20 5 5 5 8 9 9 9 15 6 9 18 7 6 8 7 13 5 265 373 84 20 8 9 8 7 167 426 9 10 1020
internal_value=-0.000214009 -0.000442098 0.00888889 0.00269231 0.0414286 -0.000508275 -0.000492291 -0.000515874 -0.000489023 0.005 -0.00052209 -0.000489483 0.00260869 0.00636364 0.00214286 -0.000833335 0.00409091 -0.000548229 -0.000985403 -0.00121849 0.000555554 0.00214286 -0.000945947 0.000357142 -0.00166667 -0.000420661 -0.000536269 0.000339805 0.00289474 -0.000401108
internal_weight=2570 2556 18 13 14 2538 2529 2520 2505 15 2490 2472 46 22 14 24 11 2426 548 476 72 35 37 28 15 1878 1613 103 19 1446
internal_count=2570 2556 18 13 14 2538 2529 2520 2505 15 2490 2472 46 22 14 24 11 2426 548 476 72 35 37 28 15 1878 1613 103 19 1446
is_linear=0
shrinkage=0.05


Tree=35
num_leaves=31
num_cat=0
split_feature=2 2 3 2 3 2 2 2 2 2 2 2 2 3 3 3 2 3 3 8 5 3 8 3 5 3 8 5 5 3
split_gain=9.74594 0.626047 0.718803 0.492308 0.128571 0.074175 0.155657 0.123524 0.179229 0.177778 0.148044 0.175296 0.237813 0.274351 0.285714 0.19697 0.436364 0.0916271 0.146815 0.0781853 0.228571 0.0729043 0.111039 0.0608317 0.0707602 0.0456296 0.0618132 0.0535714 0.0380952 0.0376522
threshold=57.400000000000006 29.200000000000003 10.500000000000002 35.70000000000001 9.5000000000000018 21.850000000000005 16.850000000000001 13.500000000000002 9.9000000000000004 11.550000000000002 6.4500000000000002 1.0000000180025095e-35 3.3000000000000012 16.500000000000004 8.5000000000000018 14.500000000000002 4.6000000000000023 2.5000000000000004 1.0000000180025095e-35 1.0000000180025095e-35 1.0000000180025095e-35 7.5000000000000009 1.0000000180025095e-35 6.5000000000000009 1.0000000180025095e-35 22.500000000000004 1.0000000180025095e-35 1.0000000180025095e-35 1.0000000180025095e-35 9.5000000000000018
decision_type=2 2 2 2 2 2 2 2 2 2 2 2 2 2 2 2 2 2 2 2 2 2 2 2 2 2 2 2 2 2
left_child=1 5 -3 -4 -2 6 7 8 10 -10 11 17 13 14 -13 16 -14 18 19 20 -1 22 -19 -24 -25 29 -27 -28 -20 -23
right_child=4 2 3 -5 -6 -7 -8 -9 9 -11 -12 12 15 -15 -16 -17 -18 21 28 -21 -22 25 23 24 -26 26 27 -29 -30 -31
leaf_value=-0.14672423482170593 0.6634266333368295 0.080523584288340555 0.1051800020070361 -0.0010822681759940168 0.98753569990284973 -0.0081473780855286573 0.019871608916108476 -0.010277324924334539 0.0059070622731096315 0.0010405455472975501 -0.007031231362175744 0.003620969044865158 -0.03435418761105076 0.0033742719433942931 -0.0003619672118197856 -0.00044363059896618403 0.006830844726030301 -0.12889097463033175 0.10147496028094066 -0.26973085095210197 0.025430097100124272 0.00063408809662421665 -0.0019581233962277832 0.018443718700644141 0.0024689130006368743 0.030771164618801097 -0.18911889175467123 -0.27317924126446141 -0.049185016871808276 -0.026418007625027985
leaf_weight=20 4.9999999999999991 5.0000000000000027 4.9999999999999991 7.9999999999999991 8.9999999999999982 8.9999999999999982 8.9999999999999982 14.999999999999998 5.9999999999999991 8.9999999999999982 18 7.0000000000000018 6.0000000000000018 7.9999999999999991 7 12.999999999999998 5 373 20 8.9999999999999982 8.0000000000000018 265 84 9 10 26 5.9999999999999973 8 14.999999999999998 1573
leaf_count=20 5 5 5 8 9 9 9 15 6 9 18 7 6 8 7 13 5 373 20 9 8 265 84 9 10 26 6 8 15 1573
internal_value=-0.000175098 -0.000402975 0.00888889 0.00269231 0.0414286 -0.000468874 -0.000452749 -0.000476192 -0.000449103 0.005 -0.000481929 -0.00044903 0.00260869 0.00636364 0.00214286 -0.000833335 0.00409091 -0.000507009 0.00125 -0.000945947 0.000357142 -0.000560749 -0.00111345 0.000339805 0.00289474 -0.000420661 0.00125 -0.00142857 0.00357143 -0.00045702
internal_weight=2570 2556 18 13 14 2538 2529 2520 2505 15 2490 2472 46 22 14 24 11 2426 72 37 28 2354 476 103 19 1878 40 14 35 1838
internal_count=2570 2556 18 13 14 2538 2529 2520 2505 15 2490 2472 46 22 14 24 11 2426 72 37 28 2354 476 103 19 1878 40 14 35 1838
is_linear=0
shrinkage=0.05


Tree=36
num_leaves=31
num_cat=0
split_feature=2 2 3 2 3 2 2 2 2 2 2 2 3 2 2 3 3 8 5 3 7 8 2 3 8 8 3 5 2 3
split_gain=9.74594 0.626047 0.718803 0.492308 0.128571 0.074175 0.155657 0.123524 0.179229 0.177778 0.148044 0.0910939 0.436364 0.107307 0.352942 0.0883036 0.146815 0.0781853 0.228571 0.0627341 0.110144 0.0780186 0.0598416 0.0666118 0.0909345 0.0490072 0.0544444 0.05 0.043895 0.0398947
threshold=57.400000000000006 29.200000000000003 10.500000000000002 35.70000000000001 9.5000000000000018 21.850000000000005 16.850000000000001 13.500000000000002 9.9000000000000004 11.550000000000002 6.4500000000000002 4.6000000000000023 15.500000000000002 3.3000000000000012 1.5999999999999999 2.5000000000000004 1.0000000180025095e-35 1.0000000180025095e-35 1.0000000180025095e-35 10.500000000000002 1.0000000180025095e-35 1.0000000180025095e-35 0.55000000000000082 7.5000000000000009 1.0000000180025095e-35 1.0000000180025095e-35 6.5000000000000009 1.0000000180025095e-35 0.3499999999999997 22.500000000000004
decision_type=2 2 2 2 2 2 2 2 2 2 2 2 2 2 2 2 2 2 2 2 2 2 2 2 2 2 2 2 2 2
left_child=1 5 -3 -4 -2 6 7 8 10 -10 11 13 -13 14 15 16 17 18 -1 20 21 -17 23 25 -25 -22 -27 -28 29 -21
right_child=4 2 3 -5 -6 -7 -8 -9 9 -11 -12 12 -14 -15 -16 19 -18 -19 -20 28 22 -23 -24 24 -26 26 27 -29 -30 -31
leaf_value=-0.13938802308062073 0.63025530166998822 0.076497405073923386 0.099921001906684168 -0.0010281547671944224 0.93815891490770731 -0.0077400091812520628 0.018878028470303211 -0.0097634586781179741 0.0056117091594541368 0.00098851826993266441 -0.0066796697940668948 0.0064893024897286948 -0.00017578235627450854 -0.039239395569735436 0.0044174804657193647 -0.10454301400288718 0.059098319913966114 -0.25624430840449686 0.024158592245118096 -0.015010611411128387 -0.1212203842496809 -0.0072084958952660207 -0.0043840723790833942 0.0020375572332229199 -0.023535655189460949 -0.08167051580146456 0.013521526089890303 0.0023454673506050129 -0.014488434275900398 0.025232625938203593
leaf_weight=20 4.9999999999999991 5.0000000000000027 4.9999999999999991 7.9999999999999991 8.9999999999999982 8.9999999999999982 8.9999999999999982 14.999999999999998 5.9999999999999991 8.9999999999999982 18 4.9999999999999982 6 12.999999999999998 5.9999999999999991 238 35 8.9999999999999982 8.0000000000000018 1409 278 85 4.9999999999999991 217 48 25 10 10 4.9999999999999991 40
leaf_count=20 5 5 5 8 9 9 9 15 6 9 18 5 6 13 6 238 35 9 8 1409 278 85 5 217 48 25 10 10 5 40
internal_value=-0.000175098 -0.000402975 0.00888889 0.00269231 0.0414286 -0.000468874 -0.000452749 -0.000476192 -0.000449103 0.005 -0.000481929 -0.00044903 0.00409091 -0.000469323 -0.000445263 -0.000475022 0.00125 -0.000945947 0.000357142 -0.000527427 -0.00085153 -0.00159443 -0.000446881 -0.000493198 9.43384e-05 -0.000975233 0.000555554 0.0025 -0.000323247 -0.00030711
internal_weight=2570 2556 18 13 14 2538 2529 2520 2505 15 2490 2472 11 2461 2448 2442 72 37 28 2370 916 323 593 588 265 323 45 20 1454 1449
internal_count=2570 2556 18 13 14 2538 2529 2520 2505 15 2490 2472 11 2461 2448 2442 72 37 28 2370 916 323 593 588 265 323 45 20 1454 1449
is_linear=0
shrinkage=0.05


Tree=37
num_leaves=31
num_cat=0
split_feature=2 2 3 3 2 2 2 8 3 2 3 2 5 2 2 3 3 8 5 8 3 3 3 3 5 3 3 3 3 7
split_gain=8.97153 0.770462 0.385714 0.685714 0.192645 0.929455 0.272727 0.244113 0.284062 0.721154 0.346154 0.432692 0.163636 0.121008 0.336134 0.0832304 0.146815 0.0781853 0.228571 0.0740436 0.148031 0.11241 0.101149 0.0991804 0.0934816 0.266702 0.160508 0.159958 0.11179 0.146614
threshold=71.750000000000014 29.200000000000003 10.500000000000002 18.500000000000004 1.0000000180025095e-35 3.3000000000000012 0.55000000000000082 1.0000000180025095e-35 13.500000000000002 15.300000000000002 9.5000000000000018 10.700000000000001 1.0000000180025095e-35 9.9000000000000004 13.950000000000001 2.5000000000000004 1.0000000180025095e-35 1.0000000180025095e-35 1.0000000180025095e-35 1.0000000180025095e-35 7.5000000000000009 20.500000000000004 22.500000000000004 9.5000000000000018 1.0000000180025095e-35 20.500000000000004 17.500000000000004 13.500000000000002 10.500000000000002 1.0000000180025095e-35
decision_type=2 2 2 2 2 2 2 2 2 2 2 2 2 2 2 2 2 2 2 2 2 2 2 2 2 2 2 2 2 2
left_child=1 4 -3 -4 15 6 -6 8 9 10 -7 -12 -8 -10 -15 16 17 18 -1 20 -17 -21 23 -22 28 26 27 -26 -25 -30
right_child=-2 2 3 -5 5 7 12 -9 13 -11 11 -13 -14 14 -16 19 -18 -19 -20 21 22 -23 -24 24 25 -27 -28 -29 29 -31
leaf_value=-0.13241862192658971 0.81074253622493642 0.067595238310705602 -0.017554968053832647 0.093128175598940849 0.0017097027383621733 -0.0083121636544577545 0.0048429159095978204 -0.0048860091575958662 -0.0079947372448657458 0.037673330793389012 0.0065899094324042666 -0.031178491162017954 0.0015447589638567588 0.004958113493498336 -0.032415725213789381 -0.11655218778452166 0.05614340391826772 -0.24343209298427199 0.022950662632862162 0.0017108090356742324 0.0019356793715617827 -0.1477150224806259 0.027970975090950746 -0.1368159318481128 0.0279038008921276 -0.2204699538326409 0.072969495979772425 -0.070528576132099022 -0.0023186977867047189 -0.095587538322157703
leaf_weight=20 10.999999999999998 6.0000000000000027 7.9999999999999982 7 6.0000000000000027 13.000000000000002 10.999999999999998 23 18 5.9999999999999991 7.9999999999999982 5 4.9999999999999991 7.0000000000000027 9.9999999999999982 373 35 8.9999999999999982 8.0000000000000018 485 217 40 26 126 46 21 40 99 427 454
leaf_count=20 11 6 8 7 6 13 11 23 18 6 8 5 5 7 10 373 35 9 8 485 217 40 26 126 46 21 40 99 427 454
internal_value=-5.8367e-05 -0.000252053 0.00928571 0.005 -0.00033097 0.00169643 0.0109091 -0.000555557 0.000970148 0.004375 0.00076923 0.00653846 0.0075 -0.00214286 0.000882352 -0.000424568 0.00125 -0.000945947 0.000357142 -0.000475787 -0.000626026 4.76179e-05 -0.000398353 -0.000454547 -0.000630669 0.000339805 0.000945945 0.000172413 -0.000829197 -0.000629967
internal_weight=2570 2559 21 15 2538 112 22 90 67 32 26 13 16 35 17 2426 72 37 28 2354 1829 525 1456 1430 1213 206 185 145 1007 881
internal_count=2570 2559 21 15 2538 112 22 90 67 32 26 13 16 35 17 2426 72 37 28 2354 1829 525 1456 1430 1213 206 185 145 1007 881
is_linear=0
shrinkage=0.05


Tree=38
num_leaves=31
num_cat=0
split_feature=2 2 3 3 2 2 2 5 2 2 7 2 2 7 2 2 8 5 3 3 7 3 3 3 3 3 3 3 9 7
split_gain=8.97153 0.770462 0.385714 0.685714 0.286825 0.841558 0.272727 0.163636 0.151948 0.781385 0.512121 0.142045 0.360119 0.127889 0.0655172 0.1 0.0572462 0.139888 0.16205 0.133708 0.128067 0.203413 0.12006 0.118368 0.0958871 0.0942979 0.080817 0.604001 0.0873613 0.0955225
threshold=71.750000000000014 29.200000000000003 10.500000000000002 18.500000000000004 1.0000000180025095e-35 3.3000000000000012 0.55000000000000082 1.0000000180025095e-35 4.6000000000000023 6.4500000000000002 1.0000000180025095e-35 9.9000000000000004 11.550000000000002 1.0000000180025095e-35 18.650000000000002 25.700000000000003 1.0000000180025095e-35 1.0000000180025095e-35 1.0000000180025095e-35 1.5000000000000002 1.0000000180025095e-35 13.500000000000002 20.500000000000004 17.500000000000004 19.500000000000004 11.500000000000002 15.500000000000002 14.500000000000002 1.6000000000000003 1.0000000180025095e-35
decision_type=2 2 2 2 2 2 2 2 2 2 2 2 2 2 2 2 2 2 2 2 2 2 2 2 2 2 2 2 2 2
left_child=1 4 -3 -4 16 6 -6 -8 -7 10 -10 -11 -13 14 -14 -16 17 24 -19 -18 21 25 -21 -22 26 -20 27 28 -1 -30
right_child=-2 2 3 -5 5 8 7 -9 9 11 -12 12 13 -15 15 -17 19 18 20 22 23 -23 -24 -25 -26 -27 -28 -29 29 -31
leaf_value=0.11428312079955938 0.77020540941368953 0.064215476395170515 -0.016677219651141169 0.088471766818993769 0.0016242176014440004 -0.037033125333368846 0.004600770114117878 0.0014675210156638422 0.0058353418936220661 -0.005981470369660534 -0.0028194927353713674 0.0050424231380600572 -0.0043139642554397848 0.0013572020021925561 0.038866010677354929 -0.006936651661089953 -0.17575193233597786 0.021803129501219057 0.0030593147737437796 0.0021663255436374647 0.04676775993072313 -0.11898528919146784 -0.14032927135659465 0.06932102118078376 0.0068275040980209523 0.14150715999234401 -0.13624799236697244 0.14049404418611094 -0.072346867942446075 -0.04705253323921213
leaf_weight=11.999999999999998 10.999999999999998 6.0000000000000027 7.9999999999999982 7 6.0000000000000027 12.999999999999998 10.999999999999998 4.9999999999999991 4.9999999999999982 18 6 5.9999999999999991 19.000000000000004 12.999999999999998 4.9999999999999982 5 12.999999999999998 7.9999999999999991 46 486 66 89 40 40 231 14.999999999999998 426 38 454 462
leaf_count=12 11 6 8 7 6 13 11 5 5 18 6 6 19 13 5 5 13 8 46 486 66 89 40 40 231 15 426 38 454 462
internal_value=-5.8367e-05 -0.000252053 0.00928571 0.005 -0.00033097 0.00214286 0.0109091 0.0075 -1.19209e-09 0.000844155 0.0131818 -0.00121212 0.000208332 -0.00142857 -0.00327586 -1.19209e-09 -0.000445178 -0.000574988 0.000492423 9.27525e-06 0.000273436 -0.000666668 0.000133079 0.00160377 -0.000748615 0.00155738 -0.000905174 -0.000652175 -0.000905174 -0.0009607
internal_weight=2570 2559 21 15 2538 112 22 16 90 77 11 66 48 42 29 10 2426 1887 264 539 256 150 526 106 1623 61 1392 966 928 916
internal_count=2570 2559 21 15 2538 112 22 16 90 77 11 66 48 42 29 10 2426 1887 264 539 256 150 526 106 1623 61 1392 966 928 916
is_linear=0
shrinkage=0.05


Tree=39
num_leaves=31
num_cat=0
split_feature=2 2 2 3 2 2 2 5 2 2 3 2 2 7 3 2 5 3 3 8 3 3 8 3 3 3 3 3 3 3
split_gain=7.25971 1.20314 0.233333 0.3 0.196407 0.929455 0.272727 0.163636 0.120058 0.365801 0.148485 0.142045 0.360119 0.127889 0.109091 0.1 0.0769088 0.185812 0.25 0.165147 0.153651 0.147628 0.106208 0.142878 0.127426 0.138461 0.123199 0.127047 0.109133 0.102302
threshold=71.750000000000014 29.200000000000003 47.650000000000006 11.500000000000002 1.0000000180025095e-35 3.3000000000000012 0.55000000000000082 1.0000000180025095e-35 4.6000000000000023 6.4500000000000002 15.500000000000002 9.9000000000000004 11.550000000000002 1.0000000180025095e-35 14.500000000000002 35.70000000000001 1.0000000180025095e-35 20.500000000000004 22.500000000000004 1.0000000180025095e-35 19.500000000000004 21.500000000000004 1.0000000180025095e-35 1.0000000180025095e-35 3.5000000000000004 18.500000000000004 11.500000000000002 9.5000000000000018 15.500000000000002 17.500000000000004
decision_type=2 2 2 2 2 2 2 2 2 2 2 2 2 2 2 2 2 2 2 2 2 2 2 2 2 2 2 2 2 2
left_child=1 4 3 -3 16 6 -6 -8 -7 10 -10 -11 -13 -14 -2 -5 19 20 -19 -1 22 -21 23 -18 -24 26 27 -26 -28 -25
right_child=14 2 -4 15 5 8 7 -9 9 11 -12 12 13 -15 -16 -17 17 18 -20 21 -22 -23 24 29 25 -27 28 -29 -30 -31
leaf_value=-0.047320585564188979 0.68893693412857249 0.066081999084933327 -0.010838435756632075 0.085844954690453223 0.0015430067213718869 -0.035181469066700548 0.0043707316084120578 0.0013941449648807174 0.005543574798940961 -0.0056823968511774507 7.9629159586914029e-05 0.0047903019811571836 -0.004098266771211426 0.0012893419020830713 1.1142536456947831 -0.0035817812752117865 0.020712973026158113 -0.19599712790451332 0.12090230854579634 0.019747434953920114 0.071896801206204938 -0.16152236973245027 -0.17545578104160009 0.0045062867793467676 -0.0012114099871395096 -0.25810318806493626 0.10284023680441337 -0.020399961865211938 -0.014097262954025261 0.056490089404482718
leaf_weight=1623 5.9999999999999982 5.0000000000000027 5.9999999999999991 4.9999999999999982 6.0000000000000027 12.999999999999998 10.999999999999998 4.9999999999999991 4.9999999999999982 18 6 5.9999999999999991 29 12.999999999999998 5 5 7.9999999999999991 36 11.999999999999998 219 21 10.999999999999998 14.999999999999998 191 98 31 27 33 64 37
leaf_count=1623 6 5 6 5 6 13 11 5 5 18 6 6 29 13 5 5 8 36 12 219 21 11 15 191 98 31 27 33 64 37
internal_value=-7.78222e-05 -0.000252053 0.0116667 0.015 -0.000350671 0.00169643 0.0109091 0.0075 -0.000555557 0.000194804 0.00863636 -0.00121212 0.000208332 -0.00142857 0.0404545 0.01 -0.000445178 6.10808e-05 -0.00291667 -0.000601728 0.000333332 0.000652173 0.000158729 0.000932202 -0.000522389 -0.000256918 0.000180179 -0.000801528 0.00159341 0.000701753
internal_weight=2570 2559 21 15 2538 112 22 16 90 77 11 66 48 42 11 10 2426 573 48 1853 525 230 504 236 268 253 222 131 91 228
internal_count=2570 2559 21 15 2538 112 22 16 90 77 11 66 48 42 11 10 2426 573 48 1853 525 230 504 236 268 253 222 131 91 228
is_linear=0
shrinkage=0.05


Tree=40
num_leaves=31
num_cat=0
split_feature=2 2 2 3 2 2 2 2 3 3 3 2 2 7 3 2 2 2 3 8 5 8 5 3 5 3 3 3 3 3
split_gain=7.28064 1.21501 0.233333 0.3 0.129115 0.891509 0.137278 0.228527 0.306538 0.154545 0.148485 0.142045 0.360119 0.127889 0.109091 0.1 0.0655172 0.1 0.04905 0.0618132 0.0535714 0.0373891 0.173373 0.284213 0.139983 0.138332 0.16208 0.108903 0.120958 0.105253
threshold=71.750000000000014 29.200000000000003 47.650000000000006 11.500000000000002 1.0000000180025095e-35 0.55000000000000082 6.4500000000000002 4.6000000000000023 7.5000000000000009 20.500000000000004 15.500000000000002 9.9000000000000004 11.550000000000002 1.0000000180025095e-35 14.500000000000002 35.70000000000001 18.650000000000002 25.700000000000003 22.500000000000004 1.0000000180025095e-35 1.0000000180025095e-35 1.0000000180025095e-35 1.0000000180025095e-35 20.500000000000004 1.0000000180025095e-35 17.500000000000004 1.0000000180025095e-35 20.500000000000004 3.5000000000000004 11.500000000000002
decision_type=2 2 2 2 2 2 2 2 2 2 2 2 2 2 2 2 2 2 2 2 2 2 2 2 2 2 2 2 2 2
left_child=1 4 3 -3 18 -6 7 8 -7 -10 -9 -8 -13 16 -2 -5 -14 -18 21 -20 -21 22 -1 25 29 26 -24 28 -26 -23
right_child=14 2 -4 15 5 6 11 10 9 -11 -12 12 13 -15 -16 -17 17 -19 19 20 -22 24 23 -25 27 -27 -28 -29 -30 -31
leaf_value=-0.04844246773033252 0.65449008742214365 0.062777899130686876 -0.010296513968800818 0.081552706955930671 0.0014658563853032103 0.0029865965295948322 -0.0053982770086185563 0.0052663960589938571 -0.012764656078748627 -0.0042804665426162238 7.564770160760665e-05 0.0045507868820991873 -0.0038933527041074565 0.0012248748069790785 1.0585409634100438 -0.0034026922114510022 0.037127623482047713 -0.0063849057394748873 0.028597080409711675 -0.15844624528536447 -0.25242481123357746 0.042939635888047757 0.019677324374850258 -0.19369733528620989 -0.16668299198952008 0.062953432808794813 0.0042809724403794587 -0.17551295234715403 -0.0049076810174361035 -0.007437448747289882
leaf_weight=1601 5.9999999999999982 5.0000000000000027 5.9999999999999991 4.9999999999999982 5.9999999999999991 7.0000000000000027 18 4.9999999999999982 17.000000000000004 4.9999999999999991 6 5.9999999999999991 19.000000000000004 12.999999999999998 5 5 4.9999999999999982 5 26 5.9999999999999973 8 67 7.9999999999999991 21 14.999999999999998 40 191 14.999999999999998 271 157
leaf_count=1601 6 5 6 5 6 7 18 5 17 5 6 6 19 13 5 5 5 5 26 6 8 67 8 21 15 40 191 15 271 157
internal_value=-0.000136188 -0.000310669 0.0116667 0.015 -0.000409773 0.00125 0.000188678 0.0025 0.000172413 -0.00272727 0.00863636 -0.00121212 0.000208332 -0.00142857 0.0404545 0.01 -0.00327586 -1.19209e-09 -0.000486399 0.00125 -0.00142857 -0.000515508 -0.000620635 0.000576922 -0.000142858 0.00106694 0.000527637 -0.000847177 -0.000629372 0.00080357
internal_weight=2570 2559 21 15 2538 112 106 40 29 22 11 66 48 42 11 10 29 10 2426 40 14 2386 1861 260 525 239 199 301 286 224
internal_count=2570 2559 21 15 2538 112 106 40 29 22 11 66 48 42 11 10 29 10 2426 40 14 2386 1861 260 525 239 199 301 286 224
is_linear=0
shrinkage=0.05


Tree=41
num_leaves=31
num_cat=0
split_feature=2 2 3 3 2 2 2 5 2 2 3 2 2 7 2 2 2 3 8 3 3 3 3 3 3 3 8 5 8 3
split_gain=6.534 1.37792 0.560224 0.444538 0.200205 0.929455 0.272727 0.163636 0.120058 0.365801 0.148485 0.142045 0.360119 0.127889 0.1 0.0655172 0.1 0.0519614 0.125059 0.180556 0.057152 0.0555008 0.048025 0.118923 0.0810006 0.0533113 0.0618132 0.0535714 0.0499539 0.203102
threshold=73.65000000000002 29.200000000000003 10.500000000000002 18.500000000000004 1.0000000180025095e-35 3.3000000000000012 0.55000000000000082 1.0000000180025095e-35 4.6000000000000023 6.4500000000000002 15.500000000000002 9.9000000000000004 11.550000000000002 1.0000000180025095e-35 47.650000000000006 18.650000000000002 25.700000000000003 7.5000000000000009 1.0000000180025095e-35 1.5000000000000002 2.5000000000000004 1.0000000180025095e-35 9.5000000000000018 10.500000000000002 15.500000000000002 22.500000000000004 1.0000000180025095e-35 1.0000000180025095e-35 1.0000000180025095e-35 14.500000000000002
decision_type=2 2 2 2 2 2 2 2 2 2 2 2 2 2 2 2 2 2 2 2 2 2 2 2 2 2 2 2 2 2
left_child=1 4 -3 14 17 6 -6 -8 -7 10 -10 -11 -13 15 -4 -14 -17 18 20 -20 21 -1 -19 -24 28 -26 -27 -28 29 -25
right_child=-2 2 3 -5 5 8 7 -9 9 11 -12 12 13 -15 -16 16 -18 22 19 -21 -22 -23 23 24 25 26 27 -29 -30 -31
leaf_value=-0.069816531299579265 0.87546574943645661 0.049484411155109181 -0.03306721941637366 0.07567829539572507 0.0013925635660381186 -0.033414212688438381 0.0040028653892813021 0.0014901330174315022 0.0050030762560442331 -0.0051283631581877306 7.1865316527264635e-05 0.004323247537994233 -0.0036986850689019087 0.0011636310666301077 -0.021937141066028926 0.035271242307945219 -0.0060656604525012184 0.0052831708390667564 -0.14985739706762299 0.0083266231963595415 -0.10333084450458732 0.023904738074208998 -0.076069657432776161 -0.0034840016864032819 -0.041723861669559124 0.027167226389226154 -0.15052393302109623 -0.23980357067189859 -0.0093057897505847073 0.045757623983528894
leaf_weight=28 7.9999999999999991 7.0000000000000027 5.0000000000000018 6.9999999999999991 6.0000000000000027 12.999999999999998 10.999999999999998 4.9999999999999991 4.9999999999999982 18 6 5.9999999999999991 19.000000000000004 12.999999999999998 5 4.9999999999999982 5 265 12.999999999999998 104 373 30 167 251 980 26 5.9999999999999973 8 114 61
leaf_count=28 8 7 5 7 6 13 11 5 5 18 6 6 19 13 5 5 5 265 13 104 373 30 167 251 980 26 6 8 114 61
internal_value=-0.000116733 -0.000257612 0.0116667 0.0067647 -0.000370372 0.00169643 0.0109091 0.0075 -0.000555557 0.000194804 0.00863636 -0.00121212 0.000208332 -0.00142857 -1.19209e-09 -0.00327586 -1.19209e-09 -0.000465788 -0.000894162 0.000555554 -0.0012877 0.000172413 -0.000340789 -0.000443275 -0.000297373 -0.000539217 0.00125 -0.00142857 0.000281689 0.000608973
internal_weight=2570 2562 24 17 2538 112 22 16 90 77 11 66 48 42 10 29 10 2426 548 117 431 58 1878 1613 1446 1020 40 14 426 312
internal_count=2570 2562 24 17 2538 112 22 16 90 77 11 66 48 42 10 29 10 2426 548 117 431 58 1878 1613 1446 1020 40 14 426 312
is_linear=0
shrinkage=0.05


Tree=42
num_leaves=31
num_cat=0
split_feature=2 2 2 2 3 2 2 5 2 2 2 2 3 3 3 2 3 5 3 3 3 8 3 3 8 3 3 3 3 3
split_gain=6.52837 0.63565 0.7181 0.317417 0.315126 0.370588 0.30566 0.163636 0.151948 0.311688 0.204545 0.437879 0.344048 0.148485 0.128788 0.321429 0.1 0.0476261 0.175081 0.25 0.160714 0.151238 0.164446 0.147628 0.1352 0.142878 0.117028 0.121529 0.108399 0.129657
threshold=73.65000000000002 1.0000000180025095e-35 0.55000000000000082 29.200000000000003 10.500000000000002 47.650000000000006 3.3000000000000012 1.0000000180025095e-35 4.6000000000000023 6.4500000000000002 9.9000000000000004 13.500000000000002 14.500000000000002 15.500000000000002 11.500000000000002 16.850000000000001 19.500000000000004 1.0000000180025095e-35 20.500000000000004 22.500000000000004 19.500000000000004 1.0000000180025095e-35 21.500000000000004 21.500000000000004 1.0000000180025095e-35 1.0000000180025095e-35 3.5000000000000004 18.500000000000004 13.500000000000002 16.500000000000004
decision_type=2 2 2 2 2 2 2 2 2 2 2 2 2 2 2 2 2 2 2 2 2 2 2 2 2 2 2 2 2 2
left_child=1 17 -3 6 -5 16 7 -4 -8 13 -11 12 -12 -10 15 -13 -6 21 20 -20 24 22 -1 -23 25 -19 -26 28 -28 -30
right_child=-2 2 3 4 5 -7 8 -9 9 10 11 14 -14 -15 -16 -17 -18 18 19 -21 -22 23 -24 -25 26 -27 27 -29 29 -31
leaf_value=-0.044899066158356912 0.83169246196463364 0.0013229353877361573 0.0038027221198172092 0.047010190597353875 -0.031413858445555318 -0.013059114229641983 -0.031743502054016305 0.0014156263665598759 0.0047529224432419654 -0.0048719450002784647 -0.0024719502236324256 -0.011764973135299122 0.0040483039392985847 6.8272050700868674e-05 -0.0052479908625518452 0.026915546714761908 0.073691156838347774 0.022184284721086734 -0.17442621166149924 0.13672864158441811 0.070633538280244504 0.021218128727066549 0.023808868884505688 -0.1428130028197146 -0.15085597253666297 0.0094497688576659841 -0.0071604619440041707 -0.24286645152733968 0.13610535723779579 -0.040534107306457116
leaf_weight=1565 7.9999999999999991 5.9999999999999991 10.999999999999998 7.0000000000000027 5.0000000000000018 6.9999999999999991 12.999999999999998 4.9999999999999991 4.9999999999999982 18 7.9999999999999982 8.9999999999999982 7 6 17 6.9999999999999991 5 7.9999999999999991 36 11.999999999999998 21 219 58 10.999999999999998 14.999999999999998 228 154 31 20 48
leaf_count=1565 8 6 11 7 5 7 13 5 5 18 8 9 7 6 17 7 5 8 36 12 21 219 58 11 15 228 154 31 20 48
internal_value=-9.72775e-05 -0.000238096 0.00308823 0.00230769 0.0075 0.00382353 0.00113207 0.0075 -1.19209e-09 0.000844155 -0.000454547 0.00125 0.00833333 0.00863636 -0.0019697 0.00125 0.01 -0.000424568 -2.61792e-05 -0.00291667 0.000238094 -0.000547762 -0.000717808 0.000652173 5.95226e-05 0.000932202 -0.000708956 -0.000454547 -4.50462e-05 0.00161765
internal_weight=2570 2562 136 130 24 17 106 16 90 77 66 48 15 11 33 16 10 2426 573 48 525 1853 1623 230 504 236 268 253 222 68
internal_count=2570 2562 136 130 24 17 106 16 90 77 66 48 15 11 33 16 10 2426 573 48 525 1853 1623 230 504 236 268 253 222 68
is_linear=0
shrinkage=0.05


Tree=43
num_leaves=31
num_cat=0
split_feature=2 2 3 2 2 2 2 5 2 2 3 2 2 7 3 2 2 3 3 3 8 3 3 3 8 3 5 3 3 5
split_gain=6.52274 0.577342 0.315126 0.370588 0.18523 0.929455 0.272727 0.163636 0.120058 0.365801 0.148485 0.142045 0.360119 0.127889 0.1 0.0655172 0.1 0.0515313 0.0876493 0.0842571 0.109813 0.180556 0.130478 0.0545788 0.0499539 0.203102 0.218779 0.0908785 0.138508 0.0830694
threshold=73.65000000000002 29.200000000000003 10.500000000000002 47.650000000000006 1.0000000180025095e-35 3.3000000000000012 0.55000000000000082 1.0000000180025095e-35 4.6000000000000023 6.4500000000000002 15.500000000000002 9.9000000000000004 11.550000000000002 1.0000000180025095e-35 19.500000000000004 18.650000000000002 25.700000000000003 10.500000000000002 9.5000000000000018 7.5000000000000009 1.0000000180025095e-35 1.5000000000000002 2.5000000000000004 15.500000000000002 1.0000000180025095e-35 14.500000000000002 1.0000000180025095e-35 14.500000000000002 13.500000000000002 1.0000000180025095e-35
decision_type=2 2 2 2 2 2 2 2 2 2 2 2 2 2 2 2 2 2 2 2 2 2 2 2 2 2 2 2 2 2
left_child=1 4 -3 14 17 6 -6 -8 -7 10 -10 -11 -13 15 -4 -14 -17 18 19 20 22 -22 -1 24 25 -19 -27 28 29 -26
right_child=-2 2 3 -5 5 8 7 -9 9 11 -12 12 13 -15 -16 16 -18 23 -20 -21 21 -23 -24 -25 27 26 -28 -29 -30 -31
leaf_value=0.0057193924317822699 0.79010783886640179 0.044659681067486481 -0.029843165523277287 -0.012406158518159578 0.0012567886183493028 -0.030156326951315648 0.0036125860138262857 0.0013448450482319589 0.0045152763210797048 -0.0046283477502647155 6.4858448165650405e-05 0.0040676762793389054 -0.0031861815894409446 8.1308013436659854e-05 0.070006598996430247 0.032805173761723955 -0.0061432487916626751 -0.0010648482941652659 -0.070021221253219509 0.0065091816439327823 -0.13482172858740873 0.0068493856001881417 -0.095919348971440083 -0.030973518697145278 0.025654368472837877 0.13821456675027299 -0.12969343973218539 -0.26412924641853802 0.12167975104521539 -0.062824797989810222
leaf_weight=58 7.9999999999999991 7.0000000000000027 5.0000000000000018 6.9999999999999991 6.0000000000000027 12.999999999999998 10.999999999999998 4.9999999999999991 4.9999999999999982 18 6 5.9999999999999991 19.000000000000004 12.999999999999998 5 4.9999999999999982 5 251 167 265 12.999999999999998 104 373 1020 33 38 23 27 15.999999999999998 38
leaf_count=58 8 7 5 7 6 13 11 5 5 18 6 6 19 13 5 5 5 251 167 265 13 104 373 1020 33 38 23 27 16 38
internal_value=-7.78222e-05 -0.00021858 0.0075 0.00382353 -0.000291569 0.00169643 0.0109091 0.0075 -0.000555557 0.000194804 0.00863636 -0.00121212 0.000208332 -0.00142857 0.01 -0.00327586 -1.19209e-09 -0.000383348 -0.000663266 -0.000448956 -0.000802921 0.000555554 -0.00117169 -0.000193639 0.000281689 0.000608973 0.00319672 -0.000614036 0.000172413 -0.000774649
internal_weight=2570 2562 24 17 2538 112 22 16 90 77 11 66 48 42 10 29 10 2426 980 813 548 117 431 1446 426 312 61 114 87 71
internal_count=2570 2562 24 17 2538 112 22 16 90 77 11 66 48 42 10 29 10 2426 980 813 548 117 431 1446 426 312 61 114 87 71
is_linear=0
shrinkage=0.05


Tree=44
num_leaves=31
num_cat=0
split_feature=2 2 2 3 3 2 7 3 2 3 2 5 2 5 2 2 3 8 5 3 3 8 3 3 3 5 8 5 3 3
split_gain=4.83938 0.767448 0.687217 0.284421 0.994716 0.193939 0.161249 0.989349 0.595368 0.405849 0.353922 0.288095 0.175 0.142857 0.15873 0.116667 0.044503 0.0618132 0.0535714 0.0337925 0.0882156 0.070279 0.0510807 0.0577201 0.0686401 0.152381 0.0781853 0.228571 0.0761905 0.0333333
threshold=73.65000000000002 1.0000000180025095e-35 0.55000000000000082 5.5000000000000009 7.5000000000000009 16.850000000000001 1.0000000180025095e-35 19.500000000000004 12.9 13.500000000000002 9.1500000000000039 1.0000000180025095e-35 47.650000000000006 1.0000000180025095e-35 18.650000000000002 4.0500000000000016 22.500000000000004 1.0000000180025095e-35 1.0000000180025095e-35 4.5000000000000009 5.5000000000000009 1.0000000180025095e-35 3.5000000000000004 2.5000000000000004 1.0000000180025095e-35 1.0000000180025095e-35 1.0000000180025095e-35 1.0000000180025095e-35 1.5000000000000002 1.5000000000000002
decision_type=2 2 2 2 2 2 2 2 2 2 2 2 2 2 2 2 2 2 2 2 2 2 2 2 2 2 2 2 2 2
left_child=1 16 -3 -4 5 -5 8 12 9 11 15 -6 -8 -10 -15 -11 19 -18 -19 22 21 -21 23 24 26 29 27 -1 -27 -26
right_child=-2 2 3 4 6 -7 7 -9 13 10 -12 -13 -14 14 -16 -17 17 18 -20 20 -22 -23 -24 -25 25 28 -28 -29 -30 -31
leaf_value=-0.1119423845171041 0.75060244692308153 0.0011939491874318532 -0.0049857183268137116 0.0026398140516311662 0.0040110895043130755 0.052581290033155606 -0.0060000469287134917 0.061115929290460204 -0.007157838980756003 -0.0044940004756397495 0.0015768829717847247 0.0032822896311908304 0.010406806315881201 -0.0058265286567560698 0.016709022287844218 -0.00067243802360462198 0.026167097560396792 -0.13430841029419849 -0.23310114828266731 -0.16176014295433899 -0.014450989853327077 -0.23328983938109649 0.036657872891179492 -0.12777568430218889 0.10429665783625418 -0.058496658858294304 -0.18358919815711883 0.020789100863443367 -0.077896515700825841 0.038629686406254422
leaf_weight=20 7.9999999999999991 5.9999999999999991 10.999999999999998 5.9999999999999982 7.0000000000000018 5 35 10.999999999999998 14 5.0000000000000018 4.9999999999999991 5 4.9999999999999991 5.0000000000000009 8.9999999999999982 7 26 5.9999999999999973 8 54 2160 31 36 33 8 7.9999999999999982 8.9999999999999982 8.0000000000000018 7 12
leaf_count=20 8 6 11 6 7 5 35 11 14 5 5 5 5 5 9 7 26 6 8 54 2160 31 36 33 8 8 9 8 7 12
internal_value=-7.78222e-05 -0.000199064 0.00345588 0.00269231 0.00340336 0.0177273 0.00194444 -9.80404e-05 0.00377193 0.0087931 0.00382353 0.0158333 -0.00375 -0.00142857 0.00214286 -0.000833335 -0.000403958 0.00125 -0.00142857 -0.000431686 -0.000478843 -0.00205882 0.000319148 -0.000238096 0.000555554 0.00214286 -0.000945947 0.000357142 -0.00166667 0.005
internal_weight=2570 2562 136 130 119 11 108 51 57 29 17 12 40 28 14 12 2426 40 14 2386 2245 85 141 105 72 35 37 28 15 20
internal_count=2570 2562 136 130 119 11 108 51 57 29 17 12 40 28 14 12 2426 40 14 2386 2245 85 141 105 72 35 37 28 15 20
is_linear=0
shrinkage=0.05


Tree=45
num_leaves=31
num_cat=0
split_feature=2 2 2 2 2 2 2 3 2 2 2 3 3 3 2 2 5 3 8 3 3 3 3 5 3 3 3 3 3 8
split_gain=4.08601 0.735104 0.185185 0.333333 0.277778 0.133029 0.448799 0.344048 0.157399 0.485758 0.63913 0.343108 0.859524 0.321429 0.114035 0.0530303 0.116667 0.0450713 0.109813 0.180556 0.130478 0.0401761 0.130881 0.039113 0.117225 0.113428 0.117225 0.0371564 0.0359566 0.0618132
threshold=78.950000000000017 29.200000000000003 47.650000000000006 71.750000000000014 39.800000000000004 13.500000000000002 9.9000000000000004 14.500000000000002 6.4500000000000002 1.0000000180025095e-35 0.55000000000000082 14.500000000000002 9.5000000000000018 7.5000000000000009 3.3000000000000012 18.650000000000002 1.0000000180025095e-35 7.5000000000000009 1.0000000180025095e-35 1.5000000000000002 2.5000000000000004 9.5000000000000018 10.500000000000002 1.0000000180025095e-35 1.0000000180025095e-35 1.0000000180025095e-35 1.5000000000000002 5.5000000000000009 22.500000000000004 1.0000000180025095e-35
decision_type=2 2 2 2 2 2 2 2 2 2 2 2 2 2 2 2 2 2 2 2 2 2 2 2 2 2 2 2 2 2
left_child=1 5 4 -4 -3 6 8 -8 9 17 -11 12 13 -12 -13 -7 -17 18 20 -20 23 -19 -23 25 -25 -1 -27 -22 -24 -30
right_child=-2 2 3 -5 -6 15 7 -9 -10 10 11 14 -14 -15 -16 16 -18 21 19 -21 27 22 28 24 -26 26 -28 -29 29 -31
leaf_value=-0.10634526529124894 0.92401443340089573 0.05985692015726788 -0.0099331769880640179 0.033545774381594638 0.04487492902197588 -0.0033452960847440735 -0.0025538414347602944 0.0024484483011225698 -0.0042460833328949012 0.0011342517280602761 0.0023493944483747027 -0.0066217396396198308 0.0040889580298102369 -0.0060788220069273105 -0.0013477865590197707 -0.0091338661641206815 0.032429188395500935 0.0069062720544025404 -0.12015210943263369 0.011195816203918317 -0.099386976619407374 -0.065797610697892139 -0.0096180404222542051 0.019749645820271236 -0.00062245555734221031 0.099081824944441454 -0.33933624640643228 -0.089260963846898467 0.024858742682376977 -0.12559299359418397
leaf_weight=20 4.9999999999999991 9.0000000000000018 5.9999999999999982 6 5.9999999999999991 21 7.9999999999999982 7 18 5.9999999999999991 7.0000000000000062 6.0000000000000027 4.9999999999999991 8.9999999999999982 12.999999999999998 6.9999999999999982 5 265 12.999999999999998 104 95 167 1406 8.0000000000000018 10.999999999999998 8 11 278 26 13.999999999999998
leaf_count=20 5 9 6 6 6 21 8 7 18 6 7 6 5 9 13 7 5 265 13 104 95 167 1406 8 11 8 11 278 26 14
internal_value=-0.000155643 -0.000243666 0.00796296 0.00333333 0.0116667 -0.00033097 -0.000289422 0.00833333 -0.000341367 -0.000307445 0.00478261 0.0025 0.00690476 0.00125 -0.00236842 -0.00348485 -0.000833335 -0.000403958 -0.000802921 0.000555554 -0.00117169 -0.000287541 -0.000381278 0.00103448 0.00289474 0.000128204 0.00289474 -0.00151475 -0.000228217 0.00125
internal_weight=2570 2565 27 12 15 2538 2505 15 2490 2472 46 40 21 16 19 33 12 2426 548 117 431 1878 1613 58 19 39 19 373 1446 40
internal_count=2570 2565 27 12 15 2538 2505 15 2490 2472 46 40 21 16 19 33 12 2426 548 117 431 1878 1613 58 19 39 19 373 1446 40
is_linear=0
shrinkage=0.05


Tree=46
num_leaves=31
num_cat=0
split_feature=2 2 2 2 2 2 2 2 3 3 2 2 5 2 2 3 3 3 8 3 3 3 3 8 3 5 3 5 3 3
split_gain=4.07546 0.724665 0.185185 0.333333 0.277778 0.181577 0.929455 0.272727 0.244113 0.770029 0.649351 0.285714 0.163636 0.0929293 0.318182 0.059399 0.0876493 0.0842571 0.109813 0.180556 0.0767924 0.0670315 0.0469269 0.0499539 0.0948139 0.135518 0.0908785 0.0670591 0.0525756 0.0435484
threshold=78.950000000000017 29.200000000000003 47.650000000000006 71.750000000000014 39.800000000000004 1.0000000180025095e-35 3.3000000000000012 0.55000000000000082 9.5000000000000018 13.500000000000002 10.700000000000001 15.300000000000002 1.0000000180025095e-35 9.9000000000000004 13.950000000000001 10.500000000000002 9.5000000000000018 7.5000000000000009 1.0000000180025095e-35 1.5000000000000002 4.5000000000000009 5.5000000000000009 15.500000000000002 1.0000000180025095e-35 14.500000000000002 1.0000000180025095e-35 14.500000000000002 1.0000000180025095e-35 13.500000000000002 11.500000000000002
decision_type=2 2 2 2 2 2 2 2 2 2 2 2 2 2 2 2 2 2 2 2 2 2 2 2 2 2 2 2 2 2
left_child=1 5 4 -4 -3 15 7 -7 -8 10 -10 -12 -9 -11 -15 16 17 18 20 -20 -1 -22 23 24 27 -26 -25 -17 29 -29
right_child=-2 2 3 -5 -6 6 8 12 9 13 11 -13 -14 14 -16 22 -18 -19 19 -21 21 -23 -24 26 25 -27 -28 28 -30 -31
leaf_value=0.00026368820297576135 0.87781371173085077 0.056864074149404586 -0.0094365181386604872 0.031868485662514955 0.042631182570877266 0.0010775391416572245 -0.0057985220187218066 0.0031824964916021509 0.004654667004005607 -0.0027517985478123378 -0.018649446389222332 0.023237007345871474 0.00098050157624169558 0.0023239462310739516 -0.0065496328491215479 -0.020753358653620796 -0.06250773016299753 0.0065609584516824861 -0.11414450396100195 0.010636025393722347 -0.1487027869756517 -0.084797915654553621 -0.028596774380157966 -0.00032128617303324604 0.13250728992653846 -0.12200531623179707 -0.24971933258383211 -0.010014027507499535 -0.089185952793445725 0.13495084460166459
leaf_weight=99 4.9999999999999991 9.0000000000000018 5.9999999999999982 6 5.9999999999999991 6.0000000000000027 23 10.999999999999998 8.0000000000000018 23 6.9999999999999982 7 4.9999999999999991 8.0000000000000018 13.999999999999998 208 167 265 12.999999999999998 104 54 278 1020 87 38 23 27 16.000000000000004 11.999999999999998 14.999999999999998
leaf_count=99 5 9 6 6 6 6 23 11 8 23 7 7 5 8 14 208 167 265 13 104 54 278 1020 87 38 23 27 16 12 15
internal_value=-9.72775e-05 -0.000185186 0.00796296 0.00333333 0.0116667 -0.000271869 0.00169643 0.0109091 -0.000555557 0.000970148 0.00863636 0.00214286 0.0075 -0.00277778 -0.000454547 -0.000362738 -0.000663266 -0.000448956 -0.000802921 0.000555554 -0.00117169 -0.00153615 -0.000159061 0.000281689 0.000608973 0.00237705 -0.000614036 0.000179282 0.00197674 0.00306451
internal_weight=2570 2565 27 12 15 2538 112 22 90 67 22 14 16 45 22 2426 980 813 548 117 431 332 1446 426 312 61 114 251 43 31
internal_count=2570 2565 27 12 15 2538 112 22 90 67 22 14 16 45 22 2426 980 813 548 117 431 332 1446 426 312 61 114 251 43 31
is_linear=0
shrinkage=0.05


Tree=47
num_leaves=31
num_cat=0
split_feature=2 2 3 2 2 2 2 7 2 2 2 2 2 3 2 3 3 3 5 5 3 3 3 3 3 9 3 8 8 8
split_gain=2.61928 0.852174 0.625 0.144356 0.141469 0.252998 0.445158 0.266204 0.274295 0.426136 0.601136 0.30303 0.164286 0.131494 0.482143 0.1 0.0611432 0.0812885 0.152381 0.0830207 0.21235 0.25 0.137366 0.113491 0.100997 0.130011 0.198102 0.119617 0.0907687 0.0839682
threshold=39.800000000000004 78.950000000000017 15.500000000000002 29.200000000000003 13.500000000000002 1.0000000180025095e-35 3.3000000000000012 1.0000000180025095e-35 10.700000000000001 4.6000000000000023 6.4500000000000002 8.5000000000000018 10.700000000000001 16.500000000000004 0.65000000000000047 8.5000000000000018 1.0000000180025095e-35 2.5000000000000004 1.0000000180025095e-35 1.0000000180025095e-35 20.500000000000004 22.500000000000004 19.500000000000004 19.500000000000004 18.500000000000004 1.6000000000000003 17.500000000000004 1.0000000180025095e-35 1.0000000180025095e-35 1.0000000180025095e-35
decision_type=2 2 2 2 2 2 2 2 2 2 2 2 2 2 2 2 2 2 2 2 2 2 2 2 2 2 2 2 2 2
left_child=3 2 15 4 5 16 13 8 9 -8 -11 -12 -9 14 -7 -2 -1 18 -18 23 22 -22 24 29 25 -21 -27 -28 -26 -19
right_child=1 -3 -4 -5 -6 6 7 12 -10 10 11 -13 -14 -15 -16 -17 17 19 -20 20 21 -23 -24 -25 28 26 27 -29 -30 -31
leaf_value=-0.092433411768094664 0.045576919951855366 0.83392302614430813 -0.01335137524372345 0.054020870441934481 -0.0030757754783899524 -0.0072214625788389001 -0.067939188803712927 -0.0064670977332432177 -0.0084926887740437926 0.0036517767781194493 -0.048212450357572156 0.003570982642002658 -0.00081452463371472225 0.0029891560924085042 0.0019914408411134984 0.033595021302944221 0.083260928514871144 -0.045146324278833964 -0.027325401451853221 -0.39507353623924368 -0.16152293491078018 0.14875682596963966 0.071283827533876479 0.016787376564846569 -0.05417419632218954 0.0016658305490267367 0.076070319319076249 -0.0067471722554174112 -0.22654116278332845 0.0081682728972012602
leaf_weight=37 5.0000000000000053 4.9999999999999991 7.9999999999999991 8.9999999999999982 33 6.0000000000000027 6.0000000000000062 23.000000000000004 6.9999999999999991 4.9999999999999991 4.9999999999999982 6 4.9999999999999991 7.9999999999999991 7.9999999999999991 5 20 1353 14.999999999999998 9.9999999999999982 36 11.999999999999998 21 263 15.999999999999998 378 15.999999999999998 22 31 196
leaf_count=37 5 5 8 9 33 6 6 23 7 5 5 6 5 8 8 5 20 1353 15 10 36 12 21 263 16 378 16 22 31 196
internal_value=-5.8367e-05 0.0167391 0.0116667 -0.000210052 -0.000232468 -0.000189622 0.00259494 0.000263157 0.00362069 0.00636364 0.010625 0.00409091 -0.00321429 0.00863636 0.00571428 0.02 -0.000280298 -0.000249059 0.00214286 -0.000284623 0.000258301 -0.00291667 0.0005668 -0.000447021 0.000391119 0.000633802 0.00076923 0.00421053 -0.00180851 -0.000610072
internal_weight=2570 23 18 2547 2538 2505 79 57 29 22 16 11 28 22 14 10 2426 2389 35 2354 542 48 494 1812 473 426 416 38 47 1549
internal_count=2570 23 18 2547 2538 2505 79 57 29 22 16 11 28 22 14 10 2426 2389 35 2354 542 48 494 1812 473 426 416 38 47 1549
is_linear=0
shrinkage=0.05


Tree=48
num_leaves=31
num_cat=0
split_feature=2 2 7 3 2 2 2 3 2 2 2 3 2 2 3 2 2 5 3 3 3 8 3 3 3 8 3 3 3 3
split_gain=2.4657 0.717747 0.402832 0.200535 0.148485 0.141469 0.43847 0.344048 0.164256 0.148571 0.237813 0.19697 0.436364 0.1 0.0969697 0.238095 0.1 0.0736117 0.20823 0.25 0.105162 0.113803 0.14733 0.266498 0.145558 0.0993301 0.195763 0.152584 0.15173 0.106
threshold=78.950000000000017 29.200000000000003 1.0000000180025095e-35 18.500000000000004 47.650000000000006 13.500000000000002 9.9000000000000004 14.500000000000002 6.4500000000000002 1.0000000180025095e-35 3.3000000000000012 14.500000000000002 4.6000000000000023 45.450000000000003 12.500000000000002 0.65000000000000047 1.0500000000000009 1.0000000180025095e-35 20.500000000000004 22.500000000000004 19.500000000000004 1.0000000180025095e-35 11.500000000000002 15.500000000000002 10.500000000000002 1.0000000180025095e-35 1.5000000000000002 17.500000000000004 3.5000000000000004 18.500000000000004
decision_type=2 2 2 2 2 2 2 2 2 2 2 2 2 2 2 2 2 2 2 2 2 2 2 2 2 2 2 2 2 2
left_child=1 5 13 4 -4 6 8 -8 9 17 14 12 -12 -3 15 -11 -16 20 25 -20 21 -1 24 -24 -23 26 -19 -28 -27 -30
right_child=-2 2 3 -5 -6 -7 7 -9 -10 10 11 -13 -14 -15 16 -17 -18 18 19 -21 -22 22 23 -25 -26 28 27 -29 29 -31
leaf_value=-0.04271544167255531 0.79222687483709286 -0.043517953633838452 0.043298073954262585 0.05401499123845141 -0.0032620856512563471 -0.0029219867044702804 -0.0023180773510532424 0.0021231488715025902 -0.0039681029877342558 -0.015426190235324259 -0.020933148555840303 -0.0012242072527187087 0.0034691879392134209 0.026680977721428564 0.0012371458111688008 0.002039287722530841 -0.0042027561902704775 0.0035597825003317301 -0.1534467881652411 0.14131898467115775 0.015948007736604274 0.015631727315850615 -0.1118157559723818 0.066858372296579302 0.051900589668362154 -0.11486014048113231 0.0079033662471495354 0.067376941503590124 0.0015230347027752628 -0.068280414387497865
leaf_weight=1392 4.9999999999999991 5.0000000000000018 5.0000000000000018 5.9999999999999991 6 33 7.9999999999999982 7 18 5.0000000000000018 6.0000000000000018 12.999999999999998 5 5 4.9999999999999982 7 5 11.999999999999998 36 11.999999999999998 263 60 65 66 6.9999999999999991 14.999999999999998 187 40 222 49
leaf_count=1392 5 5 5 6 6 33 8 7 18 5 6 13 5 5 5 7 5 12 36 12 263 60 65 66 7 15 187 40 222 49
internal_value=-7.78222e-05 -0.0001462 0.00796296 0.0126471 0.00863636 -0.000232468 -0.000189622 0.00833333 -0.000240965 -0.000206312 0.00260869 -0.000833335 0.00409091 -1.19209e-09 0.00636364 0.00333333 0.01 -0.000259688 0.000235601 -0.00291667 -0.000412845 -0.000566039 0.000555554 -0.000419849 0.00246269 0.000523808 0.00127615 0.000947135 -0.000104896 0.00016605
internal_weight=2570 2565 27 17 11 2538 2505 15 2490 2472 46 24 11 10 22 12 10 2426 573 48 1853 1590 198 131 67 525 239 227 286 271
internal_count=2570 2565 27 17 11 2538 2505 15 2490 2472 46 24 11 10 22 12 10 2426 573 48 1853 1590 198 131 67 525 239 227 286 271
is_linear=0
shrinkage=0.05


Tree=49
num_leaves=31
num_cat=0
split_feature=2 2 7 2 2 2 3 2 2 2 3 2 5 3 3 3 8 3 3 3 9 3 8 2 3 2 2 3 3 3
split_gain=2.45751 0.41941 0.237255 0.43219 0.148407 0.430294 0.344048 0.169847 0.140154 0.237813 0.19697 0.436364 0.103527 0.109425 0.173611 0.133413 0.107372 0.147628 0.138435 0.106354 0.132368 0.191357 0.119617 0.1 0.0969697 0.238095 0.1 0.0923734 0.213169 0.145558
threshold=78.950000000000017 29.200000000000003 1.0000000180025095e-35 47.650000000000006 13.500000000000002 9.9000000000000004 14.500000000000002 6.4500000000000002 1.0000000180025095e-35 3.3000000000000012 14.500000000000002 4.6000000000000023 1.0000000180025095e-35 20.500000000000004 22.500000000000004 19.500000000000004 1.0000000180025095e-35 21.500000000000004 21.500000000000004 18.500000000000004 1.6000000000000003 17.500000000000004 1.0000000180025095e-35 45.450000000000003 12.500000000000002 0.65000000000000047 1.0500000000000009 17.500000000000004 11.500000000000002 10.500000000000002
decision_type=2 2 2 2 2 2 2 2 2 2 2 2 2 2 2 2 2 2 2 2 2 2 2 2 2 2 2 2 2 2
left_child=1 4 23 -4 5 7 -7 8 12 24 11 -11 16 15 -15 19 18 27 -1 20 -14 -22 -23 -3 25 -10 -26 28 29 -18
right_child=-2 2 3 -5 -6 6 -8 -9 9 10 -12 -13 13 14 -16 -17 17 -19 -20 -21 21 22 -24 -25 26 -27 -28 -29 -30 -31
leaf_value=-0.034069058706423308 0.75261553109523793 -0.041342055952146545 0.056933415949953339 0.0024103339462077811 -0.0027758873692466986 -0.0022021734835004402 0.0020169914279273625 -0.0037696978383475396 -0.014654880723558054 -0.019886491128048262 -0.0011629968900827758 0.0032957285422529252 -0.37601239497783878 -0.14577444875697906 0.13425303543759978 0.068415849838721995 0.01485014095005815 -0.12652026621058585 0.021408878866934523 -0.17063215268140083 0.0015063872864367056 0.068897956277942998 -0.006485965377785341 0.025346928835357246 0.0011752885206104361 0.0019373233364042451 -0.0039926183807571227 0.063959832612664747 -0.075978975585232145 0.049305560184943968
leaf_weight=1565 4.9999999999999991 5.0000000000000018 9.0000000000000018 7.9999999999999991 33 7.9999999999999982 7 18 5.0000000000000018 6.0000000000000018 12.999999999999998 5 9.9999999999999982 36 11.999999999999998 21 60 10.999999999999998 58 47 409 15.999999999999998 22 5 4.9999999999999982 7 5 59 93 6.9999999999999991
leaf_count=1565 5 5 9 8 33 8 7 18 5 6 13 5 10 36 12 21 60 11 58 47 409 16 22 5 5 7 5 59 93 7
internal_value=-1.94564e-05 -8.77205e-05 0.00611111 0.00970588 -0.000153665 -0.000109782 0.00833333 -0.000160644 -0.000125406 0.00260869 -0.000833335 0.00409091 -0.000177248 0.000410121 -0.001875 0.000619046 -0.000358879 0.000652173 -0.000502158 0.000456348 0.000689277 0.000816554 0.00421053 -1.19209e-09 0.00636364 0.00333333 0.01 0.000936072 0.000312499 0.00246269
internal_weight=2570 2565 27 17 2538 2505 15 2490 2472 46 24 11 2426 573 48 525 1853 230 1623 504 457 447 38 10 22 12 10 219 160 67
internal_count=2570 2565 27 17 2538 2505 15 2490 2472 46 24 11 2426 573 48 525 1853 230 1623 504 457 447 38 10 22 12 10 219 160 67
is_linear=0
shrinkage=0.05


Tree=50
num_leaves=31
num_cat=0
split_feature=2 2 7 2 2 2 2 3 2 2 7 2 2 2 3 2 2 5 3 9 3 8 3 8 3 3 3 3 3 3
split_gain=2.45205 0.414151 0.237255 0.43219 0.151939 0.582049 0.444444 0.466667 0.142889 0.337727 0.981818 0.123258 0.373108 0.1 0.0969697 0.238095 0.1 0.0750514 0.121233 0.132368 0.191357 0.119617 0.106211 0.101717 0.147628 0.134902 0.0923734 0.213169 0.145558 0.102035
threshold=78.950000000000017 29.200000000000003 1.0000000180025095e-35 47.650000000000006 13.500000000000002 9.1500000000000039 10.700000000000001 14.500000000000002 6.4500000000000002 4.6000000000000023 1.0000000180025095e-35 3.3000000000000012 1.0000000180025095e-35 45.450000000000003 12.500000000000002 0.65000000000000047 1.0500000000000009 1.0000000180025095e-35 18.500000000000004 1.6000000000000003 17.500000000000004 1.0000000180025095e-35 22.500000000000004 1.0000000180025095e-35 21.500000000000004 21.500000000000004 17.500000000000004 11.500000000000002 10.500000000000002 18.500000000000004
decision_type=2 2 2 2 2 2 2 2 2 2 2 2 2 2 2 2 2 2 2 2 2 2 2 2 2 2 2 2 2 2
left_child=1 4 13 -4 5 8 -7 -8 9 11 -11 12 17 -3 15 -14 -16 23 19 -19 -21 -22 -20 25 26 -1 27 28 -25 -28
right_child=-2 2 3 -5 -6 6 7 -9 -10 10 -12 -13 14 -15 16 -17 -18 18 22 20 21 -23 -24 24 -26 -27 29 -29 -30 -31
leaf_value=-0.032365605771102222 0.71498475454047572 -0.03927495315453941 0.054086745152455533 0.0022898172488977006 -0.0026370930007843848 0.0034019362216606897 -0.0094567348047552187 0.0012342237077224132 -0.01088054015800112 0.003130942115140152 -0.0040791175705091956 -0.026073027038440357 -0.013922136687380141 0.024079582393589177 0.0011165240945799364 0.0018404571695839964 -0.0037929874617192924 -0.35721177522894687 -0.081183550257791975 0.0014310679221148704 0.06545305846404581 -0.0061616671088961187 0.12754038366571985 0.014107633902555167 -0.12019425290005659 0.020338434923587737 0.11987152411042655 -0.072180026805970493 0.04684028217569676 0.02012717583901737
leaf_weight=1565 4.9999999999999991 5.0000000000000018 9.0000000000000018 7.9999999999999991 33 6.0000000000000027 6.9999999999999982 5 14.999999999999998 4.9999999999999982 6 12.999999999999998 5.0000000000000018 5 4.9999999999999982 7 5 9.9999999999999982 104 409 15.999999999999998 22 11.999999999999998 60 10.999999999999998 58 12.999999999999998 93 6.9999999999999991 46
leaf_count=1565 5 5 9 8 33 6 7 5 15 5 6 13 5 5 5 7 5 10 104 409 16 22 12 60 11 58 13 93 7 46
internal_value=1.94541e-05 -4.87341e-05 0.00611111 0.00970588 -0.000114264 -6.98615e-05 0.00888889 0.00333333 -0.000134702 -0.000105179 0.00863636 -0.000144251 -0.000118465 -1.19209e-09 0.00636364 0.00333333 0.01 -0.000177248 0.000322861 0.000689277 0.000816554 0.00421053 -0.00112069 -0.000331895 0.000652173 -0.000471351 0.000936072 0.000312499 0.00246269 0.00262712
internal_weight=2570 2565 27 17 2538 2505 18 12 2487 2472 11 2461 2448 10 22 12 10 2426 573 457 447 38 116 1853 230 1623 219 160 67 59
internal_count=2570 2565 27 17 2538 2505 18 12 2487 2472 11 2461 2448 10 22 12 10 2426 573 457 447 38 116 1853 230 1623 219 160 67 59
is_linear=0
shrinkage=0.05


Tree=51
num_leaves=31
num_cat=0
split_feature=2 2 7 2 2 2 2 2 2 2 3 2 2 3 2 2 5 3 3 3 3 9 3 8 3 3 3 8 3 3
split_gain=2.44932 0.411534 0.237255 0.43219 0.15372 0.153931 0.177778 0.175532 0.131982 0.237813 0.19697 0.436364 0.1 0.0969697 0.238095 0.1 0.076505 0.109425 0.173611 0.133413 0.106354 0.132368 0.191357 0.119617 0.105745 0.173238 0.100811 0.0907687 0.0886196 0.100825
threshold=78.950000000000017 29.200000000000003 1.0000000180025095e-35 47.650000000000006 13.500000000000002 9.9000000000000004 11.550000000000002 6.4500000000000002 1.0000000180025095e-35 3.3000000000000012 14.500000000000002 4.6000000000000023 45.450000000000003 12.500000000000002 0.65000000000000047 1.0500000000000009 1.0000000180025095e-35 20.500000000000004 22.500000000000004 19.500000000000004 18.500000000000004 1.6000000000000003 17.500000000000004 1.0000000180025095e-35 4.5000000000000009 1.0000000180025095e-35 6.5000000000000009 1.0000000180025095e-35 1.5000000000000002 3.5000000000000004
decision_type=2 2 2 2 2 2 2 2 2 2 2 2 2 2 2 2 2 2 2 2 2 2 2 2 2 2 2 2 2 2
left_child=1 4 12 -4 5 7 -7 8 16 13 11 -11 -3 14 -10 -15 24 19 -19 20 21 -18 -23 -24 25 -1 -26 -22 -27 -30
right_child=-2 2 3 -5 -6 6 -8 -9 9 10 -12 -13 -14 15 -16 -17 17 18 -20 -21 27 22 23 -25 26 28 -28 -29 29 -31
leaf_value=-0.092962028183888282 0.67923551681345162 -0.037311205496812098 0.051382407894832796 0.002175326386453018 -0.0025052383507450978 0.0032318394105774919 0.00037150705384338611 -0.0032514227947823536 -0.013226029853011115 -0.017588515219723717 -0.0011892934513385704 0.0029743950093830533 0.022875603273910045 0.0010606978898508993 0.0017484343111047282 -0.0036033380886331943 -0.33935118646749951 -0.13442654880624066 0.1211633644824338 0.06905423485967542 -0.042243548434299984 0.0013595145260090647 0.062180405540843614 -0.005853583753451375 -0.12715968966647712 0.095409008168831022 -0.010563975941621529 -0.19920929877782767 -0.047790138290760044 0.048339942136487804
leaf_weight=21 4.9999999999999991 5.0000000000000018 9.0000000000000018 7.9999999999999991 33 5.9999999999999991 8.9999999999999982 18 5.0000000000000018 6.0000000000000018 12.999999999999998 5 5 4.9999999999999982 7 5 9.9999999999999982 36 11.999999999999998 21 15.999999999999998 409 15.999999999999998 22 195 7.9999999999999991 1564 31 38 27
leaf_count=21 5 5 9 8 33 6 9 18 5 6 13 5 5 5 7 5 10 36 12 21 16 409 16 22 195 8 1564 31 38 27
internal_value=3.89093e-05 -2.9241e-05 0.00611111 0.00970588 -9.45638e-05 -4.99014e-05 0.005 -8.03225e-05 -4.44996e-05 0.00260869 -0.000833335 0.00409091 -1.19209e-09 0.00636364 0.00333333 0.01 -9.48075e-05 0.000410121 -0.001875 0.000619046 0.000456348 0.000689277 0.000816554 0.00421053 -0.000250946 0.00138298 -0.000338262 -0.00180851 0.00253425 0.00192308
internal_weight=2570 2565 27 17 2538 2505 15 2490 2472 46 24 11 10 22 12 10 2426 573 48 525 504 457 447 38 1853 94 1759 47 73 65
internal_count=2570 2565 27 17 2538 2505 15 2490 2472 46 24 11 10 22 12 10 2426 573 48 525 504 457 447 38 1853 94 1759 47 73 65
is_linear=0
shrinkage=0.05


Tree=52
num_leaves=31
num_cat=0
split_feature=2 2 7 2 2 2 2 2 2 2 3 2 3 2 3 2 2 5 3 9 3 8 3 8 3 3 3 3 3 3
split_gain=2.45205 0.414151 0.237255 0.43219 0.151939 0.277063 0.694444 0.144072 0.136037 0.237813 0.19697 0.436364 0.116667 0.1 0.0969697 0.238095 0.1 0.0631894 0.121233 0.132368 0.191357 0.119617 0.106211 0.0908669 0.147628 0.127973 0.0923734 0.213169 0.145558 0.102035
threshold=78.950000000000017 29.200000000000003 1.0000000180025095e-35 47.650000000000006 13.500000000000002 9.1500000000000039 10.700000000000001 6.4500000000000002 1.0000000180025095e-35 3.3000000000000012 14.500000000000002 4.6000000000000023 14.500000000000002 45.450000000000003 12.500000000000002 0.65000000000000047 1.0500000000000009 1.0000000180025095e-35 18.500000000000004 1.6000000000000003 17.500000000000004 1.0000000180025095e-35 22.500000000000004 1.0000000180025095e-35 21.500000000000004 21.500000000000004 17.500000000000004 11.500000000000002 10.500000000000002 18.500000000000004
decision_type=2 2 2 2 2 2 2 2 2 2 2 2 2 2 2 2 2 2 2 2 2 2 2 2 2 2 2 2 2 2
left_child=1 4 13 -4 5 7 -7 8 17 14 11 -11 -8 -3 15 -10 -16 23 19 -19 -21 -22 -20 25 26 -1 27 28 -25 -28
right_child=-2 2 3 -5 -6 6 12 -9 9 10 -12 -13 -14 -15 16 -17 -18 18 22 20 21 -23 -24 24 -26 -27 29 -29 -30 -31
leaf_value=-0.030219126685466058 0.64527374097277912 -0.035445645221971793 0.048813287500091063 0.0020665600671305336 -0.0023799764332079528 0.0030702474400487734 -0.0090024734172094341 -0.01017394201036205 -0.012564728360360515 -0.016709089458737666 -0.0011298287787715813 0.0028256752589139694 0.0011539371696443572 0.021731823110214196 0.001007662995358323 0.001661012595549548 -0.0034231711842016496 -0.3223836271441245 -0.073455282044082831 0.001291538799708647 0.05907138526380145 -0.0055609045657787348 0.11510519625831206 0.015605630928465376 -0.11365634145797268 0.01984971197448946 0.11440614670198634 -0.068042826668590878 0.045026466863992989 0.019649015844147549
leaf_weight=1565 4.9999999999999991 5.0000000000000018 9.0000000000000018 7.9999999999999991 33 6.0000000000000027 6.9999999999999982 14.999999999999998 5.0000000000000018 6.0000000000000018 12.999999999999998 5 5 5 4.9999999999999982 7 5 9.9999999999999982 104 409 15.999999999999998 22 11.999999999999998 60 10.999999999999998 58 12.999999999999998 93 6.9999999999999991 46
leaf_count=1565 5 5 9 8 33 6 7 15 5 6 13 5 5 5 5 7 5 10 104 409 16 22 12 60 11 58 13 93 7 46
internal_value=1.94541e-05 -4.87341e-05 0.00611111 0.00970588 -0.000114264 -6.98615e-05 0.00611111 -0.000114597 -8.49526e-05 0.00260869 -0.000833335 0.00409091 -0.000833335 -1.19209e-09 0.00636364 0.00333333 0.01 -0.000136028 0.000322861 0.000689277 0.000816554 0.00421053 -0.00112069 -0.000277929 0.000652173 -0.000409736 0.000936072 0.000312499 0.00246269 0.00262712
internal_weight=2570 2565 27 17 2538 2505 18 2487 2472 46 24 11 12 10 22 12 10 2426 573 457 447 38 116 1853 230 1623 219 160 67 59
internal_count=2570 2565 27 17 2538 2505 18 2487 2472 46 24 11 12 10 22 12 10 2426 573 457 447 38 116 1853 230 1623 219 160 67 59
is_linear=0
shrinkage=0.05


Tree=53
num_leaves=31
num_cat=0
split_feature=2 3 2 7 2 2 2 2 2 2 2 3 2 3 2 2 5 3 3 3 3 9 3 8 3 3 3 8 3 3
split_gain=1.38562 0.193939 0.177696 0.380952 0.634921 0.15372 0.153931 0.177778 0.175532 0.131982 0.237813 0.19697 0.436364 0.0969697 0.238095 0.1 0.076505 0.109425 0.173611 0.133413 0.106354 0.132368 0.191357 0.119617 0.105745 0.173238 0.100811 0.0907687 0.0886196 0.100825
threshold=71.750000000000014 11.500000000000002 29.200000000000003 1.0000000180025095e-35 47.650000000000006 13.500000000000002 9.9000000000000004 11.550000000000002 6.4500000000000002 1.0000000180025095e-35 3.3000000000000012 14.500000000000002 4.6000000000000023 12.500000000000002 0.65000000000000047 1.0500000000000009 1.0000000180025095e-35 20.500000000000004 22.500000000000004 19.500000000000004 18.500000000000004 1.6000000000000003 17.500000000000004 1.0000000180025095e-35 4.5000000000000009 1.0000000180025095e-35 6.5000000000000009 1.0000000180025095e-35 1.5000000000000002 3.5000000000000004
decision_type=2 2 2 2 2 2 2 2 2 2 2 2 2 2 2 2 2 2 2 2 2 2 2 2 2 2 2 2 2 2
left_child=2 -2 5 -4 -5 6 8 -8 9 16 13 12 -12 14 -11 -15 24 19 -19 20 21 -18 -23 -24 25 -1 -26 -22 -27 -30
right_child=1 -3 3 4 -6 -7 7 -9 -10 10 11 -13 -14 15 -16 -17 17 18 -20 -21 27 22 23 -25 26 28 -28 -29 29 -31
leaf_value=-0.086802970440420513 0.15691942375537926 0.46671267965734969 -0.0056295712261601573 0.046372623125086561 -0.0088502353195891413 -0.0022609776115473986 0.002916735068046278 0.00029523484266893096 -0.0027788171278801451 -0.011936491942342524 -0.015873634985800862 -0.0010733373398329597 0.0026843914959683926 0.00095727984559034894 0.0015779619657721442 -0.0032520126249915224 -0.30626444578691836 -0.12403245726372454 0.10934993644539644 0.069274287218895877 -0.036458606910380831 0.0012269618597231969 0.056117816000611324 -0.005282859337489754 -0.11929074884887991 0.092149514094662877 -0.0085248208102671093 -0.18557606973673213 -0.044577044384945044 0.046517407631969723
leaf_weight=21 4.9999999999999982 6 7.0000000000000009 8.9999999999999982 5.0000000000000009 33 5.9999999999999991 8.9999999999999982 18 5.0000000000000018 6.0000000000000018 12.999999999999998 5 4.9999999999999982 7 5 9.9999999999999982 36 11.999999999999998 21 15.999999999999998 409 15.999999999999998 22 195 7.9999999999999991 1564 31 38 27
leaf_count=21 5 6 7 9 5 33 6 9 18 5 6 13 5 5 7 5 10 36 12 21 16 409 16 22 195 8 1564 31 38 27
internal_value=1.94541e-05 0.0177273 -5.6664e-05 0.00452381 0.00928571 -9.45638e-05 -4.99014e-05 0.005 -8.03225e-05 -4.44996e-05 0.00260869 -0.000833335 0.00409091 0.00636364 0.00333333 0.01 -9.48075e-05 0.000410121 -0.001875 0.000619046 0.000456348 0.000689277 0.000816554 0.00421053 -0.000250946 0.00138298 -0.000338262 -0.00180851 0.00253425 0.00192308
internal_weight=2570 11 2559 21 14 2538 2505 15 2490 2472 46 24 11 22 12 10 2426 573 48 525 504 457 447 38 1853 94 1759 47 73 65
internal_count=2570 11 2559 21 14 2538 2505 15 2490 2472 46 24 11 22 12 10 2426 573 48 525 504 457 447 38 1853 94 1759 47 73 65
is_linear=0
shrinkage=0.05


Tree=54
num_leaves=31
num_cat=0
split_feature=2 3 5 2 2 2 3 9 3 8 3 2 3 2 2 3 9 3 2 8 3 3 3 3 2 2 3 2 2 3
split_gain=1.38562 0.193939 0.104625 0.239144 0.153353 0.570367 0.146688 0.133345 0.188787 0.119617 0.112037 0.109577 0.106844 0.10914 0.0833333 0.0803656 0.314386 0.0782066 0.102484 0.117943 0.115283 0.104939 0.0746353 0.211667 0.103805 0.237193 0.0775519 0.075188 0.0746351 0.0692641
threshold=71.750000000000014 11.500000000000002 1.0000000180025095e-35 18.650000000000002 10.700000000000001 6.0500000000000016 18.500000000000004 1.6000000000000003 17.500000000000004 1.0000000180025095e-35 22.500000000000004 33.95000000000001 19.500000000000004 12.9 33.95000000000001 20.500000000000004 1.6000000000000003 16.500000000000004 1.5999999999999999 1.0000000180025095e-35 17.500000000000004 18.500000000000004 1.0000000180025095e-35 2.5000000000000004 4.6000000000000023 6.4500000000000002 6.5000000000000009 9.9000000000000004 3.3000000000000012 4.5000000000000009
decision_type=2 2 2 2 2 2 2 2 2 2 2 2 2 2 2 2 2 2 2 2 2 2 2 2 2 2 2 2 2 2
left_child=2 -2 11 4 5 6 7 -4 -9 -10 15 12 17 28 -5 16 -8 22 19 -19 -21 -22 -1 -24 26 -26 29 -27 -14 -25
right_child=1 -3 3 14 -6 -7 10 8 9 -11 -12 -13 13 -15 -16 -17 -18 18 -20 20 21 -23 23 24 25 27 -28 -29 -30 -31
leaf_value=-0.032926399763289926 0.14907345256761009 0.44337704567448227 -0.29095122349757235 0.045797965077705782 -0.0056742423676576321 0.0013650354104257892 0.072973161338369577 0.001037498610713434 0.05331192520058075 -0.0050187163706151951 0.10388243962312656 -0.002299370360903556 0.012610633156363999 0.010091331046729369 0.020859221169384268 -0.090220799899603243 -0.032471705219581003 -0.059501037767925258 -0.0041405993271972641 -0.098290577465161288 0.10911208040740022 -0.13876469850245812 0.080304679693198197 0.005153394844542092 0.0024109604208136411 -0.015070123065110458 -0.00086303381186225009 -4.2393291925402963e-06 -0.03462195145531153 -0.10154949232102367
leaf_weight=24 4.9999999999999982 6 9.9999999999999982 5.9999999999999982 12.999999999999998 7.9999999999999991 6.9999999999999991 416 15.999999999999998 22 11.999999999999998 11.999999999999998 266 8.9999999999999982 6 37 64 361 14.999999999999998 17 12.999999999999998 25 20 54 6.0000000000000027 5.0000000000000027 897 13.999999999999998 5.9999999999999991 198
leaf_count=24 5 6 10 6 13 8 7 416 16 22 12 12 266 9 6 37 64 361 15 17 13 25 20 54 6 5 897 14 6 198
internal_value=1.94541e-05 0.0177273 -5.6664e-05 0.000510534 0.0003719 0.000489864 0.000308218 0.000711206 0.000837003 0.00421053 -0.00125 -0.00023687 -0.000207255 0.000693949 0.0075 -0.00175926 -0.000774649 -0.000360826 -0.000939676 -0.00079327 0.00136364 0.00289474 -0.000155995 -0.000100504 -0.000187395 0.003 -0.000256746 0.000263157 0.000514705 -0.00103175
internal_weight=2570 11 2559 617 605 592 584 464 454 38 120 1942 1930 281 12 108 71 1649 431 416 55 38 1218 1194 1174 25 1149 19 272 252
internal_count=2570 11 2559 617 605 592 584 464 454 38 120 1942 1930 281 12 108 71 1649 431 416 55 38 1218 1194 1174 25 1149 19 272 252
is_linear=0
shrinkage=0.05


Tree=55
num_leaves=31
num_cat=0
split_feature=2 2 2 7 2 2 3 3 8 3 3 5 2 2 2 5 8 3 3 8 3 3 3 3 3 3 3 3 3 3
split_gain=1.25244 0.147956 0.272697 0.535714 0.143795 0.849562 0.290707 0.317595 0.394737 0.272177 0.723214 0.149708 0.079085 0.0929293 0.318182 0.0631894 0.106579 0.208514 0.138861 0.0908669 0.147628 0.0923734 0.213169 0.145558 0.102035 0.0812726 0.0752797 0.153234 0.0815217 0.0726152
threshold=78.950000000000017 45.450000000000003 29.200000000000003 1.0000000180025095e-35 1.0000000180025095e-35 0.55000000000000082 13.500000000000002 9.5000000000000018 1.0000000180025095e-35 7.5000000000000009 5.5000000000000009 1.0000000180025095e-35 3.3000000000000012 9.9000000000000004 13.950000000000001 1.0000000180025095e-35 1.0000000180025095e-35 1.5000000000000002 3.5000000000000004 1.0000000180025095e-35 21.500000000000004 17.500000000000004 11.500000000000002 10.500000000000002 18.500000000000004 18.500000000000004 19.500000000000004 20.500000000000004 22.500000000000004 19.500000000000004
decision_type=2 2 2 2 2 2 2 2 2 2 2 2 2 2 2 2 2 2 2 2 2 2 2 2 2 2 2 2 2 2
left_child=1 2 4 -4 15 -6 7 9 11 10 -7 -9 -8 -14 -15 19 17 -17 -18 29 21 22 23 -21 -23 -20 -27 -28 -29 -1
right_child=-2 -3 3 -5 5 6 12 8 -10 -11 -12 -13 13 14 -16 16 18 -19 25 20 -22 24 -24 -25 -26 26 27 28 -30 -31
leaf_value=-0.03409245130877938 0.57958750751828347 -0.0026922809150927126 -0.033740087822554519 0.044461302777231218 0.0035215263104923181 -0.0083800738876657638 -0.0034905864227980699 0.0018727778987041171 -0.0074799356833479243 -0.0072746719806880654 0.0014851995718056731 0.0093773547002032505 -0.00085861661812275814 0.0012575223086379894 -0.0053007536690495615 0.0029891449250798435 -0.10950978190731096 0.013512987166216987 0.0010542345174012553 0.016646354996992855 -0.10817781500237889 0.10365647638703024 -0.060274201543049799 0.043244536251899571 0.022246665846511391 -0.17467368098891642 0.021151916757799684 -0.10354469439037715 -0.26380511079748636 0.015652926233642086
leaf_weight=1392 4.9999999999999991 14.999999999999998 4.9999999999999982 7 5.9999999999999991 8.9999999999999982 5.9999999999999991 9.0000000000000036 4.9999999999999991 15.000000000000002 6.9999999999999991 10 23 8.0000000000000018 13.999999999999998 11.999999999999998 14.999999999999998 252 222 60 10.999999999999998 12.999999999999998 93 6.9999999999999991 46 31 18 15 8 231
leaf_count=1392 5 15 5 7 6 9 6 9 5 15 7 10 23 8 14 12 15 252 222 60 11 13 93 7 46 31 18 15 8 231
internal_value=-1.19209e-09 -4.87341e-05 -1.9609e-05 0.0075 -5.51627e-05 0.00169643 0.000660376 0.00318182 0.0075 -0.000161292 0.004375 0.0107895 -0.00205882 -0.00277778 -0.000454547 -0.000136028 0.000322861 0.0010606 -0.000307445 -0.000277929 0.000652173 0.000936072 0.000312499 0.00246269 0.00262712 -6.80284e-05 -0.00152778 -0.000121952 -0.00282609 -0.000409736
internal_weight=2570 2565 2550 12 2538 112 106 55 24 31 16 19 51 45 22 2426 573 264 309 1853 230 219 160 67 59 294 72 41 23 1623
internal_count=2570 2565 2550 12 2538 112 106 55 24 31 16 19 51 45 22 2426 573 264 309 1853 230 219 160 67 59 294 72 41 23 1623
is_linear=0
shrinkage=0.05


Tree=56
num_leaves=31
num_cat=0
split_feature=2 2 2 7 2 2 2 2 2 7 2 2 3 3 3 3 8 5 3 8 3 2 5 9 3 8 5 3 5 3
split_gain=1.25829 0.144481 0.27698 0.535714 0.151939 0.15515 0.177778 0.174102 0.334608 0.981818 0.12533 0.36842 0.274351 0.285714 0.057019 0.146815 0.0781853 0.228571 0.0632633 0.121237 0.0778291 0.0530303 0.116667 0.0447023 0.0423187 0.0602251 0.155874 0.10973 0.105926 0.124199
threshold=78.950000000000017 45.450000000000003 29.200000000000003 1.0000000180025095e-35 13.500000000000002 9.9000000000000004 11.550000000000002 6.4500000000000002 4.6000000000000023 1.0000000180025095e-35 3.3000000000000012 1.0000000180025095e-35 16.500000000000004 8.5000000000000018 2.5000000000000004 1.0000000180025095e-35 1.0000000180025095e-35 1.0000000180025095e-35 7.5000000000000009 1.0000000180025095e-35 15.500000000000002 18.650000000000002 1.0000000180025095e-35 1.6000000000000003 19.500000000000004 1.0000000180025095e-35 1.0000000180025095e-35 17.500000000000004 1.0000000180025095e-35 18.500000000000004
decision_type=2 2 2 2 2 2 2 2 2 2 2 2 2 2 2 2 2 2 2 2 2 2 2 2 2 2 2 2 2 2
left_child=1 2 4 -4 5 7 -7 8 10 -10 11 14 13 -13 15 16 17 -1 19 -16 23 -6 -23 -20 25 26 -22 -28 -27 -30
right_child=-2 -3 3 -5 21 6 -8 -9 9 -11 -12 12 -14 -15 18 -17 -18 -19 20 -21 24 22 -24 -25 -26 28 27 -29 29 -31
leaf_value=-0.077111861721834096 0.55060813214236937 -0.0025576668693377685 -0.032053083431426981 0.042238237638369619 -0.0016574531421001547 0.0024710065439514386 0.00011685334408277696 -0.00073613021649612256 0.0023359850051942257 -0.0030476111523681758 -0.018195871601844285 0.0014109395932154387 0.0047667730789806078 -0.00074689929914952707 -0.065381888145977035 0.047906467735383478 -0.14724738932198936 0.022650554886007691 0.13119600761976527 0.00093559576965564412 -0.10191937389753658 -0.0080116109657632634 0.028152105255009708 0.0018365393244949972 0.0066815808035645061 0.058628204365390804 -0.048030936843338527 0.044970654548290058 -0.0036849199887737413 -0.16593999693947056
leaf_weight=20 4.9999999999999991 14.999999999999998 4.9999999999999982 7 21 5.9999999999999991 8.9999999999999982 18 4.9999999999999982 6 12.999999999999998 7.0000000000000018 7.9999999999999991 7 373 35 8.9999999999999982 8.0000000000000018 11.999999999999998 103 426 6.9999999999999982 5 846 332 66 64 37 64 31
leaf_count=20 5 15 5 7 21 6 9 18 5 6 13 7 8 7 373 35 9 8 12 103 426 7 5 846 332 66 64 37 64 31
internal_value=-5.8367e-05 -0.000107214 -7.84326e-05 0.0075 -0.000114264 -6.98615e-05 0.005 -0.000100403 -6.47261e-05 0.00863636 -0.000103618 -7.76156e-05 0.00636364 0.00214286 -0.000136028 0.00125 -0.000945947 0.000357142 -0.000178421 -0.000693279 -4.79245e-05 -0.00348485 -0.000833335 0.000303029 -0.000343138 -0.000566862 -0.000825428 0.000940593 0.000279502 -0.000789475
internal_weight=2570 2565 2550 12 2538 2505 15 2490 2472 11 2461 2448 22 14 2426 72 37 28 2354 476 1878 33 12 858 1020 688 527 101 161 95
internal_count=2570 2565 2550 12 2538 2505 15 2490 2472 11 2461 2448 22 14 2426 72 37 28 2354 476 1878 33 12 858 1020 688 527 101 161 95
is_linear=0
shrinkage=0.05


Tree=57
num_leaves=31
num_cat=0
split_feature=2 2 2 7 2 2 2 2 2 2 2 3 2 2 3 3 3 3 3 8 3 3 3 5 8 5 3 9 3 8
split_gain=1.25439 0.146793 0.660843 0.152381 0.0869362 0.138351 0.14497 0.15515 0.177778 0.174102 0.334608 0.148485 0.12533 0.36842 0.274351 0.285714 0.0392666 0.136778 0.0804008 0.122235 0.0778291 0.0577201 0.0686401 0.152381 0.0781853 0.228571 0.0761905 0.0447023 0.0423187 0.0602251
threshold=78.950000000000017 45.450000000000003 29.200000000000003 1.0000000180025095e-35 21.850000000000005 16.850000000000001 13.500000000000002 9.9000000000000004 11.550000000000002 6.4500000000000002 4.6000000000000023 15.500000000000002 3.3000000000000012 1.0000000180025095e-35 16.500000000000004 8.5000000000000018 4.5000000000000009 3.5000000000000004 7.5000000000000009 1.0000000180025095e-35 15.500000000000002 2.5000000000000004 1.0000000180025095e-35 1.0000000180025095e-35 1.0000000180025095e-35 1.0000000180025095e-35 1.5000000000000002 1.6000000000000003 19.500000000000004 1.0000000180025095e-35
decision_type=2 2 2 2 2 2 2 2 2 2 2 2 2 2 2 2 2 2 2 2 2 2 2 2 2 2 2 2 2 2
left_child=1 2 4 -4 5 6 7 9 -9 10 12 -12 13 16 15 -15 17 21 19 -18 27 22 24 -24 25 -1 -25 -20 29 -22
right_child=-2 -3 3 -5 -6 -7 -8 8 -10 -11 11 -13 -14 14 -16 -17 18 -19 20 -21 28 -23 23 26 -26 -27 -28 -29 -30 -31
leaf_value=-0.073256268635742403 0.52307772553525067 -0.0024297835258709627 -0.030450429259855916 0.040126325756451003 -0.0089918588224994333 0.010740694539148971 -0.0060049177906372356 0.0023474562167539749 0.00011101067687868464 -0.00069932370567136201 0.0022191857549344234 -2.3033643630616009e-05 -0.01728607802175193 0.0013403926135547482 0.0045284344250315321 -0.0007095543341921073 -0.083767143349106621 0.041030965868977864 0.12463620723877709 0.0006738162004846143 -0.054469071218468196 -0.097870551446242626 0.073315497454226178 -0.041033047449417714 -0.13988501985588986 0.021518027141707387 -0.07647627098314623 0.0017447123582703243 0.0063475017633862251 0.018129733121429206
leaf_weight=20 4.9999999999999991 14.999999999999998 4.9999999999999982 7 8.9999999999999982 8.9999999999999982 14.999999999999998 5.9999999999999991 8.9999999999999982 18 4.9999999999999982 6 12.999999999999998 7.0000000000000018 7.9999999999999991 7 332 36 11.999999999999998 75 527 33 20 7.9999999999999982 8.9999999999999982 8.0000000000000018 7 846 332 161
leaf_count=20 5 15 5 7 9 9 15 6 9 18 5 6 13 7 8 7 332 36 12 75 527 33 20 8 9 8 7 846 332 161
internal_value=-1.94564e-05 -6.82273e-05 -3.92169e-05 0.0116667 -9.45638e-05 -7.71068e-05 -9.92075e-05 -6.98615e-05 0.005 -0.000100403 -6.47261e-05 0.00863636 -0.000103618 -7.76156e-05 0.00636364 0.00214286 -0.000136028 0.000673758 -0.000185997 -0.000823097 -4.79245e-05 -0.000238096 0.000555554 0.00214286 -0.000945947 0.000357142 -0.00166667 0.000303029 -0.000343138 -0.000566862
internal_weight=2570 2565 2550 12 2538 2529 2520 2505 15 2490 2472 11 2461 2448 22 14 2426 141 2285 407 1878 105 72 35 37 28 15 858 1020 688
internal_count=2570 2565 2550 12 2538 2529 2520 2505 15 2490 2472 11 2461 2448 22 14 2426 141 2285 407 1878 105 72 35 37 28 15 858 1020 688
is_linear=0
shrinkage=0.05


Tree=58
num_leaves=31
num_cat=0
split_feature=2 2 2 7 2 2 2 3 3 3 3 5 2 2 2 2 3 3 3 3 3 5 8 5 3 3 3 9 3 8
split_gain=1.25244 0.147956 0.658631 0.152381 0.0876359 0.0803779 0.28571 0.313325 0.577711 0.274351 0.285714 0.152381 0.0966184 0.148148 0.118519 0.4 0.0372933 0.136778 0.060276 0.0577201 0.0686401 0.152381 0.0781853 0.228571 0.0761905 0.0400654 0.0599266 0.0447023 0.0423187 0.0602251
threshold=78.950000000000017 45.450000000000003 29.200000000000003 1.0000000180025095e-35 21.850000000000005 1.0000000180025095e-35 3.3000000000000012 9.5000000000000018 11.500000000000002 16.500000000000004 8.5000000000000018 1.0000000180025095e-35 13.950000000000001 9.9000000000000004 6.4500000000000002 5.150000000000003 4.5000000000000009 3.5000000000000004 5.5000000000000009 2.5000000000000004 1.0000000180025095e-35 1.0000000180025095e-35 1.0000000180025095e-35 1.0000000180025095e-35 1.5000000000000002 15.500000000000002 7.5000000000000009 1.6000000000000003 19.500000000000004 1.0000000180025095e-35
decision_type=2 2 2 2 2 2 2 2 2 2 2 2 2 2 2 2 2 2 2 2 2 2 2 2 2 2 2 2 2 2
left_child=1 2 4 -4 5 16 9 -8 11 10 -7 -9 13 14 15 -10 17 19 -18 20 22 -22 23 -1 -23 26 -20 -28 29 -27
right_child=-2 -3 3 -5 -6 6 7 8 12 -11 -12 -13 -14 -15 -16 -17 18 -19 25 -21 21 24 -24 -25 -26 28 27 -29 -30 -31
leaf_value=-0.069593455203955309 0.49692383925848849 -0.0023082943495774974 -0.028927907796863019 0.038120009468628459 -0.0085422658813745552 0.0012733729828769856 -0.0044151700393722472 -0.004748453147123655 -0.059421562911836423 0.0043020127037799883 -0.00067407661748244301 0.02331467851286095 -0.0021854408681243036 0.00098242968785348874 -0.0012404039720313642 0.0013608322365697865 -0.10797981756657782 0.038979417575529023 -0.028965515094405238 -0.092977023873930531 0.069649722581514958 -0.038981395076946847 -0.13289076886309542 0.020442125784622081 -0.07265245743398889 -0.051745617657544853 0.11840439687683829 0.0016574767403567962 0.0060301266752169121 0.017223246465357691
leaf_weight=20 4.9999999999999991 14.999999999999998 4.9999999999999982 7 8.9999999999999982 7.0000000000000018 23 4.9999999999999982 9.0000000000000018 7.9999999999999991 7 7 9.9999999999999982 8.9999999999999982 11.999999999999998 5.9999999999999991 85 36 322 33 20 7.9999999999999982 8.9999999999999982 8.0000000000000018 7 527 11.999999999999998 846 332 161
leaf_count=20 5 15 5 7 9 7 23 5 9 8 7 7 10 9 12 6 85 36 322 33 20 8 9 8 7 527 12 846 332 161
internal_value=-1.19209e-09 -4.87341e-05 -1.9609e-05 0.0116667 -7.48633e-05 -5.73361e-05 0.00131068 -6.17296e-05 0.00189655 0.00636364 0.00214286 0.0116667 -0.000652175 0.000555554 -0.0012963 0.00166667 -0.000115418 0.000673758 -0.000164115 -0.000238096 0.000555554 0.00214286 -0.000945947 0.000357142 -0.00166667 -0.000113638 8.47446e-05 0.000303029 -0.000343138 -0.000566862
internal_weight=2570 2565 2550 12 2538 2529 103 81 58 22 14 12 46 36 27 15 2426 141 2285 105 72 35 37 28 15 2200 1180 858 1020 688
internal_count=2570 2565 2550 12 2538 2529 103 81 58 22 14 12 46 36 27 15 2426 141 2285 105 72 35 37 28 15 2200 1180 858 1020 688
is_linear=0
shrinkage=0.05


Tree=59
num_leaves=31
num_cat=0
split_feature=2 2 2 7 2 2 2 2 2 2 3 3 3 2 3 3 2 5 3 3 3 3 3 3 9 3 8 5 3 5
split_gain=0.454393 0.145635 0.663058 0.152381 0.151939 0.15515 0.177778 0.174102 0.134002 0.237813 0.274351 0.285714 0.19697 0.436364 0.0715482 0.189605 0.0530303 0.116667 0.0450183 0.0617282 0.062312 0.0483936 0.0528229 0.0645446 0.051018 0.0423187 0.0602251 0.155874 0.10973 0.105926
threshold=78.950000000000017 45.450000000000003 29.200000000000003 1.0000000180025095e-35 13.500000000000002 9.9000000000000004 11.550000000000002 6.4500000000000002 1.0000000180025095e-35 3.3000000000000012 16.500000000000004 8.5000000000000018 14.500000000000002 4.6000000000000023 1.0000000180025095e-35 2.5000000000000004 18.650000000000002 1.0000000180025095e-35 3.5000000000000004 4.5000000000000009 5.5000000000000009 15.500000000000002 13.500000000000002 12.500000000000002 1.6000000000000003 19.500000000000004 1.0000000180025095e-35 1.0000000180025095e-35 17.500000000000004 1.0000000180025095e-35
decision_type=2 2 2 2 2 2 2 2 2 2 2 2 2 2 2 2 2 2 2 2 2 2 2 2 2 2 2 2 2 2
left_child=1 2 4 -4 5 7 -7 8 14 10 11 -10 13 -11 -1 -16 -6 -18 -17 -20 -21 22 23 24 -22 26 27 -23 -29 -28
right_child=-2 -3 3 -5 16 6 -8 -9 9 12 -12 -13 -14 -15 15 18 17 -19 19 20 21 25 -24 -25 -26 -27 29 28 -30 -31
leaf_value=-0.056593242569360103 0.47207764729556417 -0.0021928796320987405 -0.027481512407019515 0.03621400899519707 -0.0020023427692999101 0.0016226558340090445 5.6338658641983538e-05 -0.00055471589511432923 0.0012097043337330792 -0.010380046741892565 0.0040869120685910103 -0.000640372786608333 -0.00035372480456314064 0.0021623705921645013 0.044204774154790863 -0.088328172680233949 -0.0067343241822813513 0.026073521540774133 0.03703044669675256 -0.10258082668824892 0.11248417703299643 -0.091512670758859119 0.014296682113146435 -0.013014167882802734 0.00026356657360902363 0.0057286203414560642 0.053929145167781939 -0.040318655557370957 0.048032856264676127 -0.098618619283678835
leaf_weight=37 4.9999999999999991 14.999999999999998 4.9999999999999982 7 21 5.9999999999999991 8.9999999999999982 18 7.0000000000000018 6.0000000000000018 7.9999999999999991 7 12.999999999999998 5 35 33 6.9999999999999982 5 36 85 11.999999999999998 426 159 59 950 332 66 64 37 95
leaf_count=37 5 15 5 7 21 6 9 18 7 6 8 7 13 5 35 33 7 5 36 85 12 426 159 59 950 332 66 64 37 95
internal_value=-5.8367e-05 -8.77205e-05 -5.88247e-05 0.0116667 -0.000114264 -6.98615e-05 0.005 -0.000100403 -6.47261e-05 0.00260869 0.00636364 0.00214286 -0.000833335 0.00409091 -0.000115418 -8.16253e-05 -0.00348485 -0.000833335 -0.00013594 -0.000109868 -0.000142233 -9.09103e-05 0.000127117 -4.89835e-06 9.35539e-05 -0.000343138 -0.000566862 -0.000825428 0.000940593 0.000279502
internal_weight=2570 2565 2550 12 2538 2505 15 2490 2472 46 22 14 24 11 2426 2389 33 12 2354 2321 2285 2200 1180 1021 962 1020 688 527 101 161
internal_count=2570 2565 2550 12 2538 2505 15 2490 2472 46 22 14 24 11 2426 2389 33 12 2354 2321 2285 2200 1180 1021 962 1020 688 527 101 161
is_linear=0
shrinkage=0.05


Tree=60
num_leaves=31
num_cat=0
split_feature=2 2 2 2 2 2 3 3 2 2 3 7 7 2 2 5 5 3 9 3 8 3 3 9 8 3 3 3 3 3
split_gain=0.452048 0.147956 0.658631 0.155512 0.224813 0.786804 0.182719 0.2 0.2 0.316129 0.221966 0.166667 0.152381 0.117216 0.0530303 0.116667 0.0369734 0.107019 0.127326 0.204178 0.119617 0.106211 0.0860357 0.395319 0.0806282 0.147628 0.0923734 0.213169 0.145558 0.102035
threshold=78.950000000000017 45.450000000000003 29.200000000000003 13.500000000000002 1.0000000180025095e-35 0.55000000000000082 19.500000000000004 16.500000000000004 10.700000000000001 8.5000000000000018 7.5000000000000009 1.0000000180025095e-35 1.0000000180025095e-35 5.150000000000003 18.650000000000002 1.0000000180025095e-35 1.0000000180025095e-35 18.500000000000004 1.6000000000000003 17.500000000000004 1.0000000180025095e-35 22.500000000000004 20.500000000000004 1.6000000000000003 1.0000000180025095e-35 21.500000000000004 17.500000000000004 11.500000000000002 10.500000000000002 18.500000000000004
decision_type=2 2 2 2 2 2 2 2 2 2 2 2 2 2 2 2 2 2 2 2 2 2 2 2 2 2 2 2 2 2
left_child=1 2 3 4 16 -6 7 8 9 10 -7 -12 -4 -8 -5 -16 24 18 -18 -20 -21 22 23 -19 -1 26 27 28 -26 -28
right_child=-2 -3 12 14 5 6 13 -9 -10 -11 11 -13 -14 -15 15 -17 17 21 19 20 -22 -23 -24 -25 25 -27 29 -29 -30 -31
leaf_value=-0.014377352538318629 0.448473764930786 -0.0020832356504934951 -0.026107436786668436 -0.0019022256308348154 0.0024612433811487034 0.0011492191170464781 -0.0060275356381735258 -0.0056797780325220353 -0.0030986494352719688 0.001695453546714293 0.0011603272545087462 -0.0057738794477418202 0.034403308545437182 0.00062897335463612983 -0.0063976079731672218 0.024769845463735458 -0.26825786118752915 0.070150077565371657 0.00078591236049501139 0.05063123848539313 -0.0014729642936710974 0.1092525875763663 -0.11523483524305025 -0.0848785027183587 0.028470324444366448 -0.10400831573144105 0.091078136111680766 -0.063372244656854204 0.04080719468946814 0.016816871981790528
leaf_weight=1623 4.9999999999999991 14.999999999999998 4.9999999999999982 21 5.9999999999999991 7.0000000000000027 6.9999999999999982 14.999999999999998 8.9999999999999982 4.9999999999999991 12 12 7 6 6.9999999999999982 5 9.9999999999999982 5.9999999999999991 409 15.999999999999998 22 11.999999999999998 36 62 60 10.999999999999998 12.999999999999998 93 6.9999999999999991 46
leaf_count=1623 5 15 5 21 6 7 7 15 9 5 12 12 7 6 7 5 10 6 409 16 22 12 36 62 60 11 13 93 7 46
internal_value=-1.94564e-05 -4.87341e-05 -1.9609e-05 -7.48633e-05 -2.99413e-05 0.00259494 0.00116438 -1.19209e-09 0.00166667 0.00333333 0.00145161 -0.000833335 0.0116667 0.00653846 -0.00348485 -0.000833335 -0.000115418 0.000235601 0.000579868 0.000704697 0.00421053 -0.00112069 -0.00163462 -0.000588236 -0.000223962 0.000652173 0.000936072 0.000312499 0.00246269 0.00262712
internal_weight=2570 2565 2550 2538 2505 79 73 60 45 36 31 24 12 13 33 12 2426 573 457 447 38 116 104 68 1853 230 219 160 67 59
internal_count=2570 2565 2550 2538 2505 79 73 60 45 36 31 24 12 13 33 12 2426 573 457 447 38 116 104 68 1853 230 219 160 67 59
is_linear=0
shrinkage=0.05


Tree=61
num_leaves=31
num_cat=0
split_feature=2 2 2 2 7 2 2 2 2 2 3 3 3 2 2 5 5 8 3 3 3 3 3 9 3 8 8 3 3 3
split_gain=0.450877 0.149123 0.656422 0.157314 0.152381 0.151507 0.17841 0.177778 0.127988 0.237813 0.274351 0.285714 0.19697 0.436364 0.0530303 0.116667 0.0425246 0.113513 0.159202 0.101227 0.173611 0.14 0.0972412 0.127326 0.204178 0.119617 0.0907687 0.0691142 0.23141 0.148352
threshold=78.950000000000017 45.450000000000003 29.200000000000003 13.500000000000002 1.0000000180025095e-35 9.9000000000000004 6.4500000000000002 11.550000000000002 1.0000000180025095e-35 3.3000000000000012 16.500000000000004 8.5000000000000018 14.500000000000002 4.6000000000000023 18.650000000000002 1.0000000180025095e-35 1.0000000180025095e-35 1.0000000180025095e-35 21.500000000000004 20.500000000000004 22.500000000000004 19.500000000000004 18.500000000000004 1.6000000000000003 17.500000000000004 1.0000000180025095e-35 1.0000000180025095e-35 17.500000000000004 14.500000000000002 15.500000000000002
decision_type=2 2 2 2 2 2 2 2 2 2 2 2 2 2 2 2 2 2 2 2 2 2 2 2 2 2 2 2 2 2
left_child=1 2 3 5 -4 6 8 -7 16 10 11 -10 13 -11 -5 -16 17 -1 27 21 -21 22 23 -18 -25 -26 -24 28 -19 -30
right_child=-2 -3 4 14 -6 7 -8 -9 9 12 -12 -13 -14 -15 15 -17 19 18 -20 20 -22 -23 26 24 25 -27 -28 -29 29 -31
leaf_value=-0.013658484911402719 0.42605007668424694 -0.0019790738679690808 -0.024802064947334737 -0.0018071143492930113 0.032683143118165399 0.001456750364972613 -0.00057442594935886576 0.00017117800512367559 0.0010917581611941717 -0.0097454279377953146 0.0038868359105579744 -0.00069238882323126316 -0.00037280077866670339 0.0019962356998306434 -0.0060777275745087095 0.023531353190548596 -0.25484496812815272 0.025018852537619731 -0.098807899944868979 -0.10947309348089772 0.10378995819754791 0.056739376103316398 -0.035295088136537325 0.00074661674247025191 0.048099676561123419 -0.0013993160789874894 -0.15023578997173442 0.038444786330756681 -0.24653782033666563 -0.018945783758806178
leaf_weight=1623 4.9999999999999991 14.999999999999998 4.9999999999999982 21 7 5.9999999999999991 18 8.9999999999999982 7.0000000000000018 6.0000000000000018 7.9999999999999991 7 12.999999999999998 5 6.9999999999999982 5 9.9999999999999982 108 10.999999999999998 36 11.999999999999998 21 15.999999999999998 409 15.999999999999998 22 31 59 24 28
leaf_count=1623 5 15 5 21 7 6 18 9 7 6 8 7 13 5 7 5 10 108 11 36 12 21 16 409 16 22 31 59 24 28
internal_value=-1.19209e-09 -2.9241e-05 -1.19209e-09 -5.51627e-05 0.0116667 -9.98123e-06 -4.01618e-05 0.005 -4.0465e-06 0.00260869 0.00636364 0.00214286 -0.000833335 0.00409091 -0.00348485 -0.000833335 -5.35873e-05 -0.000169996 0.000869564 0.000322861 -0.001875 0.000523808 0.000357142 0.000579868 0.000704697 0.00421053 -0.00180851 0.00116438 0.000624999 -0.00211539
internal_weight=2570 2565 2550 2538 12 2505 2490 15 2472 46 22 14 24 11 33 12 2426 1853 230 573 48 525 504 457 447 38 47 219 160 52
internal_count=2570 2565 2550 2538 12 2505 2490 15 2472 46 22 14 24 11 33 12 2426 1853 230 573 48 525 504 457 447 38 47 219 160 52
is_linear=0
shrinkage=0.05


Tree=62
num_leaves=31
num_cat=0
split_feature=2 2 2 7 2 2 2 2 2 2 2 2 3 3 3 2 3 3 3 8 5 3 5 3 9 3 3 3 3 9
split_gain=0.452048 0.147956 0.658631 0.152381 0.0876359 0.137468 0.146146 0.153931 0.177778 0.175532 0.131982 0.237813 0.274351 0.285714 0.19697 0.436364 0.0434138 0.10838 0.0423187 0.0602251 0.155874 0.10973 0.105926 0.124199 0.0476695 0.0610949 0.0415243 0.104939 0.101031 0.0401582
threshold=78.950000000000017 45.450000000000003 29.200000000000003 1.0000000180025095e-35 21.850000000000005 16.850000000000001 13.500000000000002 9.9000000000000004 11.550000000000002 6.4500000000000002 1.0000000180025095e-35 3.3000000000000012 16.500000000000004 8.5000000000000018 14.500000000000002 4.6000000000000023 15.500000000000002 10.500000000000002 19.500000000000004 1.0000000180025095e-35 1.0000000180025095e-35 17.500000000000004 1.0000000180025095e-35 18.500000000000004 1.6000000000000003 16.500000000000004 17.500000000000004 18.500000000000004 16.500000000000004 1.6000000000000003
decision_type=2 2 2 2 2 2 2 2 2 2 2 2 2 2 2 2 2 2 2 2 2 2 2 2 2 2 2 2 2 2
left_child=1 2 4 -4 5 6 7 9 -9 10 16 12 13 -12 15 -13 17 -1 19 20 29 24 26 -24 -22 -26 28 -28 -21 -18
right_child=-2 -3 3 -5 -6 -7 -8 8 -10 -11 11 14 -14 -15 -16 -17 18 -19 -20 22 21 -23 23 -25 25 -27 27 -29 -30 -31
leaf_value=-0.0069766866871042114 0.40474757285003449 -0.001880120174570496 -0.023561961699967861 0.031048985962257244 -0.0071546696008078729 0.0096318409648801177 -0.0052652210995899592 0.0013839128467239656 0.0001626191048674142 -0.00054570465189088398 0.0010371702531344273 -0.0092581565409056051 0.0036924941150301553 -0.00065776938206965358 -0.00035416073973353252 0.0018964239148392551 -0.24084072660750566 0.0076861437598600328 0.00688117494530635 0.067503079143376082 -0.27310404515443792 0.040694667699116498 -0.00025985045880105309 -0.14272400047314768 -0.27832962970076186 0.12912071811866835 0.084601989989558923 -0.14309739624128623 -0.093641953549965795 -0.079469064158894376
leaf_weight=980 4.9999999999999991 14.999999999999998 4.9999999999999982 7 8.9999999999999982 8.9999999999999982 14.999999999999998 5.9999999999999991 8.9999999999999982 18 7.0000000000000018 6.0000000000000018 7.9999999999999991 7 12.999999999999998 5 6.9999999999999991 426 332 11.000000000000002 4.9999999999999991 37 64 31 29 30 12.999999999999998 25 17 419
leaf_count=980 5 15 5 7 9 9 15 6 9 18 7 6 8 7 13 5 7 426 332 11 5 37 64 31 29 30 13 25 17 419
internal_value=-1.94564e-05 -4.87341e-05 -1.9609e-05 0.0116667 -7.48633e-05 -5.73361e-05 -7.93663e-05 -4.99014e-05 0.005 -8.03225e-05 -4.44996e-05 0.00260869 0.00636364 0.00214286 -0.000833335 0.00409091 -9.48075e-05 8.53473e-05 -0.000343138 -0.000566862 -0.000825428 0.000940593 0.000279502 -0.000789475 -0.000312501 8.47446e-05 0.00181818 0.00289474 0.000357142 -0.00124413
internal_weight=2570 2565 2550 12 2538 2529 2520 2505 15 2490 2472 46 22 14 24 11 2426 1406 1020 688 527 101 161 95 64 59 66 38 28 426
internal_count=2570 2565 2550 12 2538 2529 2520 2505 15 2490 2472 46 22 14 24 11 2426 1406 1020 688 527 101 161 95 64 59 66 38 28 426
is_linear=0
shrinkage=0.05


Tree=63
num_leaves=31
num_cat=0
split_feature=2 2 7 2 2 2 2 2 2 3 2 2 3 3 2 5 3 3 3 8 5 3 5 3 9 3 3 3 3 5
split_gain=0.109741 0.602083 0.152381 0.150168 0.156374 0.177778 0.172678 0.336166 0.15 0.148485 0.124292 0.370761 0.274351 0.285714 0.0530303 0.116667 0.0390502 0.0734451 0.0517408 0.0710118 0.105926 0.124199 0.0932368 0.0649112 0.0447023 0.0435289 0.0510807 0.0577201 0.0686401 0.152381
threshold=29.200000000000003 45.450000000000003 1.0000000180025095e-35 13.500000000000002 9.9000000000000004 11.550000000000002 6.4500000000000002 4.6000000000000023 78.950000000000017 15.500000000000002 3.3000000000000012 1.0000000180025095e-35 16.500000000000004 8.5000000000000018 18.650000000000002 1.0000000180025095e-35 15.500000000000002 7.5000000000000009 19.500000000000004 1.0000000180025095e-35 1.0000000180025095e-35 18.500000000000004 1.0000000180025095e-35 16.500000000000004 1.6000000000000003 4.5000000000000009 3.5000000000000004 2.5000000000000004 1.0000000180025095e-35 1.0000000180025095e-35
decision_type=2 2 2 2 2 2 2 2 2 2 2 2 2 2 2 2 2 2 2 2 2 2 2 2 2 2 2 2 2 2
left_child=3 2 -2 4 6 -6 7 10 -3 -9 11 16 13 -13 -5 -16 17 25 19 22 -21 -22 -18 -24 -19 26 27 28 -1 -30
right_child=1 8 -4 14 5 -7 -8 9 -10 -11 -12 12 -14 -15 15 -17 18 24 -20 20 21 -23 23 -25 -26 -27 -28 -29 29 -31
leaf_value=-0.052900006499568109 -0.022383863614969437 -0.0017861141658416986 0.029496536664144354 -0.0015355268281615105 0.0013147172043876264 0.00015448814962391259 -0.00051841941929631902 0.0018016027190974539 0.3845101942075328 -6.7337924861693885e-05 -0.014720063928834399 0.00098531174047770563 0.0035078694092787093 -0.00062488091296617767 -0.0054161077157429483 0.022208923774135272 -0.081561792140485423 0.10795076721034856 0.0065371161980410418 0.046249921090757221 -0.00024685793586105013 -0.13558780044949029 -0.26441314821572387 0.063659892590909276 0.0025728118329201143 -0.050449191985183064 0.03619034263862729 -0.082161137839380949 0.063228224359224511 -0.022393477439599019
leaf_weight=37 4.9999999999999982 15.000000000000002 7 21 5.9999999999999991 8.9999999999999982 18 4.9999999999999982 4.9999999999999991 6 12.999999999999998 7.0000000000000018 7.9999999999999991 7 6.9999999999999982 5 426 11.999999999999998 332 66 64 31 29 72 846 407 36 33 20 14.999999999999998
leaf_count=37 5 15 7 21 6 9 18 5 5 6 13 7 8 7 7 5 426 12 332 66 64 31 29 72 846 407 36 33 20 15
internal_value=-9.72775e-05 0.0028125 0.0116667 -0.000133965 -8.98216e-05 0.005 -0.000120483 -8.49526e-05 -0.0025 0.00863636 -0.000123935 -9.80404e-05 0.00636364 0.00214286 -0.00348485 -0.000833335 -0.000156638 1.42236e-05 -0.000392158 -0.000639536 0.000279502 -0.000789475 -0.000920305 0.000445543 0.000303029 -0.000437957 0.000319148 -0.000238096 0.000555554 0.00214286
internal_weight=2570 32 12 2538 2505 15 2490 2472 20 11 2461 2448 22 14 33 12 2426 1406 1020 688 161 95 527 101 858 548 141 105 72 35
internal_count=2570 32 12 2538 2505 15 2490 2472 20 11 2461 2448 22 14 33 12 2426 1406 1020 688 161 95 527 101 858 548 141 105 72 35
is_linear=0
shrinkage=0.05


Tree=64
num_leaves=31
num_cat=0
split_feature=2 2 2 7 2 2 2 2 2 3 2 2 3 3 2 5 3 3 8 5 3 3 3 3 3 3 9 3 8 3
split_gain=0.10395 0.602083 0.157314 0.152381 0.151507 0.17841 0.329958 0.177778 0.15 0.148485 0.128469 0.361444 0.274351 0.285714 0.0530303 0.116667 0.0520453 0.146815 0.0781853 0.228571 0.0460673 0.0604404 0.0643818 0.0388303 0.0528229 0.0645446 0.051018 0.0429117 0.176975 0.119048
threshold=29.200000000000003 45.450000000000003 13.500000000000002 1.0000000180025095e-35 9.9000000000000004 6.4500000000000002 4.6000000000000023 11.550000000000002 78.950000000000017 15.500000000000002 3.3000000000000012 1.0000000180025095e-35 16.500000000000004 8.5000000000000018 18.650000000000002 1.0000000180025095e-35 2.5000000000000004 1.0000000180025095e-35 1.0000000180025095e-35 1.0000000180025095e-35 3.5000000000000004 4.5000000000000009 5.5000000000000009 15.500000000000002 13.500000000000002 12.500000000000002 1.6000000000000003 18.500000000000004 1.0000000180025095e-35 17.500000000000004
decision_type=2 2 2 2 2 2 2 2 2 2 2 2 2 2 2 2 2 2 2 2 2 2 2 2 2 2 2 2 2 2
left_child=2 3 4 -2 5 6 10 -6 -3 -8 11 16 13 -13 -4 -16 17 18 19 -1 -18 -22 -23 24 25 26 -24 28 -25 -30
right_child=1 8 14 -5 7 -7 9 -9 -10 -11 -12 12 -14 -15 15 -17 20 -19 -20 -21 21 22 23 27 -26 -27 -28 -29 29 -31
leaf_value=-0.0588884937834699 -0.021264670434220614 -0.0016968084575497673 -0.0014587504867533193 0.028021709830937103 0.0012489813441682639 -0.00049249844833164217 0.0017115225831425475 0.00014676374214262161 0.36528468449715601 -6.3971028618642803e-05 -0.013984060732392684 0.00093604615345376668 0.0033324759388147825 -0.00059363686731788443 -0.0051453023299556505 0.021098477585428412 -0.078053080947411868 0.040912002280514233 -0.12049936008728733 0.025166889828044072 0.034380825506695974 -0.093178699547736082 0.10255322884983119 -0.081012742434601936 0.013287951869006769 -0.011371440562490474 0.00039395553248946884 -0.00021715162363983959 -0.041419180175465954 0.051041393119953295
leaf_weight=20 4.9999999999999982 15.000000000000002 21 7 5.9999999999999991 18 4.9999999999999982 8.9999999999999982 4.9999999999999991 6 12.999999999999998 7.0000000000000018 7.9999999999999991 7 6.9999999999999982 5 33 35 8.9999999999999982 8.0000000000000018 36 85 11.999999999999998 387 159 59 950 528 70 35
leaf_count=20 5 15 21 7 6 18 5 9 5 6 13 7 8 7 7 5 33 35 9 8 36 85 12 387 159 59 950 528 70 35
internal_value=-1.94564e-05 0.0028125 -5.51627e-05 0.0116667 -9.98123e-06 -4.01618e-05 -4.0465e-06 0.005 -0.0025 0.00863636 -4.26668e-05 -1.63411e-05 0.00636364 0.00214286 -0.00348485 -0.000833335 -7.41974e-05 0.00125 -0.000945947 0.000357142 -0.0001147 -8.83252e-05 -0.000120351 -6.8183e-05 0.000127117 -4.89835e-06 9.35539e-05 -0.000294119 -0.000630082 0.00119047
internal_weight=2570 32 2538 12 2505 2490 2472 15 20 11 2461 2448 22 14 33 12 2426 72 37 28 2354 2321 2285 2200 1180 1021 962 1020 492 105
internal_count=2570 32 2538 12 2505 2490 2472 15 20 11 2461 2448 22 14 33 12 2426 72 37 28 2354 2321 2285 2200 1180 1021 962 1020 492 105
is_linear=0
shrinkage=0.05


Tree=65
num_leaves=31
num_cat=0
split_feature=2 2 2 2 2 3 3 2 2 3 7 7 2 2 2 5 3 8 5 3 3 8 3 3 9 5 3 3 3 9
split_gain=0.102527 0.602083 0.159126 0.218027 0.786804 0.182719 0.2 0.2 0.316129 0.221966 0.166667 0.152381 0.15 0.117216 0.0530303 0.116667 0.0285263 0.0618132 0.0535714 0.0292603 0.0564715 0.0484421 0.180556 0.0708871 0.0447023 0.039113 0.117225 0.113428 0.117225 0.0378037
threshold=29.200000000000003 45.450000000000003 13.500000000000002 1.0000000180025095e-35 0.55000000000000082 19.500000000000004 16.500000000000004 10.700000000000001 8.5000000000000018 7.5000000000000009 1.0000000180025095e-35 1.0000000180025095e-35 78.950000000000017 5.150000000000003 18.650000000000002 1.0000000180025095e-35 22.500000000000004 1.0000000180025095e-35 1.0000000180025095e-35 15.500000000000002 7.5000000000000009 1.0000000180025095e-35 1.5000000000000002 2.5000000000000004 1.6000000000000003 1.0000000180025095e-35 1.0000000180025095e-35 1.0000000180025095e-35 1.5000000000000002 1.6000000000000003
decision_type=2 2 2 2 2 2 2 2 2 2 2 2 2 2 2 2 2 2 2 2 2 2 2 2 2 2 2 2 2 2
left_child=2 11 3 16 -5 6 7 8 9 -6 -11 -2 -3 -7 -4 -16 19 -18 -19 20 21 23 -23 25 -22 27 -27 -1 -29 -21
right_child=1 12 14 4 5 13 -8 -9 -10 10 -12 -13 -14 -15 15 -17 17 18 -20 29 24 22 -24 -25 -26 26 -28 28 -30 -31
leaf_value=-0.055944069094296368 -0.020201436912509585 -0.0016119680346721483 -0.0013858129624155732 0.0016171974434072479 0.00088924384578106016 -0.0064471426249484492 -0.0053722195854071205 -0.0029754694135965733 0.0013404627813656757 0.00078189408124575773 -0.0044239170991712791 0.026620624339390209 0.34702045027229822 0.00060310523255787329 -0.0048880372134577875 0.020043553706157125 0.019372629049356507 -0.089527566308868961 -0.26316643100147452 -0.12862582375359097 0.097425567407339597 -0.071273425230578405 0.024484798036016237 -0.042687863467267696 0.0024244734646495635 0.023908545336641929 -0.0012168996228936987 0.070021218749267075 -0.33247966378710303 -0.0040070467210564231
leaf_weight=20 4.9999999999999982 15.000000000000002 21 5.9999999999999991 7.0000000000000027 6.9999999999999982 14.999999999999998 8.9999999999999982 4.9999999999999991 12 12 7 4.9999999999999991 6 6.9999999999999982 5 26 5.9999999999999973 8 33 11.999999999999998 12.999999999999998 104 373 846 8.0000000000000018 10.999999999999998 8 11 947
leaf_count=20 5 15 21 6 7 7 15 9 5 12 12 7 5 6 7 5 26 6 8 33 12 13 104 373 846 8 11 8 11 947
internal_value=-1.19209e-09 0.0028125 -3.54622e-05 9.97885e-06 0.00259494 0.00116438 -1.19209e-09 0.00166667 0.00333333 0.00145161 -0.000833335 0.0116667 -0.0025 0.00653846 -0.00348485 -0.000833335 -7.41974e-05 0.00125 -0.00142857 -9.63968e-05 4.97854e-05 -0.000346717 0.000555554 -0.000591649 0.000303029 0.00103448 0.00289474 0.000128204 0.00289474 -0.000306124
internal_weight=2570 32 2538 2505 79 73 60 45 36 31 24 12 20 13 33 12 2426 40 14 2386 1406 548 117 431 858 58 19 39 19 980
internal_count=2570 32 2538 2505 79 73 60 45 36 31 24 12 20 13 33 12 2426 40 14 2386 1406 548 117 431 858 58 19 39 19 980
is_linear=0
shrinkage=0.05


Tree=66
num_leaves=31
num_cat=0
split_feature=2 2 2 2 3 2 7 2 2 2 3 3 3 2 2 5 3 8 5 3 3 8 3 3 9 5 3 3 3 9
split_gain=0.10395 0.602083 0.157314 0.420181 0.344048 0.176968 0.152381 0.15 0.129977 0.237813 0.274351 0.285714 0.19697 0.436364 0.0530303 0.116667 0.0285263 0.0618132 0.0535714 0.0292603 0.0564715 0.0484421 0.180556 0.0708871 0.0447023 0.039113 0.117225 0.113428 0.117225 0.0378037
threshold=29.200000000000003 45.450000000000003 13.500000000000002 9.9000000000000004 14.500000000000002 6.4500000000000002 1.0000000180025095e-35 78.950000000000017 1.0000000180025095e-35 3.3000000000000012 16.500000000000004 8.5000000000000018 14.500000000000002 4.6000000000000023 18.650000000000002 1.0000000180025095e-35 22.500000000000004 1.0000000180025095e-35 1.0000000180025095e-35 15.500000000000002 7.5000000000000009 1.0000000180025095e-35 1.5000000000000002 2.5000000000000004 1.6000000000000003 1.0000000180025095e-35 1.0000000180025095e-35 1.0000000180025095e-35 1.5000000000000002 1.6000000000000003
decision_type=2 2 2 2 2 2 2 2 2 2 2 2 2 2 2 2 2 2 2 2 2 2 2 2 2 2 2 2 2 2
left_child=2 6 3 5 -5 8 -2 -3 16 10 11 -10 13 -11 -4 -16 19 -18 -19 20 21 23 -23 25 -22 27 -27 -1 -29 -21
right_child=1 7 14 4 -6 -7 -8 -9 9 12 -12 -13 -14 -15 15 -17 17 18 -20 29 24 22 -24 -25 -26 26 -28 28 -30 -31
leaf_value=-0.053146865639581535 -0.019191365066883827 -0.0015313696329388366 -0.0013165223142946611 -0.0019111482625650247 0.00067325542283319163 -0.0005090891358320663 0.025289593122420875 0.32966942775868341 0.00084478165349195712 -0.0072716756811330458 0.0032059573034348889 -0.00061975578928297821 -0.00036183040774532941 0.0015868517499232496 -0.0046436353527850496 0.019041376020849154 0.018403997596888644 -0.085051187993425537 -0.2500081094514009 -0.12219453256591142 0.092554289036972673 -0.067709753969049533 0.023260558134215389 -0.040553470293904284 0.0023032497914170567 0.022713118069809825 -0.0011560546417490509 0.066520157811803676 -0.31585568059774777 -0.0038066943850035787
leaf_weight=20 4.9999999999999982 15.000000000000002 21 7.9999999999999982 7 18 7 4.9999999999999991 7.0000000000000018 6.0000000000000018 7.9999999999999991 7 12.999999999999998 5 6.9999999999999982 5 26 5.9999999999999973 8 33 11.999999999999998 12.999999999999998 104 373 846 8.0000000000000018 10.999999999999998 8 11 947
leaf_count=20 5 15 21 8 7 18 7 5 7 6 8 7 13 5 7 5 26 6 8 33 12 13 104 373 846 8 11 8 11 947
internal_value=-1.94564e-05 0.0028125 -5.51627e-05 -9.98123e-06 0.00833333 -6.02422e-05 0.0116667 -0.0025 -2.4273e-05 0.00260869 0.00636364 0.00214286 -0.000833335 0.00409091 -0.00348485 -0.000833335 -7.41974e-05 0.00125 -0.00142857 -9.63968e-05 4.97854e-05 -0.000346717 0.000555554 -0.000591649 0.000303029 0.00103448 0.00289474 0.000128204 0.00289474 -0.000306124
internal_weight=2570 32 2538 2505 15 2490 12 20 2472 46 22 14 24 11 33 12 2426 40 14 2386 1406 548 117 431 858 58 19 39 19 980
internal_count=2570 32 2538 2505 15 2490 12 20 2472 46 22 14 24 11 33 12 2426 40 14 2386 1406 548 117 431 858 58 19 39 19 980
is_linear=0
shrinkage=0.05


Tree=67
num_leaves=31
num_cat=0
split_feature=2 2 2 2 2 2 2 7 2 3 2 2 3 3 2 5 3 3 9 3 3 3 3 5 8 5 3 9 3 3
split_gain=0.105383 0.602083 0.155512 0.152716 0.177778 0.176968 0.331504 0.152381 0.15 0.148485 0.127419 0.363762 0.274351 0.285714 0.0530303 0.116667 0.0333429 0.0560037 0.0447023 0.0435289 0.0510807 0.0577201 0.0686401 0.152381 0.0781853 0.228571 0.0761905 0.0405726 0.0893142 0.233918
threshold=29.200000000000003 45.450000000000003 13.500000000000002 9.9000000000000004 11.550000000000002 6.4500000000000002 4.6000000000000023 1.0000000180025095e-35 78.950000000000017 15.500000000000002 3.3000000000000012 1.0000000180025095e-35 16.500000000000004 8.5000000000000018 18.650000000000002 1.0000000180025095e-35 7.5000000000000009 15.500000000000002 1.6000000000000003 4.5000000000000009 3.5000000000000004 2.5000000000000004 1.0000000180025095e-35 1.0000000180025095e-35 1.0000000180025095e-35 1.0000000180025095e-35 1.5000000000000002 1.6000000000000003 18.500000000000004 20.500000000000004
decision_type=2 2 2 2 2 2 2 2 2 2 2 2 2 2 2 2 2 2 2 2 2 2 2 2 2 2 2 2 2 2
left_child=2 7 3 5 -5 6 10 -2 -3 -8 11 16 13 -13 -4 -16 19 18 -18 20 21 22 24 -24 25 -1 -25 28 -19 -30
right_child=1 8 14 4 -6 -7 9 -9 -10 -11 -12 12 -14 -15 15 -17 17 27 -20 -21 -22 -23 23 26 -26 -27 -28 -29 29 -31
leaf_value=-0.05048952235760247 -0.018231796813539425 -0.0014548011512916931 -0.0012506961985797767 0.001150456443480671 0.0002187505422401384 -0.00048363467904045926 0.0015075091624272487 0.024025113466299722 0.31318595637074903 -7.2836218428268723e-05 -0.012912604418550794 0.00080254257081740154 0.0030456594382630899 -0.00058876799981877966 -0.0044114535851457878 0.018089307219806585 0.087926574585124082 -0.20801392758701709 0.002188087301846193 -0.043784363474489774 0.03354918913632534 -0.069988360211982584 0.054000739224347685 -0.034996275667756808 -0.10752523312294163 0.021577462166319353 -0.07176514391963576 -0.0012799440274181631 0.069755641911577279 -0.098118491556686574
leaf_weight=20 4.9999999999999982 15.000000000000002 21 5.9999999999999991 8.9999999999999982 18 4.9999999999999982 7 4.9999999999999991 6 12.999999999999998 7.0000000000000018 7.9999999999999991 7 6.9999999999999982 5 11.999999999999998 13.999999999999998 846 407 36 33 20 7.9999999999999982 8.9999999999999982 8.0000000000000018 7 987 9 10
leaf_count=20 5 15 21 6 9 18 5 7 5 6 13 7 8 7 7 5 12 14 846 407 36 33 20 8 9 8 7 987 9 10
internal_value=-3.89117e-05 0.0028125 -7.48633e-05 -2.99413e-05 0.005 -6.02422e-05 -2.4273e-05 0.0116667 -0.0025 0.00863636 -6.29837e-05 -3.67659e-05 0.00636364 0.00214286 -0.00348485 -0.000833335 -9.48075e-05 5.32362e-06 0.000303029 -0.000437957 0.000319148 -0.000238096 0.000555554 0.00214286 -0.000945947 0.000357142 -0.00166667 -0.000245099 -0.0019697 0.000263157
internal_weight=2570 32 2538 2505 15 2490 2472 12 20 11 2461 2448 22 14 33 12 2426 1878 858 548 141 105 72 35 37 28 15 1020 33 19
internal_count=2570 32 2538 2505 15 2490 2472 12 20 11 2461 2448 22 14 33 12 2426 1878 858 548 141 105 72 35 37 28 15 1020 33 19
is_linear=0
shrinkage=0.05


Tree=68
num_leaves=31
num_cat=0
split_feature=2 2 2 7 2 2 2 2 2 3 2 2 3 3 2 5 3 3 8 5 3 3 3 5 8 3 5 3 8 5
split_gain=0.10395 0.602083 0.157314 0.152381 0.151507 0.17841 0.329958 0.177778 0.15 0.148485 0.128469 0.361444 0.274351 0.285714 0.0530303 0.116667 0.0520453 0.146815 0.0781853 0.228571 0.0460673 0.0604404 0.0643818 0.0380952 0.0334598 0.0333333 0.032634 0.0283165 0.0618132 0.0535714
threshold=29.200000000000003 45.450000000000003 13.500000000000002 1.0000000180025095e-35 9.9000000000000004 6.4500000000000002 4.6000000000000023 11.550000000000002 78.950000000000017 15.500000000000002 3.3000000000000012 1.0000000180025095e-35 16.500000000000004 8.5000000000000018 18.650000000000002 1.0000000180025095e-35 2.5000000000000004 1.0000000180025095e-35 1.0000000180025095e-35 1.0000000180025095e-35 3.5000000000000004 4.5000000000000009 5.5000000000000009 1.0000000180025095e-35 1.0000000180025095e-35 1.5000000000000002 1.0000000180025095e-35 22.500000000000004 1.0000000180025095e-35 1.0000000180025095e-35
decision_type=2 2 2 2 2 2 2 2 2 2 2 2 2 2 2 2 2 2 2 2 2 2 2 2 2 2 2 2 2 2
left_child=2 3 4 -2 5 6 10 -6 -3 -8 11 16 13 -13 -4 -16 17 18 19 -1 26 -22 24 25 -23 -19 -18 -24 -29 -30
right_child=1 8 14 -5 7 -7 9 -9 -10 -11 -12 12 -14 -15 15 -17 20 23 -20 -21 21 22 27 -25 -26 -27 -28 28 29 -31
leaf_value=-0.047965046239722309 -0.017320206972862528 -0.0013820610937268357 -0.0011881613886506723 0.022823857792984806 0.0010929336213065213 -0.00045945294508832596 0.0014321337043057638 0.00020781301512821788 0.29752665855221178 -6.9194407506817843e-05 -0.012266974197623164 0.00076241544227655599 0.0028933764663498806 -0.00055932959982783542 -0.0041908809058883298 0.017184841858816424 -0.047988960201965906 0.06049411295999612 -0.10214897146679452 0.02049858905800335 0.031871729679508999 -0.079668461231126309 -0.00076696287432902795 -0.018718735406395921 -0.19446215693804791 0.010774935258659031 -0.32607644891153353 0.017547794918415072 -0.080734631392383349 -0.23744370677746007
leaf_weight=20 4.9999999999999982 15.000000000000002 21 7 5.9999999999999991 18 4.9999999999999982 8.9999999999999982 4.9999999999999991 6 12.999999999999998 7.0000000000000018 7.9999999999999991 7 6.9999999999999982 5 26 8 8.9999999999999982 8.0000000000000018 36 54 2160 14.999999999999998 31 12 6.9999999999999991 26 5.9999999999999973 8
leaf_count=20 5 15 21 7 6 18 5 9 5 6 13 7 8 7 7 5 26 8 9 8 36 54 2160 15 31 12 7 26 6 8
internal_value=-1.94564e-05 0.0028125 -5.51627e-05 0.0116667 -9.98123e-06 -4.01618e-05 -4.0465e-06 0.005 -0.0025 0.00863636 -4.26668e-05 -1.63411e-05 0.00636364 0.00214286 -0.00348485 -0.000833335 -7.41974e-05 0.00125 -0.000945947 0.000357142 -0.0001147 -8.83252e-05 -0.000120351 0.00357143 -0.00147059 0.005 -0.0019697 -6.8183e-05 0.00125 -0.00142857
internal_weight=2570 32 2538 12 2505 2490 2472 15 20 11 2461 2448 22 14 33 12 2426 72 37 28 2354 2321 2285 35 85 20 33 2200 40 14
internal_count=2570 32 2538 12 2505 2490 2472 15 20 11 2461 2448 22 14 33 12 2426 72 37 28 2354 2321 2285 35 85 20 33 2200 40 14
is_linear=0
shrinkage=0.05


Tree=69
num_leaves=31
num_cat=0
split_feature=2 2 3 2 2 2 3 3 2 2 3 7 2 2 2 3 3 3 3 3 5 8 8 3 5 5 3 8 5 3
split_gain=0.177114 0.781773 0.237274 0.134133 0.214673 0.786804 0.182719 0.2 0.2 0.316129 0.221966 0.166667 0.119048 0.117216 0.0777778 0.0756607 0.183143 0.0482014 0.0579055 0.0686229 0.0380952 0.034749 0.0334598 0.0333333 0.032634 0.0321429 0.0263973 0.0618132 0.0535714 0.0312855
threshold=26.850000000000005 33.95000000000001 7.5000000000000009 13.500000000000002 1.0000000180025095e-35 0.55000000000000082 19.500000000000004 16.500000000000004 10.700000000000001 8.5000000000000018 7.5000000000000009 1.0000000180025095e-35 73.65000000000002 5.150000000000003 18.650000000000002 1.0000000180025095e-35 2.5000000000000004 3.5000000000000004 4.5000000000000009 5.5000000000000009 1.0000000180025095e-35 1.0000000180025095e-35 1.0000000180025095e-35 1.5000000000000002 1.0000000180025095e-35 1.0000000180025095e-35 22.500000000000004 1.0000000180025095e-35 1.0000000180025095e-35 15.500000000000002
decision_type=2 2 2 2 2 2 2 2 2 2 2 2 2 2 2 2 2 2 2 2 2 2 2 2 2 2 2 2 2 2
left_child=3 -2 -3 4 15 -6 7 8 9 10 -7 -12 -4 -8 -5 21 20 24 -19 22 23 25 -20 -17 -18 -1 29 -28 -29 -21
right_child=1 2 12 14 5 6 13 -9 -10 -11 11 -13 -14 -15 -16 16 17 18 19 26 -22 -23 -24 -25 -26 -27 27 28 -30 -31
leaf_value=-0.045566793927736174 0.014258947205572898 0.017430539448622686 -0.0039285273707156624 -0.0011287533192183071 0.0010790879108343089 0.00072429467016277044 -0.0065820351541032891 -0.0051058784369088818 -0.002778310719864013 0.0012051394661548075 0.00054794646891668239 -0.0043337920300490921 0.27342929944404137 0.00055805103182582176 0.0029456500468372838 0.057469407311996262 -0.045589512191867604 0.030278143195533569 -0.075685038169570007 0.00067520051369404784 -0.017782798636076163 -0.097041522893454787 -0.1847390490911455 0.010236188495726058 -0.30977262646595682 0.019473659605103145 0.016670405172494362 -0.07669789982276419 -0.22557152143858714 -0.004974741653252757
leaf_weight=20 5.9999999999999991 8.0000000000000018 15.000000000000002 21.000000000000004 5.9999999999999991 7.0000000000000027 6.9999999999999982 14.999999999999998 8.9999999999999982 4.9999999999999991 12 12 5.9999999999999991 6 8.9999999999999982 8 26 36 54 1180 14.999999999999998 8.9999999999999982 31 12 6.9999999999999991 8.0000000000000018 26 5.9999999999999973 8 980
leaf_count=20 6 8 15 21 6 7 7 15 9 5 12 12 6 6 9 8 26 36 54 1180 15 9 31 12 7 8 26 6 8 980
internal_value=3.89093e-05 0.00357143 0.000172413 -9.86313e-06 2.99389e-05 0.00259494 0.00116438 -1.19209e-09 0.00166667 0.00333333 0.00145161 -0.000833335 -0.00261905 0.00653846 -0.00333333 -5.35873e-05 -1.88375e-05 -7.22187e-05 -4.52403e-05 -7.65876e-05 0.00357143 -0.0022973 -0.00147059 0.005 -0.0019697 -0.00142857 -2.27285e-05 0.00125 -0.00142857 -4.62975e-05
internal_weight=2570 35 29 2535 2505 79 73 60 45 36 31 24 21 13 30 2426 2389 2354 2321 2285 35 37 85 20 33 28 2200 40 14 2160
internal_count=2570 35 29 2535 2505 79 73 60 45 36 31 24 21 13 30 2426 2389 2354 2321 2285 35 37 85 20 33 28 2200 40 14 2160
is_linear=0
shrinkage=0.05


Tree=70
num_leaves=31
num_cat=0
split_feature=2 2 3 3 2 3 2 2 2 2 3 3 3 2 3 3 3 3 3 2 2 2 5 8 8 3 5 5 3 8
split_gain=0.116114 0.308013 0.344048 0.246154 0.176968 0.173558 0.368182 0.148485 0.129977 0.237813 0.274351 0.285714 0.19697 0.436364 0.0742771 0.185285 0.0471283 0.0591661 0.0664854 0.0457875 0.0456731 0.123077 0.0380952 0.034749 0.0334598 0.0333333 0.032634 0.0321429 0.0273485 0.0618132
threshold=9.9000000000000004 13.500000000000002 14.500000000000002 7.5000000000000009 6.4500000000000002 17.500000000000004 29.200000000000003 45.450000000000003 1.0000000180025095e-35 3.3000000000000012 16.500000000000004 8.5000000000000018 14.500000000000002 4.6000000000000023 1.0000000180025095e-35 2.5000000000000004 3.5000000000000004 4.5000000000000009 5.5000000000000009 35.70000000000001 21.850000000000005 15.300000000000002 1.0000000180025095e-35 1.0000000180025095e-35 1.0000000180025095e-35 1.5000000000000002 1.0000000180025095e-35 1.0000000180025095e-35 22.500000000000004 1.0000000180025095e-35
decision_type=2 2 2 2 2 2 2 2 2 2 2 2 2 2 2 2 2 2 2 2 2 2 2 2 2 2 2 2 2 2
left_child=4 2 -2 19 8 20 -7 -8 14 10 11 -10 13 -11 23 22 26 -18 24 -3 21 -5 25 27 -19 -16 -17 -1 -20 -30
right_child=1 3 -4 5 -6 6 7 -9 9 12 -12 -13 -14 -15 15 16 17 18 28 -21 -22 -23 -24 -25 -26 -27 -28 -29 29 -31
leaf_value=-0.043288454231349333 -0.0017850075933125058 -0.0048666288100977333 0.0005164444563559538 -0.01653129166821991 -0.0004740891628265673 -0.0057266837986549232 0.014622921164219078 0.26903578217858176 0.00068807993665458188 -0.0055588755624191993 0.0028096700295353778 -0.00056938326832164259 -0.00036443886187867284 0.0013331296956444673 0.054595936946396507 -0.043310036582274239 0.028764236035756841 -0.071900786261091462 -0.00061974074812720431 0.017603411609409619 -0.0054518274197568831 0.024910692322643049 -0.016893658704272323 -0.092189446748782003 -0.17550209663658822 0.0097243790709398217 -0.29428399514265896 0.018499976624847925 0.015836884913869653 -0.070863008646321377
leaf_weight=20 7.9999999999999982 5.9999999999999982 7 7.9999999999999982 18 9.0000000000000018 4.9999999999999982 6 7.0000000000000018 6.0000000000000018 7.9999999999999991 7 12.999999999999998 5 8 26 36 54 2160 7 19 5 14.999999999999998 8.9999999999999982 31 12 6.9999999999999991 8.0000000000000018 26 13.999999999999998
leaf_count=20 8 6 7 8 18 9 5 6 7 6 8 7 13 5 8 26 36 54 2160 7 19 5 15 9 31 12 7 8 26 14
internal_value=-1.19209e-09 0.001875 0.00833333 0.000384614 -6.02422e-05 -0.00115385 0.0025 0.00863636 -2.4273e-05 0.00260869 0.00636364 0.00214286 -0.000833335 0.00409091 -7.41974e-05 -3.97668e-05 -9.34591e-05 -6.67828e-05 -9.84695e-05 0.00653846 -0.0034375 -0.00115385 0.00357143 -0.0022973 -0.00147059 0.005 -0.0019697 -0.00142857 -4.54557e-05 0.00125
internal_weight=2570 80 15 65 2490 52 20 11 2472 46 22 14 24 11 2426 2389 2354 2321 2285 13 32 13 35 37 85 20 33 28 2200 40
internal_count=2570 80 15 65 2490 52 20 11 2472 46 22 14 24 11 2426 2389 2354 2321 2285 13 32 13 35 37 85 20 33 28 2200 40
is_linear=0
shrinkage=0.05


Tree=71
num_leaves=31
num_cat=0
split_feature=2 2 3 3 2 2 3 2 2 3 2 2 3 3 3 3 3 2 2 2 5 8 8 3 5 5 2 2 3 8
split_gain=0.113717 0.308013 0.344048 0.246154 0.17841 0.329958 0.173558 0.368182 0.148485 0.148485 0.128469 0.328387 0.0762301 0.182265 0.0486513 0.0483521 0.0697292 0.0457875 0.0456731 0.123077 0.0380952 0.034749 0.0334598 0.0333333 0.032634 0.0321429 0.0269205 0.0596742 0.0257405 0.0618132
threshold=9.9000000000000004 13.500000000000002 14.500000000000002 7.5000000000000009 6.4500000000000002 4.6000000000000023 17.500000000000004 29.200000000000003 45.450000000000003 15.500000000000002 3.3000000000000012 1.5999999999999999 1.0000000180025095e-35 2.5000000000000004 3.5000000000000004 4.5000000000000009 5.5000000000000009 35.70000000000001 21.850000000000005 15.300000000000002 1.0000000180025095e-35 1.0000000180025095e-35 1.0000000180025095e-35 1.5000000000000002 1.0000000180025095e-35 1.0000000180025095e-35 0.65000000000000047 0.3499999999999997 22.500000000000004 1.0000000180025095e-35
decision_type=2 2 2 2 2 2 2 2 2 2 2 2 2 2 2 2 2 2 2 2 2 2 2 2 2 2 2 2 2 2
left_child=4 2 -2 17 5 10 18 -8 -9 -7 11 12 21 20 24 -16 22 -3 19 -5 23 25 -17 -14 -15 -1 27 28 -18 -30
right_child=1 3 -4 6 -6 9 7 8 -10 -11 -12 -13 13 14 15 16 26 -19 -20 -21 -22 -23 -24 -25 -26 -27 -28 -29 29 -31
leaf_value=-0.041124031519781834 -0.0016957572136468771 -0.004623297369592788 0.00049062223353800319 -0.015704727084808783 -0.00045038470468512922 0.0012664732108622102 -0.0054403496087221219 0.013891775106008182 0.2555839930696529 -7.5415295628606294e-05 -0.011361315503770552 0.0022981017587087827 0.051866140099076752 -0.041144534753160489 0.022496489022288527 -0.068305746948036913 -3.7406840770789498e-05 0.016723241028938903 -0.0051792360487687879 0.023665157706510946 -0.016048975769058678 -0.087579974411342937 -0.16672699180475881 0.0092381601173928962 -0.27956979538552601 0.017574977793605485 0.00034945684127405779 -0.022079989231471909 0.015045040668176135 -0.067319858214005282
leaf_weight=20 7.9999999999999982 5.9999999999999982 7 7.9999999999999982 18 4.9999999999999982 9.0000000000000018 4.9999999999999982 6 6 12.999999999999998 5.9999999999999991 8 26 37 54 2163 7 19 5 14.999999999999998 8.9999999999999982 31 12 6.9999999999999991 8.0000000000000018 5.9999999999999991 5.9999999999999991 26 13.999999999999998
leaf_count=20 8 6 7 8 18 5 9 5 6 6 13 6 8 26 37 54 2163 7 19 5 15 9 31 12 7 8 6 6 26 14
internal_value=1.94541e-05 0.001875 0.00833333 0.000384614 -4.01618e-05 -4.0465e-06 -0.00115385 0.0025 0.00863636 0.00863636 -4.26668e-05 -1.63411e-05 -4.50462e-05 -1.03962e-05 -6.32923e-05 -3.63726e-05 -6.52186e-05 0.00653846 -0.0034375 -0.00115385 0.00357143 -0.0022973 -0.00147059 0.005 -0.0019697 -0.00142857 -1.12879e-05 -2.03724e-05 -6.81009e-06 0.00125
internal_weight=2570 80 15 65 2490 2472 52 20 11 11 2461 2448 2442 2405 2370 2337 2300 13 32 13 35 37 85 20 33 28 2215 2209 2203 40
internal_count=2570 80 15 65 2490 2472 52 20 11 11 2461 2448 2442 2405 2370 2337 2300 13 32 13 35 37 85 20 33 28 2215 2209 2203 40
is_linear=0
shrinkage=0.05


Tree=72
num_leaves=31
num_cat=0
split_feature=2 2 3 3 2 2 3 2 2 3 2 3 3 2 2 3 3 3 2 2 2 5 3 5 3 5 3 5 5 3
split_gain=0.116114 0.308013 0.344048 0.246154 0.176968 0.331504 0.173558 0.368182 0.148485 0.148485 0.127419 0.0767887 0.181412 0.0553782 0.0682029 0.0489626 0.0570276 0.0701437 0.0457875 0.0456731 0.123077 0.0380952 0.0333333 0.032634 0.0257405 0.0297619 0.0269297 0.162386 0.0480686 0.158854
threshold=9.9000000000000004 13.500000000000002 14.500000000000002 7.5000000000000009 6.4500000000000002 4.6000000000000023 17.500000000000004 29.200000000000003 45.450000000000003 15.500000000000002 3.3000000000000012 1.0000000180025095e-35 2.5000000000000004 0.65000000000000047 0.3499999999999997 3.5000000000000004 4.5000000000000009 5.5000000000000009 35.70000000000001 21.850000000000005 15.300000000000002 1.0000000180025095e-35 1.5000000000000002 1.0000000180025095e-35 22.500000000000004 1.0000000180025095e-35 20.500000000000004 1.0000000180025095e-35 1.0000000180025095e-35 6.5000000000000009
decision_type=2 2 2 2 2 2 2 2 2 2 2 2 2 2 2 2 2 2 2 2 2 2 2 2 2 2 2 2 2 2
left_child=4 2 -2 18 5 10 19 -8 -9 -7 11 -1 21 14 15 23 -17 -18 -3 20 -5 22 -13 -14 26 -26 28 -28 -19 -30
right_child=1 3 -4 6 -6 9 7 8 -10 -11 -12 12 13 -15 -16 16 17 24 -20 -21 -22 -23 -24 -25 25 -27 27 -29 29 -31
leaf_value=-0.020321064381788097 -0.0016109693529645656 -0.004392132501113249 0.00046609112186125218 -0.014919490730568301 -0.00042786546945088738 0.0012031495503191194 -0.0051683321282861728 0.013197186350707652 0.24280479341617045 -7.1644530847298391e-05 -0.010793249728582066 0.049272833094122961 -0.039087308015502489 0.001411067412746544 -0.01174625182657583 0.026201199782854692 -0.067390478078074967 -0.0010094325486212103 0.015887078977491826 -0.0049202742463300255 0.022481899821185428 -0.015246526980605718 0.0087762521115233357 -0.26559130561624972 -0.03987990380370654 0.14763676938845832 0.022958793139829937 -0.086892610783204566 0.064619591631931428 0.000541599451648477
leaf_weight=37 7.9999999999999982 5.9999999999999982 7 7.9999999999999982 18 4.9999999999999982 9.0000000000000018 4.9999999999999982 6 6 12.999999999999998 8 26 11.999999999999998 6.9999999999999991 36 85 1545 7 19 5 14.999999999999998 12 6.9999999999999991 28 11.999999999999998 125 36 13.999999999999998 443
leaf_count=37 8 6 7 8 18 5 9 5 6 6 13 8 26 12 7 36 85 1545 7 19 5 15 12 7 28 12 125 36 14 443
internal_value=-1.19209e-09 0.001875 0.00833333 0.000384614 -6.02422e-05 -2.4273e-05 -0.00115385 0.0025 0.00863636 0.00863636 -6.29837e-05 -3.67659e-05 -2.07502e-06 -5.4715e-05 -7.19132e-05 -5.72774e-05 -3.01217e-05 -6.119e-05 0.00653846 -0.0034375 -0.00115385 0.00357143 0.005 -0.0019697 -6.81009e-06 0.00125 -3.0052e-05 -0.000652175 1.99788e-05 0.000470458
internal_weight=2570 80 15 65 2490 2472 52 20 11 11 2461 2448 2411 2376 2364 2357 2324 2288 13 32 13 35 20 33 2203 40 2163 161 2002 457
internal_count=2570 80 15 65 2490 2472 52 20 11 11 2461 2448 2411 2376 2364 2357 2324 2288 13 32 13 35 20 33 2203 40 2163 161 2002 457
is_linear=0
shrinkage=0.05


Tree=73
num_leaves=31
num_cat=0
split_feature=2 2 2 2 8 8 3 3 3 3 2 3 2 2 2 3 2 3 3 3 3 3 5 8 8 3 5 5 3 8
split_gain=0.217062 0.236715 0.151326 0.615572 0.533333 0.193224 0.211575 0.220909 0.417778 0.268406 0.15 0.126667 0.119732 0.343407 0.263736 0.107143 0.15 0.0756607 0.183143 0.0482014 0.0579055 0.0686229 0.0380952 0.034749 0.0334598 0.0333333 0.032634 0.0321429 0.0263973 0.0618132
threshold=1.0000000180025095e-35 0.55000000000000082 45.450000000000003 26.850000000000005 1.0000000180025095e-35 1.0000000180025095e-35 16.500000000000004 5.5000000000000009 8.5000000000000018 9.5000000000000018 78.950000000000017 18.500000000000004 13.950000000000001 9.9000000000000004 6.4500000000000002 19.500000000000004 13.950000000000001 1.0000000180025095e-35 2.5000000000000004 3.5000000000000004 4.5000000000000009 5.5000000000000009 1.0000000180025095e-35 1.0000000180025095e-35 1.0000000180025095e-35 1.5000000000000002 1.0000000180025095e-35 1.0000000180025095e-35 22.500000000000004 1.0000000180025095e-35
decision_type=2 2 2 2 2 2 2 2 2 2 2 2 2 2 2 2 2 2 2 2 2 2 2 2 2 2 2 2 2 2
left_child=17 -2 3 5 -5 6 7 -3 -9 -10 -4 -7 13 14 -11 -8 -17 23 22 26 -21 24 25 27 -22 -19 -20 -1 -23 -30
right_child=1 2 10 4 -6 11 15 8 9 12 -12 -13 -14 -15 -16 16 -18 18 19 20 21 28 -24 -25 -26 -27 -28 -29 29 -31
leaf_value=-0.038051776724703328 0.00097564808926470638 -0.0046477990194452755 -0.0046724148578358334 0.011508117845679885 0.015245791114106143 -0.0024815919825047252 -0.0064705205323828466 0.0010224153304034601 -0.017245589392526406 0.00092566194049302746 0.25007182880068335 -0.0002312796474465524 0.0047155151235647678 0.00086881734290970034 -0.0068517755603661086 0.0013400966747383978 -0.017277035056291409 0.046809191439416864 -0.037132942614727327 0.024891139793712005 -0.061520935696731366 -0.0005701470094366855 -0.014484200631575468 -0.082184922471686406 -0.15502111831061716 0.0083374395059471473 -0.25231174033543718 0.017712282123014768 0.016286783824952522 -0.061959870113119653
leaf_weight=20 5.9999999999999991 5.9999999999999991 15.000000000000002 9.9999999999999982 4.9999999999999991 19.000000000000004 12.000000000000002 6.9999999999999991 7.9999999999999991 7.0000000000000053 4.9999999999999991 5.9999999999999991 8.9999999999999982 6.9999999999999991 6 9.9999999999999982 5.9999999999999991 8 26 36 54 2160 14.999999999999998 8.9999999999999982 31 12 6.9999999999999991 8.0000000000000018 26 13.999999999999998
leaf_count=20 6 6 15 10 5 19 12 7 8 7 5 6 9 7 6 10 6 8 26 36 54 2160 15 9 31 12 7 8 26 14
internal_value=5.83646e-05 0.00194444 0.00152174 0.00220339 0.0116667 0.000825242 0.00205128 0.004 0.00522727 0.00310811 -0.0025 -0.003 0.00534483 0.0075 0.00269231 -0.00142857 0.00125 -5.35873e-05 -1.88375e-05 -7.22187e-05 -4.52403e-05 -7.65876e-05 0.00357143 -0.0022973 -0.00147059 0.005 -0.0019697 -0.00142857 -2.27285e-05 0.00125
internal_weight=2570 144 138 118 15 103 78 50 44 37 20 25 29 20 13 28 16 2426 2389 2354 2321 2285 35 37 85 20 33 28 2200 40
internal_count=2570 144 138 118 15 103 78 50 44 37 20 25 29 20 13 28 16 2426 2389 2354 2321 2285 35 37 85 20 33 28 2200 40
is_linear=0
shrinkage=0.05


Tree=74
num_leaves=31
num_cat=0
split_feature=2 2 3 2 2 7 3 3 2 3 2 3 3 3 8 3 2 2 3 2 8 5 5 8 3 5 3 9 9 3
split_gain=0.116048 0.26101 0.25 0.223137 0.873338 0.292641 0.429762 0.166667 0.144444 0.131789 0.0785711 0.0767887 0.181412 0.0765518 0.0561372 0.0550942 0.0693087 0.0541708 0.0444015 0.0952381 0.0407283 0.15942 0.0380952 0.034749 0.0333333 0.0321429 0.0284501 0.0498501 0.035303 0.0972222
threshold=4.0500000000000016 6.4500000000000002 14.500000000000002 9.1500000000000039 10.700000000000001 1.0000000180025095e-35 19.500000000000004 7.5000000000000009 71.750000000000014 4.5000000000000009 3.3000000000000012 1.0000000180025095e-35 2.5000000000000004 5.5000000000000009 1.0000000180025095e-35 21.500000000000004 1.0500000000000009 1.0000000180025095e-35 11.500000000000002 18.650000000000002 1.0000000180025095e-35 1.0000000180025095e-35 1.0000000180025095e-35 1.0000000180025095e-35 1.5000000000000002 1.0000000180025095e-35 15.500000000000002 1.6000000000000003 1.6000000000000003 18.500000000000004
decision_type=2 2 2 2 2 2 2 2 2 2 2 2 2 2 2 2 2 2 2 2 2 2 2 2 2 2 2 2 2 2
left_child=10 2 -2 -3 -5 9 7 -7 -9 -6 11 23 22 14 -14 16 17 26 19 -11 -17 -22 24 25 -13 -1 27 -15 29 -28
right_child=1 3 -4 4 5 6 -8 8 -10 18 -12 12 13 15 -16 20 -18 -19 -20 -21 21 -23 -24 -25 -26 -27 28 -29 -30 -31
leaf_value=-0.036149187888468153 0.00077071377731339 -0.0079183797224056367 -0.00014288634147589956 0.0010584454325868404 0.0026790736088926227 0.0046378572953637868 0.0086003385885288393 -0.0054854135753607961 0.29196642667189238 -0.0081868820192707043 -0.050678522850474639 0.044468731867446112 -0.024138701651632968 0.083646670331247494 -0.01245661661616998 0.017472421745586785 -0.00063251600118125883 0.0013100233965504164 -0.0051730888109932467 0.0076651260698513525 -0.06586187532415215 0.00011632649520354477 -0.013759990599996726 -0.078075676348102085 0.0079205675306497862 0.016826668016864055 -0.19729186122395254 0.00060286421890189958 -0.0067464276698330069 -0.033728563397781998
leaf_weight=20 7.9999999999999991 14.999999999999998 7.9999999999999991 5.9999999999999991 4.9999999999999991 9.0000000000000018 7.9999999999999991 13.000000000000002 4.9999999999999991 7.9999999999999982 7.9999999999999991 8 96 11.999999999999998 59 74 6.9999999999999991 11.999999999999998 23 6 11 12 14.999999999999998 8.9999999999999982 12 8.0000000000000018 13.999999999999998 1168 893 18
leaf_count=20 8 15 8 6 5 9 8 13 5 8 8 8 96 12 59 74 7 12 23 6 11 12 15 9 12 8 14 1168 893 18
internal_value=1.94541e-05 0.00157895 0.0075 0.000612244 0.0016265 0.000194804 0.00357143 0.000555554 -0.00222222 -0.00261905 -5.29328e-05 -3.67659e-05 -2.07502e-06 -5.4715e-05 -0.00112903 2.026e-05 -3.29579e-05 -1.6534e-05 -0.00364865 -0.00142857 0.00118557 -0.000652175 0.00357143 -0.0022973 0.005 -0.00142857 -3.56306e-05 0.000127117 -0.000243244 -0.001875
internal_weight=2570 114 16 98 83 77 35 27 18 42 2456 2448 2411 2376 155 2221 2124 2117 37 14 97 23 35 37 20 28 2105 1180 925 32
internal_count=2570 114 16 98 83 77 35 27 18 42 2456 2448 2411 2376 155 2221 2124 2117 37 14 97 23 35 37 20 28 2105 1180 925 32
is_linear=0
shrinkage=0.05


Tree=75
num_leaves=31
num_cat=0
split_feature=2 3 2 3 2 2 7 2 2 8 2 2 2 3 3 3 2 3 3 3 2 3 2 5 3 5 5 3 9 9
split_gain=0.274338 0.329132 0.236855 0.25 0.23057 0.24461 0.395674 0.385714 0.333791 0.148352 0.12504 0.0952381 0.0785711 0.0767887 0.181412 0.0622263 0.0672288 0.0472042 0.0499304 0.0668837 0.0549373 0.0411255 0.0952381 0.0380952 0.0333333 0.032634 0.0223422 0.0223126 0.0511764 0.035303
threshold=4.0500000000000016 2.5000000000000004 6.4500000000000002 14.500000000000002 9.1500000000000039 10.700000000000001 1.0000000180025095e-35 45.450000000000003 15.300000000000002 1.0000000180025095e-35 12.9 73.65000000000002 3.3000000000000012 1.0000000180025095e-35 2.5000000000000004 21.500000000000004 1.0500000000000009 3.5000000000000004 4.5000000000000009 5.5000000000000009 1.0000000180025095e-35 11.500000000000002 18.650000000000002 1.0000000180025095e-35 1.5000000000000002 1.0000000180025095e-35 1.0000000180025095e-35 15.500000000000002 1.6000000000000003 1.6000000000000003
decision_type=2 2 2 2 2 2 2 2 2 2 2 2 2 2 2 2 2 2 2 2 2 2 2 2 2 2 2 2 2 2
left_child=12 -2 3 -3 -4 -6 10 8 -8 -10 -7 -9 13 -1 23 16 17 25 -19 -20 27 22 -12 24 -15 -16 -17 28 -21 -29
right_child=1 2 4 -5 5 6 7 11 9 -11 21 -13 -14 14 15 26 -18 18 19 20 -22 -23 -24 -25 -26 -27 -28 29 -30 -31
leaf_value=-0.013873773941186614 0.0062742627094909409 0.00073217808844769708 -0.013145256413575945 -0.00013574202440196241 0.0010055231609576549 -0.0096126769449167912 -0.0020745196546316899 -0.01199836105325581 0.0065855691540496371 0.012624214459230032 -0.007291713272475412 0.20083790761943698 -0.048144596707950876 0.042245295274073773 -0.034069360401409288 0.0040595929194778288 -0.00060089020112212696 0.019790341475558904 -0.05973797230675304 0.07946433681468508 0.0012445222267229742 -0.004941858648804631 0.0072818697663587229 -0.013071991069996874 0.0075245391541172661 -0.23872285985323616 0.022443289905180231 -0.095628361489668953 0.00057272100795682237 -0.0064091062863414223
leaf_weight=37 4.9999999999999991 7.9999999999999991 13.999999999999998 7.9999999999999991 5.9999999999999991 4.9999999999999991 8.0000000000000018 7.9999999999999982 6.9999999999999982 6 7.9999999999999982 6 7.9999999999999991 8 26 70 6.9999999999999991 37 85 11.999999999999998 11.999999999999998 19 6 14.999999999999998 12 6.9999999999999991 27 32 1168 893
leaf_count=37 5 8 14 8 6 5 8 8 7 6 8 6 8 8 26 70 7 37 85 12 12 19 6 15 12 7 27 32 1168 893
internal_value=5.83646e-05 0.00245614 0.00188073 0.0075 0.000913977 0.00196202 0.00116438 0.005 0.00928571 0.0142308 -0.00236842 -0.00142857 -5.29328e-05 -3.67659e-05 -2.07502e-06 -5.4715e-05 -0.000107504 -9.24308e-05 -6.47622e-05 -9.5369e-05 -4.01523e-05 -0.00348485 -0.00142857 0.00357143 0.005 -0.0019697 0.00118557 -5.93836e-05 8.47446e-05 -0.000243244
internal_weight=2570 114 109 16 93 79 73 35 21 13 38 14 2456 2448 2411 2376 2279 2272 2239 2202 2117 33 14 35 20 33 97 2105 1180 925
internal_count=2570 114 109 16 93 79 73 35 21 13 38 14 2456 2448 2411 2376 2279 2272 2239 2202 2117 33 14 35 20 33 97 2105 1180 925
is_linear=0
shrinkage=0.05


Tree=76
num_leaves=31
num_cat=0
split_feature=2 3 2 3 3 2 7 3 2 3 3 2 3 3 3 2 8 2 3 2 5 8 3 5 5 3 3 3 3 8
split_gain=0.159418 0.363 0.329301 0.266667 0.233333 0.194822 0.159211 0.446429 0.376732 0.175647 0.152381 0.147368 0.0772045 0.180784 0.0774522 0.0608155 0.0561372 0.0523231 0.0411255 0.0952381 0.0380952 0.034749 0.0333333 0.0321429 0.0274902 0.165952 0.113862 0.0594353 0.0617102 0.120968
threshold=2.3000000000000012 2.5000000000000004 6.4500000000000002 14.500000000000002 19.500000000000004 9.9000000000000004 1.0000000180025095e-35 19.500000000000004 12.9 7.5000000000000009 7.5000000000000009 71.750000000000014 1.0000000180025095e-35 2.5000000000000004 5.5000000000000009 1.0500000000000009 1.0000000180025095e-35 1.0000000180025095e-35 11.500000000000002 18.650000000000002 1.0000000180025095e-35 1.0000000180025095e-35 1.5000000000000002 1.0000000180025095e-35 1.0000000180025095e-35 6.5000000000000009 9.5000000000000018 10.500000000000002 11.500000000000002 1.0000000180025095e-35
decision_type=2 2 2 2 2 2 2 2 2 2 2 2 2 2 2 2 2 2 2 2 2 2 2 2 2 2 2 2 2 2
left_child=12 -2 3 10 -5 -4 8 9 -7 -8 -3 -11 21 20 16 17 -15 24 19 -10 22 23 -14 -1 -16 -26 -27 -28 29 -29
right_child=1 2 5 4 -6 6 7 -9 18 11 -12 -13 13 14 15 -17 -18 -19 -20 -21 -22 -23 -24 -25 25 26 27 28 -30 -31
leaf_value=-0.033648039796985434 0.0059605495740162702 -0.0034448742667816351 -0.0022675818743833026 -0.013144317133574957 0.00099748002786139898 0.0012073214445655245 0.0040162995774303076 0.007629690565328244 -0.0069271276088517832 -0.0033803837250586917 0.00080423425018031312 0.2715829363456625 0.040133030510370031 -0.022574797195453012 -0.003216282901219128 -0.0025589422100575025 -0.012572496549102752 0.00118229611538678 -0.0046947657163643351 0.006917776278040761 -0.012418391516497044 -0.073478203833637595 0.0071483121964113277 0.016679023313080066 0.061358340139463868 -0.025279608279148554 0.00054408495755904347 -0.012310167455599874 0.010155366437218009 -0.18436628316928128
leaf_weight=20 4.9999999999999991 5.0000000000000018 17 6.9999999999999991 7.9999999999999991 6.9999999999999991 9.0000000000000018 7.9999999999999991 7.9999999999999982 14.000000000000002 7 4.9999999999999991 8 96 1695 5.9999999999999991 59 11.999999999999998 19 6 14.999999999999998 8.9999999999999982 12 8.0000000000000018 13.999999999999998 85 33 15.999999999999998 342 15.000000000000002
leaf_count=20 5 5 17 7 8 7 9 8 8 14 7 5 8 96 1695 6 59 12 19 6 15 9 12 8 14 85 33 16 342 15
internal_value=5.83646e-05 0.0018 0.00125 0.00611111 0.00166667 -0.000161292 0.000921051 0.00333333 -0.00125 0.000357142 0.0116667 -0.00236842 -3.0676e-05 4.15163e-06 -4.84631e-05 2.70502e-05 -0.00112903 4.0686e-05 -0.00348485 -0.00142857 0.00357143 -0.0022973 0.005 -0.00142857 2.27261e-05 0.000346533 0.000193481 0.000541871 0.000361929 -0.00177419
internal_weight=2570 125 120 27 15 93 76 36 40 28 12 19 2445 2408 2373 2218 155 2212 33 14 35 37 20 28 2200 505 491 406 373 31
internal_count=2570 125 120 27 15 93 76 36 40 28 12 19 2445 2408 2373 2218 155 2212 33 14 35 37 20 28 2200 505 491 406 373 31
is_linear=0
shrinkage=0.05


Tree=77
num_leaves=31
num_cat=0
split_feature=2 2 3 2 2 2 3 3 2 2 3 2 2 3 3 2 2 3 2 5 8 5 3 3 3 5 5 3 8 5
split_gain=0.175168 0.781773 0.237274 0.13573 0.324656 0.119048 0.0957384 0.175016 0.0777778 0.0735996 0.436364 0.14035 0.196221 0.474074 0.152381 0.133333 0.0594948 0.0583948 0.0511062 0.0380952 0.0353669 0.034688 0.0333333 0.0251822 0.0879375 0.0414238 0.032634 0.0230753 0.0618132 0.0535714
threshold=26.850000000000005 33.95000000000001 7.5000000000000009 13.500000000000002 12.4 73.65000000000002 1.0000000180025095e-35 2.5000000000000004 18.650000000000002 9.1500000000000039 13.500000000000002 6.4500000000000002 2.3000000000000012 14.500000000000002 7.5000000000000009 3.5500000000000012 1.0500000000000009 6.5000000000000009 1.0000000180025095e-35 1.0000000180025095e-35 1.0000000180025095e-35 1.0000000180025095e-35 1.5000000000000002 3.5000000000000004 4.5000000000000009 1.0000000180025095e-35 1.0000000180025095e-35 22.500000000000004 1.0000000180025095e-35 1.0000000180025095e-35
decision_type=2 2 2 2 2 2 2 2 2 2 2 2 2 2 2 2 2 2 2 2 2 2 2 2 2 2 2 2 2 2
left_child=3 -2 -3 4 6 -4 20 19 -5 11 -11 12 16 14 -14 -15 17 23 27 22 21 -1 -8 26 -25 -26 -9 -19 -29 -30
right_child=1 2 5 8 -6 -7 7 9 -10 10 -12 -13 13 15 -16 -17 -18 18 -20 -21 -22 -23 -24 24 25 -27 -28 28 29 -31
leaf_value=-0.013965612534767491 0.0094998118839563044 0.012575693412173534 -0.018377800834441366 -0.0027211102330335821 0.00044934908979163884 0.21608659024267907 0.038126378984851605 -0.031237152521566183 0.003758873117276307 0.0011573776145832723 -0.00029406120811031395 -0.012374614499178059 -0.0032726305534424641 -0.0044854851068138945 0.00076402253767119375 -0.00022593252669739222 -0.0024309950995546007 0.00035991558909247742 0.0011231813096173686 -0.011797471940672159 -0.01667061301194462 0.015845072147426011 0.0067908965865908283 0.019729518677878807 -0.071768877183012461 0.049790376760057958 -0.22585802294218663 0.014556658045512628 -0.057610944527473597 -0.21330339612928828
leaf_weight=21 5.9999999999999991 8.0000000000000018 15.000000000000002 21.000000000000004 5.9999999999999991 5.9999999999999991 8 26 8.9999999999999982 4.9999999999999982 6 13.999999999999998 5.0000000000000018 4.9999999999999991 7 9.9999999999999982 5.9999999999999991 2015 11.999999999999998 14.999999999999998 9.9999999999999982 8.0000000000000018 12 37 195 35 6.9999999999999991 26 5.9999999999999973 8
leaf_count=21 6 8 15 21 6 6 8 26 9 5 6 14 5 5 7 10 6 2015 12 15 10 8 12 37 195 35 7 26 6 8
internal_value=5.83646e-05 0.00357143 0.000172413 9.86074e-06 4.9899e-05 -0.00261905 2.20076e-05 6.09744e-05 -0.00333333 1.03081e-05 0.00409091 -8.2862e-06 2.08321e-05 0.00425926 0.0116667 -0.00166667 -2.73927e-05 -1.47878e-05 7.98246e-05 0.00357143 -0.0024359 -0.00155173 0.005 -0.000666668 -0.000505619 -0.000869566 -0.0019697 6.08261e-05 0.00125 -0.00142857
internal_weight=2570 35 29 2535 2505 21 2499 2460 30 2425 11 2414 2400 27 12 15 2373 2367 2067 35 39 29 20 300 267 230 33 2055 40 14
internal_count=2570 35 29 2535 2505 21 2499 2460 30 2425 11 2414 2400 27 12 15 2373 2367 2067 35 39 29 20 300 267 230 33 2055 40 14
is_linear=0
shrinkage=0.05


Tree=78
num_leaves=31
num_cat=0
split_feature=2 3 2 3 3 3 2 3 2 2 3 2 5 2 2 3 3 3 2 2 5 8 3 5 3 8 5 3 3 3
split_gain=0.159418 0.363 0.192004 0.161288 0.330094 0.27317 0.312375 0.45 0.143089 0.172024 0.357143 0.134409 0.104167 0.1 0.1 0.0772045 0.180784 0.0846207 0.0617519 0.0511062 0.0380952 0.034749 0.0333333 0.0321429 0.0230753 0.0618132 0.0535714 0.0280592 0.0621925 0.0613738
threshold=2.3000000000000012 2.5000000000000004 3.5500000000000012 20.500000000000004 19.500000000000004 15.500000000000002 10.700000000000001 9.5000000000000018 45.450000000000003 16.850000000000001 11.500000000000002 57.400000000000006 1.0000000180025095e-35 4.6000000000000023 16.850000000000001 1.0000000180025095e-35 2.5000000000000004 6.5000000000000009 1.0500000000000009 1.0000000180025095e-35 1.0000000180025095e-35 1.0000000180025095e-35 1.5000000000000002 1.0000000180025095e-35 22.500000000000004 1.0000000180025095e-35 1.0000000180025095e-35 12.500000000000002 10.500000000000002 9.5000000000000018
decision_type=2 2 2 2 2 2 2 2 2 2 2 2 2 2 2 2 2 2 2 2 2 2 2 2 2 2 2 2 2 2
left_child=15 -2 -3 4 5 6 7 13 9 12 -11 -7 -8 -4 -6 21 20 -18 19 24 22 23 -17 -1 27 -26 -27 28 29 -19
right_child=1 2 3 -5 14 11 8 -9 -10 10 -12 -13 -14 -15 -16 16 17 18 -20 -21 -22 -23 -24 -25 25 26 -28 -29 -30 -31
leaf_value=-0.031267357180397859 0.0055645636702045843 0.0015835139024165197 -0.0032366184152914572 -0.00043652476267302953 0.00012166463444641652 -0.0013515223052975077 -0.0040718416558070967 0.0014202310413957014 -0.0043259010307645611 0.022419925578865314 -0.024372032503694289 0.21227864004857869 -0.0032280460561992263 -0.011545210252785916 0.010150624213205827 0.036220060035608979 -0.02635485974200193 0.0035755186410073763 -0.0023094453445769328 0.0010670222441365701 -0.01120759834363857 -0.068970762991358472 0.0064513517572613093 0.015052818540054781 0.013828825143236934 -0.054730397301099923 -0.20263822632282391 -0.0010462101427279559 0.010106201909060886 -0.046272505565020342
leaf_weight=20 4.9999999999999991 6.9999999999999991 5.0000000000000018 10.999999999999998 4.9999999999999982 25.000000000000004 6.0000000000000044 9.9999999999999982 10.999999999999998 8.9999999999999982 4.9999999999999991 5.9999999999999991 10 5 5 8 300 442 5.9999999999999991 11.999999999999998 14.999999999999998 8.9999999999999982 12 8.0000000000000018 26 5.9999999999999973 8 1198 208 167
leaf_count=20 5 7 5 11 5 25 6 10 11 9 5 6 10 5 5 8 300 442 6 12 15 9 12 8 26 6 8 1198 208 167
internal_value=5.83646e-05 0.0018 0.00125 0.000752211 0.00137255 0.000434781 0.00237705 0.0075 -0.000121952 0.00166667 0.00571428 -0.0033871 -0.001875 -1.19209e-09 0.01 -3.0676e-05 4.15163e-06 -4.84631e-05 6.51218e-05 7.98246e-05 0.00357143 -0.0022973 0.005 -0.00142857 6.08261e-05 0.00125 -0.00142857 3.72197e-05 0.000263157 8.20899e-06
internal_weight=2570 125 120 113 102 92 61 20 41 30 14 31 16 10 10 2445 2408 2373 2073 2067 35 37 20 28 2055 40 14 2015 817 609
internal_count=2570 125 120 113 102 92 61 20 41 30 14 31 16 10 10 2445 2408 2373 2073 2067 35 37 20 28 2055 40 14 2015 817 609
is_linear=0
shrinkage=0.05


Tree=79
num_leaves=31
num_cat=0
split_feature=2 2 3 2 2 2 2 2 2 2 2 3 3 2 3 3 2 3 2 5 8 3 5 3 3 5 5 3 8 5
split_gain=0.175168 0.781773 0.237274 0.13573 0.324656 0.119048 0.0777778 0.0606751 0.13343 0.121166 0.194717 0.474074 0.152381 0.133333 0.0786039 0.178686 0.0594948 0.0583948 0.0511062 0.0380952 0.034749 0.0333333 0.0321429 0.0251822 0.0879375 0.0414238 0.032634 0.0230753 0.0618132 0.0535714
threshold=26.850000000000005 33.95000000000001 7.5000000000000009 13.500000000000002 12.4 73.65000000000002 18.650000000000002 10.700000000000001 8.5000000000000018 6.4500000000000002 2.3000000000000012 14.500000000000002 7.5000000000000009 3.5500000000000012 1.0000000180025095e-35 2.5000000000000004 1.0500000000000009 6.5000000000000009 1.0000000180025095e-35 1.0000000180025095e-35 1.0000000180025095e-35 1.5000000000000002 1.0000000180025095e-35 3.5000000000000004 4.5000000000000009 1.0000000180025095e-35 1.0000000180025095e-35 22.500000000000004 1.0000000180025095e-35 1.0000000180025095e-35
decision_type=2 2 2 2 2 2 2 2 2 2 2 2 2 2 2 2 2 2 2 2 2 2 2 2 2 2 2 2 2 2
left_child=3 -2 -3 4 7 -4 -5 8 9 10 14 12 -12 -13 20 19 17 23 27 21 22 -16 -1 26 -25 -26 -17 -19 -29 -30
right_child=1 2 5 6 -6 -7 -8 -9 -10 -11 11 13 -14 -15 15 16 -18 18 -20 -21 -22 -23 -24 24 25 -27 -28 28 29 -31
leaf_value=-0.029703989321378011 0.0085172900790983653 0.011415850270076867 -0.023455575165396106 -0.0024236524633117289 0.00052563603584079713 0.20008344354616334 0.0033641914141069266 -0.020614466058158851 0.00049444946695911894 -0.026750869484354112 -0.0030917720515529611 -0.0043403865465941579 0.00070949309503775941 -0.00019560060322565892 0.034409057033828461 -0.028357551908387804 -0.0021939730773480547 0.00039423031677421642 0.001013671131929758 -0.010647218426456651 -0.065522224841790516 0.0061287841693983105 0.01430017761305198 0.020060785731085103 -0.066862690336761732 0.048618600909155242 -0.21324737880797714 0.01313738388607515 -0.051993877436044937 -0.19250631500668264
leaf_weight=20 5.9999999999999991 8.0000000000000018 15.000000000000002 21.000000000000004 5.9999999999999991 5.9999999999999991 8.9999999999999982 5.9999999999999991 8.9999999999999982 11.999999999999998 5.0000000000000018 4.9999999999999991 7 9.9999999999999982 8 26 5.9999999999999991 2015 11.999999999999998 14.999999999999998 8.9999999999999982 12 8.0000000000000018 37 195 35 6.9999999999999991 26 5.9999999999999973 8
leaf_count=20 6 8 15 21 6 6 9 6 9 12 5 5 7 10 8 26 6 2015 12 15 9 12 8 37 195 35 7 26 6 8
internal_value=5.83646e-05 0.00357143 0.000172413 9.86074e-06 4.9899e-05 -0.00261905 -0.00333333 2.20076e-05 3.40943e-05 1.20761e-05 3.64066e-05 0.00425926 0.0116667 -0.00166667 -1.02261e-05 2.49158e-05 -2.73927e-05 -1.47878e-05 7.98246e-05 0.00357143 -0.0022973 0.005 -0.00142857 -0.000666668 -0.000505619 -0.000869566 -0.0019697 6.08261e-05 0.00125 -0.00142857
internal_weight=2570 35 29 2535 2505 21 30 2499 2493 2484 2472 27 12 15 2445 2408 2373 2367 2067 35 37 20 28 300 267 230 33 2055 40 14
internal_count=2570 35 29 2535 2505 21 30 2499 2493 2484 2472 27 12 15 2445 2408 2373 2367 2067 35 37 20 28 300 267 230 33 2055 40 14
is_linear=0
shrinkage=0.05


Tree=80
num_leaves=31
num_cat=0
split_feature=2 3 2 3 2 3 7 2 3 2 3 3 2 2 3 2 2 3 3 3 5 2 5 3 3 3 5 5 3 8
split_gain=0.228094 0.341333 0.275269 0.266667 0.240521 0.242865 0.383632 0.272269 0.233333 0.169328 0.165426 0.235215 0.232018 0.269906 0.152381 0.123077 0.0603939 0.0447109 0.146815 0.0583948 0.0543758 0.0511062 0.0380952 0.0333333 0.0251822 0.0879375 0.0414238 0.032634 0.0230753 0.0618132
threshold=2.3000000000000012 2.5000000000000004 6.4500000000000002 14.500000000000002 9.9000000000000004 17.500000000000004 1.0000000180025095e-35 33.95000000000001 19.500000000000004 45.450000000000003 15.500000000000002 6.5000000000000009 26.850000000000005 13.500000000000002 7.5000000000000009 17.950000000000003 1.0500000000000009 2.5000000000000004 1.0000000180025095e-35 6.5000000000000009 1.0000000180025095e-35 1.0000000180025095e-35 1.0000000180025095e-35 1.5000000000000002 3.5000000000000004 4.5000000000000009 1.0000000180025095e-35 1.0000000180025095e-35 22.500000000000004 1.0000000180025095e-35
decision_type=2 2 2 2 2 2 2 2 2 2 2 2 2 2 2 2 2 2 2 2 2 2 2 2 2 2 2 2 2 2
left_child=16 -2 3 14 -4 9 -7 -8 -5 10 11 -6 13 -13 -3 -15 17 18 20 24 -1 28 23 -20 27 -26 -27 -19 -21 -30
right_child=1 2 4 8 5 6 7 -9 -10 -11 -12 12 -14 15 -16 -17 -18 19 22 21 -22 -23 -24 -25 25 26 -28 -29 29 -31
leaf_value=-0.030218807498270994 0.0049339710413300042 -0.0029371834489752289 -0.0017525291825913087 -0.012398448505135164 -0.0022896719420982094 -0.0091078324340787414 0.0035882138813542659 0.13963569152692643 0.0010667367321420753 -0.0097900153826983478 -0.0019772533627685305 0.0012663951298061888 0.010536085557827354 -0.0066184225835858763 0.00067401844028589354 -0.0075820270840871286 -0.0020842744234807141 -0.026939674312968443 0.032688604182137128 0.00037451880093544471 -0.0020804583080832268 0.00096298757533330433 -0.010114857505133846 0.0058223449609283995 0.019057746444530784 -0.06351955581992362 0.046187670863697509 -0.20258500986757824 0.012480514691771383 -0.047394187378938128
leaf_weight=21 4.9999999999999991 5.0000000000000018 17 6.9999999999999991 7.0000000000000027 6.0000000000000027 10.000000000000002 6.9999999999999991 7.9999999999999991 13.999999999999998 7.9999999999999991 6.0000000000000062 4.9999999999999991 7.9999999999999982 7 5 5.9999999999999991 26 8 2015 15.999999999999998 11.999999999999998 14.999999999999998 12 37 195 35 6.9999999999999991 26 13.999999999999998
leaf_count=21 5 5 17 7 7 6 10 7 8 14 8 6 5 8 7 5 6 26 8 2015 16 12 15 12 37 195 35 7 26 14
internal_value=0.00011673 0.0022 0.00166667 0.00611111 0.000376343 0.00157895 0.00586956 0.00970588 0.00166667 -0.00028302 0.00141026 0.00306451 0.00541667 0.00289474 0.0116667 -0.00115385 1.02238e-05 2.2549e-05 0.00125 -1.47878e-05 -0.000945947 7.98246e-05 0.00357143 0.005 -0.000666668 -0.000505619 -0.000869566 -0.0019697 6.08261e-05 0.00125
internal_weight=2570 125 120 27 93 76 23 17 15 53 39 31 24 19 12 13 2445 2439 72 2367 37 2067 35 20 300 267 230 33 2055 40
internal_count=2570 125 120 27 93 76 23 17 15 53 39 31 24 19 12 13 2445 2439 72 2367 37 2067 35 20 300 267 230 33 2055 40
is_linear=0
shrinkage=0.05


Tree=81
num_leaves=31
num_cat=0
split_feature=2 2 2 2 2 2 2 3 3 7 2 2 2 2 5 3 3 3 5 2 5 3 3 8 5 3 3 3 5 5
split_gain=0.0983154 0.602083 0.192982 0.411575 0.544444 0.152492 0.400264 0.529304 0.45873 0.152381 0.15 0.123077 0.0599019 0.0555556 0.116667 0.0462169 0.146815 0.0873809 0.0543758 0.0511062 0.0380952 0.0333333 0.0230753 0.0618132 0.0535714 0.0280592 0.0621925 0.0613738 0.188401 0.0605257
threshold=29.200000000000003 45.450000000000003 12.9 9.1500000000000039 10.700000000000001 6.4500000000000002 2.3000000000000012 16.500000000000004 9.5000000000000018 1.0000000180025095e-35 78.950000000000017 3.5500000000000012 1.0500000000000009 18.650000000000002 1.0000000180025095e-35 2.5000000000000004 1.0000000180025095e-35 6.5000000000000009 1.0000000180025095e-35 1.0000000180025095e-35 1.0000000180025095e-35 1.5000000000000002 22.500000000000004 1.0000000180025095e-35 1.0000000180025095e-35 12.500000000000002 10.500000000000002 9.5000000000000018 1.0000000180025095e-35 1.0000000180025095e-35
decision_type=2 2 2 2 2 2 2 2 2 2 2 2 2 2 2 2 2 2 2 2 2 2 2 2 2 2 2 2 2 2
left_child=2 9 3 5 -5 6 12 8 -8 -2 -3 -9 15 -4 -15 16 18 -17 -1 22 21 -18 25 -24 -25 26 27 29 -29 -19
right_child=1 10 13 4 -6 -7 7 11 -10 -11 -12 -13 -14 14 -16 17 20 19 -20 -21 -22 -23 23 24 -26 -27 -28 28 -30 -31
leaf_value=-0.028707867123357468 -0.018741870565786578 -0.011003720382119719 -0.0011956643929021613 0.00084030399753457635 -0.0022872690782393497 -0.0060026079958819057 0.00031057606703833681 -0.0041767040558715078 0.00083268212373273668 0.014798830835031208 0.18720674070675625 -0.00019763570285092659 -0.0019800607023066521 -0.0026109006515391475 0.010913434715149509 -0.020971225588906163 0.031054173973030254 0.013129666570038624 -0.001976435392679104 0.0009148381965665668 -0.0096091146298771801 0.0055312277128819311 0.011856488957182876 -0.04702447419529579 -0.18051128988740164 -0.0010323370914770659 0.0095624543577223168 -0.086497300457413578 0.0027740727525918277 -0.024250837032581692
leaf_weight=21 4.9999999999999982 15.000000000000002 24 5.9999999999999991 8.9999999999999982 14.999999999999998 9.0000000000000018 4.9999999999999991 4.9999999999999991 7 4.9999999999999991 7.9999999999999991 5.9999999999999991 6.9999999999999982 5 300 8 357 15.999999999999998 11.999999999999998 14.999999999999998 12 26 5.9999999999999973 8 1198 208 134 33 85
leaf_count=21 5 15 24 6 9 15 9 5 5 7 5 8 6 7 5 300 8 357 16 12 15 12 26 6 8 1198 208 134 33 85
internal_value=5.83646e-05 0.0028125 2.36395e-05 7.59381e-05 0.00833333 2.61347e-05 5.66331e-05 0.00611111 0.0128571 0.0116667 -0.0025 -0.00115385 -1.02261e-05 -0.00361111 -0.000833335 2.04883e-06 0.00125 -3.59116e-05 -0.000945947 7.98246e-05 0.00357143 0.005 6.08261e-05 0.00125 -0.00142857 3.72197e-05 0.000263157 8.20899e-06 -0.000808384 0.000316741
internal_weight=2570 32 2538 2502 15 2487 2472 27 14 12 20 13 2445 36 12 2439 72 2367 37 2067 35 20 2055 40 14 2015 817 609 167 442
internal_count=2570 32 2538 2502 15 2487 2472 27 14 12 20 13 2445 36 12 2439 72 2367 37 2067 35 20 2055 40 14 2015 817 609 167 442
is_linear=0
shrinkage=0.05


Tree=82
num_leaves=31
num_cat=0
split_feature=2 2 3 2 2 2 3 2 7 7 2 2 2 2 3 3 3 5 2 5 3 3 3 9 3 3 3 3 5 5
split_gain=0.169396 0.781773 0.237274 0.140577 0.321318 0.119379 0.453704 0.279412 0.370588 0.260462 0.436364 0.119048 0.0777778 0.0608879 0.0432299 0.146815 0.0622406 0.0543758 0.0503491 0.0380952 0.0333333 0.0310379 0.0585778 0.0529139 0.0893142 0.233918 0.0524127 0.0330561 0.156539 0.0605257
threshold=26.850000000000005 33.95000000000001 7.5000000000000009 13.500000000000002 12.4 2.3000000000000012 10.500000000000002 6.4500000000000002 1.0000000180025095e-35 1.0000000180025095e-35 4.6000000000000023 73.65000000000002 18.650000000000002 1.0500000000000009 2.5000000000000004 1.0000000180025095e-35 6.5000000000000009 1.0000000180025095e-35 1.0000000180025095e-35 1.0000000180025095e-35 1.5000000000000002 12.500000000000002 13.500000000000002 1.6000000000000003 18.500000000000004 20.500000000000004 10.500000000000002 9.5000000000000018 1.0000000180025095e-35 1.0000000180025095e-35
decision_type=2 2 2 2 2 2 2 2 2 2 2 2 2 2 2 2 2 2 2 2 2 2 2 2 2 2 2 2 2 2
left_child=3 -2 -3 4 5 13 9 8 -8 -7 -11 -4 -5 14 15 17 -16 -1 21 20 -17 26 -23 24 -24 -26 27 29 -29 -18
right_child=1 2 11 12 -6 6 7 -9 -10 10 -12 -13 -14 -15 16 19 18 -19 -20 -21 -22 22 23 -25 25 -27 -28 28 -30 -31
leaf_value=-0.027272473767189623 0.0071720733393239077 0.01094831082066914 -0.021243109618885508 -0.0019117656019757318 0.00046506232520274323 0.00076878815133508613 0.0014472802627231605 -0.00031954541602259719 -0.011879675559568849 0.00043197359723219896 -0.012411689080455278 0.18242805602920661 0.0036314172340448539 -0.0018810576671913104 -0.019922664309460825 0.029501465274378802 0.012473183241536746 -0.0018776136230451873 0.00086909628673816617 -0.0091286588983833048 0.0052546663272377949 -0.010882705576793637 -0.18310612428376227 0.00038397093130891749 0.072596801848593892 -0.082511914434514111 0.0090843316398361296 -0.082172435434542918 0.002635369114962316 -0.02303829518095258
leaf_weight=21 5.9999999999999991 8.0000000000000018 15.000000000000002 21.000000000000004 5.9999999999999991 7.0000000000000009 10.000000000000002 19 6.9999999999999991 5 6 5.9999999999999991 8.9999999999999982 5.9999999999999991 300 8 357 15.999999999999998 11.999999999999998 14.999999999999998 12 59 13.999999999999998 1146 9 10 208 134 33 85
leaf_count=21 6 8 15 21 6 7 10 19 7 5 6 6 9 6 300 8 357 16 12 15 12 59 14 1146 9 10 208 134 33 85
internal_value=0.00011673 0.00357143 0.000172413 6.90323e-05 0.000109779 8.20316e-05 0.00240741 -0.000833335 0.00382353 0.00888889 0.00409091 -0.00261905 -0.00333333 3.06737e-05 4.30492e-05 0.00125 6.33594e-06 -0.000945947 0.000104014 0.00357143 0.005 8.5157e-05 -7.26991e-05 4.23969e-06 -0.0019697 0.000263157 0.000324356 9.03108e-05 -0.000508983 0.000316741
internal_weight=2570 35 29 2535 2505 2499 54 36 17 18 11 21 30 2445 2439 72 2367 37 2067 35 20 2055 1238 1179 33 19 817 609 167 442
internal_count=2570 35 29 2535 2505 2499 54 36 17 18 11 21 30 2445 2439 72 2367 37 2067 35 20 2055 1238 1179 33 19 817 609 167 442
is_linear=0
shrinkage=0.05


Tree=83
num_leaves=31
num_cat=0
split_feature=2 2 3 3 3 3 3 3 5 3 2 2 2 2 2 2 3 3 3 5 2 5 3 9 3 3 9 3 3 3
split_gain=0.219654 0.457509 0.436274 0.278592 0.45873 0.192308 0.159065 0.5625 0.135553 0.245776 0.288095 0.25 0.0815416 0.0613839 0.0457875 0.128571 0.0417738 0.146815 0.0662091 0.0543758 0.0495976 0.0380952 0.0348888 0.047787 0.0893142 0.233918 0.0442716 0.0381277 0.0333333 0.0285769
threshold=2.3000000000000012 6.4500000000000002 2.5000000000000004 16.500000000000004 9.5000000000000018 19.500000000000004 19.500000000000004 20.500000000000004 1.0000000180025095e-35 13.500000000000002 12.4 18.650000000000002 73.65000000000002 1.0500000000000009 12.9 9.9000000000000004 2.5000000000000004 1.0000000180025095e-35 6.5000000000000009 1.0000000180025095e-35 1.0000000180025095e-35 1.0000000180025095e-35 15.500000000000002 1.6000000000000003 18.500000000000004 20.500000000000004 1.6000000000000003 17.500000000000004 1.5000000000000002 10.500000000000002
decision_type=2 2 2 2 2 2 2 2 2 2 2 2 2 2 2 2 2 2 2 2 2 2 2 2 2 2 2 2 2 2
left_child=13 3 -3 4 -2 -5 8 -8 12 10 -10 -12 14 16 15 -4 17 19 -18 -1 22 28 26 24 -24 -26 -20 -25 -19 -28
right_child=1 2 6 5 -6 -7 7 -9 9 -11 11 -13 -14 -15 -16 -17 18 21 20 -21 -22 -23 23 27 25 -27 29 -29 -30 -31
leaf_value=-0.025908850078830172 0.00027344858382499733 0.0050257556663025199 -0.0091487967344321113 -0.026862512073401897 0.00071868400440973671 0.0014770472246218907 0.0045618638254629907 -0.0031927411336492477 0.00094214552168292237 -0.017914891026917824 -0.0026159956124641648 0.021232457399459084 0.12953339899726166 -0.0017870047838317582 -0.0019624294326663072 0.0005099802974064321 -0.018926531093987811 0.028026392010659863 0.075376330830739469 -0.0017837329418929288 0.00082564147240124768 -0.0086722259534641327 -0.17395081806957424 -0.046902251075883909 0.068966961756164222 -0.078386318712788505 -0.0015402750909033131 0.0012927202189190979 0.0049919330108758216 0.0047258051088692136
leaf_weight=21 9.0000000000000018 4.9999999999999991 8.9999999999999982 4.9999999999999991 4.9999999999999991 7.9999999999999991 7.9999999999999991 7.9999999999999991 5.0000000000000062 9.9999999999999982 7.9999999999999991 7.9999999999999991 6.9999999999999991 5.9999999999999991 25 4.9999999999999991 300 8 11.999999999999998 15.999999999999998 11.999999999999998 14.999999999999998 13.999999999999998 290 9 10 603 697 12 420
leaf_count=21 9 5 9 5 5 8 8 8 5 10 8 8 7 6 25 5 300 8 12 16 12 15 14 290 9 10 603 697 12 420
internal_value=0.000155641 0.0022 0.000612244 0.00796296 0.0128571 0.00269231 -0.000161292 0.004375 -0.0011039 0.00145161 0.00452381 0.00125 -0.00282609 5.11236e-05 -0.00371795 -0.00142857 6.35494e-05 0.00125 2.74597e-05 -0.000945947 0.000128204 0.00357143 0.000109488 -9.80404e-05 -0.0019697 0.000263157 0.000314008 -3.54622e-05 0.005 0.000278591
internal_weight=2570 125 98 27 14 13 93 16 77 31 21 16 46 2445 39 14 2439 72 2367 37 2067 35 2055 1020 33 19 1035 987 20 1023
internal_count=2570 125 98 27 14 13 93 16 77 31 21 16 46 2445 39 14 2439 72 2367 37 2067 35 2055 1020 33 19 1035 987 20 1023
is_linear=0
shrinkage=0.05


Tree=84
num_leaves=31
num_cat=0
split_feature=2 2 5 2 2 2 7 2 2 2 2 2 2 2 3 3 3 5 2 5 3 3 3 9 3 3 3 3 5 5
split_gain=0.235027 0.60049 0.277778 0.141176 0.111998 0.754354 0.512121 0.120003 0.12004 0.0909091 0.111111 0.0793651 0.142857 0.0608879 0.0432299 0.146815 0.0622406 0.0543758 0.0503491 0.0380952 0.0333333 0.0310379 0.0585778 0.0529139 0.0893142 0.233918 0.0524127 0.0330561 0.156539 0.0605257
threshold=29.200000000000003 47.650000000000006 1.0000000180025095e-35 78.950000000000017 6.4500000000000002 4.6000000000000023 1.0000000180025095e-35 2.3000000000000012 3.5500000000000012 9.9000000000000004 12.9 15.300000000000002 21.850000000000005 1.0500000000000009 2.5000000000000004 1.0000000180025095e-35 6.5000000000000009 1.0000000180025095e-35 1.0000000180025095e-35 1.0000000180025095e-35 1.5000000000000002 12.500000000000002 13.500000000000002 1.6000000000000003 18.500000000000004 20.500000000000004 10.500000000000002 9.5000000000000018 1.0000000180025095e-35 1.0000000180025095e-35
decision_type=2 2 2 2 2 2 2 2 2 2 2 2 2 2 2 2 2 2 2 2 2 2 2 2 2 2 2 2 2 2
left_child=4 2 -2 -3 5 7 -7 13 -9 -6 -11 -12 -13 14 15 17 -16 -1 21 20 -17 26 -23 24 -24 -26 27 29 -29 -18
right_child=1 3 -4 -5 9 6 -8 8 -10 10 11 12 -14 -15 16 19 18 -19 -20 -21 -22 22 23 -25 25 -27 -28 28 -30 -31
leaf_value=-0.024613407574888682 0.0088492110838501014 -0.021251600828191067 0.0076464576848994624 0.16784394599031979 -0.00017544733815572327 0.00068274980418917019 -0.0022659500450177348 0.0017452474560112959 -0.006284340284745428 0.00074272837016163421 -0.0054170530338432362 1.0592299636839767e-05 -0.0034186013511204589 -0.001697654544640237 -0.017980204539288447 0.026625072410126904 0.011926537834005125 -0.0016945462947982985 0.00078435939878127286 -0.0082386146557909025 0.0047423363603321059 -0.010574860553397389 -0.1652532771660955 0.00030013637379740899 0.065518613668356013 -0.074467002777149113 0.0083938248024008292 -0.077986799908270579 0.0025806144137593637 -0.021809366667359761
leaf_weight=21 8.9999999999999982 12.000000000000002 5.9999999999999991 4.9999999999999991 18 4.9999999999999982 6 6.9999999999999991 8.9999999999999982 11.999999999999998 14.999999999999998 12.000000000000002 8.9999999999999982 5.9999999999999991 300 8 357 15.999999999999998 11.999999999999998 14.999999999999998 12 59 13.999999999999998 1146 9 10 208 134 33 85
leaf_count=21 9 12 6 5 18 5 6 7 9 12 15 12 9 6 300 8 357 16 12 15 12 59 14 1146 9 10 208 134 33 85
internal_value=0.00011673 0.004375 0.0116667 -0.00205882 6.30406e-05 0.000117313 0.0131818 5.89179e-05 0.004375 -0.0019697 -0.000833335 -0.00222222 -0.000238096 3.06737e-05 4.30492e-05 0.00125 6.33594e-06 -0.000945947 0.000104014 0.00357143 0.005 8.5157e-05 -7.26991e-05 4.23969e-06 -0.0019697 0.000263157 0.000324356 9.03108e-05 -0.000508983 0.000316741
internal_weight=2570 32 15 17 2538 2472 11 2461 16 66 48 36 21 2445 2439 72 2367 37 2067 35 20 2055 1238 1179 33 19 817 609 167 442
internal_count=2570 32 15 17 2538 2472 11 2461 16 66 48 36 21 2445 2439 72 2367 37 2067 35 20 2055 1238 1179 33 19 817 609 167 442
is_linear=0
shrinkage=0.05


Tree=85
num_leaves=31
num_cat=0
split_feature=2 2 8 2 2 2 3 3 3 2 3 2 3 3 2 2 2 3 3 3 2 5 3 9 3 3 5 3 3 9
split_gain=0.333085 0.658824 0.492308 0.141176 0.0929321 0.61164 0.278592 0.45873 0.192308 0.15873 0.179739 0.256801 0.148485 0.0927536 0.177778 0.0608879 0.0457875 0.0432299 0.146815 0.0644093 0.0741841 0.0543758 0.0415874 0.0498132 0.0893142 0.233918 0.0464599 0.0801493 0.0725668 0.108211
threshold=26.850000000000005 47.650000000000006 1.0000000180025095e-35 78.950000000000017 2.3000000000000012 6.4500000000000002 16.500000000000004 9.5000000000000018 19.500000000000004 9.9000000000000004 9.5000000000000018 13.500000000000002 15.500000000000002 18.500000000000004 15.300000000000002 1.0500000000000009 35.70000000000001 2.5000000000000004 1.0000000180025095e-35 7.5000000000000009 0.3499999999999997 1.0000000180025095e-35 15.500000000000002 1.6000000000000003 18.500000000000004 20.500000000000004 1.0000000180025095e-35 9.5000000000000018 9.5000000000000018 1.6000000000000003
decision_type=2 2 2 2 2 2 2 2 2 2 2 2 2 2 2 2 2 2 2 2 2 2 2 2 2 2 2 2 2 2
left_child=4 2 16 -3 15 6 7 -6 -8 -7 -11 12 -12 14 -13 17 -2 18 21 -19 22 -1 26 24 -24 -26 28 -28 -21 -30
right_child=1 3 -4 -5 5 9 8 -9 -10 10 11 13 -14 -15 -16 -17 -18 19 -20 20 -22 -23 23 -25 25 -27 27 -29 29 -31
leaf_value=-0.023382737196144279 -0.024900204222422024 -0.020189020786781378 0.0086021540660574432 0.15945174869080414 0.00045819916459740478 -0.00016667497124781786 -0.025406088967481161 0.00064861231397959646 0.0014563244365983063 -0.0028651126801631263 0.0012036215521250494 -0.010654821303284739 1.4592518241750092e-06 -0.019109705193185292 0.0068199038341044856 -0.0016127718174081985 0.0032441090793595279 -0.0083859554965339117 0.026046557426987312 0.021777367454958174 -0.022839137835510427 -0.0016098189800584244 -0.15699061330779079 -0.00038519301952012199 0.062242682984938208 -0.070743652638291729 -0.017490213119143051 0.003655260697670748 0.13061983358036369 -0.0015831392194939811
leaf_weight=21 6.0000000000000018 12.000000000000002 4.9999999999999991 4.9999999999999991 9.0000000000000018 18 4.9999999999999991 4.9999999999999991 7.9999999999999991 10.999999999999998 4.9999999999999982 6.0000000000000027 6 7.9999999999999991 8.9999999999999982 5.9999999999999991 7 479 35 200 6.9999999999999991 15.999999999999998 13.999999999999998 989 9 10 65 141 9.9999999999999982 443
leaf_count=21 6 12 5 5 9 18 5 5 8 11 5 6 6 8 9 6 7 479 35 200 7 16 14 989 9 10 65 141 10 443
internal_value=0.000155641 0.005 0.0116667 -0.00205882 8.87562e-05 0.00166667 0.00796296 0.0128571 0.00269231 -0.00103175 0.000555554 0.00235294 0.00863636 -0.000652175 0.00166667 3.06737e-05 0.00653846 4.30492e-05 0.00125 6.33594e-06 0.000137711 -0.000945947 0.00015683 -5.87096e-05 -0.0019697 0.000263157 0.00041327 0.00106796 0.000206737 -0.000143489
internal_weight=2570 35 18 17 2535 90 27 14 13 63 45 34 11 23 15 2445 13 2439 72 2367 1888 37 1881 1022 33 19 859 206 653 453
internal_count=2570 35 18 17 2535 90 27 14 13 63 45 34 11 23 15 2445 13 2439 72 2367 1888 37 1881 1022 33 19 859 206 653 453
is_linear=0
shrinkage=0.05


Tree=86
num_leaves=31
num_cat=0
split_feature=2 2 5 2 2 2 2 2 2 2 3 3 3 2 2 5 3 3 3 5 5 3 3 9 3 3 9 3 5 8
split_gain=0.232884 0.60049 0.277778 0.170219 0.320209 0.141176 0.115334 0.745224 0.146218 0.530088 0.152381 0.087963 0.0840336 0.0715918 0.0530303 0.116667 0.0417607 0.146815 0.0632915 0.0543758 0.0380952 0.0333333 0.0278067 0.0498132 0.0893142 0.233918 0.0444217 0.0297379 0.0629109 0.134683
threshold=29.200000000000003 47.650000000000006 1.0000000180025095e-35 13.500000000000002 12.4 78.950000000000017 6.4500000000000002 5.150000000000003 0.65000000000000047 3.3000000000000012 15.500000000000002 10.500000000000002 9.5000000000000018 0.3499999999999997 18.650000000000002 1.0000000180025095e-35 2.5000000000000004 1.0000000180025095e-35 6.5000000000000009 1.0000000180025095e-35 1.0000000180025095e-35 1.5000000000000002 15.500000000000002 1.6000000000000003 18.500000000000004 20.500000000000004 1.6000000000000003 21.500000000000004 1.0000000180025095e-35 1.0000000180025095e-35
decision_type=2 2 2 2 2 2 2 2 2 2 2 2 2 2 2 2 2 2 2 2 2 2 2 2 2 2 2 2 2 2
left_child=3 2 -2 4 6 -3 7 8 13 10 -10 -8 -11 16 -5 -16 17 19 -18 -1 21 -19 26 24 -24 -26 -20 -25 29 -29
right_child=1 5 -4 14 -6 -7 11 -9 9 12 -12 -13 -14 -15 15 -17 18 20 22 -21 -22 -23 23 27 25 -27 -28 28 -30 -31
leaf_value=-0.022213600336337083 0.0085259879403020381 -0.019179569747441998 0.0068625636453535938 -0.0020269023635231804 0.00040174422209348796 0.15147916125626418 0.00038440280937126863 0.00071936048142490314 0.00077826348545935421 -0.0027584815489355903 -0.0042741638220755189 -0.00017471518393185378 -0.032100560634427712 -0.0091380803491853992 -0.0020255304057412694 0.0087451701782703655 -0.019460966519538922 0.023991490918271199 0.065088735626328595 -0.0015293280310555151 -0.009129011794350687 0.0032028916709660629 -0.14914108264240125 -0.0023868581238898155 0.059130548835691334 -0.067206470006377125 0.0031113652034597309 0.0091840865988393368 0.02994766764112753 -0.049752837815403253
leaf_weight=21 8.9999999999999982 12.000000000000002 5.9999999999999991 21 5.9999999999999991 4.9999999999999991 8.0000000000000018 6.9999999999999991 7.0000000000000018 7.0000000000000027 5 19 9.9999999999999982 6.9999999999999991 6.9999999999999982 5 299 8 11.999999999999998 15.999999999999998 14.999999999999998 12 13.999999999999998 895 9 10 1024 58 25 10.999999999999998
leaf_count=21 9 12 6 21 6 5 8 7 7 7 5 19 10 7 7 5 299 8 12 16 15 12 14 895 9 10 1024 58 25 11
internal_value=0.000136186 0.004375 0.0116667 8.27411e-05 0.000129739 -0.00205882 0.00010204 0.000137539 9.12767e-05 0.00362069 0.0116667 -0.00314815 -0.00205882 4.92599e-05 -0.00348485 -0.000833335 6.38111e-05 0.00125 2.75762e-05 -0.000945947 0.00357143 0.005 0.000126335 -5.87096e-05 -0.0019697 0.000263157 0.000308879 5.05442e-06 0.000851063 7.24626e-05
internal_weight=2570 32 15 2538 2505 17 2499 2472 2465 29 12 27 17 2436 33 12 2429 72 2357 37 35 20 2058 1022 33 19 1036 989 94 69
internal_count=2570 32 15 2538 2505 17 2499 2472 2465 29 12 27 17 2436 33 12 2429 72 2357 37 35 20 2058 1022 33 19 1036 989 94 69
is_linear=0
shrinkage=0.05


Tree=87
num_leaves=31
num_cat=0
split_feature=3 3 5 3 2 2 2 2 3 3 3 8 2 2 2 3 2 3 2 3 5 2 3 3 9 3 3 9 3 3
split_gain=0.0653959 0.250623 0.116152 0.142857 0.0813274 0.324135 0.13777 0.515669 0.254106 0.256061 0.152381 0.12963 0.114029 0.1 0.0833333 0.0798126 0.0692113 0.334186 0.15 0.0840336 0.0666667 0.0524994 0.0444605 0.0663775 0.0547423 0.0893142 0.233918 0.0401407 0.0330288 0.0799063
threshold=2.5000000000000004 1.0000000180025095e-35 1.0000000180025095e-35 1.5000000000000002 13.500000000000002 12.4 0.65000000000000047 3.3000000000000012 13.500000000000002 9.5000000000000018 15.500000000000002 1.0000000180025095e-35 18.650000000000002 8.0500000000000025 4.6000000000000023 7.5000000000000009 45.450000000000003 11.500000000000002 78.950000000000017 19.500000000000004 1.0000000180025095e-35 0.3499999999999997 12.500000000000002 13.500000000000002 1.6000000000000003 18.500000000000004 20.500000000000004 1.6000000000000003 10.500000000000002 9.5000000000000018
decision_type=2 2 2 2 2 2 2 2 2 2 2 2 2 2 2 2 2 2 2 2 2 2 2 2 2 2 2 2 2 2
left_child=1 20 3 -3 5 6 15 10 9 14 -8 -10 -6 -11 -9 -2 17 -14 -18 -19 -1 22 27 -24 25 -25 -27 -17 29 -29
right_child=4 2 -4 -5 12 -7 7 8 11 13 -12 -13 16 -15 -16 21 18 19 -20 -21 -22 -23 23 24 -26 26 -28 28 -30 -31
leaf_value=-0.0057601513204673096 -0.014268641054848936 0.01853992758136418 -0.013515140545826216 0.0030427470874177468 -0.0016135612660689435 0.00038165701098870792 0.00073935031118646218 -0.003426739143458494 -0.00053917511195495889 0.0013381183285902428 -0.0040604556309717854 0.00014493201910678857 0.023093186878025383 0.00083545242709405553 -0.011663411505644573 0.061834298845012153 -0.0096651735463972911 -0.052777388845435036 0.1439052031934511 0.0049167381805860742 -0.0014528616295027491 -0.01756652341020172 -0.0020750525575968476 -0.14168402851028117 0.00066399526201585109 0.056174021393906683 -0.063846146506058341 0.016664158017331867 0.0060943150871653803 -0.039663801713009234
leaf_weight=24 478 9 15.999999999999998 12 19 5.9999999999999991 6.9999999999999982 6.0000000000000018 21.000000000000004 4.9999999999999982 5 5.9999999999999991 6.0000000000000027 5 6 11.999999999999998 15.000000000000002 10.000000000000002 4.9999999999999991 6.9999999999999991 15.999999999999998 4.9999999999999991 60 13.999999999999998 1148 9 10 263 202 163
leaf_count=24 478 9 16 12 19 6 7 6 21 5 5 6 6 5 6 12 15 10 5 7 16 5 60 14 1148 9 10 263 202 163
internal_value=5.83646e-05 0.00149351 0.00445946 0.00690476 1.40381e-05 5.9645e-05 3.09266e-05 0.00237705 0.00010204 0.00409091 0.0116667 -0.00314815 -0.00177419 0.01 -0.000833335 -2.9612e-05 -0.000348838 0.00152174 -0.0025 -0.00205882 -0.00125 0.000116648 0.000130249 -4.43203e-05 3.81021e-05 -0.0019697 0.000263157 0.000468749 0.000414012 0.000164318
internal_weight=2570 77 37 21 2493 2431 2425 61 49 22 12 27 62 10 12 2364 43 23 20 17 40 1886 1881 1241 1181 33 19 640 628 426
internal_count=2570 77 37 21 2493 2431 2425 61 49 22 12 27 62 10 12 2364 43 23 20 17 40 1886 1881 1241 1181 33 19 640 628 426
is_linear=0
shrinkage=0.05


Tree=88
num_leaves=31
num_cat=0
split_feature=2 2 3 2 2 2 2 3 2 7 2 2 2 2 2 3 3 3 5 2 5 3 3 9 3 3 9 3 3 5
split_gain=0.169396 0.419141 0.336111 0.141176 0.140577 0.321318 0.119379 0.453704 0.279412 0.260462 0.436364 0.228164 0.109091 0.0777778 0.0608879 0.0432299 0.146815 0.0622406 0.0543758 0.0503491 0.0380952 0.0333333 0.0271876 0.047787 0.0893142 0.233918 0.0456996 0.0381277 0.0380797 0.0456756
threshold=26.850000000000005 47.650000000000006 15.500000000000002 78.950000000000017 13.500000000000002 12.4 2.3000000000000012 10.500000000000002 6.4500000000000002 1.0000000180025095e-35 4.6000000000000023 5.150000000000003 3.5500000000000012 18.650000000000002 1.0500000000000009 2.5000000000000004 1.0000000180025095e-35 6.5000000000000009 1.0000000180025095e-35 1.0000000180025095e-35 1.0000000180025095e-35 1.5000000000000002 15.500000000000002 1.6000000000000003 18.500000000000004 20.500000000000004 1.6000000000000003 17.500000000000004 10.500000000000002 1.0000000180025095e-35
decision_type=2 2 2 2 2 2 2 2 2 2 2 2 2 2 2 2 2 2 2 2 2 2 2 2 2 2 2 2 2 2
left_child=4 2 -2 -3 5 6 14 9 11 -8 -11 12 -9 -6 15 16 18 -17 -1 22 21 -18 26 24 -24 -26 -19 -25 -28 -30
right_child=1 3 -4 -5 13 -7 7 8 -10 10 -12 -13 -14 -15 -16 17 20 19 -20 -21 -22 -23 23 27 25 -27 28 -29 29 -31
leaf_value=-0.020814912753496808 0.0066475920764286602 -0.017737332582750436 0.0033919174086155636 0.13670994303377834 -0.0018448791820434734 0.00036257416043918462 0.0014168556861564698 -0.0038574328494232731 -0.00016996313790137302 0.0006141589740340295 -0.011080240930362363 0.00069661016777397295 -0.043860951249335423 0.0037640276515579218 -0.001608013916369977 -0.015027026910183768 0.021864919993289433 0.058742583902761464 -0.0013802185480276279 0.0010570257826938898 -0.0079968041773418493 0.0028906097330469172 -0.13459982708476717 -0.04446674254670975 0.053365320324211311 -0.060653839180755398 -0.0017789104811290525 0.00067181649590048538 0.0058934860192761214 0.0030262223031108397
leaf_weight=21 10.000000000000002 12.000000000000002 7.9999999999999991 4.9999999999999991 21.000000000000004 5.9999999999999991 7.0000000000000009 5.0000000000000018 19 5 6 5.9999999999999991 6 8.9999999999999982 5.9999999999999991 300 8 11.999999999999998 15.999999999999998 11.999999999999998 14.999999999999998 12 13.999999999999998 290 9 10 603 697 312 108
leaf_count=21 10 12 8 5 21 6 7 5 19 5 6 6 6 9 6 300 8 12 16 12 15 12 14 290 9 10 603 697 312 108
internal_value=0.00011673 0.00357143 0.00888889 -0.00205882 6.90323e-05 0.000109779 8.20316e-05 0.00240741 -0.000833335 0.00888889 0.00409091 0.00382353 -0.000454547 -0.00333333 3.06737e-05 4.30492e-05 0.00125 6.33594e-06 -0.000945947 0.000104014 0.00357143 0.005 8.5157e-05 -9.80404e-05 -0.0019697 0.000263157 0.000265699 -3.54622e-05 0.000229715 0.000595237
internal_weight=2570 35 18 17 2535 2505 2499 54 36 18 11 17 11 30 2445 2439 72 2367 37 2067 35 20 2055 1020 33 19 1035 987 1023 420
internal_count=2570 35 18 17 2535 2505 2499 54 36 18 11 17 11 30 2445 2439 72 2367 37 2067 35 20 2055 1020 33 19 1035 987 1023 420
is_linear=0
shrinkage=0.05


Tree=89
num_leaves=31
num_cat=0
split_feature=2 2 3 3 3 3 3 2 2 2 3 2 3 2 2 2 3 2 3 2 3 5 3 3 3 5 5 3 8 5
split_gain=0.300977 0.446619 0.376853 0.191453 0.307018 0.184147 0.283381 0.362143 0.233766 0.742424 0.152381 0.145455 0.233333 0.140351 0.269906 0.123077 0.108913 0.1 0.072115 0.0693788 0.0556374 0.0380952 0.0333333 0.0257561 0.0985961 0.0414238 0.032634 0.0224227 0.0618132 0.0535714
threshold=0.65000000000000047 3.3000000000000012 2.5000000000000004 20.500000000000004 19.500000000000004 6.5000000000000009 15.500000000000002 6.4500000000000002 47.650000000000006 26.850000000000005 15.500000000000002 15.300000000000002 17.500000000000004 9.9000000000000004 13.500000000000002 17.950000000000003 2.5000000000000004 16.850000000000001 1.0000000180025095e-35 0.3499999999999997 6.5000000000000009 1.0000000180025095e-35 1.5000000000000002 3.5000000000000004 4.5000000000000009 1.0000000180025095e-35 1.0000000180025095e-35 22.500000000000004 1.0000000180025095e-35 1.0000000180025095e-35
decision_type=2 2 2 2 2 2 2 2 2 2 2 2 2 2 2 2 2 2 2 2 2 2 2 2 2 2 2 2 2 2
left_child=16 10 -3 4 5 -4 7 -7 9 13 -2 -8 -13 -9 -15 -16 18 -6 -1 20 23 22 -20 26 -25 -26 -18 -22 -29 -30
right_child=1 2 3 -5 17 6 11 8 -10 -11 -12 12 -14 14 15 -17 19 -19 21 -21 27 -23 -24 24 25 -27 -28 28 29 -31
leaf_value=-0.0029969854486486969 0.00066281751392002644 0.0034862835917678484 -0.0029982486534407293 -0.00083692636495596897 0.00026996225998037967 0.0010490971072633069 -0.0012043449934266465 -0.0074590793620853014 -0.018758009524342131 0.0068537558894052946 -0.0036645612069521692 -0.011447753461575 0.10432654364494282 0.00098021547083814472 -0.0052898795042986705 -0.00881307620795071 -0.018845529821682572 0.0070592731270089559 0.020771673993624874 -0.0075999781350540533 0.00052967115696522468 -0.0075969639684747518 0.0027460792463945673 0.029573133155363186 -0.053596417253290035 0.050625448096149842 -0.1857085985985619 0.01065808786626068 -0.042331980907881928 -0.17312948108820905
leaf_weight=37 6.9999999999999982 4.9999999999999991 11.999999999999998 11.999999999999998 4.9999999999999982 7.9999999999999991 18 8.0000000000000018 8.9999999999999982 5.9999999999999991 5 6.9999999999999991 7.9999999999999991 6.0000000000000027 7.9999999999999982 5 26 5 8 6.9999999999999991 2018 14.999999999999998 12 36 195 35 6.9999999999999991 26 5.9999999999999973 8
leaf_count=37 7 5 12 12 5 8 18 8 9 6 5 7 8 6 8 5 26 5 8 7 2018 15 12 36 195 35 7 26 6 8
internal_value=0.000155641 0.00246269 0.00155738 0.000982905 0.00166667 0.000789472 0.0016265 0.004 0.00214286 0.00409091 0.0116667 -0.0019697 0.00166667 0.000555554 0.00289474 -0.00115385 2.87344e-05 0.01 0.00194444 -2.9612e-05 -1.48506e-05 0.00357143 0.005 -0.000652175 -0.000488723 -0.000869566 -0.0019697 7.77442e-05 0.00125 -0.00142857
internal_weight=2570 134 122 117 105 95 83 50 42 33 12 33 15 27 19 13 2436 10 72 2364 2357 35 20 299 266 230 33 2058 40 14
internal_count=2570 134 122 117 105 95 83 50 42 33 12 33 15 27 19 13 2436 10 72 2364 2357 35 20 299 266 230 33 2058 40 14
is_linear=0
shrinkage=0.05


Tree=90
num_leaves=31
num_cat=0
split_feature=2 2 3 3 2 2 3 2 3 2 2 3 2 3 2 3 2 2 3 5 3 3 3 5 5 3 8 5 3 3
split_gain=0.300977 0.499619 0.35 0.595238 0.223137 0.873338 0.177778 0.14881 0.108913 0.108225 0.273485 0.629762 0.212121 0.466667 0.15 0.072115 0.0714286 0.0693788 0.0556374 0.0380952 0.0333333 0.0257561 0.0985961 0.0414238 0.032634 0.0224227 0.0618132 0.0535714 0.0239051 0.0630035
threshold=0.65000000000000047 6.4500000000000002 16.500000000000004 9.5000000000000018 9.1500000000000039 10.700000000000001 19.500000000000004 3.3000000000000012 2.5000000000000004 18.650000000000002 45.450000000000003 13.500000000000002 13.500000000000002 14.500000000000002 78.950000000000017 1.0000000180025095e-35 29.200000000000003 0.3499999999999997 6.5000000000000009 1.0000000180025095e-35 1.5000000000000002 3.5000000000000004 4.5000000000000009 1.0000000180025095e-35 1.0000000180025095e-35 22.500000000000004 1.0000000180025095e-35 1.0000000180025095e-35 12.500000000000002 13.500000000000002
decision_type=2 2 2 2 2 2 2 2 2 2 2 2 2 2 2 2 2 2 2 2 2 2 2 2 2 2 2 2 2 2
left_child=8 2 3 7 -3 -6 -4 -2 15 12 11 -11 13 -7 -12 -1 -13 18 21 20 -17 24 -23 -24 -10 28 -27 -28 -20 -30
right_child=1 4 6 -5 5 9 -8 -9 17 10 14 16 -14 -15 -16 19 -18 -19 25 -21 -22 22 23 -25 -26 26 27 -29 29 -31
leaf_value=-0.0028471361762162205 0.00071616410521439149 -0.0050929398599755815 -0.024123403842222765 0.0010518680633640417 0.00078362931767276167 -0.0059632696326120871 0.0011803982010057908 -0.0023749792351354521 -0.017903253330598456 0.013426454829475555 -0.0085614876596385482 -0.042813084450338018 -0.0032411627400569273 0.00037558960410802143 0.12711981035014089 0.019733090293943614 0.0041483417447756151 -0.0072199792283013211 0.0032295818296548457 -0.0072171157700510365 0.0026087752840747548 0.028094476497595024 -0.050916596390625513 0.048094175691342403 -0.17642316866863375 0.01012518347294762 -0.040215381862487833 -0.16447300703379852 -0.0022682758275111639 -0.00047812581039600674
leaf_weight=37 6.0000000000000027 14.999999999999998 5.9999999999999991 6.9999999999999991 5.9999999999999991 6.9999999999999982 8.9999999999999982 7.9999999999999991 26 10.000000000000002 15.000000000000002 6.9999999999999982 21 5 4.9999999999999991 8 7 6.9999999999999991 817 14.999999999999998 12 36 195 35 6.9999999999999991 26 5.9999999999999973 8 60 1141
leaf_count=37 6 15 6 7 6 7 9 8 26 10 15 7 21 5 5 8 7 7 817 15 12 36 195 35 7 26 6 8 60 1141
internal_value=0.000155641 0.00246269 0.0075 0.0116667 0.000612244 0.0016265 0.00166667 0.00571428 2.87344e-05 0.000194804 0.00181818 0.00541667 -0.0019697 0.00333333 -0.0025 0.00194444 -0.00142857 -2.9612e-05 -1.48506e-05 0.00357143 0.005 -0.000652175 -0.000488723 -0.000869566 -0.0019697 7.77442e-05 0.00125 -0.00142857 5.45082e-05 -8.74283e-05
internal_weight=2570 134 36 21 98 83 15 14 2436 77 44 24 33 12 20 72 14 2364 2357 35 20 299 266 230 33 2058 40 14 2018 1201
internal_count=2570 134 36 21 98 83 15 14 2436 77 44 24 33 12 20 72 14 2364 2357 35 20 299 266 230 33 2058 40 14 2018 1201
is_linear=0
shrinkage=0.05


Tree=91
num_leaves=31
num_cat=0
split_feature=3 2 2 3 2 3 2 2 3 2 2 2 2 3 2 5 2 3 3 3 5 3 3 3 9 3 3 3 3 5
split_gain=0.220719 0.318759 0.12788 0.433083 0.380952 0.276251 0.27573 0.514286 0.129555 0.0962371 0.220779 0.0942308 0.077381 0.072115 0.0600001 0.0380952 0.0377223 0.0333333 0.0326115 0.0445845 0.0594921 0.0486111 0.036227 0.0585778 0.0529139 0.0893142 0.233918 0.0472267 0.0394088 0.156539
threshold=2.5000000000000004 8.5000000000000018 2.3000000000000012 15.500000000000002 47.650000000000006 12.500000000000002 16.850000000000001 5.150000000000003 17.500000000000004 29.200000000000003 6.0500000000000016 33.95000000000001 10.700000000000001 1.0000000180025095e-35 1.0500000000000009 1.0000000180025095e-35 1.0000000180025095e-35 1.5000000000000002 7.5000000000000009 4.5000000000000009 1.0000000180025095e-35 3.5000000000000004 12.500000000000002 13.500000000000002 1.6000000000000003 18.500000000000004 20.500000000000004 10.500000000000002 9.5000000000000018 1.0000000180025095e-35
decision_type=2 2 2 2 2 2 2 2 2 2 2 2 2 2 2 2 2 2 2 2 2 2 2 2 2 2 2 2 2 2
left_child=1 13 14 4 5 6 7 -4 -5 10 -10 -8 -9 -1 16 17 18 -15 19 20 -2 -22 27 -24 25 -25 -27 28 -20 -30
right_child=2 -3 3 8 -6 -7 11 12 9 -11 -12 -13 -14 15 -16 -17 -18 -19 22 -21 21 -23 23 24 -26 26 -28 -29 29 -31
leaf_value=-0.0027047793674053605 0.0025657669996680915 0.0030110346528021675 0.00092809966406074004 -0.0019328891045285184 -0.017392034665143063 0.00060640441158035146 0.010129234075465078 -0.006647469352407215 0.00036761791971084669 0.011614824785850656 -0.00041390652222302352 0.0046511256922941533 -0.0031407219518137953 0.01874643577924644 -0.0016049548984609788 -0.0068562599815485238 0.00078868406656062745 0.0024783365198710662 0.012873051848006224 -0.017564665338146868 -0.16760201023520205 -0.0097046615772656622 -0.010226520264482328 -0.12787241299785729 0.00035436425705393914 0.050694477040672314 -0.057623724489046069 0.007110369558429675 -0.072279698251679389 0.0039974253583908497
leaf_weight=37 53 4.9999999999999991 9.0000000000000018 18 8.9999999999999982 10.999999999999998 7.9999999999999982 8.0000000000000018 11.000000000000002 10.999999999999998 17 5 12.999999999999998 8 5.9999999999999991 14.999999999999998 12.999999999999998 12 265 407 6.9999999999999973 9 59 13.999999999999998 1146 9 10 208 134 33
leaf_count=37 53 5 9 18 9 11 8 8 11 11 17 5 13 8 6 15 13 12 265 407 7 9 59 14 1146 9 10 208 134 33
internal_value=0.000155641 0.00279221 7.42066e-05 0.00166667 0.00452381 0.00611111 0.00430232 0.00166667 -0.00149123 0.000128204 -0.00142857 0.0103846 -0.00261905 0.00194444 -6.3223e-06 0.00357143 6.33594e-06 0.005 -8.49737e-06 -0.000378152 0.0007971 -0.001875 8.51958e-05 -7.26991e-05 4.23969e-06 -0.0019697 0.000263157 0.000390624 9.25914e-05 -0.000508983
internal_weight=2570 77 2493 120 63 54 43 30 57 39 28 13 21 72 2373 35 2367 20 2354 476 69 16 1878 1238 1179 33 19 640 432 167
internal_count=2570 77 2493 120 63 54 43 30 57 39 28 13 21 72 2373 35 2367 20 2354 476 69 16 1878 1238 1179 33 19 640 432 167
is_linear=0
shrinkage=0.05


Tree=92
num_leaves=31
num_cat=0
split_feature=2 2 3 2 2 3 3 2 2 3 2 3 2 2 2 2 3 3 5 5 3 3 3 9 3 3 9 8 3 3
split_gain=0.507223 0.40492 0.868421 1.28333 0.583333 0.595238 0.19697 0.190909 0.419141 0.336111 0.152381 0.466667 0.14881 0.141176 0.0777778 0.0715918 0.0557065 0.0781192 0.0414238 0.0224636 0.076409 0.103065 0.153316 0.150587 0.153107 0.129412 0.395319 0.119617 0.0550668 0.0486359
threshold=0.65000000000000047 10.700000000000001 16.500000000000004 8.5000000000000018 6.4500000000000002 9.5000000000000018 19.500000000000004 26.850000000000005 47.650000000000006 15.500000000000002 13.500000000000002 14.500000000000002 3.3000000000000012 78.950000000000017 18.650000000000002 0.3499999999999997 4.5000000000000009 6.5000000000000009 1.0000000180025095e-35 1.0000000180025095e-35 8.5000000000000018 18.500000000000004 21.500000000000004 1.6000000000000003 17.500000000000004 20.500000000000004 1.6000000000000003 1.0000000180025095e-35 19.500000000000004 15.500000000000002
decision_type=2 2 2 2 2 2 2 2 2 2 2 2 2 2 2 2 2 2 2 2 2 2 2 2 2 2 2 2 2 2
left_child=15 2 3 4 5 12 -4 10 9 -9 11 -3 -2 -10 -12 16 -1 18 -18 -19 -21 23 25 -22 29 26 -23 -26 -28 -25
right_child=1 7 6 -5 -6 -7 -8 8 13 -11 14 -13 -14 -15 -16 -17 17 19 -20 20 21 22 -24 24 27 -27 28 -29 -30 -31
leaf_value=0.0029505859135174821 0.00063743630585727496 -0.0055080700533908433 -0.0051783915292017077 0.0010224630607050418 -0.016178520911334392 0.00096252053686830613 0.00034924057762374279 0.005293986055944634 -0.015639512135633145 0.0020811995553029817 -0.002982460184043096 0.00034689612686487691 -0.0023026352565816061 0.12076321592067694 0.0051909573963336737 -0.0068984144702141648 -0.047492533304186901 -0.00024056562296748078 0.04656770017368253 -0.036520537348238742 -0.13007271211438368 0.054118131869772004 0.023779999115033045 0.0035239692296426001 0.045453833695893668 -0.15869165073570518 -0.12937132826200878 -0.0029298526557051119 0.020528060651092875 -0.027874813653302397
leaf_weight=141 6.0000000000000062 6.9999999999999982 13.000000000000002 4.9999999999999991 6.9999999999999991 6.9999999999999991 10.999999999999998 10.000000000000002 12.000000000000002 7.9999999999999991 21.000000000000004 5 7.9999999999999991 4.9999999999999991 8.9999999999999982 6.9999999999999991 195 1567 35 44 9.9999999999999982 5.9999999999999991 26 182 15.999999999999998 22 44 22 18 101
leaf_count=141 6 7 13 5 7 7 11 10 12 8 21 5 8 5 9 7 195 1567 35 44 10 6 26 182 16 22 44 22 18 101
internal_value=0.000214007 0.00320895 0.00640351 0.0116667 0.0075 0.0116667 -0.000833335 0.000844155 0.00357143 0.00888889 -0.00142857 0.00333333 0.00571428 -0.00205882 -0.00333333 4.92599e-05 6.38111e-05 4.36944e-06 -0.000869566 0.00010204 0.000397147 0.00059284 -0.000689656 0.00104229 0.00123053 -0.00166667 -0.000588236 0.00421053 -0.00177419 0.000830388
internal_weight=2570 134 57 33 28 21 24 77 35 18 42 12 14 17 30 2436 2429 2288 230 2058 491 447 116 331 321 90 68 38 62 283
internal_count=2570 134 57 33 28 21 24 77 35 18 42 12 14 17 30 2436 2429 2288 230 2058 491 447 116 331 321 90 68 38 62 283
is_linear=0
shrinkage=0.05


Tree=93
num_leaves=31
num_cat=0
split_feature=2 2 3 2 2 3 2 2 3 3 2 2 2 2 2 3 3 8 3 8 5 3 3 5 3 8 8 3 3 3
split_gain=0.306074 0.616201 0.868421 1.28333 0.583333 0.595238 0.212121 0.273485 0.629762 0.19697 0.15 0.14881 0.0808081 0.0714286 0.0704325 0.0605633 0.0723357 0.0334598 0.0248192 0.0618132 0.0535714 0.0308006 0.0555051 0.0428547 0.0755323 0.179387 0.11574 0.261069 0.14409 0.0469363
threshold=0.65000000000000047 10.700000000000001 16.500000000000004 8.5000000000000018 6.4500000000000002 9.5000000000000018 18.650000000000002 45.450000000000003 13.500000000000002 19.500000000000004 78.950000000000017 3.3000000000000012 12.9 29.200000000000003 0.3499999999999997 4.5000000000000009 5.5000000000000009 1.0000000180025095e-35 22.500000000000004 1.0000000180025095e-35 1.0000000180025095e-35 15.500000000000002 10.500000000000002 1.0000000180025095e-35 11.500000000000002 1.0000000180025095e-35 1.0000000180025095e-35 14.500000000000002 14.500000000000002 11.500000000000002
decision_type=2 2 2 2 2 2 2 2 2 2 2 2 2 2 2 2 2 2 2 2 2 2 2 2 2 2 2 2 2 2
left_child=14 2 3 4 5 11 12 8 -8 -4 -9 -2 -3 -10 15 -1 17 -17 21 -20 -21 22 -18 24 25 -24 27 -26 -28 -25
right_child=1 6 9 -5 -6 -7 7 10 13 -11 -12 -13 -14 -15 -16 16 18 -19 19 20 -22 -23 23 29 26 -27 28 -29 -30 -31
leaf_value=0.0028030566178416298 0.00060556449056435851 -0.0014071640014657182 -0.0049194719527417483 0.00097133990766969352 -0.015369594865767798 0.0009143945100249858 0.012231001159640632 -0.0077711349758379025 -0.04094189210683865 0.00033177854874238852 0.11472505512464318 -0.0021875034937524269 -0.0015639479700455421 0.0032561234404790379 -0.0065534937467034539 -0.026471344810167975 -0.0067837747842272372 -0.1163807606101388 0.0096132343675959589 -0.038210302701067803 -0.157456074850713 -0.0037766328258434876 0.0077668989120400767 -0.032858719835174986 -0.016675389771610049 0.033498597276193469 -0.0018145173335783846 0.13629470812671815 -0.23615115991834373 0.040461151748702406
leaf_weight=141 6.0000000000000062 8.9999999999999982 13.000000000000002 4.9999999999999991 6.9999999999999991 6.9999999999999991 10.000000000000002 15.000000000000002 6.9999999999999982 10.999999999999998 4.9999999999999991 7.9999999999999991 24 7 6.9999999999999991 54 754 31 26 5.9999999999999973 8 982 76 31 133 6.9999999999999991 41 38 24 77
leaf_count=141 6 9 13 5 7 7 10 15 7 11 5 8 24 7 7 54 754 31 26 6 8 982 76 31 133 7 41 38 24 77
internal_value=0.000136186 0.00246269 0.00640351 0.0116667 0.0075 0.0116667 -0.000454547 0.00181818 0.00541667 -0.000833335 -0.0025 0.00571428 -0.00348485 -0.00142857 8.20899e-06 2.26419e-05 -3.93369e-05 -0.00147059 1.58862e-05 0.00125 -0.00142857 -6.936e-06 0.000165113 0.000620608 0.000329152 0.0016265 -0.00012712 0.000555554 -0.00192308 0.00148148
internal_weight=2570 134 57 33 28 21 77 44 24 24 20 14 33 14 2436 2429 2288 85 2203 40 14 2163 1181 427 319 83 236 171 65 108
internal_count=2570 134 57 33 28 21 77 44 24 24 20 14 33 14 2436 2429 2288 85 2203 40 14 2163 1181 427 319 83 236 171 65 108
is_linear=0
shrinkage=0.05


Tree=94
num_leaves=31
num_cat=0
split_feature=2 2 3 3 3 2 2 2 2 2 7 3 2 2 2 3 3 2 8 3 8 5 3 3 3 9 3 3 9 3
split_gain=0.212607 0.236715 0.147749 0.402332 0.447819 0.244699 0.222222 0.168973 0.426316 0.138889 0.103896 0.214286 0.148485 0.1 0.0753968 0.0674523 0.0664854 0.0380952 0.0334598 0.0273485 0.0618132 0.0535714 0.0320632 0.0792575 0.0464601 0.0439704 0.0893142 0.233918 0.0283987 0.0285498
threshold=1.0000000180025095e-35 0.55000000000000082 19.500000000000004 15.500000000000002 12.500000000000002 5.150000000000003 2.3000000000000012 18.650000000000002 45.450000000000003 57.400000000000006 1.0000000180025095e-35 21.500000000000004 15.300000000000002 33.95000000000001 10.700000000000001 4.5000000000000009 5.5000000000000009 12.4 1.0000000180025095e-35 22.500000000000004 1.0000000180025095e-35 1.0000000180025095e-35 12.500000000000002 10.500000000000002 13.500000000000002 1.6000000000000003 18.500000000000004 20.500000000000004 1.6000000000000003 9.5000000000000018
decision_type=2 2 2 2 2 2 2 2 2 2 2 2 2 2 2 2 2 2 2 2 2 2 2 2 2 2 2 2 2 2
left_child=15 -2 3 4 5 6 -3 14 13 -5 11 -4 -12 -9 -7 -1 18 -6 -17 22 -21 -22 23 28 -24 26 -26 -28 -18 -30
right_child=1 2 10 9 17 7 -8 8 -10 -11 12 -13 -14 -15 -16 16 19 -19 -20 20 21 -23 24 -25 25 -27 27 -29 29 -31
leaf_value=0.0026629037869495701 0.00090157569343742451 0.00017269480903013765 -0.00038968367771698338 -0.0020196725611423146 0.00035818702461425371 0.00026169536594112635 0.0010425311411232285 0.017879307944823977 -0.010264353366670954 0.15476481017237817 0.00021470048140969779 0.001606624678545474 0.0043723011313964184 0.0072807385939836159 -0.0016509703696875753 -0.025147777569659538 -0.092154627482648632 0.00045253125307280527 -0.11056172257963191 0.0091325726492161863 -0.036299787566014444 -0.14958327110817732 -0.0090180041784083797 0.0061383584761224193 -0.1147863251009531 -0.0016956851825934514 0.045642678236442351 -0.046619124086516278 0.00074366437031642748 -0.033814426819689561
leaf_weight=141 5.9999999999999991 9.0000000000000018 6.0000000000000009 30 6.9999999999999982 9.0000000000000018 8.9999999999999982 5.0000000000000018 8.9999999999999982 5.9999999999999991 5 7.9999999999999991 6 5 19 54 5.9999999999999991 5 31 26 5.9999999999999973 8 59 208 13.999999999999998 1106 9 10 585 163
leaf_count=141 6 9 6 30 7 9 9 5 9 6 5 8 6 5 19 54 6 5 31 26 6 8 59 208 14 1106 9 10 585 163
internal_value=7.78198e-05 0.00194444 0.00152174 0.000752211 0.00279221 0.00115384 0.00611111 -0.000744682 0.00289474 -0.00361111 0.005 0.00214286 0.00863636 0.01 -0.00321429 -3.29773e-05 -9.84695e-05 0.0116667 -0.00147059 -4.54557e-05 0.00125 -0.00142857 -6.94456e-05 0.000145529 -0.000242071 -0.000171204 -0.0019697 0.000263157 -9.28394e-05 -0.000120322
internal_weight=2570 144 138 113 77 65 18 47 19 36 25 14 11 10 28 2426 2285 12 85 2200 40 14 2160 962 1198 1139 33 19 754 748
internal_count=2570 144 138 113 77 65 18 47 19 36 25 14 11 10 28 2426 2285 12 85 2200 40 14 2160 962 1198 1139 33 19 754 748
is_linear=0
shrinkage=0.05


Tree=95
num_leaves=31
num_cat=0
split_feature=2 2 2 2 2 3 8 2 2 3 2 3 2 3 3 3 3 3 3 3 3 8 5 3 3 8 5 3 3 3
split_gain=0.39417 0.28219 0.368212 0.265552 0.817008 0.205128 0.197084 0.1829 0.27852 0.265351 0.212121 0.466667 0.141176 0.123077 0.117225 0.109091 0.0988562 0.0504378 0.0471283 0.0591661 0.0664854 0.0334598 0.032634 0.0279295 0.0273485 0.0618132 0.0535714 0.0320632 0.0792575 0.0464601
threshold=1.0000000180025095e-35 6.4500000000000002 5.150000000000003 9.1500000000000039 10.700000000000001 17.500000000000004 1.0000000180025095e-35 18.650000000000002 47.650000000000006 11.500000000000002 13.500000000000002 14.500000000000002 78.950000000000017 20.500000000000004 19.500000000000004 14.500000000000002 9.5000000000000018 2.5000000000000004 3.5000000000000004 4.5000000000000009 5.5000000000000009 1.0000000180025095e-35 1.0000000180025095e-35 1.5000000000000002 22.500000000000004 1.0000000180025095e-35 1.0000000180025095e-35 12.500000000000002 10.500000000000002 13.500000000000002
decision_type=2 2 2 2 2 2 2 2 2 2 2 2 2 2 2 2 2 2 2 2 2 2 2 2 2 2 2 2 2 2
left_child=17 2 5 -3 -5 6 16 10 9 -9 11 -6 -10 -7 15 -11 -2 23 22 -20 21 -21 -19 -1 27 -26 -27 28 -22 -29
right_child=1 3 -4 4 7 13 -8 8 12 14 -12 -13 -14 -15 -16 -17 -18 18 19 20 24 -23 -24 -25 25 26 -28 29 -30 -31
leaf_value=6.3664180180246e-05 0.00096326901293146503 -0.0037036713707971889 0.00043719127356729465 0.00078028722331535151 -0.0050797598321638635 -0.021133449881741238 -0.005533557709712123 0.015193067464509328 -0.016376096031630576 -0.00041181870847034385 -0.0026541561482815341 0.00038517525462783528 0.10455114591749358 -0.0036731161428862264 0.003489780296588875 -0.068558120690339799 0.0012346143954344291 -0.017557206329967379 0.026447397209277541 -0.02389038869117659 -0.0064817692635316315 -0.10503363645065029 -0.15964273703935739 0.036640333252133166 0.0086759440167554665 -0.034484798187713751 -0.14210410755276845 -0.008567103969487979 0.0058314405523163361 -0.0026834430471613015
leaf_weight=53 9.0000000000000018 14.999999999999998 6.9999999999999991 5.9999999999999991 6.9999999999999982 7.9999999999999982 9.0000000000000018 8.0000000000000018 12.000000000000002 5.0000000000000018 21 5 4.9999999999999991 5 7.9999999999999991 6 7.9999999999999991 26 36 54 754 31 6.9999999999999991 19 26 5.9999999999999973 8 59 208 1139
leaf_count=53 9 15 7 6 7 8 9 8 12 5 21 5 5 5 8 6 8 26 36 54 754 31 7 19 26 6 8 59 208 1139
internal_value=9.72751e-05 0.00263889 0.00586956 0.00112245 0.00222891 0.00397436 0.00653846 0.000844155 0.00295454 0.00611111 -0.0019697 0.00333333 -0.00205882 -0.00115385 0.00289474 -0.000454547 0.00970588 -5.35873e-05 -9.34591e-05 -6.67828e-05 -9.84695e-05 -0.00147059 -0.0019697 0.00125 -4.54557e-05 0.00125 -0.00142857 -6.94456e-05 0.000145529 -0.000242071
internal_weight=2570 144 46 98 83 39 26 77 44 27 33 12 17 13 19 11 17 2426 2354 2321 2285 85 33 72 2200 40 14 2160 962 1198
internal_count=2570 144 46 98 83 39 26 77 44 27 33 12 17 13 19 11 17 2426 2354 2321 2285 85 33 72 2200 40 14 2160 962 1198
is_linear=0
shrinkage=0.05


Tree=96
num_leaves=31
num_cat=0
split_feature=2 2 3 2 3 3 3 2 3 3 2 8 2 2 5 7 3 2 3 3 8 3 8 5 3 3 3 9 3 3
split_gain=0.741516 0.666969 0.300272 0.163374 0.20405 0.444444 0.364943 0.283041 0.213675 0.6 0.141176 0.126984 0.155844 0.308021 0.164706 0.103896 0.214286 0.148485 0.064858 0.0686229 0.0334598 0.0263973 0.0618132 0.0535714 0.0255299 0.0792575 0.0493381 0.0461431 0.0893142 0.233918
threshold=1.0000000180025095e-35 0.55000000000000082 2.5000000000000004 47.650000000000006 16.500000000000004 19.500000000000004 12.500000000000002 10.700000000000001 7.5000000000000009 5.5000000000000009 78.950000000000017 1.0000000180025095e-35 4.0500000000000016 6.4500000000000002 1.0000000180025095e-35 1.0000000180025095e-35 21.500000000000004 15.300000000000002 4.5000000000000009 5.5000000000000009 1.0000000180025095e-35 22.500000000000004 1.0000000180025095e-35 1.0000000180025095e-35 12.500000000000002 10.500000000000002 13.500000000000002 1.6000000000000003 18.500000000000004 20.500000000000004
decision_type=2 2 2 2 2 2 2 2 2 2 2 2 2 2 2 2 2 2 2 2 2 2 2 2 2 2 2 2 2 2
left_child=18 -2 -3 4 6 -6 8 -8 9 -4 -5 12 -10 -14 -15 16 -7 -17 -1 20 -20 24 -23 -24 25 -21 -26 28 -28 -30
right_child=1 2 3 10 5 15 7 -9 11 -11 -12 -13 13 14 -16 17 -18 -19 19 21 -22 22 23 -25 26 -27 27 -29 29 -31
leaf_value=0.0012127445745835715 0.00098711980364302242 0.0016894827803042912 -0.0047039638403005932 -0.015557291230048812 -0.0035084368822399293 -0.00040063645420819396 0.00020602141895275771 0.00022580265596262029 -0.0016662868698857332 0.0017037130937721219 0.099323588621618705 -0.0044227351643475509 0.0010080245993934185 -0.014429016322236553 0.0040808271873986534 0.00018314621428770306 0.0014592478166090145 0.0039791970599970545 -0.022695869256617752 -0.0061576808003550969 -0.099781954628117828 0.008242146815917728 -0.032760558278328043 -0.13499890217513003 -0.00813874877101365 0.0055398685247004869 -0.10891283669354733 -0.0014767287711057485 0.043494716476978203 -0.044153995729832474
leaf_weight=141 5.9999999999999991 4.9999999999999991 5.9999999999999991 12.000000000000002 20 6.0000000000000009 9.0000000000000018 9.9999999999999982 6.0000000000000027 9.9999999999999982 4.9999999999999991 7.9999999999999991 5.0000000000000027 7.0000000000000009 10 5 7.9999999999999991 6 54 754 31 26 5.9999999999999973 8 59 208 13.999999999999998 1106 9 10
leaf_count=141 6 5 6 12 20 6 9 10 6 10 5 8 5 7 10 5 8 6 54 754 31 26 6 8 59 208 14 1106 9 10
internal_value=0.000194551 0.00368055 0.00297101 0.0025188 0.00318965 0.000555554 0.00485915 0.0107895 0.00269231 0.0075 -0.00205882 0.000555554 0.00214286 0.00409091 0.000882352 0.005 0.00214286 0.00863636 -1.23672e-05 -7.65876e-05 -0.00147059 -2.27285e-05 0.00125 -0.00142857 -4.62975e-05 0.000145529 -0.000200335 -0.000127306 -0.0019697 0.000263157
internal_weight=2570 144 138 133 116 45 71 19 52 16 17 36 28 22 17 25 14 11 2426 2285 85 2200 40 14 2160 962 1198 1139 33 19
internal_count=2570 144 138 133 116 45 71 19 52 16 17 36 28 22 17 25 14 11 2426 2285 85 2200 40 14 2160 962 1198 1139 33 19
is_linear=0
shrinkage=0.05


Tree=97
num_leaves=31
num_cat=0
split_feature=2 2 3 2 2 2 2 2 5 3 2 2 2 3 3 5 3 3 3 8 3 8 5 3 3 3 9 3 3 9
split_gain=0.608631 0.695652 0.318634 0.246641 0.275492 0.414815 0.44329 0.393048 0.436364 0.301248 0.256564 0.26189 0.163636 0.30303 0.141176 0.115716 0.215488 0.064858 0.0686229 0.0334598 0.0263973 0.0618132 0.0535714 0.0255299 0.0792575 0.0493381 0.0461431 0.0893142 0.233918 0.0283987
threshold=1.0000000180025095e-35 0.55000000000000082 2.5000000000000004 13.500000000000002 9.1500000000000039 6.4500000000000002 5.150000000000003 10.700000000000001 1.0000000180025095e-35 10.500000000000002 18.650000000000002 25.700000000000003 4.0500000000000016 7.5000000000000009 20.500000000000004 1.0000000180025095e-35 17.500000000000004 4.5000000000000009 5.5000000000000009 1.0000000180025095e-35 22.500000000000004 1.0000000180025095e-35 1.0000000180025095e-35 12.500000000000002 10.500000000000002 13.500000000000002 1.6000000000000003 18.500000000000004 20.500000000000004 1.6000000000000003
decision_type=2 2 2 2 2 2 2 2 2 2 2 2 2 2 2 2 2 2 2 2 2 2 2 2 2 2 2 2 2 2
left_child=17 -2 -3 4 5 6 9 -6 -9 12 -5 -12 13 -4 -11 16 -13 -1 19 -19 23 -22 -23 24 29 -25 27 -27 -29 -20
right_child=1 2 3 10 7 -7 -8 8 -10 14 11 15 -14 -15 -16 -17 -18 18 20 -21 21 22 -24 25 -26 26 -28 28 -30 -31
leaf_value=0.0011521073458543724 0.0009377638134608797 0.0016050086412889354 0.00057397721355263926 -0.0022122928200045146 0.00063410167008639575 -0.0079766074812719825 0.00040571689524465941 0.00035547948813517195 -0.0044147141501202835 -0.026612953466302675 0.014206873845842426 -0.007213888732300465 0.00095762336942375309 -0.0050823227936066633 -0.0035624227265726033 0.0009931450477611251 0.010175140527772122 -0.021561075793786879 -0.086914923605321812 -0.094792856896711963 0.0078300394751218867 -0.031122530364411639 -0.12824895706637349 -0.0077318113324629581 0.005262875098465492 -0.1034671948588699 -0.0014028923325504516 0.0413199806531293 -0.041946295943340851 -0.005880642855436915
leaf_weight=141 5.9999999999999991 4.9999999999999991 5.9999999999999982 19 6.0000000000000027 13.999999999999998 6.9999999999999991 4.9999999999999982 6 12.000000000000002 5.9999999999999991 16.000000000000004 4.9999999999999991 5 4.9999999999999991 9.9999999999999982 10.999999999999998 54 5.9999999999999991 31 26 5.9999999999999973 8 59 208 13.999999999999998 1106 9 10 748
leaf_count=141 6 5 6 19 6 14 7 5 6 12 6 16 5 5 5 10 11 54 6 31 26 6 8 59 208 14 1106 9 10 748
internal_value=0.000175096 0.00333333 0.00260869 0.00214286 0.00415493 0.00240741 0.005 0.00970588 0.00409091 0.00257576 -0.000161292 0.00197674 0.0075 0.00409091 -0.00205882 0.000405404 -0.0012963 -1.23672e-05 -7.65876e-05 -0.00147059 -2.27285e-05 0.00125 -0.00142857 -4.62975e-05 0.000145529 -0.000200335 -0.000127306 -0.0019697 0.000263157 -9.28394e-05
internal_weight=2570 144 138 133 71 54 40 17 11 33 62 43 16 11 17 37 27 2426 2285 85 2200 40 14 2160 962 1198 1139 33 19 754
internal_count=2570 144 138 133 71 54 40 17 11 33 62 43 16 11 17 37 27 2426 2285 85 2200 40 14 2160 962 1198 1139 33 19 754
is_linear=0
shrinkage=0.05


Tree=98
num_leaves=31
num_cat=0
split_feature=2 2 2 2 3 2 2 3 2 8 3 2 2 2 8 5 3 3 3 2 8 3 3 3 9 3 3 3 5 8
split_gain=0.601155 0.695652 0.298736 0.351623 0.364646 0.265552 0.817008 0.133333 0.111111 0.152381 0.100716 0.255682 0.161973 0.136752 0.126984 0.190476 0.142857 0.0623147 0.0707942 0.0484848 0.0334598 0.0266744 0.0700095 0.0525844 0.0484643 0.0893142 0.233918 0.0315207 0.0629109 0.134683
threshold=1.0000000180025095e-35 0.55000000000000082 6.4500000000000002 5.150000000000003 14.500000000000002 9.1500000000000039 10.700000000000001 20.500000000000004 1.0500000000000009 1.0000000180025095e-35 7.5000000000000009 16.850000000000001 13.500000000000002 18.650000000000002 1.0000000180025095e-35 1.0000000180025095e-35 17.500000000000004 4.5000000000000009 5.5000000000000009 39.800000000000004 1.0000000180025095e-35 12.500000000000002 10.500000000000002 13.500000000000002 1.6000000000000003 18.500000000000004 20.500000000000004 21.500000000000004 1.0000000180025095e-35 1.0000000180025095e-35
decision_type=2 2 2 2 2 2 2 2 2 2 2 2 2 2 2 2 2 2 2 2 2 2 2 2 2 2 2 2 2 2
left_child=17 -2 3 4 8 -4 -7 -6 -3 -10 11 -8 -12 -14 15 16 -15 -1 20 -13 -19 22 -20 -23 25 -25 -27 -26 29 -29
right_child=1 2 5 -5 7 6 10 -9 9 -11 12 19 13 14 -16 -17 -18 18 21 -21 -22 23 -24 24 27 26 -28 28 -30 -31
leaf_value=0.0010945019785615713 0.00089087562278783526 -0.0012726229977284621 -0.002736983245508133 0.00038543105048244601 -0.037078084301912943 0.00060239658658203267 -0.0030016545882828529 -0.0033843015902438908 0.0011096086518486638 -0.0025680398141218197 0.00011726280008171444 0.0013187904460111902 -0.0033481995170055751 -0.012881319108279374 -0.002067447872107346 0.011069331378908099 0.0086504345661906328 -0.020483022004097507 -0.0055557646175654158 0.0031988722925963536 -0.090053214051876287 -0.0073452207658398459 0.0049997313435421577 -0.098293835115926431 -0.0015243205076743598 0.039253981620472889 -0.039848981146173836 0.0054385413161067934 0.027725967343205361 -0.034566412364807883
leaf_weight=141 5.9999999999999991 6.0000000000000027 14.999999999999998 6.9999999999999991 9.9999999999999982 5.9999999999999991 4.9999999999999991 4.9999999999999991 6.9999999999999982 5 8.9999999999999982 5.9999999999999982 15.999999999999998 9.0000000000000053 7.9999999999999991 6.9999999999999991 11.999999999999998 54 754 5 31 59 208 13.999999999999998 1052 9 10 58 25 10.999999999999998
leaf_count=141 6 6 15 7 10 6 5 5 7 5 9 6 16 9 8 7 12 54 754 5 31 59 208 14 1052 9 10 58 25 11
internal_value=0.000194551 0.00333333 0.00260869 0.00625 0.00409091 0.00112245 0.00222891 -0.00166667 0.00888889 0.0116667 0.000844155 0.004375 -8.19684e-05 -0.00115385 0.000555554 0.00214286 -0.000238096 8.24283e-06 -5.47058e-05 0.00863636 -0.00147059 -1.19209e-09 0.000197504 -0.000153475 -8.0578e-05 -0.0019697 0.000263157 -2.61792e-05 0.000851063 7.24626e-05
internal_weight=2570 144 138 40 33 98 83 15 18 12 77 16 61 52 36 28 21 2426 2285 11 85 2200 962 1238 1179 33 19 1146 94 69
internal_count=2570 144 138 40 33 98 83 15 18 12 77 16 61 52 36 28 21 2426 2285 11 85 2200 962 1238 1179 33 19 1146 94 69
is_linear=0
shrinkage=0.05


Tree=99
num_leaves=31
num_cat=0
split_feature=2 2 2 3 2 2 2 3 2 3 3 2 8 2 3 3 2 2 8 2 3 3 5 3 3 9 3 3 8 9
split_gain=0.593726 0.695652 0.440386 0.311538 0.189786 0.467308 0.396825 0.466667 0.351623 0.364646 0.133333 0.111111 0.152381 0.0805463 0.0598222 0.0729993 0.0463768 0.133333 0.133333 0.0457875 0.0364182 0.0542642 0.0455855 0.0801493 0.0711613 0.107764 0.122511 0.0593805 0.187013 0.0429119
threshold=1.0000000180025095e-35 0.55000000000000082 13.500000000000002 7.5000000000000009 8.5000000000000018 6.4500000000000002 10.700000000000001 14.500000000000002 5.150000000000003 14.500000000000002 20.500000000000004 1.0500000000000009 1.0000000180025095e-35 73.65000000000002 4.5000000000000009 5.5000000000000009 18.650000000000002 33.95000000000001 1.0000000180025095e-35 35.70000000000001 15.500000000000002 7.5000000000000009 1.0000000180025095e-35 9.5000000000000018 9.5000000000000018 1.6000000000000003 10.500000000000002 11.500000000000002 1.0000000180025095e-35 1.6000000000000003
decision_type=2 2 2 2 2 2 2 2 2 2 2 2 2 2 2 2 2 2 2 2 2 2 2 2 2 2 2 2 2 2
left_child=14 -2 4 19 5 8 -6 -8 9 11 -11 -3 -13 16 -1 -16 -5 18 -18 -4 21 -17 24 -24 -23 -26 -27 28 -28 -22
right_child=1 2 3 13 6 -7 7 -9 -10 10 -12 12 -14 -15 15 20 17 -19 -20 -21 29 22 23 -25 25 26 27 -29 -30 -31
leaf_value=0.0010397768796335612 0.0008463318416484962 -0.0012089918478420504 -0.0026524215510365747 -0.0031807895411552559 0.00032836034205042594 -0.018946353273999617 -0.004705020042094582 0.00033184237372432595 0.00036615949795834325 -0.035224180086817415 -0.0032150865107316491 0.001054128219256132 -0.0024396378234157242 0.13163790335718356 -0.021958889381332548 -0.0063956459438445634 0.011003768548548716 -0.010413923990322666 -0.0013671865654816286 0.0047555344759940936 -0.046097339069783506 0.020474879882184285 -0.017017548405842398 0.0068550438566620901 0.11409203497527123 -0.074419986392440227 0.0039899333525447393 -0.0018256371340996836 0.030435053712626472 -0.0024940951230867574
leaf_weight=141 5.9999999999999991 6.0000000000000027 5.9999999999999982 15.999999999999998 9.0000000000000018 11.999999999999998 6.9999999999999982 5 6.9999999999999991 9.9999999999999982 4.9999999999999991 6.9999999999999982 5 5.9999999999999991 85 322 10.000000000000002 14.999999999999998 4.9999999999999991 7 33 200 65 141 9.9999999999999982 130 70 235 6.9999999999999991 987
leaf_count=141 6 6 6 16 9 12 7 5 7 10 5 7 5 6 85 322 10 15 5 7 33 200 65 141 10 130 70 235 7 987
internal_value=0.000214007 0.00333333 0.00260869 -0.000384617 0.00527397 0.00365384 0.00928571 0.00333333 0.00625 0.00409091 -0.00166667 0.00888889 0.0116667 -0.00211539 2.88529e-05 -3.28239e-05 -0.00282609 -0.00166667 0.00166667 0.00653846 2.27261e-05 0.000211863 0.000419579 0.00106796 0.000214723 -0.000132745 -0.00024887 0.00028846 0.00149351 -0.00019608
internal_weight=2570 144 138 65 73 52 21 12 40 33 15 18 12 52 2426 2285 46 30 15 13 2200 1180 858 206 652 452 442 312 77 1020
internal_count=2570 144 138 65 73 52 21 12 40 33 15 18 12 52 2426 2285 46 30 15 13 2200 1180 858 206 652 452 442 312 77 1020
is_linear=0
shrinkage=0.05


end of trees

feature_importances:
hour_bucket=1321
current_delay=1011
is_fog_season=279
is_high_traffic_zone=222
is_peak_hour=91
train_priority_score=76

parameters:
[boosting: gbdt]
[objective: quantile]
[metric: quantile]
[tree_learner: serial]
[device_type: cpu]
[data_sample_strategy: bagging]
[data: ]
[valid: ]
[num_iterations: 100]
[learning_rate: 0.05]
[num_leaves: 31]
[num_threads: 0]
[seed: 42]
[deterministic: 0]
[force_col_wise: 0]
[force_row_wise: 0]
[histogram_pool_size: -1]
[max_depth: -1]
[min_data_in_leaf: 5]
[min_sum_hessian_in_leaf: 0.001]
[bagging_fraction: 1]
[pos_bagging_fraction: 1]
[neg_bagging_fraction: 1]
[bagging_freq: 0]
[bagging_seed: 400]
[bagging_by_query: 0]
[feature_fraction: 1]
[feature_fraction_bynode: 1]
[feature_fraction_seed: 30056]
[extra_trees: 0]
[extra_seed: 12879]
[early_stopping_round: 0]
[early_stopping_min_delta: 0]
[first_metric_only: 0]
[max_delta_step: 0]
[lambda_l1: 0]
[lambda_l2: 0]
[linear_lambda: 0]
[min_gain_to_split: 0]
[drop_rate: 0.1]
[max_drop: 50]
[skip_drop: 0.5]
[xgboost_dart_mode: 0]
[uniform_drop: 0]
[drop_seed: 17869]
[top_rate: 0.2]
[other_rate: 0.1]
[min_data_per_group: 100]
[max_cat_threshold: 32]
[cat_l2: 10]
[cat_smooth: 10]
[max_cat_to_onehot: 4]
[top_k: 20]
[monotone_constraints: ]
[monotone_constraints_method: basic]
[monotone_penalty: 0]
[feature_contri: ]
[forcedsplits_filename: ]
[refit_decay_rate: 0.9]
[cegb_tradeoff: 1]
[cegb_penalty_split: 0]
[cegb_penalty_feature_lazy: ]
[cegb_penalty_feature_coupled: ]
[path_smooth: 0]
[interaction_constraints: ]
[verbosity: -1]
[saved_feature_importance_type: 0]
[use_quantized_grad: 0]
[num_grad_quant_bins: 4]
[quant_train_renew_leaf: 0]
[stochastic_rounding: 1]
[linear_tree: 0]
[max_bin: 255]
[max_bin_by_feature: ]
[min_data_in_bin: 3]
[bin_construct_sample_cnt: 200000]
[data_random_seed: 175]
[is_enable_sparse: 1]
[enable_bundle: 1]
[use_missing: 1]
[zero_as_missing: 0]
[feature_pre_filter: 1]
[pre_partition: 0]
[two_round: 0]
[header: 0]
[label_column: ]
[weight_column: ]
[group_column: ]
[ignore_column: ]
[categorical_feature: ]
[forcedbins_filename: ]
[precise_float_parser: 0]
[parser_config_file: ]
[objective_seed: 16083]
[num_class: 1]
[is_unbalance: 0]
[scale_pos_weight: 1]
[sigmoid: 1]
[boost_from_average: 1]
[reg_sqrt: 0]
[alpha: 0.9]
[fair_c: 1]
[poisson_max_delta_step: 0.7]
[tweedie_variance_power: 1.5]
[lambdarank_truncation_level: 30]
[lambdarank_norm: 1]
[label_gain: ]
[lambdarank_position_bias_regularization: 0]
[eval_at: ]
[multi_error_top_k: 1]
[auc_mu_weights: ]
[num_machines: 1]
[local_listen_port: 12400]
[time_out: 120]
[machine_list_filename: ]
[machines: ]
[gpu_platform_id: -1]
[gpu_device_id: -1]
[gpu_device_id_list: ]
[gpu_use_dp: 0]
[num_gpu: 1]

end of parameters

pandas_categorical:[]
